[2026-05-15 11:56:51] CLIENTS=pqc_client,pqc_client_2,pqc_client_3,pqc_client_4,pqc_client_5,pqc_client_6
[2026-05-15 11:56:51] RUNS_PER_SCENARIO=6 TOTAL_CONN=1002 STATS_INTERVAL=0.2 USE_EXTRACT3=1
[2026-05-15 11:56:51] ---- Aplicando perfil de red P0 ----
[*] Aplicando perfil P0
[*] Perfil P0 (sin degradación)

[*] Estado qdisc en monitor:
qdisc noqueue 0: root refcnt 2 
qdisc noqueue 0: root refcnt 2 
[2026-05-15 11:56:51] === RUN START: classic_p0_balanced_001 ===
[2026-05-15 11:56:51] [*] Preparando captura en pqc_monitor (eth0) para classic_p0_balanced_001
[*] Guardando muestras en: results/classic_p0_balanced_001_docker_stats.csv
[*] Ejecutando comando medido: bash -lc ./scripts/run_client_once_rafaga.sh classic_p0_balanced_001 1002; sleep 3
[*] Ráfaga clásica completada: 1002 conexiones en 6 clientes (poisson_jitter)
=== host results ===
-rw-rw-r-- 1 cristian cristian  301602 may 15 11:57 classic_p0_balanced_001_client_err.txt
-rw-rw-r-- 1 cristian cristian   13403 may 15 11:57 classic_p0_balanced_001_client.txt
-rwxr-xr-x 1 cristian cristian    3314 may 15 11:57 classic_p0_balanced_001_docker_stats.csv
-rw-r--r-- 1 cristian cristian   50267 may 15 11:57 classic_p0_balanced_001_pqc_client_2_client_err.txt
-rw-r--r-- 1 cristian cristian       0 may 15 11:57 classic_p0_balanced_001_pqc_client_2_client.txt
-rw-r--r-- 1 cristian cristian      43 may 15 11:57 classic_p0_balanced_001_pqc_client_2_summary.txt
-rw-r--r-- 1 cristian cristian   50267 may 15 11:57 classic_p0_balanced_001_pqc_client_3_client_err.txt
-rw-r--r-- 1 cristian cristian       0 may 15 11:57 classic_p0_balanced_001_pqc_client_3_client.txt
-rw-r--r-- 1 cristian cristian      43 may 15 11:57 classic_p0_balanced_001_pqc_client_3_summary.txt
-rw-r--r-- 1 cristian cristian   50267 may 15 11:57 classic_p0_balanced_001_pqc_client_4_client_err.txt
-rw-r--r-- 1 cristian cristian       0 may 15 11:57 classic_p0_balanced_001_pqc_client_4_client.txt
-rw-r--r-- 1 cristian cristian      43 may 15 11:57 classic_p0_balanced_001_pqc_client_4_summary.txt
-rw-r--r-- 1 cristian cristian   50267 may 15 11:57 classic_p0_balanced_001_pqc_client_5_client_err.txt
-rw-r--r-- 1 cristian cristian       0 may 15 11:57 classic_p0_balanced_001_pqc_client_5_client.txt
-rw-r--r-- 1 cristian cristian      43 may 15 11:57 classic_p0_balanced_001_pqc_client_5_summary.txt
-rw-r--r-- 1 cristian cristian   50267 may 15 11:57 classic_p0_balanced_001_pqc_client_6_client_err.txt
-rw-r--r-- 1 cristian cristian       0 may 15 11:57 classic_p0_balanced_001_pqc_client_6_client.txt
-rw-r--r-- 1 cristian cristian      43 may 15 11:57 classic_p0_balanced_001_pqc_client_6_summary.txt
-rw-r--r-- 1 cristian cristian   50267 may 15 11:57 classic_p0_balanced_001_pqc_client_client_err.txt
-rw-r--r-- 1 cristian cristian       0 may 15 11:57 classic_p0_balanced_001_pqc_client_client.txt
-rw-r--r-- 1 cristian cristian      41 may 15 11:57 classic_p0_balanced_001_pqc_client_summary.txt
-rw-r--r-- 1 cristian cristian     755 may 15 11:52 classic_p0_balanced_001_resource_summary.txt
=== resumen por cliente ===
[*] Perfil poisson_jitter: llegadas no sincronizadas con Poisson+jitter
[*] pqc_client <= plan: 1:0.174196 7:0.174196 13:0.174196 19:0.174196 25:0.174196 31:0.174196 37:0.174196 43:0.174196 49:0.174196 55:0.046337 61:0.046337 67:0.046337 73:0.046337 79:0.046337 85:0.046337 91:0.046337 97:0.046337 103:0.046337 109:0.046337 115:0.046337 121:0.046337 127:0.046337 133:0.046337 139:0.046337 145:0.046337 151:0.046337 157:0.046337 163:0.046337 169:0.046337 175:0.046337 181:0.046337 187:0.046337 193:0.046337 199:0.046337 205:0.046337 211:0.046337 217:0.046337 223:0.046337 229:0.046337 235:0.046337 241:0.000000 247:0.000000 253:0.000000 259:0.000000 265:0.000000 271:0.000000 277:0.000000 283:0.000000 289:0.000000 295:0.000000 301:0.000000 307:0.000000 313:0.000000 319:0.000000 325:0.000000 331:0.000000 337:0.000000 343:0.000000 349:0.000000 355:0.000000 361:0.000000 367:0.000000 373:0.000000 379:0.000000 385:0.000000 391:0.000000 397:0.000000 403:0.000000 409:0.000000 415:0.021101 421:0.021101 427:0.021101 433:0.021101 439:0.021101 445:0.021101 451:0.021101 457:0.021101 463:0.021101 469:0.021101 475:0.021101 481:0.021101 487:0.021101 493:0.021101 499:0.021101 505:0.021101 511:0.021101 517:0.021101 523:0.021101 529:0.021101 535:0.021101 541:0.021101 547:0.021101 553:0.021101 559:0.139995 565:0.139995 571:0.139995 577:0.139995 583:0.139995 589:0.139995 595:0.139995 601:0.139995 607:0.139995 613:0.139995 619:0.139995 625:0.139995 631:0.139995 637:0.139995 643:0.139995 649:0.139995 655:0.139995 661:0.139995 667:0.139995 673:0.139995 679:0.139995 685:0.139995 691:0.139995 697:0.139995 703:0.139995 709:0.139995 715:0.139995 721:0.139995 727:0.139995 733:0.139995 739:0.139995 745:0.027013 751:0.027013 757:0.027013 763:0.027013 769:0.027013 775:0.027013 781:0.027013 787:0.027013 793:0.027013 799:0.027013 805:0.027013 811:0.027013 817:0.027013 823:0.027013 829:0.027013 835:0.027013 841:0.027013 847:0.027013 853:0.027013 859:0.027013 865:0.027013 871:0.027013 877:0.027013 883:0.027013 889:0.027013 895:0.027013 901:0.027013 907:0.027013 913:0.027013 919:0.027013 925:0.027013 931:0.039321 937:0.039321 943:0.039321 949:0.039321 955:0.039321 961:0.039321 967:0.039321 973:0.039321 979:0.039321 985:0.039321 991:0.039321 997:0.039321
[*] pqc_client_2 <= plan: 2:0.174196 8:0.174196 14:0.174196 20:0.174196 26:0.174196 32:0.174196 38:0.174196 44:0.174196 50:0.046337 56:0.046337 62:0.046337 68:0.046337 74:0.046337 80:0.046337 86:0.046337 92:0.046337 98:0.046337 104:0.046337 110:0.046337 116:0.046337 122:0.046337 128:0.046337 134:0.046337 140:0.046337 146:0.046337 152:0.046337 158:0.046337 164:0.046337 170:0.046337 176:0.046337 182:0.046337 188:0.046337 194:0.046337 200:0.046337 206:0.046337 212:0.046337 218:0.046337 224:0.046337 230:0.046337 236:0.046337 242:0.000000 248:0.000000 254:0.000000 260:0.000000 266:0.000000 272:0.000000 278:0.000000 284:0.000000 290:0.000000 296:0.000000 302:0.000000 308:0.000000 314:0.000000 320:0.000000 326:0.000000 332:0.000000 338:0.000000 344:0.000000 350:0.000000 356:0.000000 362:0.000000 368:0.000000 374:0.000000 380:0.000000 386:0.000000 392:0.000000 398:0.000000 404:0.000000 410:0.000000 416:0.021101 422:0.021101 428:0.021101 434:0.021101 440:0.021101 446:0.021101 452:0.021101 458:0.021101 464:0.021101 470:0.021101 476:0.021101 482:0.021101 488:0.021101 494:0.021101 500:0.021101 506:0.021101 512:0.021101 518:0.021101 524:0.021101 530:0.021101 536:0.021101 542:0.021101 548:0.021101 554:0.021101 560:0.139995 566:0.139995 572:0.139995 578:0.139995 584:0.139995 590:0.139995 596:0.139995 602:0.139995 608:0.139995 614:0.139995 620:0.139995 626:0.139995 632:0.139995 638:0.139995 644:0.139995 650:0.139995 656:0.139995 662:0.139995 668:0.139995 674:0.139995 680:0.139995 686:0.139995 692:0.139995 698:0.139995 704:0.139995 710:0.139995 716:0.139995 722:0.139995 728:0.139995 734:0.139995 740:0.139995 746:0.027013 752:0.027013 758:0.027013 764:0.027013 770:0.027013 776:0.027013 782:0.027013 788:0.027013 794:0.027013 800:0.027013 806:0.027013 812:0.027013 818:0.027013 824:0.027013 830:0.027013 836:0.027013 842:0.027013 848:0.027013 854:0.027013 860:0.027013 866:0.027013 872:0.027013 878:0.027013 884:0.027013 890:0.027013 896:0.027013 902:0.027013 908:0.027013 914:0.027013 920:0.027013 926:0.027013 932:0.039321 938:0.039321 944:0.039321 950:0.039321 956:0.039321 962:0.039321 968:0.039321 974:0.039321 980:0.039321 986:0.039321 992:0.039321 998:0.039321
[*] pqc_client_3 <= plan: 3:0.174196 9:0.174196 15:0.174196 21:0.174196 27:0.174196 33:0.174196 39:0.174196 45:0.174196 51:0.046337 57:0.046337 63:0.046337 69:0.046337 75:0.046337 81:0.046337 87:0.046337 93:0.046337 99:0.046337 105:0.046337 111:0.046337 117:0.046337 123:0.046337 129:0.046337 135:0.046337 141:0.046337 147:0.046337 153:0.046337 159:0.046337 165:0.046337 171:0.046337 177:0.046337 183:0.046337 189:0.046337 195:0.046337 201:0.046337 207:0.046337 213:0.046337 219:0.046337 225:0.046337 231:0.046337 237:0.000000 243:0.000000 249:0.000000 255:0.000000 261:0.000000 267:0.000000 273:0.000000 279:0.000000 285:0.000000 291:0.000000 297:0.000000 303:0.000000 309:0.000000 315:0.000000 321:0.000000 327:0.000000 333:0.000000 339:0.000000 345:0.000000 351:0.000000 357:0.000000 363:0.000000 369:0.000000 375:0.000000 381:0.000000 387:0.000000 393:0.000000 399:0.000000 405:0.000000 411:0.000000 417:0.021101 423:0.021101 429:0.021101 435:0.021101 441:0.021101 447:0.021101 453:0.021101 459:0.021101 465:0.021101 471:0.021101 477:0.021101 483:0.021101 489:0.021101 495:0.021101 501:0.021101 507:0.021101 513:0.021101 519:0.021101 525:0.021101 531:0.021101 537:0.021101 543:0.021101 549:0.021101 555:0.021101 561:0.139995 567:0.139995 573:0.139995 579:0.139995 585:0.139995 591:0.139995 597:0.139995 603:0.139995 609:0.139995 615:0.139995 621:0.139995 627:0.139995 633:0.139995 639:0.139995 645:0.139995 651:0.139995 657:0.139995 663:0.139995 669:0.139995 675:0.139995 681:0.139995 687:0.139995 693:0.139995 699:0.139995 705:0.139995 711:0.139995 717:0.139995 723:0.139995 729:0.139995 735:0.139995 741:0.139995 747:0.027013 753:0.027013 759:0.027013 765:0.027013 771:0.027013 777:0.027013 783:0.027013 789:0.027013 795:0.027013 801:0.027013 807:0.027013 813:0.027013 819:0.027013 825:0.027013 831:0.027013 837:0.027013 843:0.027013 849:0.027013 855:0.027013 861:0.027013 867:0.027013 873:0.027013 879:0.027013 885:0.027013 891:0.027013 897:0.027013 903:0.027013 909:0.027013 915:0.027013 921:0.027013 927:0.027013 933:0.039321 939:0.039321 945:0.039321 951:0.039321 957:0.039321 963:0.039321 969:0.039321 975:0.039321 981:0.039321 987:0.039321 993:0.039321 999:0.039321
[*] pqc_client_4 <= plan: 4:0.174196 10:0.174196 16:0.174196 22:0.174196 28:0.174196 34:0.174196 40:0.174196 46:0.174196 52:0.046337 58:0.046337 64:0.046337 70:0.046337 76:0.046337 82:0.046337 88:0.046337 94:0.046337 100:0.046337 106:0.046337 112:0.046337 118:0.046337 124:0.046337 130:0.046337 136:0.046337 142:0.046337 148:0.046337 154:0.046337 160:0.046337 166:0.046337 172:0.046337 178:0.046337 184:0.046337 190:0.046337 196:0.046337 202:0.046337 208:0.046337 214:0.046337 220:0.046337 226:0.046337 232:0.046337 238:0.000000 244:0.000000 250:0.000000 256:0.000000 262:0.000000 268:0.000000 274:0.000000 280:0.000000 286:0.000000 292:0.000000 298:0.000000 304:0.000000 310:0.000000 316:0.000000 322:0.000000 328:0.000000 334:0.000000 340:0.000000 346:0.000000 352:0.000000 358:0.000000 364:0.000000 370:0.000000 376:0.000000 382:0.000000 388:0.000000 394:0.000000 400:0.000000 406:0.000000 412:0.000000 418:0.021101 424:0.021101 430:0.021101 436:0.021101 442:0.021101 448:0.021101 454:0.021101 460:0.021101 466:0.021101 472:0.021101 478:0.021101 484:0.021101 490:0.021101 496:0.021101 502:0.021101 508:0.021101 514:0.021101 520:0.021101 526:0.021101 532:0.021101 538:0.021101 544:0.021101 550:0.021101 556:0.021101 562:0.139995 568:0.139995 574:0.139995 580:0.139995 586:0.139995 592:0.139995 598:0.139995 604:0.139995 610:0.139995 616:0.139995 622:0.139995 628:0.139995 634:0.139995 640:0.139995 646:0.139995 652:0.139995 658:0.139995 664:0.139995 670:0.139995 676:0.139995 682:0.139995 688:0.139995 694:0.139995 700:0.139995 706:0.139995 712:0.139995 718:0.139995 724:0.139995 730:0.139995 736:0.139995 742:0.027013 748:0.027013 754:0.027013 760:0.027013 766:0.027013 772:0.027013 778:0.027013 784:0.027013 790:0.027013 796:0.027013 802:0.027013 808:0.027013 814:0.027013 820:0.027013 826:0.027013 832:0.027013 838:0.027013 844:0.027013 850:0.027013 856:0.027013 862:0.027013 868:0.027013 874:0.027013 880:0.027013 886:0.027013 892:0.027013 898:0.027013 904:0.027013 910:0.027013 916:0.027013 922:0.027013 928:0.039321 934:0.039321 940:0.039321 946:0.039321 952:0.039321 958:0.039321 964:0.039321 970:0.039321 976:0.039321 982:0.039321 988:0.039321 994:0.039321 1000:0.039321
[*] pqc_client_5 <= plan: 5:0.174196 11:0.174196 17:0.174196 23:0.174196 29:0.174196 35:0.174196 41:0.174196 47:0.174196 53:0.046337 59:0.046337 65:0.046337 71:0.046337 77:0.046337 83:0.046337 89:0.046337 95:0.046337 101:0.046337 107:0.046337 113:0.046337 119:0.046337 125:0.046337 131:0.046337 137:0.046337 143:0.046337 149:0.046337 155:0.046337 161:0.046337 167:0.046337 173:0.046337 179:0.046337 185:0.046337 191:0.046337 197:0.046337 203:0.046337 209:0.046337 215:0.046337 221:0.046337 227:0.046337 233:0.046337 239:0.000000 245:0.000000 251:0.000000 257:0.000000 263:0.000000 269:0.000000 275:0.000000 281:0.000000 287:0.000000 293:0.000000 299:0.000000 305:0.000000 311:0.000000 317:0.000000 323:0.000000 329:0.000000 335:0.000000 341:0.000000 347:0.000000 353:0.000000 359:0.000000 365:0.000000 371:0.000000 377:0.000000 383:0.000000 389:0.000000 395:0.000000 401:0.000000 407:0.000000 413:0.000000 419:0.021101 425:0.021101 431:0.021101 437:0.021101 443:0.021101 449:0.021101 455:0.021101 461:0.021101 467:0.021101 473:0.021101 479:0.021101 485:0.021101 491:0.021101 497:0.021101 503:0.021101 509:0.021101 515:0.021101 521:0.021101 527:0.021101 533:0.021101 539:0.021101 545:0.021101 551:0.021101 557:0.021101 563:0.139995 569:0.139995 575:0.139995 581:0.139995 587:0.139995 593:0.139995 599:0.139995 605:0.139995 611:0.139995 617:0.139995 623:0.139995 629:0.139995 635:0.139995 641:0.139995 647:0.139995 653:0.139995 659:0.139995 665:0.139995 671:0.139995 677:0.139995 683:0.139995 689:0.139995 695:0.139995 701:0.139995 707:0.139995 713:0.139995 719:0.139995 725:0.139995 731:0.139995 737:0.139995 743:0.027013 749:0.027013 755:0.027013 761:0.027013 767:0.027013 773:0.027013 779:0.027013 785:0.027013 791:0.027013 797:0.027013 803:0.027013 809:0.027013 815:0.027013 821:0.027013 827:0.027013 833:0.027013 839:0.027013 845:0.027013 851:0.027013 857:0.027013 863:0.027013 869:0.027013 875:0.027013 881:0.027013 887:0.027013 893:0.027013 899:0.027013 905:0.027013 911:0.027013 917:0.027013 923:0.027013 929:0.039321 935:0.039321 941:0.039321 947:0.039321 953:0.039321 959:0.039321 965:0.039321 971:0.039321 977:0.039321 983:0.039321 989:0.039321 995:0.039321 1001:0.039321
[*] pqc_client_6 <= plan: 6:0.174196 12:0.174196 18:0.174196 24:0.174196 30:0.174196 36:0.174196 42:0.174196 48:0.174196 54:0.046337 60:0.046337 66:0.046337 72:0.046337 78:0.046337 84:0.046337 90:0.046337 96:0.046337 102:0.046337 108:0.046337 114:0.046337 120:0.046337 126:0.046337 132:0.046337 138:0.046337 144:0.046337 150:0.046337 156:0.046337 162:0.046337 168:0.046337 174:0.046337 180:0.046337 186:0.046337 192:0.046337 198:0.046337 204:0.046337 210:0.046337 216:0.046337 222:0.046337 228:0.046337 234:0.046337 240:0.000000 246:0.000000 252:0.000000 258:0.000000 264:0.000000 270:0.000000 276:0.000000 282:0.000000 288:0.000000 294:0.000000 300:0.000000 306:0.000000 312:0.000000 318:0.000000 324:0.000000 330:0.000000 336:0.000000 342:0.000000 348:0.000000 354:0.000000 360:0.000000 366:0.000000 372:0.000000 378:0.000000 384:0.000000 390:0.000000 396:0.000000 402:0.000000 408:0.000000 414:0.021101 420:0.021101 426:0.021101 432:0.021101 438:0.021101 444:0.021101 450:0.021101 456:0.021101 462:0.021101 468:0.021101 474:0.021101 480:0.021101 486:0.021101 492:0.021101 498:0.021101 504:0.021101 510:0.021101 516:0.021101 522:0.021101 528:0.021101 534:0.021101 540:0.021101 546:0.021101 552:0.021101 558:0.021101 564:0.139995 570:0.139995 576:0.139995 582:0.139995 588:0.139995 594:0.139995 600:0.139995 606:0.139995 612:0.139995 618:0.139995 624:0.139995 630:0.139995 636:0.139995 642:0.139995 648:0.139995 654:0.139995 660:0.139995 666:0.139995 672:0.139995 678:0.139995 684:0.139995 690:0.139995 696:0.139995 702:0.139995 708:0.139995 714:0.139995 720:0.139995 726:0.139995 732:0.139995 738:0.139995 744:0.027013 750:0.027013 756:0.027013 762:0.027013 768:0.027013 774:0.027013 780:0.027013 786:0.027013 792:0.027013 798:0.027013 804:0.027013 810:0.027013 816:0.027013 822:0.027013 828:0.027013 834:0.027013 840:0.027013 846:0.027013 852:0.027013 858:0.027013 864:0.027013 870:0.027013 876:0.027013 882:0.027013 888:0.027013 894:0.027013 900:0.027013 906:0.027013 912:0.027013 918:0.027013 924:0.027013 930:0.039321 936:0.039321 942:0.039321 948:0.039321 954:0.039321 960:0.039321 966:0.039321 972:0.039321 978:0.039321 984:0.039321 990:0.039321 996:0.039321 1002:0.039321
client=pqc_client total=167 ok=167 err=0
client=pqc_client_2 total=167 ok=167 err=0
client=pqc_client_3 total=167 ok=167 err=0
client=pqc_client_4 total=167 ok=167 err=0
client=pqc_client_5 total=167 ok=167 err=0
client=pqc_client_6 total=167 ok=167 err=0
[*] Resumen guardado en: results/classic_p0_balanced_001_resource_summary.txt
RUN_ID: classic_p0_balanced_001
CSV: results/classic_p0_balanced_001_docker_stats.csv

=== Resumen CPU% y MEM% (avg / max) por contenedor ===
pqc_client_2 -> CPU avg=13.36%, CPU max=75.62%, MEM avg=0.69%, MEM max=2.71%
pqc_client_3 -> CPU avg=14.76%, CPU max=78.74%, MEM avg=0.73%, MEM max=2.66%
pqc_monitor -> CPU avg=0.27%, CPU max=0.79%, MEM avg=0.11%, MEM max=0.11%
pqc_client_4 -> CPU avg=17.40%, CPU max=78.33%, MEM avg=0.68%, MEM max=2.35%
pqc_client_5 -> CPU avg=16.19%, CPU max=77.06%, MEM avg=0.70%, MEM max=2.48%
pqc_server -> CPU avg=15.34%, CPU max=52.32%, MEM avg=0.11%, MEM max=0.11%
pqc_client_6 -> CPU avg=16.77%, CPU max=78.19%, MEM avg=0.83%, MEM max=2.48%
pqc_client -> CPU avg=15.67%, CPU max=80.33%, MEM avg=0.72%, MEM max=2.89%
[2026-05-15 11:57:19] [*] Parando captura en pqc_monitor para classic_p0_balanced_001
[*] Métricas TXT guardadas en results/classic_p0_balanced_001_metrics.txt
[*] Métricas CSV guardadas en results/classic_p0_balanced_001_metrics.csv
[*] Métricas TXT guardadas en results/classic_p0_balanced_001_metrics.txt
[*] Métricas CSV guardadas en results/classic_p0_balanced_001_metrics.csv
[2026-05-15 11:58:58] === RUN END: classic_p0_balanced_001 ===

[2026-05-15 11:58:58] === RUN START: classic_p0_balanced_002 ===
[2026-05-15 11:58:58] [*] Preparando captura en pqc_monitor (eth0) para classic_p0_balanced_002
[*] Guardando muestras en: results/classic_p0_balanced_002_docker_stats.csv
[*] Ejecutando comando medido: bash -lc ./scripts/run_client_once_rafaga.sh classic_p0_balanced_002 1002; sleep 3
[*] Ráfaga clásica completada: 1002 conexiones en 6 clientes (poisson_jitter)
=== host results ===
-rw-rw-r-- 1 cristian cristian  301602 may 15 11:59 classic_p0_balanced_002_client_err.txt
-rw-rw-r-- 1 cristian cristian   13403 may 15 11:59 classic_p0_balanced_002_client.txt
-rw-rw-r-- 1 cristian cristian    3205 may 15 11:59 classic_p0_balanced_002_docker_stats.csv
-rw-r--r-- 1 root     root       50267 may 15 11:59 classic_p0_balanced_002_pqc_client_2_client_err.txt
-rw-r--r-- 1 root     root           0 may 15 11:59 classic_p0_balanced_002_pqc_client_2_client.txt
-rw-r--r-- 1 root     root          43 may 15 11:59 classic_p0_balanced_002_pqc_client_2_summary.txt
-rw-r--r-- 1 root     root       50267 may 15 11:59 classic_p0_balanced_002_pqc_client_3_client_err.txt
-rw-r--r-- 1 root     root           0 may 15 11:59 classic_p0_balanced_002_pqc_client_3_client.txt
-rw-r--r-- 1 root     root          43 may 15 11:59 classic_p0_balanced_002_pqc_client_3_summary.txt
-rw-r--r-- 1 root     root       50267 may 15 11:59 classic_p0_balanced_002_pqc_client_4_client_err.txt
-rw-r--r-- 1 root     root           0 may 15 11:59 classic_p0_balanced_002_pqc_client_4_client.txt
-rw-r--r-- 1 root     root          43 may 15 11:59 classic_p0_balanced_002_pqc_client_4_summary.txt
-rw-r--r-- 1 root     root       50267 may 15 11:59 classic_p0_balanced_002_pqc_client_5_client_err.txt
-rw-r--r-- 1 root     root           0 may 15 11:59 classic_p0_balanced_002_pqc_client_5_client.txt
-rw-r--r-- 1 root     root          43 may 15 11:59 classic_p0_balanced_002_pqc_client_5_summary.txt
-rw-r--r-- 1 root     root       50267 may 15 11:59 classic_p0_balanced_002_pqc_client_6_client_err.txt
-rw-r--r-- 1 root     root           0 may 15 11:59 classic_p0_balanced_002_pqc_client_6_client.txt
-rw-r--r-- 1 root     root          43 may 15 11:59 classic_p0_balanced_002_pqc_client_6_summary.txt
-rw-r--r-- 1 root     root       50267 may 15 11:59 classic_p0_balanced_002_pqc_client_client_err.txt
-rw-r--r-- 1 root     root           0 may 15 11:59 classic_p0_balanced_002_pqc_client_client.txt
-rw-r--r-- 1 root     root          41 may 15 11:59 classic_p0_balanced_002_pqc_client_summary.txt
=== resumen por cliente ===
[*] Perfil poisson_jitter: llegadas no sincronizadas con Poisson+jitter
[*] pqc_client <= plan: 1:0.056341 7:0.056341 13:0.000000 19:0.000000 25:0.000000 31:0.000000 37:0.000000 43:0.000000 49:0.000000 55:0.000000 61:0.000000 67:0.000000 73:0.000000 79:0.000000 85:0.000000 91:0.000000 97:0.000000 103:0.000000 109:0.000000 115:0.000000 121:0.000000 127:0.000000 133:0.000000 139:0.000000 145:0.000000 151:0.000000 157:0.000000 163:0.000000 169:0.000000 175:0.000000 181:0.000000 187:0.000000 193:0.027643 199:0.027643 205:0.027643 211:0.027643 217:0.027643 223:0.027643 229:0.027643 235:0.027643 241:0.027643 247:0.027643 253:0.027643 259:0.027643 265:0.027643 271:0.027643 277:0.027643 283:0.027643 289:0.027643 295:0.027643 301:0.027643 307:0.027643 313:0.027643 319:0.027643 325:0.027643 331:0.027643 337:0.027643 343:0.027643 349:0.027643 355:0.027643 361:0.027643 367:0.027643 373:0.027643 379:0.097894 385:0.097894 391:0.097894 397:0.097894 403:0.097894 409:0.097894 415:0.097894 421:0.097894 427:0.097894 433:0.097894 439:0.097894 445:0.097894 451:0.097894 457:0.097894 463:0.097894 469:0.097894 475:0.097894 481:0.097894 487:0.097894 493:0.097894 499:0.097894 505:0.097894 511:0.097894 517:0.000000 523:0.000000 529:0.000000 535:0.000000 541:0.000000 547:0.000000 553:0.000000 559:0.000000 565:0.000000 571:0.000000 577:0.000000 583:0.000000 589:0.000000 595:0.000000 601:0.000000 607:0.000000 613:0.000000 619:0.000000 625:0.000000 631:0.000000 637:0.000000 643:0.000000 649:0.000000 655:0.000000 661:0.000000 667:0.000000 673:0.000000 679:0.000000 685:0.000000 691:0.000000 697:0.172240 703:0.172240 709:0.172240 715:0.172240 721:0.172240 727:0.172240 733:0.172240 739:0.172240 745:0.172240 751:0.172240 757:0.172240 763:0.172240 769:0.172240 775:0.172240 781:0.172240 787:0.172240 793:0.172240 799:0.172240 805:0.172240 811:0.172240 817:0.172240 823:0.172240 829:0.172240 835:0.172240 841:0.172240 847:0.172240 853:0.172240 859:0.172240 865:0.172240 871:0.172240 877:0.172240 883:0.006951 889:0.006951 895:0.006951 901:0.006951 907:0.006951 913:0.006951 919:0.006951 925:0.006951 931:0.006951 937:0.006951 943:0.006951 949:0.006951 955:0.006951 961:0.006951 967:0.006951 973:0.006951 979:0.006951 985:0.006951 991:0.006951 997:0.006951
[*] pqc_client_2 <= plan: 2:0.056341 8:0.000000 14:0.000000 20:0.000000 26:0.000000 32:0.000000 38:0.000000 44:0.000000 50:0.000000 56:0.000000 62:0.000000 68:0.000000 74:0.000000 80:0.000000 86:0.000000 92:0.000000 98:0.000000 104:0.000000 110:0.000000 116:0.000000 122:0.000000 128:0.000000 134:0.000000 140:0.000000 146:0.000000 152:0.000000 158:0.000000 164:0.000000 170:0.000000 176:0.000000 182:0.000000 188:0.000000 194:0.027643 200:0.027643 206:0.027643 212:0.027643 218:0.027643 224:0.027643 230:0.027643 236:0.027643 242:0.027643 248:0.027643 254:0.027643 260:0.027643 266:0.027643 272:0.027643 278:0.027643 284:0.027643 290:0.027643 296:0.027643 302:0.027643 308:0.027643 314:0.027643 320:0.027643 326:0.027643 332:0.027643 338:0.027643 344:0.027643 350:0.027643 356:0.027643 362:0.027643 368:0.027643 374:0.027643 380:0.097894 386:0.097894 392:0.097894 398:0.097894 404:0.097894 410:0.097894 416:0.097894 422:0.097894 428:0.097894 434:0.097894 440:0.097894 446:0.097894 452:0.097894 458:0.097894 464:0.097894 470:0.097894 476:0.097894 482:0.097894 488:0.097894 494:0.097894 500:0.097894 506:0.097894 512:0.097894 518:0.000000 524:0.000000 530:0.000000 536:0.000000 542:0.000000 548:0.000000 554:0.000000 560:0.000000 566:0.000000 572:0.000000 578:0.000000 584:0.000000 590:0.000000 596:0.000000 602:0.000000 608:0.000000 614:0.000000 620:0.000000 626:0.000000 632:0.000000 638:0.000000 644:0.000000 650:0.000000 656:0.000000 662:0.000000 668:0.000000 674:0.000000 680:0.000000 686:0.000000 692:0.000000 698:0.172240 704:0.172240 710:0.172240 716:0.172240 722:0.172240 728:0.172240 734:0.172240 740:0.172240 746:0.172240 752:0.172240 758:0.172240 764:0.172240 770:0.172240 776:0.172240 782:0.172240 788:0.172240 794:0.172240 800:0.172240 806:0.172240 812:0.172240 818:0.172240 824:0.172240 830:0.172240 836:0.172240 842:0.172240 848:0.172240 854:0.172240 860:0.172240 866:0.172240 872:0.172240 878:0.172240 884:0.006951 890:0.006951 896:0.006951 902:0.006951 908:0.006951 914:0.006951 920:0.006951 926:0.006951 932:0.006951 938:0.006951 944:0.006951 950:0.006951 956:0.006951 962:0.006951 968:0.006951 974:0.006951 980:0.006951 986:0.006951 992:0.006951 998:0.006951
[*] pqc_client_3 <= plan: 3:0.056341 9:0.000000 15:0.000000 21:0.000000 27:0.000000 33:0.000000 39:0.000000 45:0.000000 51:0.000000 57:0.000000 63:0.000000 69:0.000000 75:0.000000 81:0.000000 87:0.000000 93:0.000000 99:0.000000 105:0.000000 111:0.000000 117:0.000000 123:0.000000 129:0.000000 135:0.000000 141:0.000000 147:0.000000 153:0.000000 159:0.000000 165:0.000000 171:0.000000 177:0.000000 183:0.000000 189:0.000000 195:0.027643 201:0.027643 207:0.027643 213:0.027643 219:0.027643 225:0.027643 231:0.027643 237:0.027643 243:0.027643 249:0.027643 255:0.027643 261:0.027643 267:0.027643 273:0.027643 279:0.027643 285:0.027643 291:0.027643 297:0.027643 303:0.027643 309:0.027643 315:0.027643 321:0.027643 327:0.027643 333:0.027643 339:0.027643 345:0.027643 351:0.027643 357:0.027643 363:0.027643 369:0.027643 375:0.097894 381:0.097894 387:0.097894 393:0.097894 399:0.097894 405:0.097894 411:0.097894 417:0.097894 423:0.097894 429:0.097894 435:0.097894 441:0.097894 447:0.097894 453:0.097894 459:0.097894 465:0.097894 471:0.097894 477:0.097894 483:0.097894 489:0.097894 495:0.097894 501:0.097894 507:0.097894 513:0.097894 519:0.000000 525:0.000000 531:0.000000 537:0.000000 543:0.000000 549:0.000000 555:0.000000 561:0.000000 567:0.000000 573:0.000000 579:0.000000 585:0.000000 591:0.000000 597:0.000000 603:0.000000 609:0.000000 615:0.000000 621:0.000000 627:0.000000 633:0.000000 639:0.000000 645:0.000000 651:0.000000 657:0.000000 663:0.000000 669:0.000000 675:0.000000 681:0.000000 687:0.000000 693:0.172240 699:0.172240 705:0.172240 711:0.172240 717:0.172240 723:0.172240 729:0.172240 735:0.172240 741:0.172240 747:0.172240 753:0.172240 759:0.172240 765:0.172240 771:0.172240 777:0.172240 783:0.172240 789:0.172240 795:0.172240 801:0.172240 807:0.172240 813:0.172240 819:0.172240 825:0.172240 831:0.172240 837:0.172240 843:0.172240 849:0.172240 855:0.172240 861:0.172240 867:0.172240 873:0.172240 879:0.172240 885:0.006951 891:0.006951 897:0.006951 903:0.006951 909:0.006951 915:0.006951 921:0.006951 927:0.006951 933:0.006951 939:0.006951 945:0.006951 951:0.006951 957:0.006951 963:0.006951 969:0.006951 975:0.006951 981:0.006951 987:0.006951 993:0.006951 999:0.006951
[*] pqc_client_4 <= plan: 4:0.056341 10:0.000000 16:0.000000 22:0.000000 28:0.000000 34:0.000000 40:0.000000 46:0.000000 52:0.000000 58:0.000000 64:0.000000 70:0.000000 76:0.000000 82:0.000000 88:0.000000 94:0.000000 100:0.000000 106:0.000000 112:0.000000 118:0.000000 124:0.000000 130:0.000000 136:0.000000 142:0.000000 148:0.000000 154:0.000000 160:0.000000 166:0.000000 172:0.000000 178:0.000000 184:0.000000 190:0.027643 196:0.027643 202:0.027643 208:0.027643 214:0.027643 220:0.027643 226:0.027643 232:0.027643 238:0.027643 244:0.027643 250:0.027643 256:0.027643 262:0.027643 268:0.027643 274:0.027643 280:0.027643 286:0.027643 292:0.027643 298:0.027643 304:0.027643 310:0.027643 316:0.027643 322:0.027643 328:0.027643 334:0.027643 340:0.027643 346:0.027643 352:0.027643 358:0.027643 364:0.027643 370:0.027643 376:0.097894 382:0.097894 388:0.097894 394:0.097894 400:0.097894 406:0.097894 412:0.097894 418:0.097894 424:0.097894 430:0.097894 436:0.097894 442:0.097894 448:0.097894 454:0.097894 460:0.097894 466:0.097894 472:0.097894 478:0.097894 484:0.097894 490:0.097894 496:0.097894 502:0.097894 508:0.097894 514:0.097894 520:0.000000 526:0.000000 532:0.000000 538:0.000000 544:0.000000 550:0.000000 556:0.000000 562:0.000000 568:0.000000 574:0.000000 580:0.000000 586:0.000000 592:0.000000 598:0.000000 604:0.000000 610:0.000000 616:0.000000 622:0.000000 628:0.000000 634:0.000000 640:0.000000 646:0.000000 652:0.000000 658:0.000000 664:0.000000 670:0.000000 676:0.000000 682:0.000000 688:0.000000 694:0.172240 700:0.172240 706:0.172240 712:0.172240 718:0.172240 724:0.172240 730:0.172240 736:0.172240 742:0.172240 748:0.172240 754:0.172240 760:0.172240 766:0.172240 772:0.172240 778:0.172240 784:0.172240 790:0.172240 796:0.172240 802:0.172240 808:0.172240 814:0.172240 820:0.172240 826:0.172240 832:0.172240 838:0.172240 844:0.172240 850:0.172240 856:0.172240 862:0.172240 868:0.172240 874:0.172240 880:0.006951 886:0.006951 892:0.006951 898:0.006951 904:0.006951 910:0.006951 916:0.006951 922:0.006951 928:0.006951 934:0.006951 940:0.006951 946:0.006951 952:0.006951 958:0.006951 964:0.006951 970:0.006951 976:0.006951 982:0.006951 988:0.006951 994:0.006951 1000:0.006951
[*] pqc_client_5 <= plan: 5:0.056341 11:0.000000 17:0.000000 23:0.000000 29:0.000000 35:0.000000 41:0.000000 47:0.000000 53:0.000000 59:0.000000 65:0.000000 71:0.000000 77:0.000000 83:0.000000 89:0.000000 95:0.000000 101:0.000000 107:0.000000 113:0.000000 119:0.000000 125:0.000000 131:0.000000 137:0.000000 143:0.000000 149:0.000000 155:0.000000 161:0.000000 167:0.000000 173:0.000000 179:0.000000 185:0.000000 191:0.027643 197:0.027643 203:0.027643 209:0.027643 215:0.027643 221:0.027643 227:0.027643 233:0.027643 239:0.027643 245:0.027643 251:0.027643 257:0.027643 263:0.027643 269:0.027643 275:0.027643 281:0.027643 287:0.027643 293:0.027643 299:0.027643 305:0.027643 311:0.027643 317:0.027643 323:0.027643 329:0.027643 335:0.027643 341:0.027643 347:0.027643 353:0.027643 359:0.027643 365:0.027643 371:0.027643 377:0.097894 383:0.097894 389:0.097894 395:0.097894 401:0.097894 407:0.097894 413:0.097894 419:0.097894 425:0.097894 431:0.097894 437:0.097894 443:0.097894 449:0.097894 455:0.097894 461:0.097894 467:0.097894 473:0.097894 479:0.097894 485:0.097894 491:0.097894 497:0.097894 503:0.097894 509:0.097894 515:0.097894 521:0.000000 527:0.000000 533:0.000000 539:0.000000 545:0.000000 551:0.000000 557:0.000000 563:0.000000 569:0.000000 575:0.000000 581:0.000000 587:0.000000 593:0.000000 599:0.000000 605:0.000000 611:0.000000 617:0.000000 623:0.000000 629:0.000000 635:0.000000 641:0.000000 647:0.000000 653:0.000000 659:0.000000 665:0.000000 671:0.000000 677:0.000000 683:0.000000 689:0.000000 695:0.172240 701:0.172240 707:0.172240 713:0.172240 719:0.172240 725:0.172240 731:0.172240 737:0.172240 743:0.172240 749:0.172240 755:0.172240 761:0.172240 767:0.172240 773:0.172240 779:0.172240 785:0.172240 791:0.172240 797:0.172240 803:0.172240 809:0.172240 815:0.172240 821:0.172240 827:0.172240 833:0.172240 839:0.172240 845:0.172240 851:0.172240 857:0.172240 863:0.172240 869:0.172240 875:0.172240 881:0.006951 887:0.006951 893:0.006951 899:0.006951 905:0.006951 911:0.006951 917:0.006951 923:0.006951 929:0.006951 935:0.006951 941:0.006951 947:0.006951 953:0.006951 959:0.006951 965:0.006951 971:0.006951 977:0.006951 983:0.006951 989:0.006951 995:0.006951 1001:0.006951
[*] pqc_client_6 <= plan: 6:0.056341 12:0.000000 18:0.000000 24:0.000000 30:0.000000 36:0.000000 42:0.000000 48:0.000000 54:0.000000 60:0.000000 66:0.000000 72:0.000000 78:0.000000 84:0.000000 90:0.000000 96:0.000000 102:0.000000 108:0.000000 114:0.000000 120:0.000000 126:0.000000 132:0.000000 138:0.000000 144:0.000000 150:0.000000 156:0.000000 162:0.000000 168:0.000000 174:0.000000 180:0.000000 186:0.000000 192:0.027643 198:0.027643 204:0.027643 210:0.027643 216:0.027643 222:0.027643 228:0.027643 234:0.027643 240:0.027643 246:0.027643 252:0.027643 258:0.027643 264:0.027643 270:0.027643 276:0.027643 282:0.027643 288:0.027643 294:0.027643 300:0.027643 306:0.027643 312:0.027643 318:0.027643 324:0.027643 330:0.027643 336:0.027643 342:0.027643 348:0.027643 354:0.027643 360:0.027643 366:0.027643 372:0.027643 378:0.097894 384:0.097894 390:0.097894 396:0.097894 402:0.097894 408:0.097894 414:0.097894 420:0.097894 426:0.097894 432:0.097894 438:0.097894 444:0.097894 450:0.097894 456:0.097894 462:0.097894 468:0.097894 474:0.097894 480:0.097894 486:0.097894 492:0.097894 498:0.097894 504:0.097894 510:0.097894 516:0.000000 522:0.000000 528:0.000000 534:0.000000 540:0.000000 546:0.000000 552:0.000000 558:0.000000 564:0.000000 570:0.000000 576:0.000000 582:0.000000 588:0.000000 594:0.000000 600:0.000000 606:0.000000 612:0.000000 618:0.000000 624:0.000000 630:0.000000 636:0.000000 642:0.000000 648:0.000000 654:0.000000 660:0.000000 666:0.000000 672:0.000000 678:0.000000 684:0.000000 690:0.000000 696:0.172240 702:0.172240 708:0.172240 714:0.172240 720:0.172240 726:0.172240 732:0.172240 738:0.172240 744:0.172240 750:0.172240 756:0.172240 762:0.172240 768:0.172240 774:0.172240 780:0.172240 786:0.172240 792:0.172240 798:0.172240 804:0.172240 810:0.172240 816:0.172240 822:0.172240 828:0.172240 834:0.172240 840:0.172240 846:0.172240 852:0.172240 858:0.172240 864:0.172240 870:0.172240 876:0.172240 882:0.006951 888:0.006951 894:0.006951 900:0.006951 906:0.006951 912:0.006951 918:0.006951 924:0.006951 930:0.006951 936:0.006951 942:0.006951 948:0.006951 954:0.006951 960:0.006951 966:0.006951 972:0.006951 978:0.006951 984:0.006951 990:0.006951 996:0.006951 1002:0.006951
client=pqc_client total=167 ok=167 err=0
client=pqc_client_2 total=167 ok=167 err=0
client=pqc_client_3 total=167 ok=167 err=0
client=pqc_client_4 total=167 ok=167 err=0
client=pqc_client_5 total=167 ok=167 err=0
client=pqc_client_6 total=167 ok=167 err=0
[*] Resumen guardado en: results/classic_p0_balanced_002_resource_summary.txt
RUN_ID: classic_p0_balanced_002
CSV: results/classic_p0_balanced_002_docker_stats.csv

=== Resumen CPU% y MEM% (avg / max) por contenedor ===
pqc_client_2 -> CPU avg=16.56%, CPU max=86.22%, MEM avg=0.67%, MEM max=2.87%
pqc_client_3 -> CPU avg=16.21%, CPU max=84.94%, MEM avg=0.70%, MEM max=2.83%
pqc_monitor -> CPU avg=0.34%, CPU max=0.82%, MEM avg=0.13%, MEM max=0.14%
pqc_client_4 -> CPU avg=17.57%, CPU max=87.58%, MEM avg=0.73%, MEM max=2.73%
pqc_client_5 -> CPU avg=18.79%, CPU max=86.46%, MEM avg=0.72%, MEM max=2.55%
pqc_server -> CPU avg=14.90%, CPU max=52.56%, MEM avg=0.11%, MEM max=0.11%
pqc_client_6 -> CPU avg=17.72%, CPU max=85.74%, MEM avg=0.76%, MEM max=2.64%
pqc_client -> CPU avg=14.92%, CPU max=86.01%, MEM avg=0.75%, MEM max=3.12%
[2026-05-15 11:59:26] [*] Parando captura en pqc_monitor para classic_p0_balanced_002
[*] Métricas TXT guardadas en results/classic_p0_balanced_002_metrics.txt
[*] Métricas CSV guardadas en results/classic_p0_balanced_002_metrics.csv
[*] Métricas TXT guardadas en results/classic_p0_balanced_002_metrics.txt
[*] Métricas CSV guardadas en results/classic_p0_balanced_002_metrics.csv
[2026-05-15 12:00:47] === RUN END: classic_p0_balanced_002 ===

[2026-05-15 12:00:47] === RUN START: classic_p0_balanced_003 ===
[2026-05-15 12:00:47] [*] Preparando captura en pqc_monitor (eth0) para classic_p0_balanced_003
[*] Guardando muestras en: results/classic_p0_balanced_003_docker_stats.csv
[*] Ejecutando comando medido: bash -lc ./scripts/run_client_once_rafaga.sh classic_p0_balanced_003 1002; sleep 3
[*] Ráfaga clásica completada: 1002 conexiones en 6 clientes (poisson_jitter)
=== host results ===
-rw-rw-r-- 1 cristian cristian  301602 may 15 12:01 classic_p0_balanced_003_client_err.txt
-rw-rw-r-- 1 cristian cristian   13403 may 15 12:01 classic_p0_balanced_003_client.txt
-rw-rw-r-- 1 cristian cristian    3233 may 15 12:01 classic_p0_balanced_003_docker_stats.csv
-rw-r--r-- 1 root     root       50267 may 15 12:01 classic_p0_balanced_003_pqc_client_2_client_err.txt
-rw-r--r-- 1 root     root           0 may 15 12:01 classic_p0_balanced_003_pqc_client_2_client.txt
-rw-r--r-- 1 root     root          43 may 15 12:01 classic_p0_balanced_003_pqc_client_2_summary.txt
-rw-r--r-- 1 root     root       50267 may 15 12:01 classic_p0_balanced_003_pqc_client_3_client_err.txt
-rw-r--r-- 1 root     root           0 may 15 12:01 classic_p0_balanced_003_pqc_client_3_client.txt
-rw-r--r-- 1 root     root          43 may 15 12:01 classic_p0_balanced_003_pqc_client_3_summary.txt
-rw-r--r-- 1 root     root       50267 may 15 12:01 classic_p0_balanced_003_pqc_client_4_client_err.txt
-rw-r--r-- 1 root     root           0 may 15 12:01 classic_p0_balanced_003_pqc_client_4_client.txt
-rw-r--r-- 1 root     root          43 may 15 12:01 classic_p0_balanced_003_pqc_client_4_summary.txt
-rw-r--r-- 1 root     root       50267 may 15 12:01 classic_p0_balanced_003_pqc_client_5_client_err.txt
-rw-r--r-- 1 root     root           0 may 15 12:01 classic_p0_balanced_003_pqc_client_5_client.txt
-rw-r--r-- 1 root     root          43 may 15 12:01 classic_p0_balanced_003_pqc_client_5_summary.txt
-rw-r--r-- 1 root     root       50267 may 15 12:01 classic_p0_balanced_003_pqc_client_6_client_err.txt
-rw-r--r-- 1 root     root           0 may 15 12:01 classic_p0_balanced_003_pqc_client_6_client.txt
-rw-r--r-- 1 root     root          43 may 15 12:01 classic_p0_balanced_003_pqc_client_6_summary.txt
-rw-r--r-- 1 root     root       50267 may 15 12:01 classic_p0_balanced_003_pqc_client_client_err.txt
-rw-r--r-- 1 root     root           0 may 15 12:01 classic_p0_balanced_003_pqc_client_client.txt
-rw-r--r-- 1 root     root          41 may 15 12:01 classic_p0_balanced_003_pqc_client_summary.txt
=== resumen por cliente ===
[*] Perfil poisson_jitter: llegadas no sincronizadas con Poisson+jitter
[*] pqc_client <= plan: 1:0.110769 7:0.110769 13:0.110769 19:0.110769 25:0.045936 31:0.045936 37:0.045936 43:0.045936 49:0.045936 55:0.045936 61:0.045936 67:0.045936 73:0.045936 79:0.045936 85:0.045936 91:0.045936 97:0.045936 103:0.045936 109:0.045936 115:0.045936 121:0.045936 127:0.045936 133:0.045936 139:0.045936 145:0.045936 151:0.045936 157:0.045936 163:0.045936 169:0.045936 175:0.045936 181:0.045936 187:0.045936 193:0.045936 199:0.045936 205:0.045936 211:0.045936 217:0.045936 223:0.045936 229:0.045936 235:0.045936 241:0.045936 247:0.045936 253:0.045936 259:0.021945 265:0.021945 271:0.021945 277:0.021945 283:0.021945 289:0.021945 295:0.021945 301:0.021945 307:0.021945 313:0.021945 319:0.021945 325:0.021945 331:0.021945 337:0.021945 343:0.021945 349:0.021945 355:0.021945 361:0.021945 367:0.021945 373:0.021945 379:0.021945 385:0.021945 391:0.021945 397:0.021945 403:0.021945 409:0.021945 415:0.021945 421:0.021945 427:0.021945 433:0.021945 439:0.021945 445:0.021945 451:0.021945 457:0.021945 463:0.021945 469:0.021945 475:0.021945 481:0.021945 487:0.000000 493:0.000000 499:0.000000 505:0.000000 511:0.000000 517:0.000000 523:0.000000 529:0.000000 535:0.000000 541:0.000000 547:0.000000 553:0.000000 559:0.000000 565:0.000000 571:0.000000 577:0.000000 583:0.000000 589:0.000000 595:0.000000 601:0.000000 607:0.000000 613:0.000000 619:0.000000 625:0.000000 631:0.000000 637:0.074326 643:0.074326 649:0.074326 655:0.074326 661:0.074326 667:0.074326 673:0.074326 679:0.074326 685:0.074326 691:0.074326 697:0.074326 703:0.074326 709:0.074326 715:0.074326 721:0.074326 727:0.074326 733:0.074326 739:0.074326 745:0.074326 751:0.074326 757:0.074326 763:0.074326 769:0.074326 775:0.074326 781:0.074326 787:0.074326 793:0.074326 799:0.074326 805:0.074326 811:0.074326 817:0.074326 823:0.074326 829:0.074326 835:0.074326 841:0.074326 847:0.074326 853:0.074326 859:0.069184 865:0.069184 871:0.069184 877:0.069184 883:0.069184 889:0.069184 895:0.069184 901:0.069184 907:0.069184 913:0.069184 919:0.069184 925:0.069184 931:0.069184 937:0.069184 943:0.069184 949:0.069184 955:0.069184 961:0.069184 967:0.069184 973:0.069184 979:0.069184 985:0.069184 991:0.069184 997:0.069184
[*] pqc_client_2 <= plan: 2:0.110769 8:0.110769 14:0.110769 20:0.045936 26:0.045936 32:0.045936 38:0.045936 44:0.045936 50:0.045936 56:0.045936 62:0.045936 68:0.045936 74:0.045936 80:0.045936 86:0.045936 92:0.045936 98:0.045936 104:0.045936 110:0.045936 116:0.045936 122:0.045936 128:0.045936 134:0.045936 140:0.045936 146:0.045936 152:0.045936 158:0.045936 164:0.045936 170:0.045936 176:0.045936 182:0.045936 188:0.045936 194:0.045936 200:0.045936 206:0.045936 212:0.045936 218:0.045936 224:0.045936 230:0.045936 236:0.045936 242:0.045936 248:0.045936 254:0.045936 260:0.021945 266:0.021945 272:0.021945 278:0.021945 284:0.021945 290:0.021945 296:0.021945 302:0.021945 308:0.021945 314:0.021945 320:0.021945 326:0.021945 332:0.021945 338:0.021945 344:0.021945 350:0.021945 356:0.021945 362:0.021945 368:0.021945 374:0.021945 380:0.021945 386:0.021945 392:0.021945 398:0.021945 404:0.021945 410:0.021945 416:0.021945 422:0.021945 428:0.021945 434:0.021945 440:0.021945 446:0.021945 452:0.021945 458:0.021945 464:0.021945 470:0.021945 476:0.021945 482:0.021945 488:0.000000 494:0.000000 500:0.000000 506:0.000000 512:0.000000 518:0.000000 524:0.000000 530:0.000000 536:0.000000 542:0.000000 548:0.000000 554:0.000000 560:0.000000 566:0.000000 572:0.000000 578:0.000000 584:0.000000 590:0.000000 596:0.000000 602:0.000000 608:0.000000 614:0.000000 620:0.000000 626:0.000000 632:0.000000 638:0.074326 644:0.074326 650:0.074326 656:0.074326 662:0.074326 668:0.074326 674:0.074326 680:0.074326 686:0.074326 692:0.074326 698:0.074326 704:0.074326 710:0.074326 716:0.074326 722:0.074326 728:0.074326 734:0.074326 740:0.074326 746:0.074326 752:0.074326 758:0.074326 764:0.074326 770:0.074326 776:0.074326 782:0.074326 788:0.074326 794:0.074326 800:0.074326 806:0.074326 812:0.074326 818:0.074326 824:0.074326 830:0.074326 836:0.074326 842:0.074326 848:0.074326 854:0.074326 860:0.069184 866:0.069184 872:0.069184 878:0.069184 884:0.069184 890:0.069184 896:0.069184 902:0.069184 908:0.069184 914:0.069184 920:0.069184 926:0.069184 932:0.069184 938:0.069184 944:0.069184 950:0.069184 956:0.069184 962:0.069184 968:0.069184 974:0.069184 980:0.069184 986:0.069184 992:0.069184 998:0.069184
[*] pqc_client_3 <= plan: 3:0.110769 9:0.110769 15:0.110769 21:0.045936 27:0.045936 33:0.045936 39:0.045936 45:0.045936 51:0.045936 57:0.045936 63:0.045936 69:0.045936 75:0.045936 81:0.045936 87:0.045936 93:0.045936 99:0.045936 105:0.045936 111:0.045936 117:0.045936 123:0.045936 129:0.045936 135:0.045936 141:0.045936 147:0.045936 153:0.045936 159:0.045936 165:0.045936 171:0.045936 177:0.045936 183:0.045936 189:0.045936 195:0.045936 201:0.045936 207:0.045936 213:0.045936 219:0.045936 225:0.045936 231:0.045936 237:0.045936 243:0.045936 249:0.045936 255:0.021945 261:0.021945 267:0.021945 273:0.021945 279:0.021945 285:0.021945 291:0.021945 297:0.021945 303:0.021945 309:0.021945 315:0.021945 321:0.021945 327:0.021945 333:0.021945 339:0.021945 345:0.021945 351:0.021945 357:0.021945 363:0.021945 369:0.021945 375:0.021945 381:0.021945 387:0.021945 393:0.021945 399:0.021945 405:0.021945 411:0.021945 417:0.021945 423:0.021945 429:0.021945 435:0.021945 441:0.021945 447:0.021945 453:0.021945 459:0.021945 465:0.021945 471:0.021945 477:0.021945 483:0.021945 489:0.000000 495:0.000000 501:0.000000 507:0.000000 513:0.000000 519:0.000000 525:0.000000 531:0.000000 537:0.000000 543:0.000000 549:0.000000 555:0.000000 561:0.000000 567:0.000000 573:0.000000 579:0.000000 585:0.000000 591:0.000000 597:0.000000 603:0.000000 609:0.000000 615:0.000000 621:0.000000 627:0.000000 633:0.000000 639:0.074326 645:0.074326 651:0.074326 657:0.074326 663:0.074326 669:0.074326 675:0.074326 681:0.074326 687:0.074326 693:0.074326 699:0.074326 705:0.074326 711:0.074326 717:0.074326 723:0.074326 729:0.074326 735:0.074326 741:0.074326 747:0.074326 753:0.074326 759:0.074326 765:0.074326 771:0.074326 777:0.074326 783:0.074326 789:0.074326 795:0.074326 801:0.074326 807:0.074326 813:0.074326 819:0.074326 825:0.074326 831:0.074326 837:0.074326 843:0.074326 849:0.074326 855:0.074326 861:0.069184 867:0.069184 873:0.069184 879:0.069184 885:0.069184 891:0.069184 897:0.069184 903:0.069184 909:0.069184 915:0.069184 921:0.069184 927:0.069184 933:0.069184 939:0.069184 945:0.069184 951:0.069184 957:0.069184 963:0.069184 969:0.069184 975:0.069184 981:0.069184 987:0.069184 993:0.069184 999:0.069184
[*] pqc_client_4 <= plan: 4:0.110769 10:0.110769 16:0.110769 22:0.045936 28:0.045936 34:0.045936 40:0.045936 46:0.045936 52:0.045936 58:0.045936 64:0.045936 70:0.045936 76:0.045936 82:0.045936 88:0.045936 94:0.045936 100:0.045936 106:0.045936 112:0.045936 118:0.045936 124:0.045936 130:0.045936 136:0.045936 142:0.045936 148:0.045936 154:0.045936 160:0.045936 166:0.045936 172:0.045936 178:0.045936 184:0.045936 190:0.045936 196:0.045936 202:0.045936 208:0.045936 214:0.045936 220:0.045936 226:0.045936 232:0.045936 238:0.045936 244:0.045936 250:0.045936 256:0.021945 262:0.021945 268:0.021945 274:0.021945 280:0.021945 286:0.021945 292:0.021945 298:0.021945 304:0.021945 310:0.021945 316:0.021945 322:0.021945 328:0.021945 334:0.021945 340:0.021945 346:0.021945 352:0.021945 358:0.021945 364:0.021945 370:0.021945 376:0.021945 382:0.021945 388:0.021945 394:0.021945 400:0.021945 406:0.021945 412:0.021945 418:0.021945 424:0.021945 430:0.021945 436:0.021945 442:0.021945 448:0.021945 454:0.021945 460:0.021945 466:0.021945 472:0.021945 478:0.021945 484:0.021945 490:0.000000 496:0.000000 502:0.000000 508:0.000000 514:0.000000 520:0.000000 526:0.000000 532:0.000000 538:0.000000 544:0.000000 550:0.000000 556:0.000000 562:0.000000 568:0.000000 574:0.000000 580:0.000000 586:0.000000 592:0.000000 598:0.000000 604:0.000000 610:0.000000 616:0.000000 622:0.000000 628:0.000000 634:0.000000 640:0.074326 646:0.074326 652:0.074326 658:0.074326 664:0.074326 670:0.074326 676:0.074326 682:0.074326 688:0.074326 694:0.074326 700:0.074326 706:0.074326 712:0.074326 718:0.074326 724:0.074326 730:0.074326 736:0.074326 742:0.074326 748:0.074326 754:0.074326 760:0.074326 766:0.074326 772:0.074326 778:0.074326 784:0.074326 790:0.074326 796:0.074326 802:0.074326 808:0.074326 814:0.074326 820:0.074326 826:0.074326 832:0.074326 838:0.074326 844:0.074326 850:0.074326 856:0.074326 862:0.069184 868:0.069184 874:0.069184 880:0.069184 886:0.069184 892:0.069184 898:0.069184 904:0.069184 910:0.069184 916:0.069184 922:0.069184 928:0.069184 934:0.069184 940:0.069184 946:0.069184 952:0.069184 958:0.069184 964:0.069184 970:0.069184 976:0.069184 982:0.069184 988:0.069184 994:0.069184 1000:0.069184
[*] pqc_client_5 <= plan: 5:0.110769 11:0.110769 17:0.110769 23:0.045936 29:0.045936 35:0.045936 41:0.045936 47:0.045936 53:0.045936 59:0.045936 65:0.045936 71:0.045936 77:0.045936 83:0.045936 89:0.045936 95:0.045936 101:0.045936 107:0.045936 113:0.045936 119:0.045936 125:0.045936 131:0.045936 137:0.045936 143:0.045936 149:0.045936 155:0.045936 161:0.045936 167:0.045936 173:0.045936 179:0.045936 185:0.045936 191:0.045936 197:0.045936 203:0.045936 209:0.045936 215:0.045936 221:0.045936 227:0.045936 233:0.045936 239:0.045936 245:0.045936 251:0.045936 257:0.021945 263:0.021945 269:0.021945 275:0.021945 281:0.021945 287:0.021945 293:0.021945 299:0.021945 305:0.021945 311:0.021945 317:0.021945 323:0.021945 329:0.021945 335:0.021945 341:0.021945 347:0.021945 353:0.021945 359:0.021945 365:0.021945 371:0.021945 377:0.021945 383:0.021945 389:0.021945 395:0.021945 401:0.021945 407:0.021945 413:0.021945 419:0.021945 425:0.021945 431:0.021945 437:0.021945 443:0.021945 449:0.021945 455:0.021945 461:0.021945 467:0.021945 473:0.021945 479:0.021945 485:0.000000 491:0.000000 497:0.000000 503:0.000000 509:0.000000 515:0.000000 521:0.000000 527:0.000000 533:0.000000 539:0.000000 545:0.000000 551:0.000000 557:0.000000 563:0.000000 569:0.000000 575:0.000000 581:0.000000 587:0.000000 593:0.000000 599:0.000000 605:0.000000 611:0.000000 617:0.000000 623:0.000000 629:0.000000 635:0.074326 641:0.074326 647:0.074326 653:0.074326 659:0.074326 665:0.074326 671:0.074326 677:0.074326 683:0.074326 689:0.074326 695:0.074326 701:0.074326 707:0.074326 713:0.074326 719:0.074326 725:0.074326 731:0.074326 737:0.074326 743:0.074326 749:0.074326 755:0.074326 761:0.074326 767:0.074326 773:0.074326 779:0.074326 785:0.074326 791:0.074326 797:0.074326 803:0.074326 809:0.074326 815:0.074326 821:0.074326 827:0.074326 833:0.074326 839:0.074326 845:0.074326 851:0.074326 857:0.074326 863:0.069184 869:0.069184 875:0.069184 881:0.069184 887:0.069184 893:0.069184 899:0.069184 905:0.069184 911:0.069184 917:0.069184 923:0.069184 929:0.069184 935:0.069184 941:0.069184 947:0.069184 953:0.069184 959:0.069184 965:0.069184 971:0.069184 977:0.069184 983:0.069184 989:0.069184 995:0.069184 1001:0.069184
[*] pqc_client_6 <= plan: 6:0.110769 12:0.110769 18:0.110769 24:0.045936 30:0.045936 36:0.045936 42:0.045936 48:0.045936 54:0.045936 60:0.045936 66:0.045936 72:0.045936 78:0.045936 84:0.045936 90:0.045936 96:0.045936 102:0.045936 108:0.045936 114:0.045936 120:0.045936 126:0.045936 132:0.045936 138:0.045936 144:0.045936 150:0.045936 156:0.045936 162:0.045936 168:0.045936 174:0.045936 180:0.045936 186:0.045936 192:0.045936 198:0.045936 204:0.045936 210:0.045936 216:0.045936 222:0.045936 228:0.045936 234:0.045936 240:0.045936 246:0.045936 252:0.045936 258:0.021945 264:0.021945 270:0.021945 276:0.021945 282:0.021945 288:0.021945 294:0.021945 300:0.021945 306:0.021945 312:0.021945 318:0.021945 324:0.021945 330:0.021945 336:0.021945 342:0.021945 348:0.021945 354:0.021945 360:0.021945 366:0.021945 372:0.021945 378:0.021945 384:0.021945 390:0.021945 396:0.021945 402:0.021945 408:0.021945 414:0.021945 420:0.021945 426:0.021945 432:0.021945 438:0.021945 444:0.021945 450:0.021945 456:0.021945 462:0.021945 468:0.021945 474:0.021945 480:0.021945 486:0.000000 492:0.000000 498:0.000000 504:0.000000 510:0.000000 516:0.000000 522:0.000000 528:0.000000 534:0.000000 540:0.000000 546:0.000000 552:0.000000 558:0.000000 564:0.000000 570:0.000000 576:0.000000 582:0.000000 588:0.000000 594:0.000000 600:0.000000 606:0.000000 612:0.000000 618:0.000000 624:0.000000 630:0.000000 636:0.074326 642:0.074326 648:0.074326 654:0.074326 660:0.074326 666:0.074326 672:0.074326 678:0.074326 684:0.074326 690:0.074326 696:0.074326 702:0.074326 708:0.074326 714:0.074326 720:0.074326 726:0.074326 732:0.074326 738:0.074326 744:0.074326 750:0.074326 756:0.074326 762:0.074326 768:0.074326 774:0.074326 780:0.074326 786:0.074326 792:0.074326 798:0.074326 804:0.074326 810:0.074326 816:0.074326 822:0.074326 828:0.074326 834:0.074326 840:0.074326 846:0.074326 852:0.074326 858:0.069184 864:0.069184 870:0.069184 876:0.069184 882:0.069184 888:0.069184 894:0.069184 900:0.069184 906:0.069184 912:0.069184 918:0.069184 924:0.069184 930:0.069184 936:0.069184 942:0.069184 948:0.069184 954:0.069184 960:0.069184 966:0.069184 972:0.069184 978:0.069184 984:0.069184 990:0.069184 996:0.069184 1002:0.069184
client=pqc_client total=167 ok=167 err=0
client=pqc_client_2 total=167 ok=167 err=0
client=pqc_client_3 total=167 ok=167 err=0
client=pqc_client_4 total=167 ok=167 err=0
client=pqc_client_5 total=167 ok=167 err=0
client=pqc_client_6 total=167 ok=167 err=0
[*] Resumen guardado en: results/classic_p0_balanced_003_resource_summary.txt
RUN_ID: classic_p0_balanced_003
CSV: results/classic_p0_balanced_003_docker_stats.csv

=== Resumen CPU% y MEM% (avg / max) por contenedor ===
pqc_client_2 -> CPU avg=19.88%, CPU max=76.35%, MEM avg=0.73%, MEM max=3.20%
pqc_client_3 -> CPU avg=18.37%, CPU max=73.42%, MEM avg=0.74%, MEM max=3.38%
pqc_monitor -> CPU avg=0.37%, CPU max=0.84%, MEM avg=0.15%, MEM max=0.15%
pqc_client_4 -> CPU avg=15.81%, CPU max=60.17%, MEM avg=0.71%, MEM max=3.20%
pqc_client_5 -> CPU avg=24.00%, CPU max=143.66%, MEM avg=0.81%, MEM max=2.62%
pqc_server -> CPU avg=9.21%, CPU max=50.05%, MEM avg=0.11%, MEM max=0.11%
pqc_client_6 -> CPU avg=19.35%, CPU max=99.47%, MEM avg=0.87%, MEM max=3.48%
pqc_client -> CPU avg=18.56%, CPU max=58.89%, MEM avg=0.76%, MEM max=3.29%
[2026-05-15 12:01:15] [*] Parando captura en pqc_monitor para classic_p0_balanced_003
[*] Métricas TXT guardadas en results/classic_p0_balanced_003_metrics.txt
[*] Métricas CSV guardadas en results/classic_p0_balanced_003_metrics.csv
[*] Métricas TXT guardadas en results/classic_p0_balanced_003_metrics.txt
[*] Métricas CSV guardadas en results/classic_p0_balanced_003_metrics.csv
[2026-05-15 12:02:30] === RUN END: classic_p0_balanced_003 ===

[2026-05-15 12:02:30] === RUN START: classic_p0_balanced_004 ===
[2026-05-15 12:02:30] [*] Preparando captura en pqc_monitor (eth0) para classic_p0_balanced_004
[*] Guardando muestras en: results/classic_p0_balanced_004_docker_stats.csv
[*] Ejecutando comando medido: bash -lc ./scripts/run_client_once_rafaga.sh classic_p0_balanced_004 1002; sleep 3
[*] Ráfaga clásica completada: 1002 conexiones en 6 clientes (poisson_jitter)
=== host results ===
-rw-rw-r-- 1 cristian cristian  301602 may 15 12:02 classic_p0_balanced_004_client_err.txt
-rw-rw-r-- 1 cristian cristian   13403 may 15 12:02 classic_p0_balanced_004_client.txt
-rw-rw-r-- 1 cristian cristian    3242 may 15 12:02 classic_p0_balanced_004_docker_stats.csv
-rw-r--r-- 1 root     root       50267 may 15 12:02 classic_p0_balanced_004_pqc_client_2_client_err.txt
-rw-r--r-- 1 root     root           0 may 15 12:02 classic_p0_balanced_004_pqc_client_2_client.txt
-rw-r--r-- 1 root     root          43 may 15 12:02 classic_p0_balanced_004_pqc_client_2_summary.txt
-rw-r--r-- 1 root     root       50267 may 15 12:02 classic_p0_balanced_004_pqc_client_3_client_err.txt
-rw-r--r-- 1 root     root           0 may 15 12:02 classic_p0_balanced_004_pqc_client_3_client.txt
-rw-r--r-- 1 root     root          43 may 15 12:02 classic_p0_balanced_004_pqc_client_3_summary.txt
-rw-r--r-- 1 root     root       50267 may 15 12:02 classic_p0_balanced_004_pqc_client_4_client_err.txt
-rw-r--r-- 1 root     root           0 may 15 12:02 classic_p0_balanced_004_pqc_client_4_client.txt
-rw-r--r-- 1 root     root          43 may 15 12:02 classic_p0_balanced_004_pqc_client_4_summary.txt
-rw-r--r-- 1 root     root       50267 may 15 12:02 classic_p0_balanced_004_pqc_client_5_client_err.txt
-rw-r--r-- 1 root     root           0 may 15 12:02 classic_p0_balanced_004_pqc_client_5_client.txt
-rw-r--r-- 1 root     root          43 may 15 12:02 classic_p0_balanced_004_pqc_client_5_summary.txt
-rw-r--r-- 1 root     root       50267 may 15 12:02 classic_p0_balanced_004_pqc_client_6_client_err.txt
-rw-r--r-- 1 root     root           0 may 15 12:02 classic_p0_balanced_004_pqc_client_6_client.txt
-rw-r--r-- 1 root     root          43 may 15 12:02 classic_p0_balanced_004_pqc_client_6_summary.txt
-rw-r--r-- 1 root     root       50267 may 15 12:02 classic_p0_balanced_004_pqc_client_client_err.txt
-rw-r--r-- 1 root     root           0 may 15 12:02 classic_p0_balanced_004_pqc_client_client.txt
-rw-r--r-- 1 root     root          41 may 15 12:02 classic_p0_balanced_004_pqc_client_summary.txt
=== resumen por cliente ===
[*] Perfil poisson_jitter: llegadas no sincronizadas con Poisson+jitter
[*] pqc_client <= plan: 1:0.058558 7:0.058558 13:0.058558 19:0.058558 25:0.058558 31:0.058558 37:0.058558 43:0.058558 49:0.058558 55:0.058558 61:0.058558 67:0.058558 73:0.058558 79:0.058558 85:0.058558 91:0.058558 97:0.058558 103:0.058558 109:0.058558 115:0.058558 121:0.058558 127:0.058558 133:0.058558 139:0.012291 145:0.012291 151:0.012291 157:0.012291 163:0.012291 169:0.012291 175:0.012291 181:0.012291 187:0.012291 193:0.012291 199:0.012291 205:0.012291 211:0.012291 217:0.012291 223:0.012291 229:0.012291 235:0.012291 241:0.012291 247:0.012291 253:0.012291 259:0.012291 265:0.012291 271:0.012291 277:0.012291 283:0.012291 289:0.012291 295:0.012291 301:0.012291 307:0.012291 313:0.012291 319:0.012291 325:0.012291 331:0.012291 337:0.012291 343:0.012291 349:0.012291 355:0.012291 361:0.012291 367:0.006996 373:0.006996 379:0.006996 385:0.006996 391:0.006996 397:0.006996 403:0.006996 409:0.006996 415:0.006996 421:0.006996 427:0.006996 433:0.006996 439:0.006996 445:0.006996 451:0.006996 457:0.006996 463:0.006996 469:0.006996 475:0.006996 481:0.006996 487:0.006996 493:0.006996 499:0.006996 505:0.006996 511:0.006996 517:0.006996 523:0.006996 529:0.006996 535:0.006996 541:0.006996 547:0.006996 553:0.000000 559:0.000000 565:0.000000 571:0.000000 577:0.000000 583:0.000000 589:0.000000 595:0.000000 601:0.000000 607:0.000000 613:0.000000 619:0.000000 625:0.000000 631:0.000000 637:0.000000 643:0.000000 649:0.000000 655:0.000000 661:0.000000 667:0.000000 673:0.000000 679:0.000000 685:0.000000 691:0.000000 697:0.000000 703:0.000000 709:0.000000 715:0.000000 721:0.000000 727:0.000000 733:0.000000 739:0.041107 745:0.041107 751:0.041107 757:0.041107 763:0.041107 769:0.041107 775:0.041107 781:0.041107 787:0.041107 793:0.041107 799:0.041107 805:0.041107 811:0.041107 817:0.041107 823:0.041107 829:0.041107 835:0.041107 841:0.041107 847:0.041107 853:0.041107 859:0.041107 865:0.041107 871:0.041107 877:0.041107 883:0.041107 889:0.041107 895:0.041107 901:0.041107 907:0.041107 913:0.041107 919:0.041107 925:0.041107 931:0.041107 937:0.041107 943:0.041107 949:0.041107 955:0.041107 961:0.041107 967:0.028343 973:0.028343 979:0.028343 985:0.028343 991:0.028343 997:0.028343
[*] pqc_client_2 <= plan: 2:0.058558 8:0.058558 14:0.058558 20:0.058558 26:0.058558 32:0.058558 38:0.058558 44:0.058558 50:0.058558 56:0.058558 62:0.058558 68:0.058558 74:0.058558 80:0.058558 86:0.058558 92:0.058558 98:0.058558 104:0.058558 110:0.058558 116:0.058558 122:0.058558 128:0.058558 134:0.058558 140:0.012291 146:0.012291 152:0.012291 158:0.012291 164:0.012291 170:0.012291 176:0.012291 182:0.012291 188:0.012291 194:0.012291 200:0.012291 206:0.012291 212:0.012291 218:0.012291 224:0.012291 230:0.012291 236:0.012291 242:0.012291 248:0.012291 254:0.012291 260:0.012291 266:0.012291 272:0.012291 278:0.012291 284:0.012291 290:0.012291 296:0.012291 302:0.012291 308:0.012291 314:0.012291 320:0.012291 326:0.012291 332:0.012291 338:0.012291 344:0.012291 350:0.012291 356:0.012291 362:0.012291 368:0.006996 374:0.006996 380:0.006996 386:0.006996 392:0.006996 398:0.006996 404:0.006996 410:0.006996 416:0.006996 422:0.006996 428:0.006996 434:0.006996 440:0.006996 446:0.006996 452:0.006996 458:0.006996 464:0.006996 470:0.006996 476:0.006996 482:0.006996 488:0.006996 494:0.006996 500:0.006996 506:0.006996 512:0.006996 518:0.006996 524:0.006996 530:0.006996 536:0.006996 542:0.006996 548:0.006996 554:0.000000 560:0.000000 566:0.000000 572:0.000000 578:0.000000 584:0.000000 590:0.000000 596:0.000000 602:0.000000 608:0.000000 614:0.000000 620:0.000000 626:0.000000 632:0.000000 638:0.000000 644:0.000000 650:0.000000 656:0.000000 662:0.000000 668:0.000000 674:0.000000 680:0.000000 686:0.000000 692:0.000000 698:0.000000 704:0.000000 710:0.000000 716:0.000000 722:0.000000 728:0.000000 734:0.041107 740:0.041107 746:0.041107 752:0.041107 758:0.041107 764:0.041107 770:0.041107 776:0.041107 782:0.041107 788:0.041107 794:0.041107 800:0.041107 806:0.041107 812:0.041107 818:0.041107 824:0.041107 830:0.041107 836:0.041107 842:0.041107 848:0.041107 854:0.041107 860:0.041107 866:0.041107 872:0.041107 878:0.041107 884:0.041107 890:0.041107 896:0.041107 902:0.041107 908:0.041107 914:0.041107 920:0.041107 926:0.041107 932:0.041107 938:0.041107 944:0.041107 950:0.041107 956:0.041107 962:0.041107 968:0.028343 974:0.028343 980:0.028343 986:0.028343 992:0.028343 998:0.028343
[*] pqc_client_3 <= plan: 3:0.058558 9:0.058558 15:0.058558 21:0.058558 27:0.058558 33:0.058558 39:0.058558 45:0.058558 51:0.058558 57:0.058558 63:0.058558 69:0.058558 75:0.058558 81:0.058558 87:0.058558 93:0.058558 99:0.058558 105:0.058558 111:0.058558 117:0.058558 123:0.058558 129:0.058558 135:0.058558 141:0.012291 147:0.012291 153:0.012291 159:0.012291 165:0.012291 171:0.012291 177:0.012291 183:0.012291 189:0.012291 195:0.012291 201:0.012291 207:0.012291 213:0.012291 219:0.012291 225:0.012291 231:0.012291 237:0.012291 243:0.012291 249:0.012291 255:0.012291 261:0.012291 267:0.012291 273:0.012291 279:0.012291 285:0.012291 291:0.012291 297:0.012291 303:0.012291 309:0.012291 315:0.012291 321:0.012291 327:0.012291 333:0.012291 339:0.012291 345:0.012291 351:0.012291 357:0.012291 363:0.012291 369:0.006996 375:0.006996 381:0.006996 387:0.006996 393:0.006996 399:0.006996 405:0.006996 411:0.006996 417:0.006996 423:0.006996 429:0.006996 435:0.006996 441:0.006996 447:0.006996 453:0.006996 459:0.006996 465:0.006996 471:0.006996 477:0.006996 483:0.006996 489:0.006996 495:0.006996 501:0.006996 507:0.006996 513:0.006996 519:0.006996 525:0.006996 531:0.006996 537:0.006996 543:0.006996 549:0.006996 555:0.000000 561:0.000000 567:0.000000 573:0.000000 579:0.000000 585:0.000000 591:0.000000 597:0.000000 603:0.000000 609:0.000000 615:0.000000 621:0.000000 627:0.000000 633:0.000000 639:0.000000 645:0.000000 651:0.000000 657:0.000000 663:0.000000 669:0.000000 675:0.000000 681:0.000000 687:0.000000 693:0.000000 699:0.000000 705:0.000000 711:0.000000 717:0.000000 723:0.000000 729:0.000000 735:0.041107 741:0.041107 747:0.041107 753:0.041107 759:0.041107 765:0.041107 771:0.041107 777:0.041107 783:0.041107 789:0.041107 795:0.041107 801:0.041107 807:0.041107 813:0.041107 819:0.041107 825:0.041107 831:0.041107 837:0.041107 843:0.041107 849:0.041107 855:0.041107 861:0.041107 867:0.041107 873:0.041107 879:0.041107 885:0.041107 891:0.041107 897:0.041107 903:0.041107 909:0.041107 915:0.041107 921:0.041107 927:0.041107 933:0.041107 939:0.041107 945:0.041107 951:0.041107 957:0.041107 963:0.041107 969:0.028343 975:0.028343 981:0.028343 987:0.028343 993:0.028343 999:0.028343
[*] pqc_client_4 <= plan: 4:0.058558 10:0.058558 16:0.058558 22:0.058558 28:0.058558 34:0.058558 40:0.058558 46:0.058558 52:0.058558 58:0.058558 64:0.058558 70:0.058558 76:0.058558 82:0.058558 88:0.058558 94:0.058558 100:0.058558 106:0.058558 112:0.058558 118:0.058558 124:0.058558 130:0.058558 136:0.058558 142:0.012291 148:0.012291 154:0.012291 160:0.012291 166:0.012291 172:0.012291 178:0.012291 184:0.012291 190:0.012291 196:0.012291 202:0.012291 208:0.012291 214:0.012291 220:0.012291 226:0.012291 232:0.012291 238:0.012291 244:0.012291 250:0.012291 256:0.012291 262:0.012291 268:0.012291 274:0.012291 280:0.012291 286:0.012291 292:0.012291 298:0.012291 304:0.012291 310:0.012291 316:0.012291 322:0.012291 328:0.012291 334:0.012291 340:0.012291 346:0.012291 352:0.012291 358:0.012291 364:0.012291 370:0.006996 376:0.006996 382:0.006996 388:0.006996 394:0.006996 400:0.006996 406:0.006996 412:0.006996 418:0.006996 424:0.006996 430:0.006996 436:0.006996 442:0.006996 448:0.006996 454:0.006996 460:0.006996 466:0.006996 472:0.006996 478:0.006996 484:0.006996 490:0.006996 496:0.006996 502:0.006996 508:0.006996 514:0.006996 520:0.006996 526:0.006996 532:0.006996 538:0.006996 544:0.006996 550:0.006996 556:0.000000 562:0.000000 568:0.000000 574:0.000000 580:0.000000 586:0.000000 592:0.000000 598:0.000000 604:0.000000 610:0.000000 616:0.000000 622:0.000000 628:0.000000 634:0.000000 640:0.000000 646:0.000000 652:0.000000 658:0.000000 664:0.000000 670:0.000000 676:0.000000 682:0.000000 688:0.000000 694:0.000000 700:0.000000 706:0.000000 712:0.000000 718:0.000000 724:0.000000 730:0.000000 736:0.041107 742:0.041107 748:0.041107 754:0.041107 760:0.041107 766:0.041107 772:0.041107 778:0.041107 784:0.041107 790:0.041107 796:0.041107 802:0.041107 808:0.041107 814:0.041107 820:0.041107 826:0.041107 832:0.041107 838:0.041107 844:0.041107 850:0.041107 856:0.041107 862:0.041107 868:0.041107 874:0.041107 880:0.041107 886:0.041107 892:0.041107 898:0.041107 904:0.041107 910:0.041107 916:0.041107 922:0.041107 928:0.041107 934:0.041107 940:0.041107 946:0.041107 952:0.041107 958:0.041107 964:0.041107 970:0.028343 976:0.028343 982:0.028343 988:0.028343 994:0.028343 1000:0.028343
[*] pqc_client_5 <= plan: 5:0.058558 11:0.058558 17:0.058558 23:0.058558 29:0.058558 35:0.058558 41:0.058558 47:0.058558 53:0.058558 59:0.058558 65:0.058558 71:0.058558 77:0.058558 83:0.058558 89:0.058558 95:0.058558 101:0.058558 107:0.058558 113:0.058558 119:0.058558 125:0.058558 131:0.058558 137:0.058558 143:0.012291 149:0.012291 155:0.012291 161:0.012291 167:0.012291 173:0.012291 179:0.012291 185:0.012291 191:0.012291 197:0.012291 203:0.012291 209:0.012291 215:0.012291 221:0.012291 227:0.012291 233:0.012291 239:0.012291 245:0.012291 251:0.012291 257:0.012291 263:0.012291 269:0.012291 275:0.012291 281:0.012291 287:0.012291 293:0.012291 299:0.012291 305:0.012291 311:0.012291 317:0.012291 323:0.012291 329:0.012291 335:0.012291 341:0.012291 347:0.012291 353:0.012291 359:0.012291 365:0.012291 371:0.006996 377:0.006996 383:0.006996 389:0.006996 395:0.006996 401:0.006996 407:0.006996 413:0.006996 419:0.006996 425:0.006996 431:0.006996 437:0.006996 443:0.006996 449:0.006996 455:0.006996 461:0.006996 467:0.006996 473:0.006996 479:0.006996 485:0.006996 491:0.006996 497:0.006996 503:0.006996 509:0.006996 515:0.006996 521:0.006996 527:0.006996 533:0.006996 539:0.006996 545:0.006996 551:0.006996 557:0.000000 563:0.000000 569:0.000000 575:0.000000 581:0.000000 587:0.000000 593:0.000000 599:0.000000 605:0.000000 611:0.000000 617:0.000000 623:0.000000 629:0.000000 635:0.000000 641:0.000000 647:0.000000 653:0.000000 659:0.000000 665:0.000000 671:0.000000 677:0.000000 683:0.000000 689:0.000000 695:0.000000 701:0.000000 707:0.000000 713:0.000000 719:0.000000 725:0.000000 731:0.000000 737:0.041107 743:0.041107 749:0.041107 755:0.041107 761:0.041107 767:0.041107 773:0.041107 779:0.041107 785:0.041107 791:0.041107 797:0.041107 803:0.041107 809:0.041107 815:0.041107 821:0.041107 827:0.041107 833:0.041107 839:0.041107 845:0.041107 851:0.041107 857:0.041107 863:0.041107 869:0.041107 875:0.041107 881:0.041107 887:0.041107 893:0.041107 899:0.041107 905:0.041107 911:0.041107 917:0.041107 923:0.041107 929:0.041107 935:0.041107 941:0.041107 947:0.041107 953:0.041107 959:0.041107 965:0.041107 971:0.028343 977:0.028343 983:0.028343 989:0.028343 995:0.028343 1001:0.028343
[*] pqc_client_6 <= plan: 6:0.058558 12:0.058558 18:0.058558 24:0.058558 30:0.058558 36:0.058558 42:0.058558 48:0.058558 54:0.058558 60:0.058558 66:0.058558 72:0.058558 78:0.058558 84:0.058558 90:0.058558 96:0.058558 102:0.058558 108:0.058558 114:0.058558 120:0.058558 126:0.058558 132:0.058558 138:0.012291 144:0.012291 150:0.012291 156:0.012291 162:0.012291 168:0.012291 174:0.012291 180:0.012291 186:0.012291 192:0.012291 198:0.012291 204:0.012291 210:0.012291 216:0.012291 222:0.012291 228:0.012291 234:0.012291 240:0.012291 246:0.012291 252:0.012291 258:0.012291 264:0.012291 270:0.012291 276:0.012291 282:0.012291 288:0.012291 294:0.012291 300:0.012291 306:0.012291 312:0.012291 318:0.012291 324:0.012291 330:0.012291 336:0.012291 342:0.012291 348:0.012291 354:0.012291 360:0.012291 366:0.012291 372:0.006996 378:0.006996 384:0.006996 390:0.006996 396:0.006996 402:0.006996 408:0.006996 414:0.006996 420:0.006996 426:0.006996 432:0.006996 438:0.006996 444:0.006996 450:0.006996 456:0.006996 462:0.006996 468:0.006996 474:0.006996 480:0.006996 486:0.006996 492:0.006996 498:0.006996 504:0.006996 510:0.006996 516:0.006996 522:0.006996 528:0.006996 534:0.006996 540:0.006996 546:0.006996 552:0.006996 558:0.000000 564:0.000000 570:0.000000 576:0.000000 582:0.000000 588:0.000000 594:0.000000 600:0.000000 606:0.000000 612:0.000000 618:0.000000 624:0.000000 630:0.000000 636:0.000000 642:0.000000 648:0.000000 654:0.000000 660:0.000000 666:0.000000 672:0.000000 678:0.000000 684:0.000000 690:0.000000 696:0.000000 702:0.000000 708:0.000000 714:0.000000 720:0.000000 726:0.000000 732:0.000000 738:0.041107 744:0.041107 750:0.041107 756:0.041107 762:0.041107 768:0.041107 774:0.041107 780:0.041107 786:0.041107 792:0.041107 798:0.041107 804:0.041107 810:0.041107 816:0.041107 822:0.041107 828:0.041107 834:0.041107 840:0.041107 846:0.041107 852:0.041107 858:0.041107 864:0.041107 870:0.041107 876:0.041107 882:0.041107 888:0.041107 894:0.041107 900:0.041107 906:0.041107 912:0.041107 918:0.041107 924:0.041107 930:0.041107 936:0.041107 942:0.041107 948:0.041107 954:0.041107 960:0.041107 966:0.028343 972:0.028343 978:0.028343 984:0.028343 990:0.028343 996:0.028343 1002:0.028343
client=pqc_client total=167 ok=167 err=0
client=pqc_client_2 total=167 ok=167 err=0
client=pqc_client_3 total=167 ok=167 err=0
client=pqc_client_4 total=167 ok=167 err=0
client=pqc_client_5 total=167 ok=167 err=0
client=pqc_client_6 total=167 ok=167 err=0
[*] Resumen guardado en: results/classic_p0_balanced_004_resource_summary.txt
RUN_ID: classic_p0_balanced_004
CSV: results/classic_p0_balanced_004_docker_stats.csv

=== Resumen CPU% y MEM% (avg / max) por contenedor ===
pqc_client_2 -> CPU avg=13.89%, CPU max=49.75%, MEM avg=0.71%, MEM max=2.85%
pqc_client_3 -> CPU avg=16.68%, CPU max=43.38%, MEM avg=0.83%, MEM max=3.19%
pqc_monitor -> CPU avg=0.33%, CPU max=1.02%, MEM avg=0.15%, MEM max=0.15%
pqc_client_4 -> CPU avg=10.07%, CPU max=25.45%, MEM avg=0.65%, MEM max=2.87%
pqc_client_5 -> CPU avg=12.50%, CPU max=40.94%, MEM avg=0.79%, MEM max=3.10%
pqc_server -> CPU avg=16.46%, CPU max=50.47%, MEM avg=0.11%, MEM max=0.11%
pqc_client_6 -> CPU avg=21.69%, CPU max=86.60%, MEM avg=0.92%, MEM max=3.10%
pqc_client -> CPU avg=13.93%, CPU max=50.01%, MEM avg=0.77%, MEM max=2.81%
[2026-05-15 12:02:54] [*] Parando captura en pqc_monitor para classic_p0_balanced_004
[*] Métricas TXT guardadas en results/classic_p0_balanced_004_metrics.txt
[*] Métricas CSV guardadas en results/classic_p0_balanced_004_metrics.csv
[*] Métricas TXT guardadas en results/classic_p0_balanced_004_metrics.txt
[*] Métricas CSV guardadas en results/classic_p0_balanced_004_metrics.csv
[2026-05-15 12:04:18] === RUN END: classic_p0_balanced_004 ===

[2026-05-15 12:04:18] === RUN START: classic_p0_balanced_005 ===
[2026-05-15 12:04:18] [*] Preparando captura en pqc_monitor (eth0) para classic_p0_balanced_005
[*] Guardando muestras en: results/classic_p0_balanced_005_docker_stats.csv
[*] Ejecutando comando medido: bash -lc ./scripts/run_client_once_rafaga.sh classic_p0_balanced_005 1002; sleep 3
[*] Ráfaga clásica completada: 1002 conexiones en 6 clientes (poisson_jitter)
=== host results ===
-rw-rw-r-- 1 cristian cristian  301602 may 15 12:04 classic_p0_balanced_005_client_err.txt
-rw-rw-r-- 1 cristian cristian   13403 may 15 12:04 classic_p0_balanced_005_client.txt
-rw-rw-r-- 1 cristian cristian    3190 may 15 12:04 classic_p0_balanced_005_docker_stats.csv
-rw-r--r-- 1 root     root       50267 may 15 12:04 classic_p0_balanced_005_pqc_client_2_client_err.txt
-rw-r--r-- 1 root     root           0 may 15 12:04 classic_p0_balanced_005_pqc_client_2_client.txt
-rw-r--r-- 1 root     root          43 may 15 12:04 classic_p0_balanced_005_pqc_client_2_summary.txt
-rw-r--r-- 1 root     root       50267 may 15 12:04 classic_p0_balanced_005_pqc_client_3_client_err.txt
-rw-r--r-- 1 root     root           0 may 15 12:04 classic_p0_balanced_005_pqc_client_3_client.txt
-rw-r--r-- 1 root     root          43 may 15 12:04 classic_p0_balanced_005_pqc_client_3_summary.txt
-rw-r--r-- 1 root     root       50267 may 15 12:04 classic_p0_balanced_005_pqc_client_4_client_err.txt
-rw-r--r-- 1 root     root           0 may 15 12:04 classic_p0_balanced_005_pqc_client_4_client.txt
-rw-r--r-- 1 root     root          43 may 15 12:04 classic_p0_balanced_005_pqc_client_4_summary.txt
-rw-r--r-- 1 root     root       50267 may 15 12:04 classic_p0_balanced_005_pqc_client_5_client_err.txt
-rw-r--r-- 1 root     root           0 may 15 12:04 classic_p0_balanced_005_pqc_client_5_client.txt
-rw-r--r-- 1 root     root          43 may 15 12:04 classic_p0_balanced_005_pqc_client_5_summary.txt
-rw-r--r-- 1 root     root       50267 may 15 12:04 classic_p0_balanced_005_pqc_client_6_client_err.txt
-rw-r--r-- 1 root     root           0 may 15 12:04 classic_p0_balanced_005_pqc_client_6_client.txt
-rw-r--r-- 1 root     root          43 may 15 12:04 classic_p0_balanced_005_pqc_client_6_summary.txt
-rw-r--r-- 1 root     root       50267 may 15 12:04 classic_p0_balanced_005_pqc_client_client_err.txt
-rw-r--r-- 1 root     root           0 may 15 12:04 classic_p0_balanced_005_pqc_client_client.txt
-rw-r--r-- 1 root     root          41 may 15 12:04 classic_p0_balanced_005_pqc_client_summary.txt
=== resumen por cliente ===
[*] Perfil poisson_jitter: llegadas no sincronizadas con Poisson+jitter
[*] pqc_client <= plan: 1:0.049650 7:0.049650 13:0.049650 19:0.049650 25:0.049650 31:0.049650 37:0.049650 43:0.049650 49:0.049650 55:0.049650 61:0.049650 67:0.049650 73:0.049650 79:0.049650 85:0.049650 91:0.049650 97:0.049650 103:0.049650 109:0.049650 115:0.049650 121:0.049650 127:0.049650 133:0.049650 139:0.049650 145:0.049650 151:0.043184 157:0.043184 163:0.043184 169:0.043184 175:0.043184 181:0.043184 187:0.043184 193:0.043184 199:0.043184 205:0.043184 211:0.043184 217:0.043184 223:0.043184 229:0.043184 235:0.043184 241:0.043184 247:0.043184 253:0.043184 259:0.043184 265:0.043184 271:0.043184 277:0.043184 283:0.043184 289:0.043184 295:0.043184 301:0.043184 307:0.043184 313:0.043184 319:0.043184 325:0.043184 331:0.043184 337:0.043184 343:0.043184 349:0.043184 355:0.043184 361:0.043184 367:0.043184 373:0.043184 379:0.077739 385:0.077739 391:0.077739 397:0.077739 403:0.077739 409:0.077739 415:0.077739 421:0.077739 427:0.077739 433:0.077739 439:0.077739 445:0.077739 451:0.077739 457:0.077739 463:0.077739 469:0.077739 475:0.077739 481:0.077739 487:0.077739 493:0.077739 499:0.077739 505:0.077739 511:0.077739 517:0.077739 523:0.077739 529:0.077739 535:0.077739 541:0.077739 547:0.077739 553:0.077739 559:0.000000 565:0.000000 571:0.000000 577:0.000000 583:0.000000 589:0.000000 595:0.000000 601:0.000000 607:0.000000 613:0.000000 619:0.000000 625:0.000000 631:0.000000 637:0.000000 643:0.000000 649:0.000000 655:0.000000 661:0.000000 667:0.000000 673:0.000000 679:0.000000 685:0.000000 691:0.000000 697:0.000000 703:0.000000 709:0.000000 715:0.000000 721:0.000000 727:0.000000 733:0.000000 739:0.000000 745:0.000000 751:0.031083 757:0.031083 763:0.031083 769:0.031083 775:0.031083 781:0.031083 787:0.031083 793:0.031083 799:0.031083 805:0.031083 811:0.031083 817:0.031083 823:0.031083 829:0.031083 835:0.031083 841:0.031083 847:0.031083 853:0.031083 859:0.031083 865:0.031083 871:0.031083 877:0.031083 883:0.031083 889:0.031083 895:0.031083 901:0.031083 907:0.031083 913:0.031083 919:0.031083 925:0.031083 931:0.031083 937:0.031083 943:0.031083 949:0.031083 955:0.031083 961:0.031083 967:0.031083 973:0.031083 979:0.000000 985:0.000000 991:0.000000 997:0.000000
[*] pqc_client_2 <= plan: 2:0.049650 8:0.049650 14:0.049650 20:0.049650 26:0.049650 32:0.049650 38:0.049650 44:0.049650 50:0.049650 56:0.049650 62:0.049650 68:0.049650 74:0.049650 80:0.049650 86:0.049650 92:0.049650 98:0.049650 104:0.049650 110:0.049650 116:0.049650 122:0.049650 128:0.049650 134:0.049650 140:0.049650 146:0.049650 152:0.043184 158:0.043184 164:0.043184 170:0.043184 176:0.043184 182:0.043184 188:0.043184 194:0.043184 200:0.043184 206:0.043184 212:0.043184 218:0.043184 224:0.043184 230:0.043184 236:0.043184 242:0.043184 248:0.043184 254:0.043184 260:0.043184 266:0.043184 272:0.043184 278:0.043184 284:0.043184 290:0.043184 296:0.043184 302:0.043184 308:0.043184 314:0.043184 320:0.043184 326:0.043184 332:0.043184 338:0.043184 344:0.043184 350:0.043184 356:0.043184 362:0.043184 368:0.043184 374:0.043184 380:0.077739 386:0.077739 392:0.077739 398:0.077739 404:0.077739 410:0.077739 416:0.077739 422:0.077739 428:0.077739 434:0.077739 440:0.077739 446:0.077739 452:0.077739 458:0.077739 464:0.077739 470:0.077739 476:0.077739 482:0.077739 488:0.077739 494:0.077739 500:0.077739 506:0.077739 512:0.077739 518:0.077739 524:0.077739 530:0.077739 536:0.077739 542:0.077739 548:0.077739 554:0.077739 560:0.000000 566:0.000000 572:0.000000 578:0.000000 584:0.000000 590:0.000000 596:0.000000 602:0.000000 608:0.000000 614:0.000000 620:0.000000 626:0.000000 632:0.000000 638:0.000000 644:0.000000 650:0.000000 656:0.000000 662:0.000000 668:0.000000 674:0.000000 680:0.000000 686:0.000000 692:0.000000 698:0.000000 704:0.000000 710:0.000000 716:0.000000 722:0.000000 728:0.000000 734:0.000000 740:0.000000 746:0.031083 752:0.031083 758:0.031083 764:0.031083 770:0.031083 776:0.031083 782:0.031083 788:0.031083 794:0.031083 800:0.031083 806:0.031083 812:0.031083 818:0.031083 824:0.031083 830:0.031083 836:0.031083 842:0.031083 848:0.031083 854:0.031083 860:0.031083 866:0.031083 872:0.031083 878:0.031083 884:0.031083 890:0.031083 896:0.031083 902:0.031083 908:0.031083 914:0.031083 920:0.031083 926:0.031083 932:0.031083 938:0.031083 944:0.031083 950:0.031083 956:0.031083 962:0.031083 968:0.031083 974:0.031083 980:0.000000 986:0.000000 992:0.000000 998:0.000000
[*] pqc_client_3 <= plan: 3:0.049650 9:0.049650 15:0.049650 21:0.049650 27:0.049650 33:0.049650 39:0.049650 45:0.049650 51:0.049650 57:0.049650 63:0.049650 69:0.049650 75:0.049650 81:0.049650 87:0.049650 93:0.049650 99:0.049650 105:0.049650 111:0.049650 117:0.049650 123:0.049650 129:0.049650 135:0.049650 141:0.049650 147:0.049650 153:0.043184 159:0.043184 165:0.043184 171:0.043184 177:0.043184 183:0.043184 189:0.043184 195:0.043184 201:0.043184 207:0.043184 213:0.043184 219:0.043184 225:0.043184 231:0.043184 237:0.043184 243:0.043184 249:0.043184 255:0.043184 261:0.043184 267:0.043184 273:0.043184 279:0.043184 285:0.043184 291:0.043184 297:0.043184 303:0.043184 309:0.043184 315:0.043184 321:0.043184 327:0.043184 333:0.043184 339:0.043184 345:0.043184 351:0.043184 357:0.043184 363:0.043184 369:0.043184 375:0.043184 381:0.077739 387:0.077739 393:0.077739 399:0.077739 405:0.077739 411:0.077739 417:0.077739 423:0.077739 429:0.077739 435:0.077739 441:0.077739 447:0.077739 453:0.077739 459:0.077739 465:0.077739 471:0.077739 477:0.077739 483:0.077739 489:0.077739 495:0.077739 501:0.077739 507:0.077739 513:0.077739 519:0.077739 525:0.077739 531:0.077739 537:0.077739 543:0.077739 549:0.077739 555:0.000000 561:0.000000 567:0.000000 573:0.000000 579:0.000000 585:0.000000 591:0.000000 597:0.000000 603:0.000000 609:0.000000 615:0.000000 621:0.000000 627:0.000000 633:0.000000 639:0.000000 645:0.000000 651:0.000000 657:0.000000 663:0.000000 669:0.000000 675:0.000000 681:0.000000 687:0.000000 693:0.000000 699:0.000000 705:0.000000 711:0.000000 717:0.000000 723:0.000000 729:0.000000 735:0.000000 741:0.000000 747:0.031083 753:0.031083 759:0.031083 765:0.031083 771:0.031083 777:0.031083 783:0.031083 789:0.031083 795:0.031083 801:0.031083 807:0.031083 813:0.031083 819:0.031083 825:0.031083 831:0.031083 837:0.031083 843:0.031083 849:0.031083 855:0.031083 861:0.031083 867:0.031083 873:0.031083 879:0.031083 885:0.031083 891:0.031083 897:0.031083 903:0.031083 909:0.031083 915:0.031083 921:0.031083 927:0.031083 933:0.031083 939:0.031083 945:0.031083 951:0.031083 957:0.031083 963:0.031083 969:0.031083 975:0.031083 981:0.000000 987:0.000000 993:0.000000 999:0.000000
[*] pqc_client_4 <= plan: 4:0.049650 10:0.049650 16:0.049650 22:0.049650 28:0.049650 34:0.049650 40:0.049650 46:0.049650 52:0.049650 58:0.049650 64:0.049650 70:0.049650 76:0.049650 82:0.049650 88:0.049650 94:0.049650 100:0.049650 106:0.049650 112:0.049650 118:0.049650 124:0.049650 130:0.049650 136:0.049650 142:0.049650 148:0.043184 154:0.043184 160:0.043184 166:0.043184 172:0.043184 178:0.043184 184:0.043184 190:0.043184 196:0.043184 202:0.043184 208:0.043184 214:0.043184 220:0.043184 226:0.043184 232:0.043184 238:0.043184 244:0.043184 250:0.043184 256:0.043184 262:0.043184 268:0.043184 274:0.043184 280:0.043184 286:0.043184 292:0.043184 298:0.043184 304:0.043184 310:0.043184 316:0.043184 322:0.043184 328:0.043184 334:0.043184 340:0.043184 346:0.043184 352:0.043184 358:0.043184 364:0.043184 370:0.043184 376:0.043184 382:0.077739 388:0.077739 394:0.077739 400:0.077739 406:0.077739 412:0.077739 418:0.077739 424:0.077739 430:0.077739 436:0.077739 442:0.077739 448:0.077739 454:0.077739 460:0.077739 466:0.077739 472:0.077739 478:0.077739 484:0.077739 490:0.077739 496:0.077739 502:0.077739 508:0.077739 514:0.077739 520:0.077739 526:0.077739 532:0.077739 538:0.077739 544:0.077739 550:0.077739 556:0.000000 562:0.000000 568:0.000000 574:0.000000 580:0.000000 586:0.000000 592:0.000000 598:0.000000 604:0.000000 610:0.000000 616:0.000000 622:0.000000 628:0.000000 634:0.000000 640:0.000000 646:0.000000 652:0.000000 658:0.000000 664:0.000000 670:0.000000 676:0.000000 682:0.000000 688:0.000000 694:0.000000 700:0.000000 706:0.000000 712:0.000000 718:0.000000 724:0.000000 730:0.000000 736:0.000000 742:0.000000 748:0.031083 754:0.031083 760:0.031083 766:0.031083 772:0.031083 778:0.031083 784:0.031083 790:0.031083 796:0.031083 802:0.031083 808:0.031083 814:0.031083 820:0.031083 826:0.031083 832:0.031083 838:0.031083 844:0.031083 850:0.031083 856:0.031083 862:0.031083 868:0.031083 874:0.031083 880:0.031083 886:0.031083 892:0.031083 898:0.031083 904:0.031083 910:0.031083 916:0.031083 922:0.031083 928:0.031083 934:0.031083 940:0.031083 946:0.031083 952:0.031083 958:0.031083 964:0.031083 970:0.031083 976:0.000000 982:0.000000 988:0.000000 994:0.000000 1000:0.000000
[*] pqc_client_5 <= plan: 5:0.049650 11:0.049650 17:0.049650 23:0.049650 29:0.049650 35:0.049650 41:0.049650 47:0.049650 53:0.049650 59:0.049650 65:0.049650 71:0.049650 77:0.049650 83:0.049650 89:0.049650 95:0.049650 101:0.049650 107:0.049650 113:0.049650 119:0.049650 125:0.049650 131:0.049650 137:0.049650 143:0.049650 149:0.043184 155:0.043184 161:0.043184 167:0.043184 173:0.043184 179:0.043184 185:0.043184 191:0.043184 197:0.043184 203:0.043184 209:0.043184 215:0.043184 221:0.043184 227:0.043184 233:0.043184 239:0.043184 245:0.043184 251:0.043184 257:0.043184 263:0.043184 269:0.043184 275:0.043184 281:0.043184 287:0.043184 293:0.043184 299:0.043184 305:0.043184 311:0.043184 317:0.043184 323:0.043184 329:0.043184 335:0.043184 341:0.043184 347:0.043184 353:0.043184 359:0.043184 365:0.043184 371:0.043184 377:0.077739 383:0.077739 389:0.077739 395:0.077739 401:0.077739 407:0.077739 413:0.077739 419:0.077739 425:0.077739 431:0.077739 437:0.077739 443:0.077739 449:0.077739 455:0.077739 461:0.077739 467:0.077739 473:0.077739 479:0.077739 485:0.077739 491:0.077739 497:0.077739 503:0.077739 509:0.077739 515:0.077739 521:0.077739 527:0.077739 533:0.077739 539:0.077739 545:0.077739 551:0.077739 557:0.000000 563:0.000000 569:0.000000 575:0.000000 581:0.000000 587:0.000000 593:0.000000 599:0.000000 605:0.000000 611:0.000000 617:0.000000 623:0.000000 629:0.000000 635:0.000000 641:0.000000 647:0.000000 653:0.000000 659:0.000000 665:0.000000 671:0.000000 677:0.000000 683:0.000000 689:0.000000 695:0.000000 701:0.000000 707:0.000000 713:0.000000 719:0.000000 725:0.000000 731:0.000000 737:0.000000 743:0.000000 749:0.031083 755:0.031083 761:0.031083 767:0.031083 773:0.031083 779:0.031083 785:0.031083 791:0.031083 797:0.031083 803:0.031083 809:0.031083 815:0.031083 821:0.031083 827:0.031083 833:0.031083 839:0.031083 845:0.031083 851:0.031083 857:0.031083 863:0.031083 869:0.031083 875:0.031083 881:0.031083 887:0.031083 893:0.031083 899:0.031083 905:0.031083 911:0.031083 917:0.031083 923:0.031083 929:0.031083 935:0.031083 941:0.031083 947:0.031083 953:0.031083 959:0.031083 965:0.031083 971:0.031083 977:0.000000 983:0.000000 989:0.000000 995:0.000000 1001:0.000000
[*] pqc_client_6 <= plan: 6:0.049650 12:0.049650 18:0.049650 24:0.049650 30:0.049650 36:0.049650 42:0.049650 48:0.049650 54:0.049650 60:0.049650 66:0.049650 72:0.049650 78:0.049650 84:0.049650 90:0.049650 96:0.049650 102:0.049650 108:0.049650 114:0.049650 120:0.049650 126:0.049650 132:0.049650 138:0.049650 144:0.049650 150:0.043184 156:0.043184 162:0.043184 168:0.043184 174:0.043184 180:0.043184 186:0.043184 192:0.043184 198:0.043184 204:0.043184 210:0.043184 216:0.043184 222:0.043184 228:0.043184 234:0.043184 240:0.043184 246:0.043184 252:0.043184 258:0.043184 264:0.043184 270:0.043184 276:0.043184 282:0.043184 288:0.043184 294:0.043184 300:0.043184 306:0.043184 312:0.043184 318:0.043184 324:0.043184 330:0.043184 336:0.043184 342:0.043184 348:0.043184 354:0.043184 360:0.043184 366:0.043184 372:0.043184 378:0.077739 384:0.077739 390:0.077739 396:0.077739 402:0.077739 408:0.077739 414:0.077739 420:0.077739 426:0.077739 432:0.077739 438:0.077739 444:0.077739 450:0.077739 456:0.077739 462:0.077739 468:0.077739 474:0.077739 480:0.077739 486:0.077739 492:0.077739 498:0.077739 504:0.077739 510:0.077739 516:0.077739 522:0.077739 528:0.077739 534:0.077739 540:0.077739 546:0.077739 552:0.077739 558:0.000000 564:0.000000 570:0.000000 576:0.000000 582:0.000000 588:0.000000 594:0.000000 600:0.000000 606:0.000000 612:0.000000 618:0.000000 624:0.000000 630:0.000000 636:0.000000 642:0.000000 648:0.000000 654:0.000000 660:0.000000 666:0.000000 672:0.000000 678:0.000000 684:0.000000 690:0.000000 696:0.000000 702:0.000000 708:0.000000 714:0.000000 720:0.000000 726:0.000000 732:0.000000 738:0.000000 744:0.000000 750:0.031083 756:0.031083 762:0.031083 768:0.031083 774:0.031083 780:0.031083 786:0.031083 792:0.031083 798:0.031083 804:0.031083 810:0.031083 816:0.031083 822:0.031083 828:0.031083 834:0.031083 840:0.031083 846:0.031083 852:0.031083 858:0.031083 864:0.031083 870:0.031083 876:0.031083 882:0.031083 888:0.031083 894:0.031083 900:0.031083 906:0.031083 912:0.031083 918:0.031083 924:0.031083 930:0.031083 936:0.031083 942:0.031083 948:0.031083 954:0.031083 960:0.031083 966:0.031083 972:0.031083 978:0.000000 984:0.000000 990:0.000000 996:0.000000 1002:0.000000
client=pqc_client total=167 ok=167 err=0
client=pqc_client_2 total=167 ok=167 err=0
client=pqc_client_3 total=167 ok=167 err=0
client=pqc_client_4 total=167 ok=167 err=0
client=pqc_client_5 total=167 ok=167 err=0
client=pqc_client_6 total=167 ok=167 err=0
[*] Resumen guardado en: results/classic_p0_balanced_005_resource_summary.txt
RUN_ID: classic_p0_balanced_005
CSV: results/classic_p0_balanced_005_docker_stats.csv

=== Resumen CPU% y MEM% (avg / max) por contenedor ===
pqc_client_2 -> CPU avg=12.94%, CPU max=40.05%, MEM avg=0.70%, MEM max=3.07%
pqc_client_3 -> CPU avg=16.07%, CPU max=69.29%, MEM avg=0.80%, MEM max=3.17%
pqc_monitor -> CPU avg=0.34%, CPU max=1.02%, MEM avg=0.16%, MEM max=0.16%
pqc_client_4 -> CPU avg=12.61%, CPU max=53.80%, MEM avg=0.76%, MEM max=3.26%
pqc_client_5 -> CPU avg=15.69%, CPU max=80.30%, MEM avg=0.72%, MEM max=3.43%
pqc_server -> CPU avg=11.81%, CPU max=50.66%, MEM avg=0.11%, MEM max=0.11%
pqc_client_6 -> CPU avg=14.74%, CPU max=66.06%, MEM avg=0.70%, MEM max=3.03%
pqc_client -> CPU avg=21.61%, CPU max=86.81%, MEM avg=0.75%, MEM max=3.39%
[2026-05-15 12:04:46] [*] Parando captura en pqc_monitor para classic_p0_balanced_005
[*] Métricas TXT guardadas en results/classic_p0_balanced_005_metrics.txt
[*] Métricas CSV guardadas en results/classic_p0_balanced_005_metrics.csv
[*] Métricas TXT guardadas en results/classic_p0_balanced_005_metrics.txt
[*] Métricas CSV guardadas en results/classic_p0_balanced_005_metrics.csv
[2026-05-15 12:06:01] === RUN END: classic_p0_balanced_005 ===

[2026-05-15 12:06:01] === RUN START: classic_p0_balanced_006 ===
[2026-05-15 12:06:01] [*] Preparando captura en pqc_monitor (eth0) para classic_p0_balanced_006
[*] Guardando muestras en: results/classic_p0_balanced_006_docker_stats.csv
[*] Ejecutando comando medido: bash -lc ./scripts/run_client_once_rafaga.sh classic_p0_balanced_006 1002; sleep 3
[*] Ráfaga clásica completada: 1002 conexiones en 6 clientes (poisson_jitter)
=== host results ===
-rw-rw-r-- 1 cristian cristian  301602 may 15 12:06 classic_p0_balanced_006_client_err.txt
-rw-rw-r-- 1 cristian cristian   13403 may 15 12:06 classic_p0_balanced_006_client.txt
-rw-rw-r-- 1 cristian cristian    2463 may 15 12:06 classic_p0_balanced_006_docker_stats.csv
-rw-r--r-- 1 root     root       50267 may 15 12:06 classic_p0_balanced_006_pqc_client_2_client_err.txt
-rw-r--r-- 1 root     root           0 may 15 12:06 classic_p0_balanced_006_pqc_client_2_client.txt
-rw-r--r-- 1 root     root          43 may 15 12:06 classic_p0_balanced_006_pqc_client_2_summary.txt
-rw-r--r-- 1 root     root       50267 may 15 12:06 classic_p0_balanced_006_pqc_client_3_client_err.txt
-rw-r--r-- 1 root     root           0 may 15 12:06 classic_p0_balanced_006_pqc_client_3_client.txt
-rw-r--r-- 1 root     root          43 may 15 12:06 classic_p0_balanced_006_pqc_client_3_summary.txt
-rw-r--r-- 1 root     root       50267 may 15 12:06 classic_p0_balanced_006_pqc_client_4_client_err.txt
-rw-r--r-- 1 root     root           0 may 15 12:06 classic_p0_balanced_006_pqc_client_4_client.txt
-rw-r--r-- 1 root     root          43 may 15 12:06 classic_p0_balanced_006_pqc_client_4_summary.txt
-rw-r--r-- 1 root     root       50267 may 15 12:06 classic_p0_balanced_006_pqc_client_5_client_err.txt
-rw-r--r-- 1 root     root           0 may 15 12:06 classic_p0_balanced_006_pqc_client_5_client.txt
-rw-r--r-- 1 root     root          43 may 15 12:06 classic_p0_balanced_006_pqc_client_5_summary.txt
-rw-r--r-- 1 root     root       50267 may 15 12:06 classic_p0_balanced_006_pqc_client_6_client_err.txt
-rw-r--r-- 1 root     root           0 may 15 12:06 classic_p0_balanced_006_pqc_client_6_client.txt
-rw-r--r-- 1 root     root          43 may 15 12:06 classic_p0_balanced_006_pqc_client_6_summary.txt
-rw-r--r-- 1 root     root       50267 may 15 12:06 classic_p0_balanced_006_pqc_client_client_err.txt
-rw-r--r-- 1 root     root           0 may 15 12:06 classic_p0_balanced_006_pqc_client_client.txt
-rw-r--r-- 1 root     root          41 may 15 12:06 classic_p0_balanced_006_pqc_client_summary.txt
=== resumen por cliente ===
[*] Perfil poisson_jitter: llegadas no sincronizadas con Poisson+jitter
[*] pqc_client <= plan: 1:0.023102 7:0.023102 13:0.023102 19:0.023102 25:0.023102 31:0.023102 37:0.023102 43:0.023102 49:0.023102 55:0.023102 61:0.023102 67:0.023102 73:0.023102 79:0.023102 85:0.023102 91:0.023102 97:0.023102 103:0.023102 109:0.023102 115:0.023102 121:0.023102 127:0.023102 133:0.023102 139:0.023102 145:0.023102 151:0.023102 157:0.023102 163:0.023102 169:0.023102 175:0.023102 181:0.023102 187:0.046754 193:0.046754 199:0.046754 205:0.046754 211:0.046754 217:0.046754 223:0.046754 229:0.046754 235:0.046754 241:0.046754 247:0.046754 253:0.046754 259:0.046754 265:0.046754 271:0.046754 277:0.046754 283:0.046754 289:0.046754 295:0.046754 301:0.046754 307:0.046754 313:0.046754 319:0.046754 325:0.046754 331:0.046754 337:0.046754 343:0.046754 349:0.046754 355:0.046754 361:0.046754 367:0.046754 373:0.046754 379:0.046754 385:0.046754 391:0.046754 397:0.046754 403:0.046754 409:0.046754 415:0.046754 421:0.046754 427:0.013412 433:0.013412 439:0.013412 445:0.013412 451:0.013412 457:0.013412 463:0.013412 469:0.013412 475:0.013412 481:0.013412 487:0.013412 493:0.013412 499:0.013412 505:0.013412 511:0.013412 517:0.013412 523:0.013412 529:0.013412 535:0.013412 541:0.013412 547:0.013412 553:0.013412 559:0.013412 565:0.013412 571:0.013412 577:0.013412 583:0.013412 589:0.013412 595:0.023373 601:0.023373 607:0.023373 613:0.023373 619:0.023373 625:0.023373 631:0.023373 637:0.023373 643:0.023373 649:0.023373 655:0.023373 661:0.023373 667:0.023373 673:0.023373 679:0.023373 685:0.023373 691:0.023373 697:0.023373 703:0.023373 709:0.023373 715:0.023373 721:0.023373 727:0.023373 733:0.023373 739:0.023373 745:0.023373 751:0.023373 757:0.023373 763:0.023373 769:0.023373 775:0.023373 781:0.023373 787:0.023373 793:0.000000 799:0.000000 805:0.000000 811:0.000000 817:0.000000 823:0.000000 829:0.000000 835:0.000000 841:0.000000 847:0.000000 853:0.000000 859:0.000000 865:0.000000 871:0.000000 877:0.000000 883:0.000000 889:0.000000 895:0.000000 901:0.000000 907:0.000000 913:0.000000 919:0.000000 925:0.000000 931:0.000000 937:0.000000 943:0.000000 949:0.000000 955:0.000000 961:0.000000 967:0.000000 973:0.000000 979:0.000000 985:0.000000 991:0.000000 997:0.000000
[*] pqc_client_2 <= plan: 2:0.023102 8:0.023102 14:0.023102 20:0.023102 26:0.023102 32:0.023102 38:0.023102 44:0.023102 50:0.023102 56:0.023102 62:0.023102 68:0.023102 74:0.023102 80:0.023102 86:0.023102 92:0.023102 98:0.023102 104:0.023102 110:0.023102 116:0.023102 122:0.023102 128:0.023102 134:0.023102 140:0.023102 146:0.023102 152:0.023102 158:0.023102 164:0.023102 170:0.023102 176:0.023102 182:0.023102 188:0.046754 194:0.046754 200:0.046754 206:0.046754 212:0.046754 218:0.046754 224:0.046754 230:0.046754 236:0.046754 242:0.046754 248:0.046754 254:0.046754 260:0.046754 266:0.046754 272:0.046754 278:0.046754 284:0.046754 290:0.046754 296:0.046754 302:0.046754 308:0.046754 314:0.046754 320:0.046754 326:0.046754 332:0.046754 338:0.046754 344:0.046754 350:0.046754 356:0.046754 362:0.046754 368:0.046754 374:0.046754 380:0.046754 386:0.046754 392:0.046754 398:0.046754 404:0.046754 410:0.046754 416:0.046754 422:0.013412 428:0.013412 434:0.013412 440:0.013412 446:0.013412 452:0.013412 458:0.013412 464:0.013412 470:0.013412 476:0.013412 482:0.013412 488:0.013412 494:0.013412 500:0.013412 506:0.013412 512:0.013412 518:0.013412 524:0.013412 530:0.013412 536:0.013412 542:0.013412 548:0.013412 554:0.013412 560:0.013412 566:0.013412 572:0.013412 578:0.013412 584:0.013412 590:0.013412 596:0.023373 602:0.023373 608:0.023373 614:0.023373 620:0.023373 626:0.023373 632:0.023373 638:0.023373 644:0.023373 650:0.023373 656:0.023373 662:0.023373 668:0.023373 674:0.023373 680:0.023373 686:0.023373 692:0.023373 698:0.023373 704:0.023373 710:0.023373 716:0.023373 722:0.023373 728:0.023373 734:0.023373 740:0.023373 746:0.023373 752:0.023373 758:0.023373 764:0.023373 770:0.023373 776:0.023373 782:0.023373 788:0.023373 794:0.000000 800:0.000000 806:0.000000 812:0.000000 818:0.000000 824:0.000000 830:0.000000 836:0.000000 842:0.000000 848:0.000000 854:0.000000 860:0.000000 866:0.000000 872:0.000000 878:0.000000 884:0.000000 890:0.000000 896:0.000000 902:0.000000 908:0.000000 914:0.000000 920:0.000000 926:0.000000 932:0.000000 938:0.000000 944:0.000000 950:0.000000 956:0.000000 962:0.000000 968:0.000000 974:0.000000 980:0.000000 986:0.000000 992:0.000000 998:0.000000
[*] pqc_client_3 <= plan: 3:0.023102 9:0.023102 15:0.023102 21:0.023102 27:0.023102 33:0.023102 39:0.023102 45:0.023102 51:0.023102 57:0.023102 63:0.023102 69:0.023102 75:0.023102 81:0.023102 87:0.023102 93:0.023102 99:0.023102 105:0.023102 111:0.023102 117:0.023102 123:0.023102 129:0.023102 135:0.023102 141:0.023102 147:0.023102 153:0.023102 159:0.023102 165:0.023102 171:0.023102 177:0.023102 183:0.023102 189:0.046754 195:0.046754 201:0.046754 207:0.046754 213:0.046754 219:0.046754 225:0.046754 231:0.046754 237:0.046754 243:0.046754 249:0.046754 255:0.046754 261:0.046754 267:0.046754 273:0.046754 279:0.046754 285:0.046754 291:0.046754 297:0.046754 303:0.046754 309:0.046754 315:0.046754 321:0.046754 327:0.046754 333:0.046754 339:0.046754 345:0.046754 351:0.046754 357:0.046754 363:0.046754 369:0.046754 375:0.046754 381:0.046754 387:0.046754 393:0.046754 399:0.046754 405:0.046754 411:0.046754 417:0.046754 423:0.013412 429:0.013412 435:0.013412 441:0.013412 447:0.013412 453:0.013412 459:0.013412 465:0.013412 471:0.013412 477:0.013412 483:0.013412 489:0.013412 495:0.013412 501:0.013412 507:0.013412 513:0.013412 519:0.013412 525:0.013412 531:0.013412 537:0.013412 543:0.013412 549:0.013412 555:0.013412 561:0.013412 567:0.013412 573:0.013412 579:0.013412 585:0.013412 591:0.013412 597:0.023373 603:0.023373 609:0.023373 615:0.023373 621:0.023373 627:0.023373 633:0.023373 639:0.023373 645:0.023373 651:0.023373 657:0.023373 663:0.023373 669:0.023373 675:0.023373 681:0.023373 687:0.023373 693:0.023373 699:0.023373 705:0.023373 711:0.023373 717:0.023373 723:0.023373 729:0.023373 735:0.023373 741:0.023373 747:0.023373 753:0.023373 759:0.023373 765:0.023373 771:0.023373 777:0.023373 783:0.023373 789:0.023373 795:0.000000 801:0.000000 807:0.000000 813:0.000000 819:0.000000 825:0.000000 831:0.000000 837:0.000000 843:0.000000 849:0.000000 855:0.000000 861:0.000000 867:0.000000 873:0.000000 879:0.000000 885:0.000000 891:0.000000 897:0.000000 903:0.000000 909:0.000000 915:0.000000 921:0.000000 927:0.000000 933:0.000000 939:0.000000 945:0.000000 951:0.000000 957:0.000000 963:0.000000 969:0.000000 975:0.000000 981:0.000000 987:0.000000 993:0.000000 999:0.000000
[*] pqc_client_4 <= plan: 4:0.023102 10:0.023102 16:0.023102 22:0.023102 28:0.023102 34:0.023102 40:0.023102 46:0.023102 52:0.023102 58:0.023102 64:0.023102 70:0.023102 76:0.023102 82:0.023102 88:0.023102 94:0.023102 100:0.023102 106:0.023102 112:0.023102 118:0.023102 124:0.023102 130:0.023102 136:0.023102 142:0.023102 148:0.023102 154:0.023102 160:0.023102 166:0.023102 172:0.023102 178:0.023102 184:0.023102 190:0.046754 196:0.046754 202:0.046754 208:0.046754 214:0.046754 220:0.046754 226:0.046754 232:0.046754 238:0.046754 244:0.046754 250:0.046754 256:0.046754 262:0.046754 268:0.046754 274:0.046754 280:0.046754 286:0.046754 292:0.046754 298:0.046754 304:0.046754 310:0.046754 316:0.046754 322:0.046754 328:0.046754 334:0.046754 340:0.046754 346:0.046754 352:0.046754 358:0.046754 364:0.046754 370:0.046754 376:0.046754 382:0.046754 388:0.046754 394:0.046754 400:0.046754 406:0.046754 412:0.046754 418:0.046754 424:0.013412 430:0.013412 436:0.013412 442:0.013412 448:0.013412 454:0.013412 460:0.013412 466:0.013412 472:0.013412 478:0.013412 484:0.013412 490:0.013412 496:0.013412 502:0.013412 508:0.013412 514:0.013412 520:0.013412 526:0.013412 532:0.013412 538:0.013412 544:0.013412 550:0.013412 556:0.013412 562:0.013412 568:0.013412 574:0.013412 580:0.013412 586:0.013412 592:0.013412 598:0.023373 604:0.023373 610:0.023373 616:0.023373 622:0.023373 628:0.023373 634:0.023373 640:0.023373 646:0.023373 652:0.023373 658:0.023373 664:0.023373 670:0.023373 676:0.023373 682:0.023373 688:0.023373 694:0.023373 700:0.023373 706:0.023373 712:0.023373 718:0.023373 724:0.023373 730:0.023373 736:0.023373 742:0.023373 748:0.023373 754:0.023373 760:0.023373 766:0.023373 772:0.023373 778:0.023373 784:0.023373 790:0.000000 796:0.000000 802:0.000000 808:0.000000 814:0.000000 820:0.000000 826:0.000000 832:0.000000 838:0.000000 844:0.000000 850:0.000000 856:0.000000 862:0.000000 868:0.000000 874:0.000000 880:0.000000 886:0.000000 892:0.000000 898:0.000000 904:0.000000 910:0.000000 916:0.000000 922:0.000000 928:0.000000 934:0.000000 940:0.000000 946:0.000000 952:0.000000 958:0.000000 964:0.000000 970:0.000000 976:0.000000 982:0.000000 988:0.000000 994:0.000000 1000:0.000000
[*] pqc_client_5 <= plan: 5:0.023102 11:0.023102 17:0.023102 23:0.023102 29:0.023102 35:0.023102 41:0.023102 47:0.023102 53:0.023102 59:0.023102 65:0.023102 71:0.023102 77:0.023102 83:0.023102 89:0.023102 95:0.023102 101:0.023102 107:0.023102 113:0.023102 119:0.023102 125:0.023102 131:0.023102 137:0.023102 143:0.023102 149:0.023102 155:0.023102 161:0.023102 167:0.023102 173:0.023102 179:0.023102 185:0.023102 191:0.046754 197:0.046754 203:0.046754 209:0.046754 215:0.046754 221:0.046754 227:0.046754 233:0.046754 239:0.046754 245:0.046754 251:0.046754 257:0.046754 263:0.046754 269:0.046754 275:0.046754 281:0.046754 287:0.046754 293:0.046754 299:0.046754 305:0.046754 311:0.046754 317:0.046754 323:0.046754 329:0.046754 335:0.046754 341:0.046754 347:0.046754 353:0.046754 359:0.046754 365:0.046754 371:0.046754 377:0.046754 383:0.046754 389:0.046754 395:0.046754 401:0.046754 407:0.046754 413:0.046754 419:0.046754 425:0.013412 431:0.013412 437:0.013412 443:0.013412 449:0.013412 455:0.013412 461:0.013412 467:0.013412 473:0.013412 479:0.013412 485:0.013412 491:0.013412 497:0.013412 503:0.013412 509:0.013412 515:0.013412 521:0.013412 527:0.013412 533:0.013412 539:0.013412 545:0.013412 551:0.013412 557:0.013412 563:0.013412 569:0.013412 575:0.013412 581:0.013412 587:0.013412 593:0.013412 599:0.023373 605:0.023373 611:0.023373 617:0.023373 623:0.023373 629:0.023373 635:0.023373 641:0.023373 647:0.023373 653:0.023373 659:0.023373 665:0.023373 671:0.023373 677:0.023373 683:0.023373 689:0.023373 695:0.023373 701:0.023373 707:0.023373 713:0.023373 719:0.023373 725:0.023373 731:0.023373 737:0.023373 743:0.023373 749:0.023373 755:0.023373 761:0.023373 767:0.023373 773:0.023373 779:0.023373 785:0.023373 791:0.000000 797:0.000000 803:0.000000 809:0.000000 815:0.000000 821:0.000000 827:0.000000 833:0.000000 839:0.000000 845:0.000000 851:0.000000 857:0.000000 863:0.000000 869:0.000000 875:0.000000 881:0.000000 887:0.000000 893:0.000000 899:0.000000 905:0.000000 911:0.000000 917:0.000000 923:0.000000 929:0.000000 935:0.000000 941:0.000000 947:0.000000 953:0.000000 959:0.000000 965:0.000000 971:0.000000 977:0.000000 983:0.000000 989:0.000000 995:0.000000 1001:0.000000
[*] pqc_client_6 <= plan: 6:0.023102 12:0.023102 18:0.023102 24:0.023102 30:0.023102 36:0.023102 42:0.023102 48:0.023102 54:0.023102 60:0.023102 66:0.023102 72:0.023102 78:0.023102 84:0.023102 90:0.023102 96:0.023102 102:0.023102 108:0.023102 114:0.023102 120:0.023102 126:0.023102 132:0.023102 138:0.023102 144:0.023102 150:0.023102 156:0.023102 162:0.023102 168:0.023102 174:0.023102 180:0.023102 186:0.023102 192:0.046754 198:0.046754 204:0.046754 210:0.046754 216:0.046754 222:0.046754 228:0.046754 234:0.046754 240:0.046754 246:0.046754 252:0.046754 258:0.046754 264:0.046754 270:0.046754 276:0.046754 282:0.046754 288:0.046754 294:0.046754 300:0.046754 306:0.046754 312:0.046754 318:0.046754 324:0.046754 330:0.046754 336:0.046754 342:0.046754 348:0.046754 354:0.046754 360:0.046754 366:0.046754 372:0.046754 378:0.046754 384:0.046754 390:0.046754 396:0.046754 402:0.046754 408:0.046754 414:0.046754 420:0.046754 426:0.013412 432:0.013412 438:0.013412 444:0.013412 450:0.013412 456:0.013412 462:0.013412 468:0.013412 474:0.013412 480:0.013412 486:0.013412 492:0.013412 498:0.013412 504:0.013412 510:0.013412 516:0.013412 522:0.013412 528:0.013412 534:0.013412 540:0.013412 546:0.013412 552:0.013412 558:0.013412 564:0.013412 570:0.013412 576:0.013412 582:0.013412 588:0.013412 594:0.023373 600:0.023373 606:0.023373 612:0.023373 618:0.023373 624:0.023373 630:0.023373 636:0.023373 642:0.023373 648:0.023373 654:0.023373 660:0.023373 666:0.023373 672:0.023373 678:0.023373 684:0.023373 690:0.023373 696:0.023373 702:0.023373 708:0.023373 714:0.023373 720:0.023373 726:0.023373 732:0.023373 738:0.023373 744:0.023373 750:0.023373 756:0.023373 762:0.023373 768:0.023373 774:0.023373 780:0.023373 786:0.023373 792:0.000000 798:0.000000 804:0.000000 810:0.000000 816:0.000000 822:0.000000 828:0.000000 834:0.000000 840:0.000000 846:0.000000 852:0.000000 858:0.000000 864:0.000000 870:0.000000 876:0.000000 882:0.000000 888:0.000000 894:0.000000 900:0.000000 906:0.000000 912:0.000000 918:0.000000 924:0.000000 930:0.000000 936:0.000000 942:0.000000 948:0.000000 954:0.000000 960:0.000000 966:0.000000 972:0.000000 978:0.000000 984:0.000000 990:0.000000 996:0.000000 1002:0.000000
client=pqc_client total=167 ok=167 err=0
client=pqc_client_2 total=167 ok=167 err=0
client=pqc_client_3 total=167 ok=167 err=0
client=pqc_client_4 total=167 ok=167 err=0
client=pqc_client_5 total=167 ok=167 err=0
client=pqc_client_6 total=167 ok=167 err=0
[*] Resumen guardado en: results/classic_p0_balanced_006_resource_summary.txt
RUN_ID: classic_p0_balanced_006
CSV: results/classic_p0_balanced_006_docker_stats.csv

=== Resumen CPU% y MEM% (avg / max) por contenedor ===
pqc_client_2 -> CPU avg=15.52%, CPU max=63.27%, MEM avg=0.43%, MEM max=1.15%
pqc_client_3 -> CPU avg=9.45%, CPU max=41.03%, MEM avg=0.40%, MEM max=1.44%
pqc_monitor -> CPU avg=0.28%, CPU max=0.78%, MEM avg=0.16%, MEM max=0.16%
pqc_client_4 -> CPU avg=6.63%, CPU max=23.53%, MEM avg=0.40%, MEM max=1.57%
pqc_client_5 -> CPU avg=8.74%, CPU max=27.28%, MEM avg=0.41%, MEM max=1.60%
pqc_server -> CPU avg=9.71%, CPU max=50.66%, MEM avg=0.11%, MEM max=0.11%
pqc_client_6 -> CPU avg=5.24%, CPU max=15.45%, MEM avg=0.49%, MEM max=2.16%
pqc_client -> CPU avg=13.89%, CPU max=61.02%, MEM avg=0.54%, MEM max=1.58%
[2026-05-15 12:06:28] [*] Parando captura en pqc_monitor para classic_p0_balanced_006
[*] Métricas TXT guardadas en results/classic_p0_balanced_006_metrics.txt
[*] Métricas CSV guardadas en results/classic_p0_balanced_006_metrics.csv
[*] Métricas TXT guardadas en results/classic_p0_balanced_006_metrics.txt
[*] Métricas CSV guardadas en results/classic_p0_balanced_006_metrics.csv
[2026-05-15 12:07:43] === RUN END: classic_p0_balanced_006 ===

[2026-05-15 12:07:43] === RUN START: classic_p0_aggressive_001 ===
[2026-05-15 12:07:43] [*] Preparando captura en pqc_monitor (eth0) para classic_p0_aggressive_001
[*] Guardando muestras en: results/classic_p0_aggressive_001_docker_stats.csv
[*] Ejecutando comando medido: bash -lc ./scripts/run_client_once_rafaga.sh classic_p0_aggressive_001 1002; sleep 3
[*] Ráfaga clásica completada: 1002 conexiones en 6 clientes (poisson_jitter)
=== host results ===
-rw-rw-r-- 1 cristian cristian  301602 may 15 12:08 classic_p0_aggressive_001_client_err.txt
-rw-rw-r-- 1 cristian cristian   13403 may 15 12:08 classic_p0_aggressive_001_client.txt
-rw-rw-r-- 1 cristian cristian    3214 may 15 12:07 classic_p0_aggressive_001_docker_stats.csv
-rw-r--r-- 1 root     root       50267 may 15 12:08 classic_p0_aggressive_001_pqc_client_2_client_err.txt
-rw-r--r-- 1 root     root           0 may 15 12:08 classic_p0_aggressive_001_pqc_client_2_client.txt
-rw-r--r-- 1 root     root          43 may 15 12:08 classic_p0_aggressive_001_pqc_client_2_summary.txt
-rw-r--r-- 1 root     root       50267 may 15 12:08 classic_p0_aggressive_001_pqc_client_3_client_err.txt
-rw-r--r-- 1 root     root           0 may 15 12:08 classic_p0_aggressive_001_pqc_client_3_client.txt
-rw-r--r-- 1 root     root          43 may 15 12:08 classic_p0_aggressive_001_pqc_client_3_summary.txt
-rw-r--r-- 1 root     root       50267 may 15 12:08 classic_p0_aggressive_001_pqc_client_4_client_err.txt
-rw-r--r-- 1 root     root           0 may 15 12:08 classic_p0_aggressive_001_pqc_client_4_client.txt
-rw-r--r-- 1 root     root          43 may 15 12:08 classic_p0_aggressive_001_pqc_client_4_summary.txt
-rw-r--r-- 1 root     root       50267 may 15 12:08 classic_p0_aggressive_001_pqc_client_5_client_err.txt
-rw-r--r-- 1 root     root           0 may 15 12:08 classic_p0_aggressive_001_pqc_client_5_client.txt
-rw-r--r-- 1 root     root          43 may 15 12:08 classic_p0_aggressive_001_pqc_client_5_summary.txt
-rw-r--r-- 1 root     root       50267 may 15 12:08 classic_p0_aggressive_001_pqc_client_6_client_err.txt
-rw-r--r-- 1 root     root           0 may 15 12:08 classic_p0_aggressive_001_pqc_client_6_client.txt
-rw-r--r-- 1 root     root          43 may 15 12:08 classic_p0_aggressive_001_pqc_client_6_summary.txt
-rw-r--r-- 1 root     root       50267 may 15 12:08 classic_p0_aggressive_001_pqc_client_client_err.txt
-rw-r--r-- 1 root     root           0 may 15 12:08 classic_p0_aggressive_001_pqc_client_client.txt
-rw-r--r-- 1 root     root          41 may 15 12:08 classic_p0_aggressive_001_pqc_client_summary.txt
=== resumen por cliente ===
[*] Perfil poisson_jitter: llegadas no sincronizadas con Poisson+jitter
[*] pqc_client <= plan: 1:0.050247 7:0.031817 13:0.031817 19:0.031817 25:0.031817 31:0.031817 37:0.031817 43:0.031817 49:0.031817 55:0.031817 61:0.031817 67:0.031817 73:0.031817 79:0.031817 85:0.031817 91:0.031817 97:0.031817 103:0.031817 109:0.031817 115:0.031817 121:0.031817 127:0.031817 133:0.031817 139:0.031817 145:0.031817 151:0.031817 157:0.031817 163:0.031817 169:0.031817 175:0.031817 181:0.031817 187:0.031817 193:0.031817 199:0.031817 205:0.031817 211:0.031817 217:0.031817 223:0.031817 229:0.031817 235:0.014816 241:0.014816 247:0.014816 253:0.014816 259:0.014816 265:0.014816 271:0.014816 277:0.014816 283:0.014816 289:0.014816 295:0.014816 301:0.014816 307:0.014816 313:0.014816 319:0.014816 325:0.014816 331:0.014816 337:0.014816 343:0.014816 349:0.014816 355:0.014816 361:0.014816 367:0.014816 373:0.014816 379:0.014816 385:0.014816 391:0.014816 397:0.014816 403:0.014816 409:0.014816 415:0.014816 421:0.014816 427:0.014816 433:0.014816 439:0.014816 445:0.014816 451:0.014816 457:0.014816 463:0.014816 469:0.014816 475:0.000000 481:0.000000 487:0.000000 493:0.000000 499:0.000000 505:0.000000 511:0.000000 517:0.000000 523:0.000000 529:0.000000 535:0.000000 541:0.000000 547:0.000000 553:0.000000 559:0.000000 565:0.000000 571:0.000000 577:0.000000 583:0.000000 589:0.000000 595:0.000000 601:0.000000 607:0.000000 613:0.000000 619:0.023982 625:0.023982 631:0.023982 637:0.023982 643:0.023982 649:0.023982 655:0.023982 661:0.023982 667:0.023982 673:0.023982 679:0.023982 685:0.023982 691:0.023982 697:0.023982 703:0.023982 709:0.023982 715:0.023982 721:0.023982 727:0.023982 733:0.023982 739:0.023982 745:0.023982 751:0.023982 757:0.023982 763:0.023982 769:0.023982 775:0.023982 781:0.023982 787:0.023982 793:0.023982 799:0.023982 805:0.023982 811:0.023982 817:0.023982 823:0.023982 829:0.023982 835:0.023982 841:0.010074 847:0.010074 853:0.010074 859:0.010074 865:0.010074 871:0.010074 877:0.010074 883:0.010074 889:0.010074 895:0.010074 901:0.010074 907:0.010074 913:0.010074 919:0.010074 925:0.010074 931:0.010074 937:0.010074 943:0.010074 949:0.010074 955:0.010074 961:0.010074 967:0.010074 973:0.010074 979:0.010074 985:0.010074 991:0.010074 997:0.010074
[*] pqc_client_2 <= plan: 2:0.050247 8:0.031817 14:0.031817 20:0.031817 26:0.031817 32:0.031817 38:0.031817 44:0.031817 50:0.031817 56:0.031817 62:0.031817 68:0.031817 74:0.031817 80:0.031817 86:0.031817 92:0.031817 98:0.031817 104:0.031817 110:0.031817 116:0.031817 122:0.031817 128:0.031817 134:0.031817 140:0.031817 146:0.031817 152:0.031817 158:0.031817 164:0.031817 170:0.031817 176:0.031817 182:0.031817 188:0.031817 194:0.031817 200:0.031817 206:0.031817 212:0.031817 218:0.031817 224:0.031817 230:0.031817 236:0.014816 242:0.014816 248:0.014816 254:0.014816 260:0.014816 266:0.014816 272:0.014816 278:0.014816 284:0.014816 290:0.014816 296:0.014816 302:0.014816 308:0.014816 314:0.014816 320:0.014816 326:0.014816 332:0.014816 338:0.014816 344:0.014816 350:0.014816 356:0.014816 362:0.014816 368:0.014816 374:0.014816 380:0.014816 386:0.014816 392:0.014816 398:0.014816 404:0.014816 410:0.014816 416:0.014816 422:0.014816 428:0.014816 434:0.014816 440:0.014816 446:0.014816 452:0.014816 458:0.014816 464:0.014816 470:0.014816 476:0.000000 482:0.000000 488:0.000000 494:0.000000 500:0.000000 506:0.000000 512:0.000000 518:0.000000 524:0.000000 530:0.000000 536:0.000000 542:0.000000 548:0.000000 554:0.000000 560:0.000000 566:0.000000 572:0.000000 578:0.000000 584:0.000000 590:0.000000 596:0.000000 602:0.000000 608:0.000000 614:0.000000 620:0.023982 626:0.023982 632:0.023982 638:0.023982 644:0.023982 650:0.023982 656:0.023982 662:0.023982 668:0.023982 674:0.023982 680:0.023982 686:0.023982 692:0.023982 698:0.023982 704:0.023982 710:0.023982 716:0.023982 722:0.023982 728:0.023982 734:0.023982 740:0.023982 746:0.023982 752:0.023982 758:0.023982 764:0.023982 770:0.023982 776:0.023982 782:0.023982 788:0.023982 794:0.023982 800:0.023982 806:0.023982 812:0.023982 818:0.023982 824:0.023982 830:0.023982 836:0.023982 842:0.010074 848:0.010074 854:0.010074 860:0.010074 866:0.010074 872:0.010074 878:0.010074 884:0.010074 890:0.010074 896:0.010074 902:0.010074 908:0.010074 914:0.010074 920:0.010074 926:0.010074 932:0.010074 938:0.010074 944:0.010074 950:0.010074 956:0.010074 962:0.010074 968:0.010074 974:0.010074 980:0.010074 986:0.010074 992:0.010074 998:0.010074
[*] pqc_client_3 <= plan: 3:0.050247 9:0.031817 15:0.031817 21:0.031817 27:0.031817 33:0.031817 39:0.031817 45:0.031817 51:0.031817 57:0.031817 63:0.031817 69:0.031817 75:0.031817 81:0.031817 87:0.031817 93:0.031817 99:0.031817 105:0.031817 111:0.031817 117:0.031817 123:0.031817 129:0.031817 135:0.031817 141:0.031817 147:0.031817 153:0.031817 159:0.031817 165:0.031817 171:0.031817 177:0.031817 183:0.031817 189:0.031817 195:0.031817 201:0.031817 207:0.031817 213:0.031817 219:0.031817 225:0.031817 231:0.031817 237:0.014816 243:0.014816 249:0.014816 255:0.014816 261:0.014816 267:0.014816 273:0.014816 279:0.014816 285:0.014816 291:0.014816 297:0.014816 303:0.014816 309:0.014816 315:0.014816 321:0.014816 327:0.014816 333:0.014816 339:0.014816 345:0.014816 351:0.014816 357:0.014816 363:0.014816 369:0.014816 375:0.014816 381:0.014816 387:0.014816 393:0.014816 399:0.014816 405:0.014816 411:0.014816 417:0.014816 423:0.014816 429:0.014816 435:0.014816 441:0.014816 447:0.014816 453:0.014816 459:0.014816 465:0.014816 471:0.014816 477:0.000000 483:0.000000 489:0.000000 495:0.000000 501:0.000000 507:0.000000 513:0.000000 519:0.000000 525:0.000000 531:0.000000 537:0.000000 543:0.000000 549:0.000000 555:0.000000 561:0.000000 567:0.000000 573:0.000000 579:0.000000 585:0.000000 591:0.000000 597:0.000000 603:0.000000 609:0.000000 615:0.023982 621:0.023982 627:0.023982 633:0.023982 639:0.023982 645:0.023982 651:0.023982 657:0.023982 663:0.023982 669:0.023982 675:0.023982 681:0.023982 687:0.023982 693:0.023982 699:0.023982 705:0.023982 711:0.023982 717:0.023982 723:0.023982 729:0.023982 735:0.023982 741:0.023982 747:0.023982 753:0.023982 759:0.023982 765:0.023982 771:0.023982 777:0.023982 783:0.023982 789:0.023982 795:0.023982 801:0.023982 807:0.023982 813:0.023982 819:0.023982 825:0.023982 831:0.023982 837:0.023982 843:0.010074 849:0.010074 855:0.010074 861:0.010074 867:0.010074 873:0.010074 879:0.010074 885:0.010074 891:0.010074 897:0.010074 903:0.010074 909:0.010074 915:0.010074 921:0.010074 927:0.010074 933:0.010074 939:0.010074 945:0.010074 951:0.010074 957:0.010074 963:0.010074 969:0.010074 975:0.010074 981:0.010074 987:0.010074 993:0.010074 999:0.010074
[*] pqc_client_4 <= plan: 4:0.050247 10:0.031817 16:0.031817 22:0.031817 28:0.031817 34:0.031817 40:0.031817 46:0.031817 52:0.031817 58:0.031817 64:0.031817 70:0.031817 76:0.031817 82:0.031817 88:0.031817 94:0.031817 100:0.031817 106:0.031817 112:0.031817 118:0.031817 124:0.031817 130:0.031817 136:0.031817 142:0.031817 148:0.031817 154:0.031817 160:0.031817 166:0.031817 172:0.031817 178:0.031817 184:0.031817 190:0.031817 196:0.031817 202:0.031817 208:0.031817 214:0.031817 220:0.031817 226:0.031817 232:0.031817 238:0.014816 244:0.014816 250:0.014816 256:0.014816 262:0.014816 268:0.014816 274:0.014816 280:0.014816 286:0.014816 292:0.014816 298:0.014816 304:0.014816 310:0.014816 316:0.014816 322:0.014816 328:0.014816 334:0.014816 340:0.014816 346:0.014816 352:0.014816 358:0.014816 364:0.014816 370:0.014816 376:0.014816 382:0.014816 388:0.014816 394:0.014816 400:0.014816 406:0.014816 412:0.014816 418:0.014816 424:0.014816 430:0.014816 436:0.014816 442:0.014816 448:0.014816 454:0.014816 460:0.014816 466:0.014816 472:0.014816 478:0.000000 484:0.000000 490:0.000000 496:0.000000 502:0.000000 508:0.000000 514:0.000000 520:0.000000 526:0.000000 532:0.000000 538:0.000000 544:0.000000 550:0.000000 556:0.000000 562:0.000000 568:0.000000 574:0.000000 580:0.000000 586:0.000000 592:0.000000 598:0.000000 604:0.000000 610:0.000000 616:0.023982 622:0.023982 628:0.023982 634:0.023982 640:0.023982 646:0.023982 652:0.023982 658:0.023982 664:0.023982 670:0.023982 676:0.023982 682:0.023982 688:0.023982 694:0.023982 700:0.023982 706:0.023982 712:0.023982 718:0.023982 724:0.023982 730:0.023982 736:0.023982 742:0.023982 748:0.023982 754:0.023982 760:0.023982 766:0.023982 772:0.023982 778:0.023982 784:0.023982 790:0.023982 796:0.023982 802:0.023982 808:0.023982 814:0.023982 820:0.023982 826:0.023982 832:0.023982 838:0.023982 844:0.010074 850:0.010074 856:0.010074 862:0.010074 868:0.010074 874:0.010074 880:0.010074 886:0.010074 892:0.010074 898:0.010074 904:0.010074 910:0.010074 916:0.010074 922:0.010074 928:0.010074 934:0.010074 940:0.010074 946:0.010074 952:0.010074 958:0.010074 964:0.010074 970:0.010074 976:0.010074 982:0.010074 988:0.010074 994:0.010074 1000:0.010074
[*] pqc_client_5 <= plan: 5:0.031817 11:0.031817 17:0.031817 23:0.031817 29:0.031817 35:0.031817 41:0.031817 47:0.031817 53:0.031817 59:0.031817 65:0.031817 71:0.031817 77:0.031817 83:0.031817 89:0.031817 95:0.031817 101:0.031817 107:0.031817 113:0.031817 119:0.031817 125:0.031817 131:0.031817 137:0.031817 143:0.031817 149:0.031817 155:0.031817 161:0.031817 167:0.031817 173:0.031817 179:0.031817 185:0.031817 191:0.031817 197:0.031817 203:0.031817 209:0.031817 215:0.031817 221:0.031817 227:0.031817 233:0.031817 239:0.014816 245:0.014816 251:0.014816 257:0.014816 263:0.014816 269:0.014816 275:0.014816 281:0.014816 287:0.014816 293:0.014816 299:0.014816 305:0.014816 311:0.014816 317:0.014816 323:0.014816 329:0.014816 335:0.014816 341:0.014816 347:0.014816 353:0.014816 359:0.014816 365:0.014816 371:0.014816 377:0.014816 383:0.014816 389:0.014816 395:0.014816 401:0.014816 407:0.014816 413:0.014816 419:0.014816 425:0.014816 431:0.014816 437:0.014816 443:0.014816 449:0.014816 455:0.014816 461:0.014816 467:0.014816 473:0.000000 479:0.000000 485:0.000000 491:0.000000 497:0.000000 503:0.000000 509:0.000000 515:0.000000 521:0.000000 527:0.000000 533:0.000000 539:0.000000 545:0.000000 551:0.000000 557:0.000000 563:0.000000 569:0.000000 575:0.000000 581:0.000000 587:0.000000 593:0.000000 599:0.000000 605:0.000000 611:0.000000 617:0.023982 623:0.023982 629:0.023982 635:0.023982 641:0.023982 647:0.023982 653:0.023982 659:0.023982 665:0.023982 671:0.023982 677:0.023982 683:0.023982 689:0.023982 695:0.023982 701:0.023982 707:0.023982 713:0.023982 719:0.023982 725:0.023982 731:0.023982 737:0.023982 743:0.023982 749:0.023982 755:0.023982 761:0.023982 767:0.023982 773:0.023982 779:0.023982 785:0.023982 791:0.023982 797:0.023982 803:0.023982 809:0.023982 815:0.023982 821:0.023982 827:0.023982 833:0.023982 839:0.010074 845:0.010074 851:0.010074 857:0.010074 863:0.010074 869:0.010074 875:0.010074 881:0.010074 887:0.010074 893:0.010074 899:0.010074 905:0.010074 911:0.010074 917:0.010074 923:0.010074 929:0.010074 935:0.010074 941:0.010074 947:0.010074 953:0.010074 959:0.010074 965:0.010074 971:0.010074 977:0.010074 983:0.010074 989:0.010074 995:0.010074 1001:0.010074
[*] pqc_client_6 <= plan: 6:0.031817 12:0.031817 18:0.031817 24:0.031817 30:0.031817 36:0.031817 42:0.031817 48:0.031817 54:0.031817 60:0.031817 66:0.031817 72:0.031817 78:0.031817 84:0.031817 90:0.031817 96:0.031817 102:0.031817 108:0.031817 114:0.031817 120:0.031817 126:0.031817 132:0.031817 138:0.031817 144:0.031817 150:0.031817 156:0.031817 162:0.031817 168:0.031817 174:0.031817 180:0.031817 186:0.031817 192:0.031817 198:0.031817 204:0.031817 210:0.031817 216:0.031817 222:0.031817 228:0.031817 234:0.014816 240:0.014816 246:0.014816 252:0.014816 258:0.014816 264:0.014816 270:0.014816 276:0.014816 282:0.014816 288:0.014816 294:0.014816 300:0.014816 306:0.014816 312:0.014816 318:0.014816 324:0.014816 330:0.014816 336:0.014816 342:0.014816 348:0.014816 354:0.014816 360:0.014816 366:0.014816 372:0.014816 378:0.014816 384:0.014816 390:0.014816 396:0.014816 402:0.014816 408:0.014816 414:0.014816 420:0.014816 426:0.014816 432:0.014816 438:0.014816 444:0.014816 450:0.014816 456:0.014816 462:0.014816 468:0.014816 474:0.000000 480:0.000000 486:0.000000 492:0.000000 498:0.000000 504:0.000000 510:0.000000 516:0.000000 522:0.000000 528:0.000000 534:0.000000 540:0.000000 546:0.000000 552:0.000000 558:0.000000 564:0.000000 570:0.000000 576:0.000000 582:0.000000 588:0.000000 594:0.000000 600:0.000000 606:0.000000 612:0.000000 618:0.023982 624:0.023982 630:0.023982 636:0.023982 642:0.023982 648:0.023982 654:0.023982 660:0.023982 666:0.023982 672:0.023982 678:0.023982 684:0.023982 690:0.023982 696:0.023982 702:0.023982 708:0.023982 714:0.023982 720:0.023982 726:0.023982 732:0.023982 738:0.023982 744:0.023982 750:0.023982 756:0.023982 762:0.023982 768:0.023982 774:0.023982 780:0.023982 786:0.023982 792:0.023982 798:0.023982 804:0.023982 810:0.023982 816:0.023982 822:0.023982 828:0.023982 834:0.023982 840:0.010074 846:0.010074 852:0.010074 858:0.010074 864:0.010074 870:0.010074 876:0.010074 882:0.010074 888:0.010074 894:0.010074 900:0.010074 906:0.010074 912:0.010074 918:0.010074 924:0.010074 930:0.010074 936:0.010074 942:0.010074 948:0.010074 954:0.010074 960:0.010074 966:0.010074 972:0.010074 978:0.010074 984:0.010074 990:0.010074 996:0.010074 1002:0.010074
client=pqc_client total=167 ok=167 err=0
client=pqc_client_2 total=167 ok=167 err=0
client=pqc_client_3 total=167 ok=167 err=0
client=pqc_client_4 total=167 ok=167 err=0
client=pqc_client_5 total=167 ok=167 err=0
client=pqc_client_6 total=167 ok=167 err=0
[*] Resumen guardado en: results/classic_p0_aggressive_001_resource_summary.txt
RUN_ID: classic_p0_aggressive_001
CSV: results/classic_p0_aggressive_001_docker_stats.csv

=== Resumen CPU% y MEM% (avg / max) por contenedor ===
pqc_client_2 -> CPU avg=20.92%, CPU max=89.64%, MEM avg=0.79%, MEM max=3.56%
pqc_client_3 -> CPU avg=19.29%, CPU max=92.01%, MEM avg=0.89%, MEM max=3.57%
pqc_monitor -> CPU avg=0.35%, CPU max=0.79%, MEM avg=0.16%, MEM max=0.16%
pqc_client_4 -> CPU avg=18.70%, CPU max=87.78%, MEM avg=0.87%, MEM max=3.52%
pqc_client_5 -> CPU avg=18.31%, CPU max=93.52%, MEM avg=0.86%, MEM max=3.33%
pqc_server -> CPU avg=7.96%, CPU max=51.46%, MEM avg=0.11%, MEM max=0.11%
pqc_client_6 -> CPU avg=16.37%, CPU max=93.01%, MEM avg=0.81%, MEM max=3.25%
pqc_client -> CPU avg=13.84%, CPU max=82.98%, MEM avg=0.83%, MEM max=3.59%
[2026-05-15 12:08:10] [*] Parando captura en pqc_monitor para classic_p0_aggressive_001
[*] Métricas TXT guardadas en results/classic_p0_aggressive_001_metrics.txt
[*] Métricas CSV guardadas en results/classic_p0_aggressive_001_metrics.csv
[*] Métricas TXT guardadas en results/classic_p0_aggressive_001_metrics.txt
[*] Métricas CSV guardadas en results/classic_p0_aggressive_001_metrics.csv
[2026-05-15 12:09:25] === RUN END: classic_p0_aggressive_001 ===

[2026-05-15 12:09:25] === RUN START: classic_p0_aggressive_002 ===
[2026-05-15 12:09:25] [*] Preparando captura en pqc_monitor (eth0) para classic_p0_aggressive_002
[*] Guardando muestras en: results/classic_p0_aggressive_002_docker_stats.csv
[*] Ejecutando comando medido: bash -lc ./scripts/run_client_once_rafaga.sh classic_p0_aggressive_002 1002; sleep 3
[*] Ráfaga clásica completada: 1002 conexiones en 6 clientes (poisson_jitter)
=== host results ===
-rw-rw-r-- 1 cristian cristian  301602 may 15 12:09 classic_p0_aggressive_002_client_err.txt
-rw-rw-r-- 1 cristian cristian   13403 may 15 12:09 classic_p0_aggressive_002_client.txt
-rw-rw-r-- 1 cristian cristian    3253 may 15 12:09 classic_p0_aggressive_002_docker_stats.csv
-rw-r--r-- 1 root     root       50267 may 15 12:09 classic_p0_aggressive_002_pqc_client_2_client_err.txt
-rw-r--r-- 1 root     root           0 may 15 12:09 classic_p0_aggressive_002_pqc_client_2_client.txt
-rw-r--r-- 1 root     root          43 may 15 12:09 classic_p0_aggressive_002_pqc_client_2_summary.txt
-rw-r--r-- 1 root     root       50267 may 15 12:09 classic_p0_aggressive_002_pqc_client_3_client_err.txt
-rw-r--r-- 1 root     root           0 may 15 12:09 classic_p0_aggressive_002_pqc_client_3_client.txt
-rw-r--r-- 1 root     root          43 may 15 12:09 classic_p0_aggressive_002_pqc_client_3_summary.txt
-rw-r--r-- 1 root     root       50267 may 15 12:09 classic_p0_aggressive_002_pqc_client_4_client_err.txt
-rw-r--r-- 1 root     root           0 may 15 12:09 classic_p0_aggressive_002_pqc_client_4_client.txt
-rw-r--r-- 1 root     root          43 may 15 12:09 classic_p0_aggressive_002_pqc_client_4_summary.txt
-rw-r--r-- 1 root     root       50267 may 15 12:09 classic_p0_aggressive_002_pqc_client_5_client_err.txt
-rw-r--r-- 1 root     root           0 may 15 12:09 classic_p0_aggressive_002_pqc_client_5_client.txt
-rw-r--r-- 1 root     root          43 may 15 12:09 classic_p0_aggressive_002_pqc_client_5_summary.txt
-rw-r--r-- 1 root     root       50267 may 15 12:09 classic_p0_aggressive_002_pqc_client_6_client_err.txt
-rw-r--r-- 1 root     root           0 may 15 12:09 classic_p0_aggressive_002_pqc_client_6_client.txt
-rw-r--r-- 1 root     root          43 may 15 12:09 classic_p0_aggressive_002_pqc_client_6_summary.txt
-rw-r--r-- 1 root     root       50267 may 15 12:09 classic_p0_aggressive_002_pqc_client_client_err.txt
-rw-r--r-- 1 root     root           0 may 15 12:09 classic_p0_aggressive_002_pqc_client_client.txt
-rw-r--r-- 1 root     root          41 may 15 12:09 classic_p0_aggressive_002_pqc_client_summary.txt
=== resumen por cliente ===
[*] Perfil poisson_jitter: llegadas no sincronizadas con Poisson+jitter
[*] pqc_client <= plan: 1:0.030150 7:0.030150 13:0.030150 19:0.030150 25:0.030150 31:0.030150 37:0.030150 43:0.030150 49:0.030150 55:0.030150 61:0.030150 67:0.030150 73:0.030150 79:0.030150 85:0.030150 91:0.030150 97:0.030150 103:0.030150 109:0.030150 115:0.030150 121:0.000000 127:0.000000 133:0.000000 139:0.000000 145:0.000000 151:0.000000 157:0.000000 163:0.000000 169:0.000000 175:0.000000 181:0.000000 187:0.000000 193:0.000000 199:0.000000 205:0.000000 211:0.000000 217:0.000000 223:0.000000 229:0.000000 235:0.000000 241:0.000000 247:0.000000 253:0.000000 259:0.000000 265:0.000000 271:0.000000 277:0.000000 283:0.000000 289:0.000000 295:0.000000 301:0.000000 307:0.000000 313:0.000000 319:0.000000 325:0.000000 331:0.000000 337:0.000000 343:0.000000 349:0.000000 355:0.080983 361:0.080983 367:0.080983 373:0.080983 379:0.080983 385:0.080983 391:0.080983 397:0.080983 403:0.080983 409:0.080983 415:0.080983 421:0.080983 427:0.080983 433:0.080983 439:0.080983 445:0.080983 451:0.080983 457:0.080983 463:0.080983 469:0.080983 475:0.080983 481:0.080983 487:0.080983 493:0.080983 499:0.080983 505:0.080983 511:0.080983 517:0.080983 523:0.080983 529:0.080983 535:0.080983 541:0.080983 547:0.049371 553:0.049371 559:0.049371 565:0.049371 571:0.049371 577:0.049371 583:0.049371 589:0.049371 595:0.049371 601:0.049371 607:0.049371 613:0.049371 619:0.049371 625:0.049371 631:0.049371 637:0.049371 643:0.049371 649:0.049371 655:0.049371 661:0.049371 667:0.049371 673:0.049371 679:0.049371 685:0.049371 691:0.049371 697:0.049371 703:0.049371 709:0.005575 715:0.005575 721:0.005575 727:0.005575 733:0.005575 739:0.005575 745:0.005575 751:0.005575 757:0.005575 763:0.005575 769:0.005575 775:0.005575 781:0.005575 787:0.005575 793:0.005575 799:0.005575 805:0.005575 811:0.005575 817:0.005575 823:0.005575 829:0.005575 835:0.005575 841:0.005575 847:0.005575 853:0.005575 859:0.005575 865:0.005575 871:0.005575 877:0.005575 883:0.005575 889:0.005575 895:0.005575 901:0.005575 907:0.005575 913:0.005575 919:0.005575 925:0.005575 931:0.005575 937:0.005575 943:0.000000 949:0.000000 955:0.000000 961:0.000000 967:0.000000 973:0.000000 979:0.000000 985:0.000000 991:0.000000 997:0.000000
[*] pqc_client_2 <= plan: 2:0.030150 8:0.030150 14:0.030150 20:0.030150 26:0.030150 32:0.030150 38:0.030150 44:0.030150 50:0.030150 56:0.030150 62:0.030150 68:0.030150 74:0.030150 80:0.030150 86:0.030150 92:0.030150 98:0.030150 104:0.030150 110:0.030150 116:0.000000 122:0.000000 128:0.000000 134:0.000000 140:0.000000 146:0.000000 152:0.000000 158:0.000000 164:0.000000 170:0.000000 176:0.000000 182:0.000000 188:0.000000 194:0.000000 200:0.000000 206:0.000000 212:0.000000 218:0.000000 224:0.000000 230:0.000000 236:0.000000 242:0.000000 248:0.000000 254:0.000000 260:0.000000 266:0.000000 272:0.000000 278:0.000000 284:0.000000 290:0.000000 296:0.000000 302:0.000000 308:0.000000 314:0.000000 320:0.000000 326:0.000000 332:0.000000 338:0.000000 344:0.000000 350:0.080983 356:0.080983 362:0.080983 368:0.080983 374:0.080983 380:0.080983 386:0.080983 392:0.080983 398:0.080983 404:0.080983 410:0.080983 416:0.080983 422:0.080983 428:0.080983 434:0.080983 440:0.080983 446:0.080983 452:0.080983 458:0.080983 464:0.080983 470:0.080983 476:0.080983 482:0.080983 488:0.080983 494:0.080983 500:0.080983 506:0.080983 512:0.080983 518:0.080983 524:0.080983 530:0.080983 536:0.080983 542:0.080983 548:0.049371 554:0.049371 560:0.049371 566:0.049371 572:0.049371 578:0.049371 584:0.049371 590:0.049371 596:0.049371 602:0.049371 608:0.049371 614:0.049371 620:0.049371 626:0.049371 632:0.049371 638:0.049371 644:0.049371 650:0.049371 656:0.049371 662:0.049371 668:0.049371 674:0.049371 680:0.049371 686:0.049371 692:0.049371 698:0.049371 704:0.049371 710:0.005575 716:0.005575 722:0.005575 728:0.005575 734:0.005575 740:0.005575 746:0.005575 752:0.005575 758:0.005575 764:0.005575 770:0.005575 776:0.005575 782:0.005575 788:0.005575 794:0.005575 800:0.005575 806:0.005575 812:0.005575 818:0.005575 824:0.005575 830:0.005575 836:0.005575 842:0.005575 848:0.005575 854:0.005575 860:0.005575 866:0.005575 872:0.005575 878:0.005575 884:0.005575 890:0.005575 896:0.005575 902:0.005575 908:0.005575 914:0.005575 920:0.005575 926:0.005575 932:0.005575 938:0.005575 944:0.000000 950:0.000000 956:0.000000 962:0.000000 968:0.000000 974:0.000000 980:0.000000 986:0.000000 992:0.000000 998:0.000000
[*] pqc_client_3 <= plan: 3:0.030150 9:0.030150 15:0.030150 21:0.030150 27:0.030150 33:0.030150 39:0.030150 45:0.030150 51:0.030150 57:0.030150 63:0.030150 69:0.030150 75:0.030150 81:0.030150 87:0.030150 93:0.030150 99:0.030150 105:0.030150 111:0.030150 117:0.000000 123:0.000000 129:0.000000 135:0.000000 141:0.000000 147:0.000000 153:0.000000 159:0.000000 165:0.000000 171:0.000000 177:0.000000 183:0.000000 189:0.000000 195:0.000000 201:0.000000 207:0.000000 213:0.000000 219:0.000000 225:0.000000 231:0.000000 237:0.000000 243:0.000000 249:0.000000 255:0.000000 261:0.000000 267:0.000000 273:0.000000 279:0.000000 285:0.000000 291:0.000000 297:0.000000 303:0.000000 309:0.000000 315:0.000000 321:0.000000 327:0.000000 333:0.000000 339:0.000000 345:0.000000 351:0.080983 357:0.080983 363:0.080983 369:0.080983 375:0.080983 381:0.080983 387:0.080983 393:0.080983 399:0.080983 405:0.080983 411:0.080983 417:0.080983 423:0.080983 429:0.080983 435:0.080983 441:0.080983 447:0.080983 453:0.080983 459:0.080983 465:0.080983 471:0.080983 477:0.080983 483:0.080983 489:0.080983 495:0.080983 501:0.080983 507:0.080983 513:0.080983 519:0.080983 525:0.080983 531:0.080983 537:0.080983 543:0.080983 549:0.049371 555:0.049371 561:0.049371 567:0.049371 573:0.049371 579:0.049371 585:0.049371 591:0.049371 597:0.049371 603:0.049371 609:0.049371 615:0.049371 621:0.049371 627:0.049371 633:0.049371 639:0.049371 645:0.049371 651:0.049371 657:0.049371 663:0.049371 669:0.049371 675:0.049371 681:0.049371 687:0.049371 693:0.049371 699:0.049371 705:0.049371 711:0.005575 717:0.005575 723:0.005575 729:0.005575 735:0.005575 741:0.005575 747:0.005575 753:0.005575 759:0.005575 765:0.005575 771:0.005575 777:0.005575 783:0.005575 789:0.005575 795:0.005575 801:0.005575 807:0.005575 813:0.005575 819:0.005575 825:0.005575 831:0.005575 837:0.005575 843:0.005575 849:0.005575 855:0.005575 861:0.005575 867:0.005575 873:0.005575 879:0.005575 885:0.005575 891:0.005575 897:0.005575 903:0.005575 909:0.005575 915:0.005575 921:0.005575 927:0.005575 933:0.005575 939:0.005575 945:0.000000 951:0.000000 957:0.000000 963:0.000000 969:0.000000 975:0.000000 981:0.000000 987:0.000000 993:0.000000 999:0.000000
[*] pqc_client_4 <= plan: 4:0.030150 10:0.030150 16:0.030150 22:0.030150 28:0.030150 34:0.030150 40:0.030150 46:0.030150 52:0.030150 58:0.030150 64:0.030150 70:0.030150 76:0.030150 82:0.030150 88:0.030150 94:0.030150 100:0.030150 106:0.030150 112:0.030150 118:0.000000 124:0.000000 130:0.000000 136:0.000000 142:0.000000 148:0.000000 154:0.000000 160:0.000000 166:0.000000 172:0.000000 178:0.000000 184:0.000000 190:0.000000 196:0.000000 202:0.000000 208:0.000000 214:0.000000 220:0.000000 226:0.000000 232:0.000000 238:0.000000 244:0.000000 250:0.000000 256:0.000000 262:0.000000 268:0.000000 274:0.000000 280:0.000000 286:0.000000 292:0.000000 298:0.000000 304:0.000000 310:0.000000 316:0.000000 322:0.000000 328:0.000000 334:0.000000 340:0.000000 346:0.000000 352:0.080983 358:0.080983 364:0.080983 370:0.080983 376:0.080983 382:0.080983 388:0.080983 394:0.080983 400:0.080983 406:0.080983 412:0.080983 418:0.080983 424:0.080983 430:0.080983 436:0.080983 442:0.080983 448:0.080983 454:0.080983 460:0.080983 466:0.080983 472:0.080983 478:0.080983 484:0.080983 490:0.080983 496:0.080983 502:0.080983 508:0.080983 514:0.080983 520:0.080983 526:0.080983 532:0.080983 538:0.080983 544:0.049371 550:0.049371 556:0.049371 562:0.049371 568:0.049371 574:0.049371 580:0.049371 586:0.049371 592:0.049371 598:0.049371 604:0.049371 610:0.049371 616:0.049371 622:0.049371 628:0.049371 634:0.049371 640:0.049371 646:0.049371 652:0.049371 658:0.049371 664:0.049371 670:0.049371 676:0.049371 682:0.049371 688:0.049371 694:0.049371 700:0.049371 706:0.049371 712:0.005575 718:0.005575 724:0.005575 730:0.005575 736:0.005575 742:0.005575 748:0.005575 754:0.005575 760:0.005575 766:0.005575 772:0.005575 778:0.005575 784:0.005575 790:0.005575 796:0.005575 802:0.005575 808:0.005575 814:0.005575 820:0.005575 826:0.005575 832:0.005575 838:0.005575 844:0.005575 850:0.005575 856:0.005575 862:0.005575 868:0.005575 874:0.005575 880:0.005575 886:0.005575 892:0.005575 898:0.005575 904:0.005575 910:0.005575 916:0.005575 922:0.005575 928:0.005575 934:0.005575 940:0.000000 946:0.000000 952:0.000000 958:0.000000 964:0.000000 970:0.000000 976:0.000000 982:0.000000 988:0.000000 994:0.000000 1000:0.000000
[*] pqc_client_5 <= plan: 5:0.030150 11:0.030150 17:0.030150 23:0.030150 29:0.030150 35:0.030150 41:0.030150 47:0.030150 53:0.030150 59:0.030150 65:0.030150 71:0.030150 77:0.030150 83:0.030150 89:0.030150 95:0.030150 101:0.030150 107:0.030150 113:0.030150 119:0.000000 125:0.000000 131:0.000000 137:0.000000 143:0.000000 149:0.000000 155:0.000000 161:0.000000 167:0.000000 173:0.000000 179:0.000000 185:0.000000 191:0.000000 197:0.000000 203:0.000000 209:0.000000 215:0.000000 221:0.000000 227:0.000000 233:0.000000 239:0.000000 245:0.000000 251:0.000000 257:0.000000 263:0.000000 269:0.000000 275:0.000000 281:0.000000 287:0.000000 293:0.000000 299:0.000000 305:0.000000 311:0.000000 317:0.000000 323:0.000000 329:0.000000 335:0.000000 341:0.000000 347:0.000000 353:0.080983 359:0.080983 365:0.080983 371:0.080983 377:0.080983 383:0.080983 389:0.080983 395:0.080983 401:0.080983 407:0.080983 413:0.080983 419:0.080983 425:0.080983 431:0.080983 437:0.080983 443:0.080983 449:0.080983 455:0.080983 461:0.080983 467:0.080983 473:0.080983 479:0.080983 485:0.080983 491:0.080983 497:0.080983 503:0.080983 509:0.080983 515:0.080983 521:0.080983 527:0.080983 533:0.080983 539:0.080983 545:0.049371 551:0.049371 557:0.049371 563:0.049371 569:0.049371 575:0.049371 581:0.049371 587:0.049371 593:0.049371 599:0.049371 605:0.049371 611:0.049371 617:0.049371 623:0.049371 629:0.049371 635:0.049371 641:0.049371 647:0.049371 653:0.049371 659:0.049371 665:0.049371 671:0.049371 677:0.049371 683:0.049371 689:0.049371 695:0.049371 701:0.049371 707:0.049371 713:0.005575 719:0.005575 725:0.005575 731:0.005575 737:0.005575 743:0.005575 749:0.005575 755:0.005575 761:0.005575 767:0.005575 773:0.005575 779:0.005575 785:0.005575 791:0.005575 797:0.005575 803:0.005575 809:0.005575 815:0.005575 821:0.005575 827:0.005575 833:0.005575 839:0.005575 845:0.005575 851:0.005575 857:0.005575 863:0.005575 869:0.005575 875:0.005575 881:0.005575 887:0.005575 893:0.005575 899:0.005575 905:0.005575 911:0.005575 917:0.005575 923:0.005575 929:0.005575 935:0.005575 941:0.000000 947:0.000000 953:0.000000 959:0.000000 965:0.000000 971:0.000000 977:0.000000 983:0.000000 989:0.000000 995:0.000000 1001:0.000000
[*] pqc_client_6 <= plan: 6:0.030150 12:0.030150 18:0.030150 24:0.030150 30:0.030150 36:0.030150 42:0.030150 48:0.030150 54:0.030150 60:0.030150 66:0.030150 72:0.030150 78:0.030150 84:0.030150 90:0.030150 96:0.030150 102:0.030150 108:0.030150 114:0.030150 120:0.000000 126:0.000000 132:0.000000 138:0.000000 144:0.000000 150:0.000000 156:0.000000 162:0.000000 168:0.000000 174:0.000000 180:0.000000 186:0.000000 192:0.000000 198:0.000000 204:0.000000 210:0.000000 216:0.000000 222:0.000000 228:0.000000 234:0.000000 240:0.000000 246:0.000000 252:0.000000 258:0.000000 264:0.000000 270:0.000000 276:0.000000 282:0.000000 288:0.000000 294:0.000000 300:0.000000 306:0.000000 312:0.000000 318:0.000000 324:0.000000 330:0.000000 336:0.000000 342:0.000000 348:0.000000 354:0.080983 360:0.080983 366:0.080983 372:0.080983 378:0.080983 384:0.080983 390:0.080983 396:0.080983 402:0.080983 408:0.080983 414:0.080983 420:0.080983 426:0.080983 432:0.080983 438:0.080983 444:0.080983 450:0.080983 456:0.080983 462:0.080983 468:0.080983 474:0.080983 480:0.080983 486:0.080983 492:0.080983 498:0.080983 504:0.080983 510:0.080983 516:0.080983 522:0.080983 528:0.080983 534:0.080983 540:0.080983 546:0.049371 552:0.049371 558:0.049371 564:0.049371 570:0.049371 576:0.049371 582:0.049371 588:0.049371 594:0.049371 600:0.049371 606:0.049371 612:0.049371 618:0.049371 624:0.049371 630:0.049371 636:0.049371 642:0.049371 648:0.049371 654:0.049371 660:0.049371 666:0.049371 672:0.049371 678:0.049371 684:0.049371 690:0.049371 696:0.049371 702:0.049371 708:0.049371 714:0.005575 720:0.005575 726:0.005575 732:0.005575 738:0.005575 744:0.005575 750:0.005575 756:0.005575 762:0.005575 768:0.005575 774:0.005575 780:0.005575 786:0.005575 792:0.005575 798:0.005575 804:0.005575 810:0.005575 816:0.005575 822:0.005575 828:0.005575 834:0.005575 840:0.005575 846:0.005575 852:0.005575 858:0.005575 864:0.005575 870:0.005575 876:0.005575 882:0.005575 888:0.005575 894:0.005575 900:0.005575 906:0.005575 912:0.005575 918:0.005575 924:0.005575 930:0.005575 936:0.005575 942:0.000000 948:0.000000 954:0.000000 960:0.000000 966:0.000000 972:0.000000 978:0.000000 984:0.000000 990:0.000000 996:0.000000 1002:0.000000
client=pqc_client total=167 ok=167 err=0
client=pqc_client_2 total=167 ok=167 err=0
client=pqc_client_3 total=167 ok=167 err=0
client=pqc_client_4 total=167 ok=167 err=0
client=pqc_client_5 total=167 ok=167 err=0
client=pqc_client_6 total=167 ok=167 err=0
[*] Resumen guardado en: results/classic_p0_aggressive_002_resource_summary.txt
RUN_ID: classic_p0_aggressive_002
CSV: results/classic_p0_aggressive_002_docker_stats.csv

=== Resumen CPU% y MEM% (avg / max) por contenedor ===
pqc_client_2 -> CPU avg=18.89%, CPU max=54.95%, MEM avg=0.84%, MEM max=3.16%
pqc_client_3 -> CPU avg=16.75%, CPU max=46.73%, MEM avg=0.89%, MEM max=3.21%
pqc_monitor -> CPU avg=0.35%, CPU max=1.01%, MEM avg=0.16%, MEM max=0.16%
pqc_client_4 -> CPU avg=16.48%, CPU max=45.28%, MEM avg=0.77%, MEM max=2.90%
pqc_client_5 -> CPU avg=14.49%, CPU max=60.64%, MEM avg=0.94%, MEM max=3.36%
pqc_server -> CPU avg=14.56%, CPU max=52.46%, MEM avg=0.11%, MEM max=0.11%
pqc_client_6 -> CPU avg=16.89%, CPU max=68.64%, MEM avg=0.98%, MEM max=3.44%
pqc_client -> CPU avg=21.93%, CPU max=52.02%, MEM avg=0.89%, MEM max=3.14%
[2026-05-15 12:09:49] [*] Parando captura en pqc_monitor para classic_p0_aggressive_002
[*] Métricas TXT guardadas en results/classic_p0_aggressive_002_metrics.txt
[*] Métricas CSV guardadas en results/classic_p0_aggressive_002_metrics.csv
[*] Métricas TXT guardadas en results/classic_p0_aggressive_002_metrics.txt
[*] Métricas CSV guardadas en results/classic_p0_aggressive_002_metrics.csv
[2026-05-15 12:11:07] === RUN END: classic_p0_aggressive_002 ===

[2026-05-15 12:11:07] === RUN START: classic_p0_aggressive_003 ===
[2026-05-15 12:11:07] [*] Preparando captura en pqc_monitor (eth0) para classic_p0_aggressive_003
[*] Guardando muestras en: results/classic_p0_aggressive_003_docker_stats.csv
[*] Ejecutando comando medido: bash -lc ./scripts/run_client_once_rafaga.sh classic_p0_aggressive_003 1002; sleep 3
[*] Ráfaga clásica completada: 1002 conexiones en 6 clientes (poisson_jitter)
=== host results ===
-rw-rw-r-- 1 cristian cristian  301602 may 15 12:11 classic_p0_aggressive_003_client_err.txt
-rw-rw-r-- 1 cristian cristian   13403 may 15 12:11 classic_p0_aggressive_003_client.txt
-rw-rw-r-- 1 cristian cristian    3113 may 15 12:11 classic_p0_aggressive_003_docker_stats.csv
-rw-r--r-- 1 root     root       50267 may 15 12:11 classic_p0_aggressive_003_pqc_client_2_client_err.txt
-rw-r--r-- 1 root     root           0 may 15 12:11 classic_p0_aggressive_003_pqc_client_2_client.txt
-rw-r--r-- 1 root     root          43 may 15 12:11 classic_p0_aggressive_003_pqc_client_2_summary.txt
-rw-r--r-- 1 root     root       50267 may 15 12:11 classic_p0_aggressive_003_pqc_client_3_client_err.txt
-rw-r--r-- 1 root     root           0 may 15 12:11 classic_p0_aggressive_003_pqc_client_3_client.txt
-rw-r--r-- 1 root     root          43 may 15 12:11 classic_p0_aggressive_003_pqc_client_3_summary.txt
-rw-r--r-- 1 root     root       50267 may 15 12:11 classic_p0_aggressive_003_pqc_client_4_client_err.txt
-rw-r--r-- 1 root     root           0 may 15 12:11 classic_p0_aggressive_003_pqc_client_4_client.txt
-rw-r--r-- 1 root     root          43 may 15 12:11 classic_p0_aggressive_003_pqc_client_4_summary.txt
-rw-r--r-- 1 root     root       50267 may 15 12:11 classic_p0_aggressive_003_pqc_client_5_client_err.txt
-rw-r--r-- 1 root     root           0 may 15 12:11 classic_p0_aggressive_003_pqc_client_5_client.txt
-rw-r--r-- 1 root     root          43 may 15 12:11 classic_p0_aggressive_003_pqc_client_5_summary.txt
-rw-r--r-- 1 root     root       50267 may 15 12:11 classic_p0_aggressive_003_pqc_client_6_client_err.txt
-rw-r--r-- 1 root     root           0 may 15 12:11 classic_p0_aggressive_003_pqc_client_6_client.txt
-rw-r--r-- 1 root     root          43 may 15 12:11 classic_p0_aggressive_003_pqc_client_6_summary.txt
-rw-r--r-- 1 root     root       50267 may 15 12:11 classic_p0_aggressive_003_pqc_client_client_err.txt
-rw-r--r-- 1 root     root           0 may 15 12:11 classic_p0_aggressive_003_pqc_client_client.txt
-rw-r--r-- 1 root     root          41 may 15 12:11 classic_p0_aggressive_003_pqc_client_summary.txt
=== resumen por cliente ===
[*] Perfil poisson_jitter: llegadas no sincronizadas con Poisson+jitter
[*] pqc_client <= plan: 1:0.023231 7:0.023231 13:0.023231 19:0.023231 25:0.023231 31:0.002852 37:0.002852 43:0.002852 49:0.002852 55:0.002852 61:0.002852 67:0.002852 73:0.002852 79:0.002852 85:0.002852 91:0.002852 97:0.002852 103:0.002852 109:0.002852 115:0.002852 121:0.002852 127:0.002852 133:0.002852 139:0.002852 145:0.002852 151:0.002852 157:0.002852 163:0.002852 169:0.002852 175:0.002852 181:0.002852 187:0.002852 193:0.002852 199:0.002852 205:0.002852 211:0.002852 217:0.002852 223:0.002852 229:0.002852 235:0.002852 241:0.002852 247:0.002852 253:0.002852 259:0.002852 265:0.029175 271:0.029175 277:0.029175 283:0.029175 289:0.029175 295:0.029175 301:0.029175 307:0.029175 313:0.029175 319:0.029175 325:0.029175 331:0.029175 337:0.029175 343:0.029175 349:0.029175 355:0.029175 361:0.029175 367:0.029175 373:0.029175 379:0.029175 385:0.029175 391:0.029175 397:0.029175 403:0.029175 409:0.029175 415:0.029175 421:0.029175 427:0.029175 433:0.029175 439:0.029175 445:0.029175 451:0.029175 457:0.029175 463:0.029175 469:0.029175 475:0.029175 481:0.029175 487:0.029175 493:0.000000 499:0.000000 505:0.000000 511:0.000000 517:0.000000 523:0.000000 529:0.000000 535:0.000000 541:0.000000 547:0.000000 553:0.000000 559:0.000000 565:0.000000 571:0.000000 577:0.000000 583:0.000000 589:0.000000 595:0.000000 601:0.000000 607:0.000000 613:0.000000 619:0.000000 625:0.000000 631:0.000000 637:0.000000 643:0.014784 649:0.014784 655:0.014784 661:0.014784 667:0.014784 673:0.014784 679:0.014784 685:0.014784 691:0.014784 697:0.014784 703:0.014784 709:0.014784 715:0.014784 721:0.014784 727:0.014784 733:0.014784 739:0.014784 745:0.014784 751:0.014784 757:0.014784 763:0.014784 769:0.014784 775:0.014784 781:0.014784 787:0.014784 793:0.014784 799:0.014784 805:0.014784 811:0.014784 817:0.014784 823:0.014784 829:0.014784 835:0.014784 841:0.014784 847:0.014784 853:0.014784 859:0.014784 865:0.014784 871:0.000000 877:0.000000 883:0.000000 889:0.000000 895:0.000000 901:0.000000 907:0.000000 913:0.000000 919:0.000000 925:0.000000 931:0.000000 937:0.000000 943:0.000000 949:0.000000 955:0.000000 961:0.000000 967:0.000000 973:0.000000 979:0.000000 985:0.000000 991:0.000000 997:0.000000
[*] pqc_client_2 <= plan: 2:0.023231 8:0.023231 14:0.023231 20:0.023231 26:0.023231 32:0.002852 38:0.002852 44:0.002852 50:0.002852 56:0.002852 62:0.002852 68:0.002852 74:0.002852 80:0.002852 86:0.002852 92:0.002852 98:0.002852 104:0.002852 110:0.002852 116:0.002852 122:0.002852 128:0.002852 134:0.002852 140:0.002852 146:0.002852 152:0.002852 158:0.002852 164:0.002852 170:0.002852 176:0.002852 182:0.002852 188:0.002852 194:0.002852 200:0.002852 206:0.002852 212:0.002852 218:0.002852 224:0.002852 230:0.002852 236:0.002852 242:0.002852 248:0.002852 254:0.002852 260:0.002852 266:0.029175 272:0.029175 278:0.029175 284:0.029175 290:0.029175 296:0.029175 302:0.029175 308:0.029175 314:0.029175 320:0.029175 326:0.029175 332:0.029175 338:0.029175 344:0.029175 350:0.029175 356:0.029175 362:0.029175 368:0.029175 374:0.029175 380:0.029175 386:0.029175 392:0.029175 398:0.029175 404:0.029175 410:0.029175 416:0.029175 422:0.029175 428:0.029175 434:0.029175 440:0.029175 446:0.029175 452:0.029175 458:0.029175 464:0.029175 470:0.029175 476:0.029175 482:0.029175 488:0.000000 494:0.000000 500:0.000000 506:0.000000 512:0.000000 518:0.000000 524:0.000000 530:0.000000 536:0.000000 542:0.000000 548:0.000000 554:0.000000 560:0.000000 566:0.000000 572:0.000000 578:0.000000 584:0.000000 590:0.000000 596:0.000000 602:0.000000 608:0.000000 614:0.000000 620:0.000000 626:0.000000 632:0.000000 638:0.014784 644:0.014784 650:0.014784 656:0.014784 662:0.014784 668:0.014784 674:0.014784 680:0.014784 686:0.014784 692:0.014784 698:0.014784 704:0.014784 710:0.014784 716:0.014784 722:0.014784 728:0.014784 734:0.014784 740:0.014784 746:0.014784 752:0.014784 758:0.014784 764:0.014784 770:0.014784 776:0.014784 782:0.014784 788:0.014784 794:0.014784 800:0.014784 806:0.014784 812:0.014784 818:0.014784 824:0.014784 830:0.014784 836:0.014784 842:0.014784 848:0.014784 854:0.014784 860:0.014784 866:0.014784 872:0.000000 878:0.000000 884:0.000000 890:0.000000 896:0.000000 902:0.000000 908:0.000000 914:0.000000 920:0.000000 926:0.000000 932:0.000000 938:0.000000 944:0.000000 950:0.000000 956:0.000000 962:0.000000 968:0.000000 974:0.000000 980:0.000000 986:0.000000 992:0.000000 998:0.000000
[*] pqc_client_3 <= plan: 3:0.023231 9:0.023231 15:0.023231 21:0.023231 27:0.023231 33:0.002852 39:0.002852 45:0.002852 51:0.002852 57:0.002852 63:0.002852 69:0.002852 75:0.002852 81:0.002852 87:0.002852 93:0.002852 99:0.002852 105:0.002852 111:0.002852 117:0.002852 123:0.002852 129:0.002852 135:0.002852 141:0.002852 147:0.002852 153:0.002852 159:0.002852 165:0.002852 171:0.002852 177:0.002852 183:0.002852 189:0.002852 195:0.002852 201:0.002852 207:0.002852 213:0.002852 219:0.002852 225:0.002852 231:0.002852 237:0.002852 243:0.002852 249:0.002852 255:0.002852 261:0.002852 267:0.029175 273:0.029175 279:0.029175 285:0.029175 291:0.029175 297:0.029175 303:0.029175 309:0.029175 315:0.029175 321:0.029175 327:0.029175 333:0.029175 339:0.029175 345:0.029175 351:0.029175 357:0.029175 363:0.029175 369:0.029175 375:0.029175 381:0.029175 387:0.029175 393:0.029175 399:0.029175 405:0.029175 411:0.029175 417:0.029175 423:0.029175 429:0.029175 435:0.029175 441:0.029175 447:0.029175 453:0.029175 459:0.029175 465:0.029175 471:0.029175 477:0.029175 483:0.029175 489:0.000000 495:0.000000 501:0.000000 507:0.000000 513:0.000000 519:0.000000 525:0.000000 531:0.000000 537:0.000000 543:0.000000 549:0.000000 555:0.000000 561:0.000000 567:0.000000 573:0.000000 579:0.000000 585:0.000000 591:0.000000 597:0.000000 603:0.000000 609:0.000000 615:0.000000 621:0.000000 627:0.000000 633:0.000000 639:0.014784 645:0.014784 651:0.014784 657:0.014784 663:0.014784 669:0.014784 675:0.014784 681:0.014784 687:0.014784 693:0.014784 699:0.014784 705:0.014784 711:0.014784 717:0.014784 723:0.014784 729:0.014784 735:0.014784 741:0.014784 747:0.014784 753:0.014784 759:0.014784 765:0.014784 771:0.014784 777:0.014784 783:0.014784 789:0.014784 795:0.014784 801:0.014784 807:0.014784 813:0.014784 819:0.014784 825:0.014784 831:0.014784 837:0.014784 843:0.014784 849:0.014784 855:0.014784 861:0.014784 867:0.014784 873:0.000000 879:0.000000 885:0.000000 891:0.000000 897:0.000000 903:0.000000 909:0.000000 915:0.000000 921:0.000000 927:0.000000 933:0.000000 939:0.000000 945:0.000000 951:0.000000 957:0.000000 963:0.000000 969:0.000000 975:0.000000 981:0.000000 987:0.000000 993:0.000000 999:0.000000
[*] pqc_client_4 <= plan: 4:0.023231 10:0.023231 16:0.023231 22:0.023231 28:0.023231 34:0.002852 40:0.002852 46:0.002852 52:0.002852 58:0.002852 64:0.002852 70:0.002852 76:0.002852 82:0.002852 88:0.002852 94:0.002852 100:0.002852 106:0.002852 112:0.002852 118:0.002852 124:0.002852 130:0.002852 136:0.002852 142:0.002852 148:0.002852 154:0.002852 160:0.002852 166:0.002852 172:0.002852 178:0.002852 184:0.002852 190:0.002852 196:0.002852 202:0.002852 208:0.002852 214:0.002852 220:0.002852 226:0.002852 232:0.002852 238:0.002852 244:0.002852 250:0.002852 256:0.002852 262:0.002852 268:0.029175 274:0.029175 280:0.029175 286:0.029175 292:0.029175 298:0.029175 304:0.029175 310:0.029175 316:0.029175 322:0.029175 328:0.029175 334:0.029175 340:0.029175 346:0.029175 352:0.029175 358:0.029175 364:0.029175 370:0.029175 376:0.029175 382:0.029175 388:0.029175 394:0.029175 400:0.029175 406:0.029175 412:0.029175 418:0.029175 424:0.029175 430:0.029175 436:0.029175 442:0.029175 448:0.029175 454:0.029175 460:0.029175 466:0.029175 472:0.029175 478:0.029175 484:0.029175 490:0.000000 496:0.000000 502:0.000000 508:0.000000 514:0.000000 520:0.000000 526:0.000000 532:0.000000 538:0.000000 544:0.000000 550:0.000000 556:0.000000 562:0.000000 568:0.000000 574:0.000000 580:0.000000 586:0.000000 592:0.000000 598:0.000000 604:0.000000 610:0.000000 616:0.000000 622:0.000000 628:0.000000 634:0.000000 640:0.014784 646:0.014784 652:0.014784 658:0.014784 664:0.014784 670:0.014784 676:0.014784 682:0.014784 688:0.014784 694:0.014784 700:0.014784 706:0.014784 712:0.014784 718:0.014784 724:0.014784 730:0.014784 736:0.014784 742:0.014784 748:0.014784 754:0.014784 760:0.014784 766:0.014784 772:0.014784 778:0.014784 784:0.014784 790:0.014784 796:0.014784 802:0.014784 808:0.014784 814:0.014784 820:0.014784 826:0.014784 832:0.014784 838:0.014784 844:0.014784 850:0.014784 856:0.014784 862:0.014784 868:0.014784 874:0.000000 880:0.000000 886:0.000000 892:0.000000 898:0.000000 904:0.000000 910:0.000000 916:0.000000 922:0.000000 928:0.000000 934:0.000000 940:0.000000 946:0.000000 952:0.000000 958:0.000000 964:0.000000 970:0.000000 976:0.000000 982:0.000000 988:0.000000 994:0.000000 1000:0.000000
[*] pqc_client_5 <= plan: 5:0.023231 11:0.023231 17:0.023231 23:0.023231 29:0.023231 35:0.002852 41:0.002852 47:0.002852 53:0.002852 59:0.002852 65:0.002852 71:0.002852 77:0.002852 83:0.002852 89:0.002852 95:0.002852 101:0.002852 107:0.002852 113:0.002852 119:0.002852 125:0.002852 131:0.002852 137:0.002852 143:0.002852 149:0.002852 155:0.002852 161:0.002852 167:0.002852 173:0.002852 179:0.002852 185:0.002852 191:0.002852 197:0.002852 203:0.002852 209:0.002852 215:0.002852 221:0.002852 227:0.002852 233:0.002852 239:0.002852 245:0.002852 251:0.002852 257:0.002852 263:0.029175 269:0.029175 275:0.029175 281:0.029175 287:0.029175 293:0.029175 299:0.029175 305:0.029175 311:0.029175 317:0.029175 323:0.029175 329:0.029175 335:0.029175 341:0.029175 347:0.029175 353:0.029175 359:0.029175 365:0.029175 371:0.029175 377:0.029175 383:0.029175 389:0.029175 395:0.029175 401:0.029175 407:0.029175 413:0.029175 419:0.029175 425:0.029175 431:0.029175 437:0.029175 443:0.029175 449:0.029175 455:0.029175 461:0.029175 467:0.029175 473:0.029175 479:0.029175 485:0.029175 491:0.000000 497:0.000000 503:0.000000 509:0.000000 515:0.000000 521:0.000000 527:0.000000 533:0.000000 539:0.000000 545:0.000000 551:0.000000 557:0.000000 563:0.000000 569:0.000000 575:0.000000 581:0.000000 587:0.000000 593:0.000000 599:0.000000 605:0.000000 611:0.000000 617:0.000000 623:0.000000 629:0.000000 635:0.000000 641:0.014784 647:0.014784 653:0.014784 659:0.014784 665:0.014784 671:0.014784 677:0.014784 683:0.014784 689:0.014784 695:0.014784 701:0.014784 707:0.014784 713:0.014784 719:0.014784 725:0.014784 731:0.014784 737:0.014784 743:0.014784 749:0.014784 755:0.014784 761:0.014784 767:0.014784 773:0.014784 779:0.014784 785:0.014784 791:0.014784 797:0.014784 803:0.014784 809:0.014784 815:0.014784 821:0.014784 827:0.014784 833:0.014784 839:0.014784 845:0.014784 851:0.014784 857:0.014784 863:0.014784 869:0.014784 875:0.000000 881:0.000000 887:0.000000 893:0.000000 899:0.000000 905:0.000000 911:0.000000 917:0.000000 923:0.000000 929:0.000000 935:0.000000 941:0.000000 947:0.000000 953:0.000000 959:0.000000 965:0.000000 971:0.000000 977:0.000000 983:0.000000 989:0.000000 995:0.000000 1001:0.000000
[*] pqc_client_6 <= plan: 6:0.023231 12:0.023231 18:0.023231 24:0.023231 30:0.023231 36:0.002852 42:0.002852 48:0.002852 54:0.002852 60:0.002852 66:0.002852 72:0.002852 78:0.002852 84:0.002852 90:0.002852 96:0.002852 102:0.002852 108:0.002852 114:0.002852 120:0.002852 126:0.002852 132:0.002852 138:0.002852 144:0.002852 150:0.002852 156:0.002852 162:0.002852 168:0.002852 174:0.002852 180:0.002852 186:0.002852 192:0.002852 198:0.002852 204:0.002852 210:0.002852 216:0.002852 222:0.002852 228:0.002852 234:0.002852 240:0.002852 246:0.002852 252:0.002852 258:0.002852 264:0.029175 270:0.029175 276:0.029175 282:0.029175 288:0.029175 294:0.029175 300:0.029175 306:0.029175 312:0.029175 318:0.029175 324:0.029175 330:0.029175 336:0.029175 342:0.029175 348:0.029175 354:0.029175 360:0.029175 366:0.029175 372:0.029175 378:0.029175 384:0.029175 390:0.029175 396:0.029175 402:0.029175 408:0.029175 414:0.029175 420:0.029175 426:0.029175 432:0.029175 438:0.029175 444:0.029175 450:0.029175 456:0.029175 462:0.029175 468:0.029175 474:0.029175 480:0.029175 486:0.029175 492:0.000000 498:0.000000 504:0.000000 510:0.000000 516:0.000000 522:0.000000 528:0.000000 534:0.000000 540:0.000000 546:0.000000 552:0.000000 558:0.000000 564:0.000000 570:0.000000 576:0.000000 582:0.000000 588:0.000000 594:0.000000 600:0.000000 606:0.000000 612:0.000000 618:0.000000 624:0.000000 630:0.000000 636:0.000000 642:0.014784 648:0.014784 654:0.014784 660:0.014784 666:0.014784 672:0.014784 678:0.014784 684:0.014784 690:0.014784 696:0.014784 702:0.014784 708:0.014784 714:0.014784 720:0.014784 726:0.014784 732:0.014784 738:0.014784 744:0.014784 750:0.014784 756:0.014784 762:0.014784 768:0.014784 774:0.014784 780:0.014784 786:0.014784 792:0.014784 798:0.014784 804:0.014784 810:0.014784 816:0.014784 822:0.014784 828:0.014784 834:0.014784 840:0.014784 846:0.014784 852:0.014784 858:0.014784 864:0.014784 870:0.000000 876:0.000000 882:0.000000 888:0.000000 894:0.000000 900:0.000000 906:0.000000 912:0.000000 918:0.000000 924:0.000000 930:0.000000 936:0.000000 942:0.000000 948:0.000000 954:0.000000 960:0.000000 966:0.000000 972:0.000000 978:0.000000 984:0.000000 990:0.000000 996:0.000000 1002:0.000000
client=pqc_client total=167 ok=167 err=0
client=pqc_client_2 total=167 ok=167 err=0
client=pqc_client_3 total=167 ok=167 err=0
client=pqc_client_4 total=167 ok=167 err=0
client=pqc_client_5 total=167 ok=167 err=0
client=pqc_client_6 total=167 ok=167 err=0
[*] Resumen guardado en: results/classic_p0_aggressive_003_resource_summary.txt
RUN_ID: classic_p0_aggressive_003
CSV: results/classic_p0_aggressive_003_docker_stats.csv

=== Resumen CPU% y MEM% (avg / max) por contenedor ===
pqc_client_2 -> CPU avg=14.85%, CPU max=56.10%, MEM avg=0.74%, MEM max=2.24%
pqc_client_3 -> CPU avg=11.37%, CPU max=35.63%, MEM avg=0.72%, MEM max=2.76%
pqc_monitor -> CPU avg=0.38%, CPU max=1.16%, MEM avg=0.16%, MEM max=0.16%
pqc_client_4 -> CPU avg=8.58%, CPU max=24.28%, MEM avg=0.88%, MEM max=2.85%
pqc_client_5 -> CPU avg=9.72%, CPU max=22.09%, MEM avg=0.73%, MEM max=2.71%
pqc_server -> CPU avg=16.90%, CPU max=51.68%, MEM avg=0.11%, MEM max=0.12%
pqc_client_6 -> CPU avg=9.26%, CPU max=25.00%, MEM avg=0.75%, MEM max=2.70%
pqc_client -> CPU avg=11.48%, CPU max=50.85%, MEM avg=0.82%, MEM max=3.17%
[2026-05-15 12:11:32] [*] Parando captura en pqc_monitor para classic_p0_aggressive_003
[*] Métricas TXT guardadas en results/classic_p0_aggressive_003_metrics.txt
[*] Métricas CSV guardadas en results/classic_p0_aggressive_003_metrics.csv
[*] Métricas TXT guardadas en results/classic_p0_aggressive_003_metrics.txt
[*] Métricas CSV guardadas en results/classic_p0_aggressive_003_metrics.csv
[2026-05-15 12:13:02] === RUN END: classic_p0_aggressive_003 ===

[2026-05-15 12:13:02] === RUN START: classic_p0_aggressive_004 ===
[2026-05-15 12:13:02] [*] Preparando captura en pqc_monitor (eth0) para classic_p0_aggressive_004
[*] Guardando muestras en: results/classic_p0_aggressive_004_docker_stats.csv
[*] Ejecutando comando medido: bash -lc ./scripts/run_client_once_rafaga.sh classic_p0_aggressive_004 1002; sleep 3
[*] Ráfaga clásica completada: 1002 conexiones en 6 clientes (poisson_jitter)
=== host results ===
-rw-rw-r-- 1 cristian cristian  301602 may 15 12:13 classic_p0_aggressive_004_client_err.txt
-rw-rw-r-- 1 cristian cristian   13403 may 15 12:13 classic_p0_aggressive_004_client.txt
-rw-rw-r-- 1 cristian cristian    3846 may 15 12:13 classic_p0_aggressive_004_docker_stats.csv
-rw-r--r-- 1 root     root       50267 may 15 12:13 classic_p0_aggressive_004_pqc_client_2_client_err.txt
-rw-r--r-- 1 root     root           0 may 15 12:13 classic_p0_aggressive_004_pqc_client_2_client.txt
-rw-r--r-- 1 root     root          43 may 15 12:13 classic_p0_aggressive_004_pqc_client_2_summary.txt
-rw-r--r-- 1 root     root       50267 may 15 12:13 classic_p0_aggressive_004_pqc_client_3_client_err.txt
-rw-r--r-- 1 root     root           0 may 15 12:13 classic_p0_aggressive_004_pqc_client_3_client.txt
-rw-r--r-- 1 root     root          43 may 15 12:13 classic_p0_aggressive_004_pqc_client_3_summary.txt
-rw-r--r-- 1 root     root       50267 may 15 12:13 classic_p0_aggressive_004_pqc_client_4_client_err.txt
-rw-r--r-- 1 root     root           0 may 15 12:13 classic_p0_aggressive_004_pqc_client_4_client.txt
-rw-r--r-- 1 root     root          43 may 15 12:13 classic_p0_aggressive_004_pqc_client_4_summary.txt
-rw-r--r-- 1 root     root       50267 may 15 12:13 classic_p0_aggressive_004_pqc_client_5_client_err.txt
-rw-r--r-- 1 root     root           0 may 15 12:13 classic_p0_aggressive_004_pqc_client_5_client.txt
-rw-r--r-- 1 root     root          43 may 15 12:13 classic_p0_aggressive_004_pqc_client_5_summary.txt
-rw-r--r-- 1 root     root       50267 may 15 12:13 classic_p0_aggressive_004_pqc_client_6_client_err.txt
-rw-r--r-- 1 root     root           0 may 15 12:13 classic_p0_aggressive_004_pqc_client_6_client.txt
-rw-r--r-- 1 root     root          43 may 15 12:13 classic_p0_aggressive_004_pqc_client_6_summary.txt
-rw-r--r-- 1 root     root       50267 may 15 12:13 classic_p0_aggressive_004_pqc_client_client_err.txt
-rw-r--r-- 1 root     root           0 may 15 12:13 classic_p0_aggressive_004_pqc_client_client.txt
-rw-r--r-- 1 root     root          41 may 15 12:13 classic_p0_aggressive_004_pqc_client_summary.txt
=== resumen por cliente ===
[*] Perfil poisson_jitter: llegadas no sincronizadas con Poisson+jitter
[*] pqc_client <= plan: 1:0.000000 7:0.000000 13:0.000000 19:0.000000 25:0.000000 31:0.000000 37:0.000000 43:0.000000 49:0.000000 55:0.000000 61:0.000000 67:0.000000 73:0.000000 79:0.000000 85:0.000000 91:0.000000 97:0.000000 103:0.000000 109:0.000000 115:0.000000 121:0.000000 127:0.092306 133:0.092306 139:0.092306 145:0.092306 151:0.092306 157:0.092306 163:0.092306 169:0.092306 175:0.092306 181:0.092306 187:0.092306 193:0.092306 199:0.092306 205:0.092306 211:0.092306 217:0.092306 223:0.092306 229:0.092306 235:0.092306 241:0.092306 247:0.092306 253:0.092306 259:0.092306 265:0.092306 271:0.092306 277:0.092306 283:0.092306 289:0.092306 295:0.092306 301:0.023266 307:0.023266 313:0.023266 319:0.023266 325:0.023266 331:0.023266 337:0.023266 343:0.023266 349:0.023266 355:0.023266 361:0.023266 367:0.023266 373:0.023266 379:0.023266 385:0.023266 391:0.023266 397:0.023266 403:0.023266 409:0.023266 415:0.023266 421:0.023266 427:0.023266 433:0.023266 439:0.023266 445:0.023266 451:0.066560 457:0.066560 463:0.066560 469:0.066560 475:0.066560 481:0.066560 487:0.066560 493:0.066560 499:0.066560 505:0.066560 511:0.066560 517:0.066560 523:0.066560 529:0.066560 535:0.066560 541:0.066560 547:0.066560 553:0.066560 559:0.066560 565:0.066560 571:0.066560 577:0.066560 583:0.066560 589:0.032540 595:0.032540 601:0.032540 607:0.032540 613:0.032540 619:0.032540 625:0.032540 631:0.032540 637:0.032540 643:0.032540 649:0.032540 655:0.032540 661:0.032540 667:0.032540 673:0.032540 679:0.032540 685:0.032540 691:0.032540 697:0.032540 703:0.032540 709:0.032540 715:0.032540 721:0.032540 727:0.032540 733:0.032540 739:0.032540 745:0.032540 751:0.032540 757:0.032540 763:0.015869 769:0.015869 775:0.015869 781:0.015869 787:0.015869 793:0.015869 799:0.015869 805:0.015869 811:0.015869 817:0.015869 823:0.015869 829:0.015869 835:0.015869 841:0.015869 847:0.015869 853:0.015869 859:0.015869 865:0.015869 871:0.015869 877:0.015869 883:0.015869 889:0.015869 895:0.015869 901:0.015869 907:0.015869 913:0.015869 919:0.015869 925:0.015869 931:0.015869 937:0.046378 943:0.046378 949:0.046378 955:0.046378 961:0.046378 967:0.046378 973:0.046378 979:0.046378 985:0.046378 991:0.046378 997:0.046378
[*] pqc_client_2 <= plan: 2:0.000000 8:0.000000 14:0.000000 20:0.000000 26:0.000000 32:0.000000 38:0.000000 44:0.000000 50:0.000000 56:0.000000 62:0.000000 68:0.000000 74:0.000000 80:0.000000 86:0.000000 92:0.000000 98:0.000000 104:0.000000 110:0.000000 116:0.000000 122:0.092306 128:0.092306 134:0.092306 140:0.092306 146:0.092306 152:0.092306 158:0.092306 164:0.092306 170:0.092306 176:0.092306 182:0.092306 188:0.092306 194:0.092306 200:0.092306 206:0.092306 212:0.092306 218:0.092306 224:0.092306 230:0.092306 236:0.092306 242:0.092306 248:0.092306 254:0.092306 260:0.092306 266:0.092306 272:0.092306 278:0.092306 284:0.092306 290:0.092306 296:0.092306 302:0.023266 308:0.023266 314:0.023266 320:0.023266 326:0.023266 332:0.023266 338:0.023266 344:0.023266 350:0.023266 356:0.023266 362:0.023266 368:0.023266 374:0.023266 380:0.023266 386:0.023266 392:0.023266 398:0.023266 404:0.023266 410:0.023266 416:0.023266 422:0.023266 428:0.023266 434:0.023266 440:0.023266 446:0.023266 452:0.066560 458:0.066560 464:0.066560 470:0.066560 476:0.066560 482:0.066560 488:0.066560 494:0.066560 500:0.066560 506:0.066560 512:0.066560 518:0.066560 524:0.066560 530:0.066560 536:0.066560 542:0.066560 548:0.066560 554:0.066560 560:0.066560 566:0.066560 572:0.066560 578:0.066560 584:0.066560 590:0.032540 596:0.032540 602:0.032540 608:0.032540 614:0.032540 620:0.032540 626:0.032540 632:0.032540 638:0.032540 644:0.032540 650:0.032540 656:0.032540 662:0.032540 668:0.032540 674:0.032540 680:0.032540 686:0.032540 692:0.032540 698:0.032540 704:0.032540 710:0.032540 716:0.032540 722:0.032540 728:0.032540 734:0.032540 740:0.032540 746:0.032540 752:0.032540 758:0.015869 764:0.015869 770:0.015869 776:0.015869 782:0.015869 788:0.015869 794:0.015869 800:0.015869 806:0.015869 812:0.015869 818:0.015869 824:0.015869 830:0.015869 836:0.015869 842:0.015869 848:0.015869 854:0.015869 860:0.015869 866:0.015869 872:0.015869 878:0.015869 884:0.015869 890:0.015869 896:0.015869 902:0.015869 908:0.015869 914:0.015869 920:0.015869 926:0.015869 932:0.046378 938:0.046378 944:0.046378 950:0.046378 956:0.046378 962:0.046378 968:0.046378 974:0.046378 980:0.046378 986:0.046378 992:0.046378 998:0.046378
[*] pqc_client_3 <= plan: 3:0.000000 9:0.000000 15:0.000000 21:0.000000 27:0.000000 33:0.000000 39:0.000000 45:0.000000 51:0.000000 57:0.000000 63:0.000000 69:0.000000 75:0.000000 81:0.000000 87:0.000000 93:0.000000 99:0.000000 105:0.000000 111:0.000000 117:0.000000 123:0.092306 129:0.092306 135:0.092306 141:0.092306 147:0.092306 153:0.092306 159:0.092306 165:0.092306 171:0.092306 177:0.092306 183:0.092306 189:0.092306 195:0.092306 201:0.092306 207:0.092306 213:0.092306 219:0.092306 225:0.092306 231:0.092306 237:0.092306 243:0.092306 249:0.092306 255:0.092306 261:0.092306 267:0.092306 273:0.092306 279:0.092306 285:0.092306 291:0.092306 297:0.023266 303:0.023266 309:0.023266 315:0.023266 321:0.023266 327:0.023266 333:0.023266 339:0.023266 345:0.023266 351:0.023266 357:0.023266 363:0.023266 369:0.023266 375:0.023266 381:0.023266 387:0.023266 393:0.023266 399:0.023266 405:0.023266 411:0.023266 417:0.023266 423:0.023266 429:0.023266 435:0.023266 441:0.023266 447:0.066560 453:0.066560 459:0.066560 465:0.066560 471:0.066560 477:0.066560 483:0.066560 489:0.066560 495:0.066560 501:0.066560 507:0.066560 513:0.066560 519:0.066560 525:0.066560 531:0.066560 537:0.066560 543:0.066560 549:0.066560 555:0.066560 561:0.066560 567:0.066560 573:0.066560 579:0.066560 585:0.032540 591:0.032540 597:0.032540 603:0.032540 609:0.032540 615:0.032540 621:0.032540 627:0.032540 633:0.032540 639:0.032540 645:0.032540 651:0.032540 657:0.032540 663:0.032540 669:0.032540 675:0.032540 681:0.032540 687:0.032540 693:0.032540 699:0.032540 705:0.032540 711:0.032540 717:0.032540 723:0.032540 729:0.032540 735:0.032540 741:0.032540 747:0.032540 753:0.032540 759:0.015869 765:0.015869 771:0.015869 777:0.015869 783:0.015869 789:0.015869 795:0.015869 801:0.015869 807:0.015869 813:0.015869 819:0.015869 825:0.015869 831:0.015869 837:0.015869 843:0.015869 849:0.015869 855:0.015869 861:0.015869 867:0.015869 873:0.015869 879:0.015869 885:0.015869 891:0.015869 897:0.015869 903:0.015869 909:0.015869 915:0.015869 921:0.015869 927:0.015869 933:0.046378 939:0.046378 945:0.046378 951:0.046378 957:0.046378 963:0.046378 969:0.046378 975:0.046378 981:0.046378 987:0.046378 993:0.046378 999:0.046378
[*] pqc_client_4 <= plan: 4:0.000000 10:0.000000 16:0.000000 22:0.000000 28:0.000000 34:0.000000 40:0.000000 46:0.000000 52:0.000000 58:0.000000 64:0.000000 70:0.000000 76:0.000000 82:0.000000 88:0.000000 94:0.000000 100:0.000000 106:0.000000 112:0.000000 118:0.000000 124:0.092306 130:0.092306 136:0.092306 142:0.092306 148:0.092306 154:0.092306 160:0.092306 166:0.092306 172:0.092306 178:0.092306 184:0.092306 190:0.092306 196:0.092306 202:0.092306 208:0.092306 214:0.092306 220:0.092306 226:0.092306 232:0.092306 238:0.092306 244:0.092306 250:0.092306 256:0.092306 262:0.092306 268:0.092306 274:0.092306 280:0.092306 286:0.092306 292:0.092306 298:0.023266 304:0.023266 310:0.023266 316:0.023266 322:0.023266 328:0.023266 334:0.023266 340:0.023266 346:0.023266 352:0.023266 358:0.023266 364:0.023266 370:0.023266 376:0.023266 382:0.023266 388:0.023266 394:0.023266 400:0.023266 406:0.023266 412:0.023266 418:0.023266 424:0.023266 430:0.023266 436:0.023266 442:0.023266 448:0.066560 454:0.066560 460:0.066560 466:0.066560 472:0.066560 478:0.066560 484:0.066560 490:0.066560 496:0.066560 502:0.066560 508:0.066560 514:0.066560 520:0.066560 526:0.066560 532:0.066560 538:0.066560 544:0.066560 550:0.066560 556:0.066560 562:0.066560 568:0.066560 574:0.066560 580:0.066560 586:0.032540 592:0.032540 598:0.032540 604:0.032540 610:0.032540 616:0.032540 622:0.032540 628:0.032540 634:0.032540 640:0.032540 646:0.032540 652:0.032540 658:0.032540 664:0.032540 670:0.032540 676:0.032540 682:0.032540 688:0.032540 694:0.032540 700:0.032540 706:0.032540 712:0.032540 718:0.032540 724:0.032540 730:0.032540 736:0.032540 742:0.032540 748:0.032540 754:0.032540 760:0.015869 766:0.015869 772:0.015869 778:0.015869 784:0.015869 790:0.015869 796:0.015869 802:0.015869 808:0.015869 814:0.015869 820:0.015869 826:0.015869 832:0.015869 838:0.015869 844:0.015869 850:0.015869 856:0.015869 862:0.015869 868:0.015869 874:0.015869 880:0.015869 886:0.015869 892:0.015869 898:0.015869 904:0.015869 910:0.015869 916:0.015869 922:0.015869 928:0.015869 934:0.046378 940:0.046378 946:0.046378 952:0.046378 958:0.046378 964:0.046378 970:0.046378 976:0.046378 982:0.046378 988:0.046378 994:0.046378 1000:0.046378
[*] pqc_client_5 <= plan: 5:0.000000 11:0.000000 17:0.000000 23:0.000000 29:0.000000 35:0.000000 41:0.000000 47:0.000000 53:0.000000 59:0.000000 65:0.000000 71:0.000000 77:0.000000 83:0.000000 89:0.000000 95:0.000000 101:0.000000 107:0.000000 113:0.000000 119:0.000000 125:0.092306 131:0.092306 137:0.092306 143:0.092306 149:0.092306 155:0.092306 161:0.092306 167:0.092306 173:0.092306 179:0.092306 185:0.092306 191:0.092306 197:0.092306 203:0.092306 209:0.092306 215:0.092306 221:0.092306 227:0.092306 233:0.092306 239:0.092306 245:0.092306 251:0.092306 257:0.092306 263:0.092306 269:0.092306 275:0.092306 281:0.092306 287:0.092306 293:0.092306 299:0.023266 305:0.023266 311:0.023266 317:0.023266 323:0.023266 329:0.023266 335:0.023266 341:0.023266 347:0.023266 353:0.023266 359:0.023266 365:0.023266 371:0.023266 377:0.023266 383:0.023266 389:0.023266 395:0.023266 401:0.023266 407:0.023266 413:0.023266 419:0.023266 425:0.023266 431:0.023266 437:0.023266 443:0.023266 449:0.066560 455:0.066560 461:0.066560 467:0.066560 473:0.066560 479:0.066560 485:0.066560 491:0.066560 497:0.066560 503:0.066560 509:0.066560 515:0.066560 521:0.066560 527:0.066560 533:0.066560 539:0.066560 545:0.066560 551:0.066560 557:0.066560 563:0.066560 569:0.066560 575:0.066560 581:0.066560 587:0.032540 593:0.032540 599:0.032540 605:0.032540 611:0.032540 617:0.032540 623:0.032540 629:0.032540 635:0.032540 641:0.032540 647:0.032540 653:0.032540 659:0.032540 665:0.032540 671:0.032540 677:0.032540 683:0.032540 689:0.032540 695:0.032540 701:0.032540 707:0.032540 713:0.032540 719:0.032540 725:0.032540 731:0.032540 737:0.032540 743:0.032540 749:0.032540 755:0.032540 761:0.015869 767:0.015869 773:0.015869 779:0.015869 785:0.015869 791:0.015869 797:0.015869 803:0.015869 809:0.015869 815:0.015869 821:0.015869 827:0.015869 833:0.015869 839:0.015869 845:0.015869 851:0.015869 857:0.015869 863:0.015869 869:0.015869 875:0.015869 881:0.015869 887:0.015869 893:0.015869 899:0.015869 905:0.015869 911:0.015869 917:0.015869 923:0.015869 929:0.015869 935:0.046378 941:0.046378 947:0.046378 953:0.046378 959:0.046378 965:0.046378 971:0.046378 977:0.046378 983:0.046378 989:0.046378 995:0.046378 1001:0.046378
[*] pqc_client_6 <= plan: 6:0.000000 12:0.000000 18:0.000000 24:0.000000 30:0.000000 36:0.000000 42:0.000000 48:0.000000 54:0.000000 60:0.000000 66:0.000000 72:0.000000 78:0.000000 84:0.000000 90:0.000000 96:0.000000 102:0.000000 108:0.000000 114:0.000000 120:0.000000 126:0.092306 132:0.092306 138:0.092306 144:0.092306 150:0.092306 156:0.092306 162:0.092306 168:0.092306 174:0.092306 180:0.092306 186:0.092306 192:0.092306 198:0.092306 204:0.092306 210:0.092306 216:0.092306 222:0.092306 228:0.092306 234:0.092306 240:0.092306 246:0.092306 252:0.092306 258:0.092306 264:0.092306 270:0.092306 276:0.092306 282:0.092306 288:0.092306 294:0.092306 300:0.023266 306:0.023266 312:0.023266 318:0.023266 324:0.023266 330:0.023266 336:0.023266 342:0.023266 348:0.023266 354:0.023266 360:0.023266 366:0.023266 372:0.023266 378:0.023266 384:0.023266 390:0.023266 396:0.023266 402:0.023266 408:0.023266 414:0.023266 420:0.023266 426:0.023266 432:0.023266 438:0.023266 444:0.023266 450:0.066560 456:0.066560 462:0.066560 468:0.066560 474:0.066560 480:0.066560 486:0.066560 492:0.066560 498:0.066560 504:0.066560 510:0.066560 516:0.066560 522:0.066560 528:0.066560 534:0.066560 540:0.066560 546:0.066560 552:0.066560 558:0.066560 564:0.066560 570:0.066560 576:0.066560 582:0.066560 588:0.032540 594:0.032540 600:0.032540 606:0.032540 612:0.032540 618:0.032540 624:0.032540 630:0.032540 636:0.032540 642:0.032540 648:0.032540 654:0.032540 660:0.032540 666:0.032540 672:0.032540 678:0.032540 684:0.032540 690:0.032540 696:0.032540 702:0.032540 708:0.032540 714:0.032540 720:0.032540 726:0.032540 732:0.032540 738:0.032540 744:0.032540 750:0.032540 756:0.032540 762:0.015869 768:0.015869 774:0.015869 780:0.015869 786:0.015869 792:0.015869 798:0.015869 804:0.015869 810:0.015869 816:0.015869 822:0.015869 828:0.015869 834:0.015869 840:0.015869 846:0.015869 852:0.015869 858:0.015869 864:0.015869 870:0.015869 876:0.015869 882:0.015869 888:0.015869 894:0.015869 900:0.015869 906:0.015869 912:0.015869 918:0.015869 924:0.015869 930:0.015869 936:0.046378 942:0.046378 948:0.046378 954:0.046378 960:0.046378 966:0.046378 972:0.046378 978:0.046378 984:0.046378 990:0.046378 996:0.046378 1002:0.046378
client=pqc_client total=167 ok=167 err=0
client=pqc_client_2 total=167 ok=167 err=0
client=pqc_client_3 total=167 ok=167 err=0
client=pqc_client_4 total=167 ok=167 err=0
client=pqc_client_5 total=167 ok=167 err=0
client=pqc_client_6 total=167 ok=167 err=0
[*] Resumen guardado en: results/classic_p0_aggressive_004_resource_summary.txt
RUN_ID: classic_p0_aggressive_004
CSV: results/classic_p0_aggressive_004_docker_stats.csv

=== Resumen CPU% y MEM% (avg / max) por contenedor ===
pqc_client_2 -> CPU avg=16.19%, CPU max=80.74%, MEM avg=0.78%, MEM max=2.44%
pqc_client_3 -> CPU avg=15.77%, CPU max=75.29%, MEM avg=0.84%, MEM max=2.59%
pqc_monitor -> CPU avg=0.30%, CPU max=0.93%, MEM avg=0.17%, MEM max=0.17%
pqc_client_4 -> CPU avg=16.05%, CPU max=82.05%, MEM avg=0.93%, MEM max=3.03%
pqc_client_5 -> CPU avg=15.66%, CPU max=81.68%, MEM avg=0.90%, MEM max=2.53%
pqc_server -> CPU avg=14.69%, CPU max=51.23%, MEM avg=0.11%, MEM max=0.11%
pqc_client_6 -> CPU avg=15.47%, CPU max=79.06%, MEM avg=0.90%, MEM max=2.52%
pqc_client -> CPU avg=15.84%, CPU max=78.87%, MEM avg=0.85%, MEM max=2.87%
[2026-05-15 12:13:30] [*] Parando captura en pqc_monitor para classic_p0_aggressive_004
[*] Métricas TXT guardadas en results/classic_p0_aggressive_004_metrics.txt
[*] Métricas CSV guardadas en results/classic_p0_aggressive_004_metrics.csv
[*] Métricas TXT guardadas en results/classic_p0_aggressive_004_metrics.txt
[*] Métricas CSV guardadas en results/classic_p0_aggressive_004_metrics.csv
[2026-05-15 12:15:16] === RUN END: classic_p0_aggressive_004 ===

[2026-05-15 12:15:16] === RUN START: classic_p0_aggressive_005 ===
[2026-05-15 12:15:16] [*] Preparando captura en pqc_monitor (eth0) para classic_p0_aggressive_005
[*] Guardando muestras en: results/classic_p0_aggressive_005_docker_stats.csv
[*] Ejecutando comando medido: bash -lc ./scripts/run_client_once_rafaga.sh classic_p0_aggressive_005 1002; sleep 3
[*] Ráfaga clásica completada: 1002 conexiones en 6 clientes (poisson_jitter)
=== host results ===
-rw-rw-r-- 1 cristian cristian  301602 may 15 12:15 classic_p0_aggressive_005_client_err.txt
-rw-rw-r-- 1 cristian cristian   13403 may 15 12:15 classic_p0_aggressive_005_client.txt
-rw-rw-r-- 1 cristian cristian    3632 may 15 12:15 classic_p0_aggressive_005_docker_stats.csv
-rw-r--r-- 1 root     root       50267 may 15 12:15 classic_p0_aggressive_005_pqc_client_2_client_err.txt
-rw-r--r-- 1 root     root           0 may 15 12:15 classic_p0_aggressive_005_pqc_client_2_client.txt
-rw-r--r-- 1 root     root          43 may 15 12:15 classic_p0_aggressive_005_pqc_client_2_summary.txt
-rw-r--r-- 1 root     root       50267 may 15 12:15 classic_p0_aggressive_005_pqc_client_3_client_err.txt
-rw-r--r-- 1 root     root           0 may 15 12:15 classic_p0_aggressive_005_pqc_client_3_client.txt
-rw-r--r-- 1 root     root          43 may 15 12:15 classic_p0_aggressive_005_pqc_client_3_summary.txt
-rw-r--r-- 1 root     root       50267 may 15 12:15 classic_p0_aggressive_005_pqc_client_4_client_err.txt
-rw-r--r-- 1 root     root           0 may 15 12:15 classic_p0_aggressive_005_pqc_client_4_client.txt
-rw-r--r-- 1 root     root          43 may 15 12:15 classic_p0_aggressive_005_pqc_client_4_summary.txt
-rw-r--r-- 1 root     root       50267 may 15 12:15 classic_p0_aggressive_005_pqc_client_5_client_err.txt
-rw-r--r-- 1 root     root           0 may 15 12:15 classic_p0_aggressive_005_pqc_client_5_client.txt
-rw-r--r-- 1 root     root          43 may 15 12:15 classic_p0_aggressive_005_pqc_client_5_summary.txt
-rw-r--r-- 1 root     root       50267 may 15 12:15 classic_p0_aggressive_005_pqc_client_6_client_err.txt
-rw-r--r-- 1 root     root           0 may 15 12:15 classic_p0_aggressive_005_pqc_client_6_client.txt
-rw-r--r-- 1 root     root          43 may 15 12:15 classic_p0_aggressive_005_pqc_client_6_summary.txt
-rw-r--r-- 1 root     root       50267 may 15 12:15 classic_p0_aggressive_005_pqc_client_client_err.txt
-rw-r--r-- 1 root     root           0 may 15 12:15 classic_p0_aggressive_005_pqc_client_client.txt
-rw-r--r-- 1 root     root          41 may 15 12:15 classic_p0_aggressive_005_pqc_client_summary.txt
=== resumen por cliente ===
[*] Perfil poisson_jitter: llegadas no sincronizadas con Poisson+jitter
[*] pqc_client <= plan: 1:0.022052 7:0.022052 13:0.022052 19:0.022052 25:0.022052 31:0.022052 37:0.022052 43:0.022052 49:0.022052 55:0.022052 61:0.022052 67:0.022052 73:0.022052 79:0.022052 85:0.022052 91:0.022052 97:0.022052 103:0.022052 109:0.022052 115:0.022052 121:0.022052 127:0.022052 133:0.022052 139:0.000000 145:0.000000 151:0.000000 157:0.000000 163:0.000000 169:0.000000 175:0.000000 181:0.000000 187:0.000000 193:0.000000 199:0.000000 205:0.000000 211:0.000000 217:0.000000 223:0.000000 229:0.000000 235:0.000000 241:0.000000 247:0.000000 253:0.000000 259:0.000000 265:0.000000 271:0.000000 277:0.000000 283:0.000000 289:0.000000 295:0.000000 301:0.000000 307:0.000000 313:0.000000 319:0.067742 325:0.067742 331:0.067742 337:0.067742 343:0.067742 349:0.067742 355:0.067742 361:0.067742 367:0.067742 373:0.067742 379:0.067742 385:0.067742 391:0.067742 397:0.067742 403:0.067742 409:0.067742 415:0.067742 421:0.067742 427:0.067742 433:0.067742 439:0.067742 445:0.067742 451:0.067742 457:0.067742 463:0.020373 469:0.020373 475:0.020373 481:0.020373 487:0.020373 493:0.020373 499:0.020373 505:0.020373 511:0.020373 517:0.020373 523:0.020373 529:0.020373 535:0.020373 541:0.020373 547:0.020373 553:0.020373 559:0.020373 565:0.020373 571:0.020373 577:0.020373 583:0.020373 589:0.020373 595:0.020373 601:0.020373 607:0.020373 613:0.020373 619:0.020373 625:0.010158 631:0.010158 637:0.010158 643:0.010158 649:0.010158 655:0.010158 661:0.010158 667:0.010158 673:0.010158 679:0.010158 685:0.010158 691:0.010158 697:0.010158 703:0.010158 709:0.010158 715:0.010158 721:0.010158 727:0.010158 733:0.010158 739:0.010158 745:0.010158 751:0.010158 757:0.010158 763:0.010158 769:0.010158 775:0.010158 781:0.010158 787:0.010158 793:0.010158 799:0.039829 805:0.039829 811:0.039829 817:0.039829 823:0.039829 829:0.039829 835:0.039829 841:0.039829 847:0.039829 853:0.039829 859:0.039829 865:0.039829 871:0.039829 877:0.039829 883:0.039829 889:0.039829 895:0.039829 901:0.039829 907:0.039829 913:0.039829 919:0.039829 925:0.039829 931:0.039829 937:0.039829 943:0.039829 949:0.039829 955:0.039829 961:0.039829 967:0.013849 973:0.013849 979:0.013849 985:0.013849 991:0.013849 997:0.013849
[*] pqc_client_2 <= plan: 2:0.022052 8:0.022052 14:0.022052 20:0.022052 26:0.022052 32:0.022052 38:0.022052 44:0.022052 50:0.022052 56:0.022052 62:0.022052 68:0.022052 74:0.022052 80:0.022052 86:0.022052 92:0.022052 98:0.022052 104:0.022052 110:0.022052 116:0.022052 122:0.022052 128:0.022052 134:0.022052 140:0.000000 146:0.000000 152:0.000000 158:0.000000 164:0.000000 170:0.000000 176:0.000000 182:0.000000 188:0.000000 194:0.000000 200:0.000000 206:0.000000 212:0.000000 218:0.000000 224:0.000000 230:0.000000 236:0.000000 242:0.000000 248:0.000000 254:0.000000 260:0.000000 266:0.000000 272:0.000000 278:0.000000 284:0.000000 290:0.000000 296:0.000000 302:0.000000 308:0.000000 314:0.000000 320:0.067742 326:0.067742 332:0.067742 338:0.067742 344:0.067742 350:0.067742 356:0.067742 362:0.067742 368:0.067742 374:0.067742 380:0.067742 386:0.067742 392:0.067742 398:0.067742 404:0.067742 410:0.067742 416:0.067742 422:0.067742 428:0.067742 434:0.067742 440:0.067742 446:0.067742 452:0.067742 458:0.067742 464:0.020373 470:0.020373 476:0.020373 482:0.020373 488:0.020373 494:0.020373 500:0.020373 506:0.020373 512:0.020373 518:0.020373 524:0.020373 530:0.020373 536:0.020373 542:0.020373 548:0.020373 554:0.020373 560:0.020373 566:0.020373 572:0.020373 578:0.020373 584:0.020373 590:0.020373 596:0.020373 602:0.020373 608:0.020373 614:0.020373 620:0.020373 626:0.010158 632:0.010158 638:0.010158 644:0.010158 650:0.010158 656:0.010158 662:0.010158 668:0.010158 674:0.010158 680:0.010158 686:0.010158 692:0.010158 698:0.010158 704:0.010158 710:0.010158 716:0.010158 722:0.010158 728:0.010158 734:0.010158 740:0.010158 746:0.010158 752:0.010158 758:0.010158 764:0.010158 770:0.010158 776:0.010158 782:0.010158 788:0.010158 794:0.010158 800:0.039829 806:0.039829 812:0.039829 818:0.039829 824:0.039829 830:0.039829 836:0.039829 842:0.039829 848:0.039829 854:0.039829 860:0.039829 866:0.039829 872:0.039829 878:0.039829 884:0.039829 890:0.039829 896:0.039829 902:0.039829 908:0.039829 914:0.039829 920:0.039829 926:0.039829 932:0.039829 938:0.039829 944:0.039829 950:0.039829 956:0.039829 962:0.039829 968:0.013849 974:0.013849 980:0.013849 986:0.013849 992:0.013849 998:0.013849
[*] pqc_client_3 <= plan: 3:0.022052 9:0.022052 15:0.022052 21:0.022052 27:0.022052 33:0.022052 39:0.022052 45:0.022052 51:0.022052 57:0.022052 63:0.022052 69:0.022052 75:0.022052 81:0.022052 87:0.022052 93:0.022052 99:0.022052 105:0.022052 111:0.022052 117:0.022052 123:0.022052 129:0.022052 135:0.022052 141:0.000000 147:0.000000 153:0.000000 159:0.000000 165:0.000000 171:0.000000 177:0.000000 183:0.000000 189:0.000000 195:0.000000 201:0.000000 207:0.000000 213:0.000000 219:0.000000 225:0.000000 231:0.000000 237:0.000000 243:0.000000 249:0.000000 255:0.000000 261:0.000000 267:0.000000 273:0.000000 279:0.000000 285:0.000000 291:0.000000 297:0.000000 303:0.000000 309:0.000000 315:0.067742 321:0.067742 327:0.067742 333:0.067742 339:0.067742 345:0.067742 351:0.067742 357:0.067742 363:0.067742 369:0.067742 375:0.067742 381:0.067742 387:0.067742 393:0.067742 399:0.067742 405:0.067742 411:0.067742 417:0.067742 423:0.067742 429:0.067742 435:0.067742 441:0.067742 447:0.067742 453:0.067742 459:0.067742 465:0.020373 471:0.020373 477:0.020373 483:0.020373 489:0.020373 495:0.020373 501:0.020373 507:0.020373 513:0.020373 519:0.020373 525:0.020373 531:0.020373 537:0.020373 543:0.020373 549:0.020373 555:0.020373 561:0.020373 567:0.020373 573:0.020373 579:0.020373 585:0.020373 591:0.020373 597:0.020373 603:0.020373 609:0.020373 615:0.020373 621:0.010158 627:0.010158 633:0.010158 639:0.010158 645:0.010158 651:0.010158 657:0.010158 663:0.010158 669:0.010158 675:0.010158 681:0.010158 687:0.010158 693:0.010158 699:0.010158 705:0.010158 711:0.010158 717:0.010158 723:0.010158 729:0.010158 735:0.010158 741:0.010158 747:0.010158 753:0.010158 759:0.010158 765:0.010158 771:0.010158 777:0.010158 783:0.010158 789:0.010158 795:0.010158 801:0.039829 807:0.039829 813:0.039829 819:0.039829 825:0.039829 831:0.039829 837:0.039829 843:0.039829 849:0.039829 855:0.039829 861:0.039829 867:0.039829 873:0.039829 879:0.039829 885:0.039829 891:0.039829 897:0.039829 903:0.039829 909:0.039829 915:0.039829 921:0.039829 927:0.039829 933:0.039829 939:0.039829 945:0.039829 951:0.039829 957:0.039829 963:0.039829 969:0.013849 975:0.013849 981:0.013849 987:0.013849 993:0.013849 999:0.013849
[*] pqc_client_4 <= plan: 4:0.022052 10:0.022052 16:0.022052 22:0.022052 28:0.022052 34:0.022052 40:0.022052 46:0.022052 52:0.022052 58:0.022052 64:0.022052 70:0.022052 76:0.022052 82:0.022052 88:0.022052 94:0.022052 100:0.022052 106:0.022052 112:0.022052 118:0.022052 124:0.022052 130:0.022052 136:0.022052 142:0.000000 148:0.000000 154:0.000000 160:0.000000 166:0.000000 172:0.000000 178:0.000000 184:0.000000 190:0.000000 196:0.000000 202:0.000000 208:0.000000 214:0.000000 220:0.000000 226:0.000000 232:0.000000 238:0.000000 244:0.000000 250:0.000000 256:0.000000 262:0.000000 268:0.000000 274:0.000000 280:0.000000 286:0.000000 292:0.000000 298:0.000000 304:0.000000 310:0.000000 316:0.067742 322:0.067742 328:0.067742 334:0.067742 340:0.067742 346:0.067742 352:0.067742 358:0.067742 364:0.067742 370:0.067742 376:0.067742 382:0.067742 388:0.067742 394:0.067742 400:0.067742 406:0.067742 412:0.067742 418:0.067742 424:0.067742 430:0.067742 436:0.067742 442:0.067742 448:0.067742 454:0.067742 460:0.067742 466:0.020373 472:0.020373 478:0.020373 484:0.020373 490:0.020373 496:0.020373 502:0.020373 508:0.020373 514:0.020373 520:0.020373 526:0.020373 532:0.020373 538:0.020373 544:0.020373 550:0.020373 556:0.020373 562:0.020373 568:0.020373 574:0.020373 580:0.020373 586:0.020373 592:0.020373 598:0.020373 604:0.020373 610:0.020373 616:0.020373 622:0.010158 628:0.010158 634:0.010158 640:0.010158 646:0.010158 652:0.010158 658:0.010158 664:0.010158 670:0.010158 676:0.010158 682:0.010158 688:0.010158 694:0.010158 700:0.010158 706:0.010158 712:0.010158 718:0.010158 724:0.010158 730:0.010158 736:0.010158 742:0.010158 748:0.010158 754:0.010158 760:0.010158 766:0.010158 772:0.010158 778:0.010158 784:0.010158 790:0.010158 796:0.039829 802:0.039829 808:0.039829 814:0.039829 820:0.039829 826:0.039829 832:0.039829 838:0.039829 844:0.039829 850:0.039829 856:0.039829 862:0.039829 868:0.039829 874:0.039829 880:0.039829 886:0.039829 892:0.039829 898:0.039829 904:0.039829 910:0.039829 916:0.039829 922:0.039829 928:0.039829 934:0.039829 940:0.039829 946:0.039829 952:0.039829 958:0.039829 964:0.039829 970:0.013849 976:0.013849 982:0.013849 988:0.013849 994:0.013849 1000:0.013849
[*] pqc_client_5 <= plan: 5:0.022052 11:0.022052 17:0.022052 23:0.022052 29:0.022052 35:0.022052 41:0.022052 47:0.022052 53:0.022052 59:0.022052 65:0.022052 71:0.022052 77:0.022052 83:0.022052 89:0.022052 95:0.022052 101:0.022052 107:0.022052 113:0.022052 119:0.022052 125:0.022052 131:0.022052 137:0.022052 143:0.000000 149:0.000000 155:0.000000 161:0.000000 167:0.000000 173:0.000000 179:0.000000 185:0.000000 191:0.000000 197:0.000000 203:0.000000 209:0.000000 215:0.000000 221:0.000000 227:0.000000 233:0.000000 239:0.000000 245:0.000000 251:0.000000 257:0.000000 263:0.000000 269:0.000000 275:0.000000 281:0.000000 287:0.000000 293:0.000000 299:0.000000 305:0.000000 311:0.000000 317:0.067742 323:0.067742 329:0.067742 335:0.067742 341:0.067742 347:0.067742 353:0.067742 359:0.067742 365:0.067742 371:0.067742 377:0.067742 383:0.067742 389:0.067742 395:0.067742 401:0.067742 407:0.067742 413:0.067742 419:0.067742 425:0.067742 431:0.067742 437:0.067742 443:0.067742 449:0.067742 455:0.067742 461:0.067742 467:0.020373 473:0.020373 479:0.020373 485:0.020373 491:0.020373 497:0.020373 503:0.020373 509:0.020373 515:0.020373 521:0.020373 527:0.020373 533:0.020373 539:0.020373 545:0.020373 551:0.020373 557:0.020373 563:0.020373 569:0.020373 575:0.020373 581:0.020373 587:0.020373 593:0.020373 599:0.020373 605:0.020373 611:0.020373 617:0.020373 623:0.010158 629:0.010158 635:0.010158 641:0.010158 647:0.010158 653:0.010158 659:0.010158 665:0.010158 671:0.010158 677:0.010158 683:0.010158 689:0.010158 695:0.010158 701:0.010158 707:0.010158 713:0.010158 719:0.010158 725:0.010158 731:0.010158 737:0.010158 743:0.010158 749:0.010158 755:0.010158 761:0.010158 767:0.010158 773:0.010158 779:0.010158 785:0.010158 791:0.010158 797:0.039829 803:0.039829 809:0.039829 815:0.039829 821:0.039829 827:0.039829 833:0.039829 839:0.039829 845:0.039829 851:0.039829 857:0.039829 863:0.039829 869:0.039829 875:0.039829 881:0.039829 887:0.039829 893:0.039829 899:0.039829 905:0.039829 911:0.039829 917:0.039829 923:0.039829 929:0.039829 935:0.039829 941:0.039829 947:0.039829 953:0.039829 959:0.039829 965:0.039829 971:0.013849 977:0.013849 983:0.013849 989:0.013849 995:0.013849 1001:0.013849
[*] pqc_client_6 <= plan: 6:0.022052 12:0.022052 18:0.022052 24:0.022052 30:0.022052 36:0.022052 42:0.022052 48:0.022052 54:0.022052 60:0.022052 66:0.022052 72:0.022052 78:0.022052 84:0.022052 90:0.022052 96:0.022052 102:0.022052 108:0.022052 114:0.022052 120:0.022052 126:0.022052 132:0.022052 138:0.000000 144:0.000000 150:0.000000 156:0.000000 162:0.000000 168:0.000000 174:0.000000 180:0.000000 186:0.000000 192:0.000000 198:0.000000 204:0.000000 210:0.000000 216:0.000000 222:0.000000 228:0.000000 234:0.000000 240:0.000000 246:0.000000 252:0.000000 258:0.000000 264:0.000000 270:0.000000 276:0.000000 282:0.000000 288:0.000000 294:0.000000 300:0.000000 306:0.000000 312:0.000000 318:0.067742 324:0.067742 330:0.067742 336:0.067742 342:0.067742 348:0.067742 354:0.067742 360:0.067742 366:0.067742 372:0.067742 378:0.067742 384:0.067742 390:0.067742 396:0.067742 402:0.067742 408:0.067742 414:0.067742 420:0.067742 426:0.067742 432:0.067742 438:0.067742 444:0.067742 450:0.067742 456:0.067742 462:0.067742 468:0.020373 474:0.020373 480:0.020373 486:0.020373 492:0.020373 498:0.020373 504:0.020373 510:0.020373 516:0.020373 522:0.020373 528:0.020373 534:0.020373 540:0.020373 546:0.020373 552:0.020373 558:0.020373 564:0.020373 570:0.020373 576:0.020373 582:0.020373 588:0.020373 594:0.020373 600:0.020373 606:0.020373 612:0.020373 618:0.020373 624:0.010158 630:0.010158 636:0.010158 642:0.010158 648:0.010158 654:0.010158 660:0.010158 666:0.010158 672:0.010158 678:0.010158 684:0.010158 690:0.010158 696:0.010158 702:0.010158 708:0.010158 714:0.010158 720:0.010158 726:0.010158 732:0.010158 738:0.010158 744:0.010158 750:0.010158 756:0.010158 762:0.010158 768:0.010158 774:0.010158 780:0.010158 786:0.010158 792:0.010158 798:0.039829 804:0.039829 810:0.039829 816:0.039829 822:0.039829 828:0.039829 834:0.039829 840:0.039829 846:0.039829 852:0.039829 858:0.039829 864:0.039829 870:0.039829 876:0.039829 882:0.039829 888:0.039829 894:0.039829 900:0.039829 906:0.039829 912:0.039829 918:0.039829 924:0.039829 930:0.039829 936:0.039829 942:0.039829 948:0.039829 954:0.039829 960:0.039829 966:0.013849 972:0.013849 978:0.013849 984:0.013849 990:0.013849 996:0.013849 1002:0.013849
client=pqc_client total=167 ok=167 err=0
client=pqc_client_2 total=167 ok=167 err=0
client=pqc_client_3 total=167 ok=167 err=0
client=pqc_client_4 total=167 ok=167 err=0
client=pqc_client_5 total=167 ok=167 err=0
client=pqc_client_6 total=167 ok=167 err=0
[*] Resumen guardado en: results/classic_p0_aggressive_005_resource_summary.txt
RUN_ID: classic_p0_aggressive_005
CSV: results/classic_p0_aggressive_005_docker_stats.csv

=== Resumen CPU% y MEM% (avg / max) por contenedor ===
pqc_client_2 -> CPU avg=17.32%, CPU max=96.05%, MEM avg=0.77%, MEM max=2.80%
pqc_client_3 -> CPU avg=19.85%, CPU max=96.68%, MEM avg=0.83%, MEM max=2.57%
pqc_monitor -> CPU avg=0.41%, CPU max=1.03%, MEM avg=0.17%, MEM max=0.17%
pqc_client_4 -> CPU avg=13.12%, CPU max=58.57%, MEM avg=0.80%, MEM max=2.68%
pqc_client_5 -> CPU avg=20.43%, CPU max=96.98%, MEM avg=0.78%, MEM max=2.56%
pqc_server -> CPU avg=14.47%, CPU max=51.19%, MEM avg=0.11%, MEM max=0.11%
pqc_client_6 -> CPU avg=17.74%, CPU max=96.13%, MEM avg=0.93%, MEM max=2.68%
pqc_client -> CPU avg=15.75%, CPU max=93.29%, MEM avg=1.03%, MEM max=3.05%
[2026-05-15 12:15:44] [*] Parando captura en pqc_monitor para classic_p0_aggressive_005
[*] Métricas TXT guardadas en results/classic_p0_aggressive_005_metrics.txt
[*] Métricas CSV guardadas en results/classic_p0_aggressive_005_metrics.csv
[*] Métricas TXT guardadas en results/classic_p0_aggressive_005_metrics.txt
[*] Métricas CSV guardadas en results/classic_p0_aggressive_005_metrics.csv
[2026-05-15 12:17:33] === RUN END: classic_p0_aggressive_005 ===

[2026-05-15 12:17:33] === RUN START: classic_p0_aggressive_006 ===
[2026-05-15 12:17:33] [*] Preparando captura en pqc_monitor (eth0) para classic_p0_aggressive_006
[*] Guardando muestras en: results/classic_p0_aggressive_006_docker_stats.csv
[*] Ejecutando comando medido: bash -lc ./scripts/run_client_once_rafaga.sh classic_p0_aggressive_006 1002; sleep 3
[*] Ráfaga clásica completada: 1002 conexiones en 6 clientes (poisson_jitter)
=== host results ===
-rw-rw-r-- 1 cristian cristian  301602 may 15 12:17 classic_p0_aggressive_006_client_err.txt
-rw-rw-r-- 1 cristian cristian   13403 may 15 12:17 classic_p0_aggressive_006_client.txt
-rw-rw-r-- 1 cristian cristian    3235 may 15 12:17 classic_p0_aggressive_006_docker_stats.csv
-rw-r--r-- 1 root     root       50267 may 15 12:17 classic_p0_aggressive_006_pqc_client_2_client_err.txt
-rw-r--r-- 1 root     root           0 may 15 12:17 classic_p0_aggressive_006_pqc_client_2_client.txt
-rw-r--r-- 1 root     root          43 may 15 12:17 classic_p0_aggressive_006_pqc_client_2_summary.txt
-rw-r--r-- 1 root     root       50267 may 15 12:17 classic_p0_aggressive_006_pqc_client_3_client_err.txt
-rw-r--r-- 1 root     root           0 may 15 12:17 classic_p0_aggressive_006_pqc_client_3_client.txt
-rw-r--r-- 1 root     root          43 may 15 12:17 classic_p0_aggressive_006_pqc_client_3_summary.txt
-rw-r--r-- 1 root     root       50267 may 15 12:17 classic_p0_aggressive_006_pqc_client_4_client_err.txt
-rw-r--r-- 1 root     root           0 may 15 12:17 classic_p0_aggressive_006_pqc_client_4_client.txt
-rw-r--r-- 1 root     root          43 may 15 12:17 classic_p0_aggressive_006_pqc_client_4_summary.txt
-rw-r--r-- 1 root     root       50267 may 15 12:17 classic_p0_aggressive_006_pqc_client_5_client_err.txt
-rw-r--r-- 1 root     root           0 may 15 12:17 classic_p0_aggressive_006_pqc_client_5_client.txt
-rw-r--r-- 1 root     root          43 may 15 12:17 classic_p0_aggressive_006_pqc_client_5_summary.txt
-rw-r--r-- 1 root     root       50267 may 15 12:17 classic_p0_aggressive_006_pqc_client_6_client_err.txt
-rw-r--r-- 1 root     root           0 may 15 12:17 classic_p0_aggressive_006_pqc_client_6_client.txt
-rw-r--r-- 1 root     root          43 may 15 12:17 classic_p0_aggressive_006_pqc_client_6_summary.txt
-rw-r--r-- 1 root     root       50267 may 15 12:17 classic_p0_aggressive_006_pqc_client_client_err.txt
-rw-r--r-- 1 root     root           0 may 15 12:17 classic_p0_aggressive_006_pqc_client_client.txt
-rw-r--r-- 1 root     root          41 may 15 12:17 classic_p0_aggressive_006_pqc_client_summary.txt
=== resumen por cliente ===
[*] Perfil poisson_jitter: llegadas no sincronizadas con Poisson+jitter
[*] pqc_client <= plan: 1:0.008486 7:0.002691 13:0.002691 19:0.002691 25:0.002691 31:0.002691 37:0.002691 43:0.002691 49:0.002691 55:0.002691 61:0.002691 67:0.002691 73:0.002691 79:0.002691 85:0.002691 91:0.002691 97:0.002691 103:0.002691 109:0.002691 115:0.002691 121:0.002691 127:0.002691 133:0.002691 139:0.002691 145:0.002691 151:0.002691 157:0.002691 163:0.002691 169:0.002691 175:0.002691 181:0.040680 187:0.040680 193:0.040680 199:0.040680 205:0.040680 211:0.040680 217:0.040680 223:0.040680 229:0.040680 235:0.040680 241:0.040680 247:0.040680 253:0.040680 259:0.040680 265:0.040680 271:0.040680 277:0.040680 283:0.040680 289:0.040680 295:0.040680 301:0.040680 307:0.040680 313:0.040680 319:0.040680 325:0.040680 331:0.040680 337:0.040680 343:0.040680 349:0.040680 355:0.040680 361:0.010526 367:0.010526 373:0.010526 379:0.010526 385:0.010526 391:0.010526 397:0.010526 403:0.010526 409:0.010526 415:0.010526 421:0.010526 427:0.010526 433:0.010526 439:0.010526 445:0.010526 451:0.010526 457:0.010526 463:0.010526 469:0.010526 475:0.010526 481:0.010526 487:0.010526 493:0.010526 499:0.000000 505:0.000000 511:0.000000 517:0.000000 523:0.000000 529:0.000000 535:0.000000 541:0.000000 547:0.000000 553:0.000000 559:0.000000 565:0.000000 571:0.000000 577:0.000000 583:0.000000 589:0.000000 595:0.000000 601:0.000000 607:0.000000 613:0.000000 619:0.000000 625:0.000000 631:0.000000 637:0.000000 643:0.000000 649:0.000000 655:0.000000 661:0.000000 667:0.000000 673:0.000000 679:0.000000 685:0.000000 691:0.000000 697:0.000000 703:0.000000 709:0.000000 715:0.000000 721:0.000000 727:0.000000 733:0.000000 739:0.000000 745:0.000000 751:0.000000 757:0.000000 763:0.000000 769:0.000000 775:0.000000 781:0.000000 787:0.000000 793:0.000000 799:0.000000 805:0.000000 811:0.000000 817:0.000000 823:0.000000 829:0.000000 835:0.019068 841:0.019068 847:0.019068 853:0.019068 859:0.019068 865:0.019068 871:0.019068 877:0.019068 883:0.019068 889:0.019068 895:0.019068 901:0.019068 907:0.019068 913:0.019068 919:0.019068 925:0.019068 931:0.019068 937:0.019068 943:0.019068 949:0.019068 955:0.019068 961:0.019068 967:0.019068 973:0.019068 979:0.019068 985:0.019068 991:0.019068 997:0.097767
[*] pqc_client_2 <= plan: 2:0.008486 8:0.002691 14:0.002691 20:0.002691 26:0.002691 32:0.002691 38:0.002691 44:0.002691 50:0.002691 56:0.002691 62:0.002691 68:0.002691 74:0.002691 80:0.002691 86:0.002691 92:0.002691 98:0.002691 104:0.002691 110:0.002691 116:0.002691 122:0.002691 128:0.002691 134:0.002691 140:0.002691 146:0.002691 152:0.002691 158:0.002691 164:0.002691 170:0.002691 176:0.002691 182:0.040680 188:0.040680 194:0.040680 200:0.040680 206:0.040680 212:0.040680 218:0.040680 224:0.040680 230:0.040680 236:0.040680 242:0.040680 248:0.040680 254:0.040680 260:0.040680 266:0.040680 272:0.040680 278:0.040680 284:0.040680 290:0.040680 296:0.040680 302:0.040680 308:0.040680 314:0.040680 320:0.040680 326:0.040680 332:0.040680 338:0.040680 344:0.040680 350:0.040680 356:0.010526 362:0.010526 368:0.010526 374:0.010526 380:0.010526 386:0.010526 392:0.010526 398:0.010526 404:0.010526 410:0.010526 416:0.010526 422:0.010526 428:0.010526 434:0.010526 440:0.010526 446:0.010526 452:0.010526 458:0.010526 464:0.010526 470:0.010526 476:0.010526 482:0.010526 488:0.010526 494:0.010526 500:0.000000 506:0.000000 512:0.000000 518:0.000000 524:0.000000 530:0.000000 536:0.000000 542:0.000000 548:0.000000 554:0.000000 560:0.000000 566:0.000000 572:0.000000 578:0.000000 584:0.000000 590:0.000000 596:0.000000 602:0.000000 608:0.000000 614:0.000000 620:0.000000 626:0.000000 632:0.000000 638:0.000000 644:0.000000 650:0.000000 656:0.000000 662:0.000000 668:0.000000 674:0.000000 680:0.000000 686:0.000000 692:0.000000 698:0.000000 704:0.000000 710:0.000000 716:0.000000 722:0.000000 728:0.000000 734:0.000000 740:0.000000 746:0.000000 752:0.000000 758:0.000000 764:0.000000 770:0.000000 776:0.000000 782:0.000000 788:0.000000 794:0.000000 800:0.000000 806:0.000000 812:0.000000 818:0.000000 824:0.000000 830:0.000000 836:0.019068 842:0.019068 848:0.019068 854:0.019068 860:0.019068 866:0.019068 872:0.019068 878:0.019068 884:0.019068 890:0.019068 896:0.019068 902:0.019068 908:0.019068 914:0.019068 920:0.019068 926:0.019068 932:0.019068 938:0.019068 944:0.019068 950:0.019068 956:0.019068 962:0.019068 968:0.019068 974:0.019068 980:0.019068 986:0.019068 992:0.019068 998:0.097767
[*] pqc_client_3 <= plan: 3:0.008486 9:0.002691 15:0.002691 21:0.002691 27:0.002691 33:0.002691 39:0.002691 45:0.002691 51:0.002691 57:0.002691 63:0.002691 69:0.002691 75:0.002691 81:0.002691 87:0.002691 93:0.002691 99:0.002691 105:0.002691 111:0.002691 117:0.002691 123:0.002691 129:0.002691 135:0.002691 141:0.002691 147:0.002691 153:0.002691 159:0.002691 165:0.002691 171:0.002691 177:0.002691 183:0.040680 189:0.040680 195:0.040680 201:0.040680 207:0.040680 213:0.040680 219:0.040680 225:0.040680 231:0.040680 237:0.040680 243:0.040680 249:0.040680 255:0.040680 261:0.040680 267:0.040680 273:0.040680 279:0.040680 285:0.040680 291:0.040680 297:0.040680 303:0.040680 309:0.040680 315:0.040680 321:0.040680 327:0.040680 333:0.040680 339:0.040680 345:0.040680 351:0.040680 357:0.010526 363:0.010526 369:0.010526 375:0.010526 381:0.010526 387:0.010526 393:0.010526 399:0.010526 405:0.010526 411:0.010526 417:0.010526 423:0.010526 429:0.010526 435:0.010526 441:0.010526 447:0.010526 453:0.010526 459:0.010526 465:0.010526 471:0.010526 477:0.010526 483:0.010526 489:0.010526 495:0.010526 501:0.000000 507:0.000000 513:0.000000 519:0.000000 525:0.000000 531:0.000000 537:0.000000 543:0.000000 549:0.000000 555:0.000000 561:0.000000 567:0.000000 573:0.000000 579:0.000000 585:0.000000 591:0.000000 597:0.000000 603:0.000000 609:0.000000 615:0.000000 621:0.000000 627:0.000000 633:0.000000 639:0.000000 645:0.000000 651:0.000000 657:0.000000 663:0.000000 669:0.000000 675:0.000000 681:0.000000 687:0.000000 693:0.000000 699:0.000000 705:0.000000 711:0.000000 717:0.000000 723:0.000000 729:0.000000 735:0.000000 741:0.000000 747:0.000000 753:0.000000 759:0.000000 765:0.000000 771:0.000000 777:0.000000 783:0.000000 789:0.000000 795:0.000000 801:0.000000 807:0.000000 813:0.000000 819:0.000000 825:0.000000 831:0.000000 837:0.019068 843:0.019068 849:0.019068 855:0.019068 861:0.019068 867:0.019068 873:0.019068 879:0.019068 885:0.019068 891:0.019068 897:0.019068 903:0.019068 909:0.019068 915:0.019068 921:0.019068 927:0.019068 933:0.019068 939:0.019068 945:0.019068 951:0.019068 957:0.019068 963:0.019068 969:0.019068 975:0.019068 981:0.019068 987:0.019068 993:0.019068 999:0.097767
[*] pqc_client_4 <= plan: 4:0.008486 10:0.002691 16:0.002691 22:0.002691 28:0.002691 34:0.002691 40:0.002691 46:0.002691 52:0.002691 58:0.002691 64:0.002691 70:0.002691 76:0.002691 82:0.002691 88:0.002691 94:0.002691 100:0.002691 106:0.002691 112:0.002691 118:0.002691 124:0.002691 130:0.002691 136:0.002691 142:0.002691 148:0.002691 154:0.002691 160:0.002691 166:0.002691 172:0.002691 178:0.002691 184:0.040680 190:0.040680 196:0.040680 202:0.040680 208:0.040680 214:0.040680 220:0.040680 226:0.040680 232:0.040680 238:0.040680 244:0.040680 250:0.040680 256:0.040680 262:0.040680 268:0.040680 274:0.040680 280:0.040680 286:0.040680 292:0.040680 298:0.040680 304:0.040680 310:0.040680 316:0.040680 322:0.040680 328:0.040680 334:0.040680 340:0.040680 346:0.040680 352:0.040680 358:0.010526 364:0.010526 370:0.010526 376:0.010526 382:0.010526 388:0.010526 394:0.010526 400:0.010526 406:0.010526 412:0.010526 418:0.010526 424:0.010526 430:0.010526 436:0.010526 442:0.010526 448:0.010526 454:0.010526 460:0.010526 466:0.010526 472:0.010526 478:0.010526 484:0.010526 490:0.010526 496:0.000000 502:0.000000 508:0.000000 514:0.000000 520:0.000000 526:0.000000 532:0.000000 538:0.000000 544:0.000000 550:0.000000 556:0.000000 562:0.000000 568:0.000000 574:0.000000 580:0.000000 586:0.000000 592:0.000000 598:0.000000 604:0.000000 610:0.000000 616:0.000000 622:0.000000 628:0.000000 634:0.000000 640:0.000000 646:0.000000 652:0.000000 658:0.000000 664:0.000000 670:0.000000 676:0.000000 682:0.000000 688:0.000000 694:0.000000 700:0.000000 706:0.000000 712:0.000000 718:0.000000 724:0.000000 730:0.000000 736:0.000000 742:0.000000 748:0.000000 754:0.000000 760:0.000000 766:0.000000 772:0.000000 778:0.000000 784:0.000000 790:0.000000 796:0.000000 802:0.000000 808:0.000000 814:0.000000 820:0.000000 826:0.000000 832:0.000000 838:0.019068 844:0.019068 850:0.019068 856:0.019068 862:0.019068 868:0.019068 874:0.019068 880:0.019068 886:0.019068 892:0.019068 898:0.019068 904:0.019068 910:0.019068 916:0.019068 922:0.019068 928:0.019068 934:0.019068 940:0.019068 946:0.019068 952:0.019068 958:0.019068 964:0.019068 970:0.019068 976:0.019068 982:0.019068 988:0.019068 994:0.097767 1000:0.097767
[*] pqc_client_5 <= plan: 5:0.002691 11:0.002691 17:0.002691 23:0.002691 29:0.002691 35:0.002691 41:0.002691 47:0.002691 53:0.002691 59:0.002691 65:0.002691 71:0.002691 77:0.002691 83:0.002691 89:0.002691 95:0.002691 101:0.002691 107:0.002691 113:0.002691 119:0.002691 125:0.002691 131:0.002691 137:0.002691 143:0.002691 149:0.002691 155:0.002691 161:0.002691 167:0.002691 173:0.002691 179:0.002691 185:0.040680 191:0.040680 197:0.040680 203:0.040680 209:0.040680 215:0.040680 221:0.040680 227:0.040680 233:0.040680 239:0.040680 245:0.040680 251:0.040680 257:0.040680 263:0.040680 269:0.040680 275:0.040680 281:0.040680 287:0.040680 293:0.040680 299:0.040680 305:0.040680 311:0.040680 317:0.040680 323:0.040680 329:0.040680 335:0.040680 341:0.040680 347:0.040680 353:0.040680 359:0.010526 365:0.010526 371:0.010526 377:0.010526 383:0.010526 389:0.010526 395:0.010526 401:0.010526 407:0.010526 413:0.010526 419:0.010526 425:0.010526 431:0.010526 437:0.010526 443:0.010526 449:0.010526 455:0.010526 461:0.010526 467:0.010526 473:0.010526 479:0.010526 485:0.010526 491:0.010526 497:0.000000 503:0.000000 509:0.000000 515:0.000000 521:0.000000 527:0.000000 533:0.000000 539:0.000000 545:0.000000 551:0.000000 557:0.000000 563:0.000000 569:0.000000 575:0.000000 581:0.000000 587:0.000000 593:0.000000 599:0.000000 605:0.000000 611:0.000000 617:0.000000 623:0.000000 629:0.000000 635:0.000000 641:0.000000 647:0.000000 653:0.000000 659:0.000000 665:0.000000 671:0.000000 677:0.000000 683:0.000000 689:0.000000 695:0.000000 701:0.000000 707:0.000000 713:0.000000 719:0.000000 725:0.000000 731:0.000000 737:0.000000 743:0.000000 749:0.000000 755:0.000000 761:0.000000 767:0.000000 773:0.000000 779:0.000000 785:0.000000 791:0.000000 797:0.000000 803:0.000000 809:0.000000 815:0.000000 821:0.000000 827:0.000000 833:0.019068 839:0.019068 845:0.019068 851:0.019068 857:0.019068 863:0.019068 869:0.019068 875:0.019068 881:0.019068 887:0.019068 893:0.019068 899:0.019068 905:0.019068 911:0.019068 917:0.019068 923:0.019068 929:0.019068 935:0.019068 941:0.019068 947:0.019068 953:0.019068 959:0.019068 965:0.019068 971:0.019068 977:0.019068 983:0.019068 989:0.019068 995:0.097767 1001:0.097767
[*] pqc_client_6 <= plan: 6:0.002691 12:0.002691 18:0.002691 24:0.002691 30:0.002691 36:0.002691 42:0.002691 48:0.002691 54:0.002691 60:0.002691 66:0.002691 72:0.002691 78:0.002691 84:0.002691 90:0.002691 96:0.002691 102:0.002691 108:0.002691 114:0.002691 120:0.002691 126:0.002691 132:0.002691 138:0.002691 144:0.002691 150:0.002691 156:0.002691 162:0.002691 168:0.002691 174:0.002691 180:0.002691 186:0.040680 192:0.040680 198:0.040680 204:0.040680 210:0.040680 216:0.040680 222:0.040680 228:0.040680 234:0.040680 240:0.040680 246:0.040680 252:0.040680 258:0.040680 264:0.040680 270:0.040680 276:0.040680 282:0.040680 288:0.040680 294:0.040680 300:0.040680 306:0.040680 312:0.040680 318:0.040680 324:0.040680 330:0.040680 336:0.040680 342:0.040680 348:0.040680 354:0.040680 360:0.010526 366:0.010526 372:0.010526 378:0.010526 384:0.010526 390:0.010526 396:0.010526 402:0.010526 408:0.010526 414:0.010526 420:0.010526 426:0.010526 432:0.010526 438:0.010526 444:0.010526 450:0.010526 456:0.010526 462:0.010526 468:0.010526 474:0.010526 480:0.010526 486:0.010526 492:0.010526 498:0.000000 504:0.000000 510:0.000000 516:0.000000 522:0.000000 528:0.000000 534:0.000000 540:0.000000 546:0.000000 552:0.000000 558:0.000000 564:0.000000 570:0.000000 576:0.000000 582:0.000000 588:0.000000 594:0.000000 600:0.000000 606:0.000000 612:0.000000 618:0.000000 624:0.000000 630:0.000000 636:0.000000 642:0.000000 648:0.000000 654:0.000000 660:0.000000 666:0.000000 672:0.000000 678:0.000000 684:0.000000 690:0.000000 696:0.000000 702:0.000000 708:0.000000 714:0.000000 720:0.000000 726:0.000000 732:0.000000 738:0.000000 744:0.000000 750:0.000000 756:0.000000 762:0.000000 768:0.000000 774:0.000000 780:0.000000 786:0.000000 792:0.000000 798:0.000000 804:0.000000 810:0.000000 816:0.000000 822:0.000000 828:0.000000 834:0.019068 840:0.019068 846:0.019068 852:0.019068 858:0.019068 864:0.019068 870:0.019068 876:0.019068 882:0.019068 888:0.019068 894:0.019068 900:0.019068 906:0.019068 912:0.019068 918:0.019068 924:0.019068 930:0.019068 936:0.019068 942:0.019068 948:0.019068 954:0.019068 960:0.019068 966:0.019068 972:0.019068 978:0.019068 984:0.019068 990:0.019068 996:0.097767 1002:0.097767
client=pqc_client total=167 ok=167 err=0
client=pqc_client_2 total=167 ok=167 err=0
client=pqc_client_3 total=167 ok=167 err=0
client=pqc_client_4 total=167 ok=167 err=0
client=pqc_client_5 total=167 ok=167 err=0
client=pqc_client_6 total=167 ok=167 err=0
[*] Resumen guardado en: results/classic_p0_aggressive_006_resource_summary.txt
RUN_ID: classic_p0_aggressive_006
CSV: results/classic_p0_aggressive_006_docker_stats.csv

=== Resumen CPU% y MEM% (avg / max) por contenedor ===
pqc_client_2 -> CPU avg=17.47%, CPU max=97.81%, MEM avg=0.79%, MEM max=3.11%
pqc_client_3 -> CPU avg=16.81%, CPU max=90.90%, MEM avg=0.81%, MEM max=2.88%
pqc_monitor -> CPU avg=0.42%, CPU max=1.18%, MEM avg=0.17%, MEM max=0.17%
pqc_client_4 -> CPU avg=18.65%, CPU max=93.40%, MEM avg=0.79%, MEM max=2.64%
pqc_client_5 -> CPU avg=16.85%, CPU max=84.66%, MEM avg=0.82%, MEM max=2.47%
pqc_server -> CPU avg=13.18%, CPU max=50.99%, MEM avg=0.11%, MEM max=0.11%
pqc_client_6 -> CPU avg=17.87%, CPU max=80.86%, MEM avg=0.82%, MEM max=2.59%
pqc_client -> CPU avg=15.49%, CPU max=81.57%, MEM avg=0.68%, MEM max=2.32%
[2026-05-15 12:18:02] [*] Parando captura en pqc_monitor para classic_p0_aggressive_006
[*] Métricas TXT guardadas en results/classic_p0_aggressive_006_metrics.txt
[*] Métricas CSV guardadas en results/classic_p0_aggressive_006_metrics.csv
[*] Métricas TXT guardadas en results/classic_p0_aggressive_006_metrics.txt
[*] Métricas CSV guardadas en results/classic_p0_aggressive_006_metrics.csv
[2026-05-15 12:19:49] === RUN END: classic_p0_aggressive_006 ===

[2026-05-15 12:19:49] === RUN START: classic_p0_soft_001 ===
[2026-05-15 12:19:49] [*] Preparando captura en pqc_monitor (eth0) para classic_p0_soft_001
[*] Guardando muestras en: results/classic_p0_soft_001_docker_stats.csv
[*] Ejecutando comando medido: bash -lc ./scripts/run_client_once_rafaga.sh classic_p0_soft_001 1002; sleep 3
[*] Ráfaga clásica completada: 1002 conexiones en 6 clientes (poisson_jitter)
=== host results ===
-rw-rw-r-- 1 cristian cristian  301602 may 15 12:20 classic_p0_soft_001_client_err.txt
-rw-rw-r-- 1 cristian cristian   13403 may 15 12:20 classic_p0_soft_001_client.txt
-rw-rw-r-- 1 cristian cristian    3644 may 15 12:20 classic_p0_soft_001_docker_stats.csv
-rw-r--r-- 1 root     root       50267 may 15 12:20 classic_p0_soft_001_pqc_client_2_client_err.txt
-rw-r--r-- 1 root     root           0 may 15 12:20 classic_p0_soft_001_pqc_client_2_client.txt
-rw-r--r-- 1 root     root          43 may 15 12:20 classic_p0_soft_001_pqc_client_2_summary.txt
-rw-r--r-- 1 root     root       50267 may 15 12:20 classic_p0_soft_001_pqc_client_3_client_err.txt
-rw-r--r-- 1 root     root           0 may 15 12:20 classic_p0_soft_001_pqc_client_3_client.txt
-rw-r--r-- 1 root     root          43 may 15 12:20 classic_p0_soft_001_pqc_client_3_summary.txt
-rw-r--r-- 1 root     root       50267 may 15 12:20 classic_p0_soft_001_pqc_client_4_client_err.txt
-rw-r--r-- 1 root     root           0 may 15 12:20 classic_p0_soft_001_pqc_client_4_client.txt
-rw-r--r-- 1 root     root          43 may 15 12:20 classic_p0_soft_001_pqc_client_4_summary.txt
-rw-r--r-- 1 root     root       50267 may 15 12:20 classic_p0_soft_001_pqc_client_5_client_err.txt
-rw-r--r-- 1 root     root           0 may 15 12:20 classic_p0_soft_001_pqc_client_5_client.txt
-rw-r--r-- 1 root     root          43 may 15 12:20 classic_p0_soft_001_pqc_client_5_summary.txt
-rw-r--r-- 1 root     root       50267 may 15 12:20 classic_p0_soft_001_pqc_client_6_client_err.txt
-rw-r--r-- 1 root     root           0 may 15 12:20 classic_p0_soft_001_pqc_client_6_client.txt
-rw-r--r-- 1 root     root          43 may 15 12:20 classic_p0_soft_001_pqc_client_6_summary.txt
-rw-r--r-- 1 root     root       50267 may 15 12:20 classic_p0_soft_001_pqc_client_client_err.txt
-rw-r--r-- 1 root     root           0 may 15 12:20 classic_p0_soft_001_pqc_client_client.txt
-rw-r--r-- 1 root     root          41 may 15 12:20 classic_p0_soft_001_pqc_client_summary.txt
=== resumen por cliente ===
[*] Perfil poisson_jitter: llegadas no sincronizadas con Poisson+jitter
[*] pqc_client <= plan: 1:0.222720 7:0.222720 13:0.222720 19:0.222720 25:0.085117 31:0.085117 37:0.085117 43:0.085117 49:0.085117 55:0.085117 61:0.085117 67:0.085117 73:0.085117 79:0.085117 85:0.085117 91:0.085117 97:0.085117 103:0.085117 109:0.085117 115:0.085117 121:0.085117 127:0.085117 133:0.085117 139:0.085117 145:0.085117 151:0.085117 157:0.085117 163:0.085117 169:0.085117 175:0.085117 181:0.085117 187:0.085117 193:0.085117 199:0.045812 205:0.045812 211:0.045812 217:0.045812 223:0.045812 229:0.045812 235:0.045812 241:0.045812 247:0.045812 253:0.045812 259:0.045812 265:0.045812 271:0.045812 277:0.045812 283:0.045812 289:0.045812 295:0.045812 301:0.045812 307:0.045812 313:0.045812 319:0.045812 325:0.045812 331:0.045812 337:0.045812 343:0.045812 349:0.045812 355:0.045812 361:0.045812 367:0.045812 373:0.029755 379:0.029755 385:0.029755 391:0.029755 397:0.029755 403:0.029755 409:0.029755 415:0.029755 421:0.029755 427:0.029755 433:0.029755 439:0.029755 445:0.029755 451:0.029755 457:0.029755 463:0.029755 469:0.029755 475:0.029755 481:0.029755 487:0.029755 493:0.029755 499:0.029755 505:0.029755 511:0.010659 517:0.010659 523:0.010659 529:0.010659 535:0.010659 541:0.010659 547:0.010659 553:0.010659 559:0.010659 565:0.010659 571:0.010659 577:0.010659 583:0.010659 589:0.010659 595:0.010659 601:0.010659 607:0.010659 613:0.010659 619:0.010659 625:0.010659 631:0.010659 637:0.010659 643:0.010659 649:0.010659 655:0.010659 661:0.010659 667:0.010659 673:0.010659 679:0.053259 685:0.053259 691:0.053259 697:0.053259 703:0.053259 709:0.053259 715:0.053259 721:0.053259 727:0.053259 733:0.053259 739:0.053259 745:0.053259 751:0.053259 757:0.053259 763:0.053259 769:0.053259 775:0.053259 781:0.053259 787:0.053259 793:0.053259 799:0.053259 805:0.053259 811:0.053259 817:0.053259 823:0.053259 829:0.053259 835:0.053259 841:0.053259 847:0.053259 853:0.091474 859:0.091474 865:0.091474 871:0.091474 877:0.091474 883:0.091474 889:0.091474 895:0.091474 901:0.091474 907:0.091474 913:0.091474 919:0.091474 925:0.091474 931:0.091474 937:0.091474 943:0.091474 949:0.091474 955:0.091474 961:0.091474 967:0.091474 973:0.091474 979:0.091474 985:0.091474 991:0.091474 997:0.091474
[*] pqc_client_2 <= plan: 2:0.222720 8:0.222720 14:0.222720 20:0.222720 26:0.085117 32:0.085117 38:0.085117 44:0.085117 50:0.085117 56:0.085117 62:0.085117 68:0.085117 74:0.085117 80:0.085117 86:0.085117 92:0.085117 98:0.085117 104:0.085117 110:0.085117 116:0.085117 122:0.085117 128:0.085117 134:0.085117 140:0.085117 146:0.085117 152:0.085117 158:0.085117 164:0.085117 170:0.085117 176:0.085117 182:0.085117 188:0.085117 194:0.085117 200:0.045812 206:0.045812 212:0.045812 218:0.045812 224:0.045812 230:0.045812 236:0.045812 242:0.045812 248:0.045812 254:0.045812 260:0.045812 266:0.045812 272:0.045812 278:0.045812 284:0.045812 290:0.045812 296:0.045812 302:0.045812 308:0.045812 314:0.045812 320:0.045812 326:0.045812 332:0.045812 338:0.045812 344:0.045812 350:0.045812 356:0.045812 362:0.045812 368:0.045812 374:0.029755 380:0.029755 386:0.029755 392:0.029755 398:0.029755 404:0.029755 410:0.029755 416:0.029755 422:0.029755 428:0.029755 434:0.029755 440:0.029755 446:0.029755 452:0.029755 458:0.029755 464:0.029755 470:0.029755 476:0.029755 482:0.029755 488:0.029755 494:0.029755 500:0.029755 506:0.029755 512:0.010659 518:0.010659 524:0.010659 530:0.010659 536:0.010659 542:0.010659 548:0.010659 554:0.010659 560:0.010659 566:0.010659 572:0.010659 578:0.010659 584:0.010659 590:0.010659 596:0.010659 602:0.010659 608:0.010659 614:0.010659 620:0.010659 626:0.010659 632:0.010659 638:0.010659 644:0.010659 650:0.010659 656:0.010659 662:0.010659 668:0.010659 674:0.010659 680:0.053259 686:0.053259 692:0.053259 698:0.053259 704:0.053259 710:0.053259 716:0.053259 722:0.053259 728:0.053259 734:0.053259 740:0.053259 746:0.053259 752:0.053259 758:0.053259 764:0.053259 770:0.053259 776:0.053259 782:0.053259 788:0.053259 794:0.053259 800:0.053259 806:0.053259 812:0.053259 818:0.053259 824:0.053259 830:0.053259 836:0.053259 842:0.053259 848:0.053259 854:0.091474 860:0.091474 866:0.091474 872:0.091474 878:0.091474 884:0.091474 890:0.091474 896:0.091474 902:0.091474 908:0.091474 914:0.091474 920:0.091474 926:0.091474 932:0.091474 938:0.091474 944:0.091474 950:0.091474 956:0.091474 962:0.091474 968:0.091474 974:0.091474 980:0.091474 986:0.091474 992:0.091474 998:0.091474
[*] pqc_client_3 <= plan: 3:0.222720 9:0.222720 15:0.222720 21:0.222720 27:0.085117 33:0.085117 39:0.085117 45:0.085117 51:0.085117 57:0.085117 63:0.085117 69:0.085117 75:0.085117 81:0.085117 87:0.085117 93:0.085117 99:0.085117 105:0.085117 111:0.085117 117:0.085117 123:0.085117 129:0.085117 135:0.085117 141:0.085117 147:0.085117 153:0.085117 159:0.085117 165:0.085117 171:0.085117 177:0.085117 183:0.085117 189:0.085117 195:0.085117 201:0.045812 207:0.045812 213:0.045812 219:0.045812 225:0.045812 231:0.045812 237:0.045812 243:0.045812 249:0.045812 255:0.045812 261:0.045812 267:0.045812 273:0.045812 279:0.045812 285:0.045812 291:0.045812 297:0.045812 303:0.045812 309:0.045812 315:0.045812 321:0.045812 327:0.045812 333:0.045812 339:0.045812 345:0.045812 351:0.045812 357:0.045812 363:0.045812 369:0.029755 375:0.029755 381:0.029755 387:0.029755 393:0.029755 399:0.029755 405:0.029755 411:0.029755 417:0.029755 423:0.029755 429:0.029755 435:0.029755 441:0.029755 447:0.029755 453:0.029755 459:0.029755 465:0.029755 471:0.029755 477:0.029755 483:0.029755 489:0.029755 495:0.029755 501:0.029755 507:0.029755 513:0.010659 519:0.010659 525:0.010659 531:0.010659 537:0.010659 543:0.010659 549:0.010659 555:0.010659 561:0.010659 567:0.010659 573:0.010659 579:0.010659 585:0.010659 591:0.010659 597:0.010659 603:0.010659 609:0.010659 615:0.010659 621:0.010659 627:0.010659 633:0.010659 639:0.010659 645:0.010659 651:0.010659 657:0.010659 663:0.010659 669:0.010659 675:0.010659 681:0.053259 687:0.053259 693:0.053259 699:0.053259 705:0.053259 711:0.053259 717:0.053259 723:0.053259 729:0.053259 735:0.053259 741:0.053259 747:0.053259 753:0.053259 759:0.053259 765:0.053259 771:0.053259 777:0.053259 783:0.053259 789:0.053259 795:0.053259 801:0.053259 807:0.053259 813:0.053259 819:0.053259 825:0.053259 831:0.053259 837:0.053259 843:0.053259 849:0.053259 855:0.091474 861:0.091474 867:0.091474 873:0.091474 879:0.091474 885:0.091474 891:0.091474 897:0.091474 903:0.091474 909:0.091474 915:0.091474 921:0.091474 927:0.091474 933:0.091474 939:0.091474 945:0.091474 951:0.091474 957:0.091474 963:0.091474 969:0.091474 975:0.091474 981:0.091474 987:0.091474 993:0.091474 999:0.091474
[*] pqc_client_4 <= plan: 4:0.222720 10:0.222720 16:0.222720 22:0.222720 28:0.085117 34:0.085117 40:0.085117 46:0.085117 52:0.085117 58:0.085117 64:0.085117 70:0.085117 76:0.085117 82:0.085117 88:0.085117 94:0.085117 100:0.085117 106:0.085117 112:0.085117 118:0.085117 124:0.085117 130:0.085117 136:0.085117 142:0.085117 148:0.085117 154:0.085117 160:0.085117 166:0.085117 172:0.085117 178:0.085117 184:0.085117 190:0.085117 196:0.045812 202:0.045812 208:0.045812 214:0.045812 220:0.045812 226:0.045812 232:0.045812 238:0.045812 244:0.045812 250:0.045812 256:0.045812 262:0.045812 268:0.045812 274:0.045812 280:0.045812 286:0.045812 292:0.045812 298:0.045812 304:0.045812 310:0.045812 316:0.045812 322:0.045812 328:0.045812 334:0.045812 340:0.045812 346:0.045812 352:0.045812 358:0.045812 364:0.045812 370:0.029755 376:0.029755 382:0.029755 388:0.029755 394:0.029755 400:0.029755 406:0.029755 412:0.029755 418:0.029755 424:0.029755 430:0.029755 436:0.029755 442:0.029755 448:0.029755 454:0.029755 460:0.029755 466:0.029755 472:0.029755 478:0.029755 484:0.029755 490:0.029755 496:0.029755 502:0.029755 508:0.029755 514:0.010659 520:0.010659 526:0.010659 532:0.010659 538:0.010659 544:0.010659 550:0.010659 556:0.010659 562:0.010659 568:0.010659 574:0.010659 580:0.010659 586:0.010659 592:0.010659 598:0.010659 604:0.010659 610:0.010659 616:0.010659 622:0.010659 628:0.010659 634:0.010659 640:0.010659 646:0.010659 652:0.010659 658:0.010659 664:0.010659 670:0.010659 676:0.010659 682:0.053259 688:0.053259 694:0.053259 700:0.053259 706:0.053259 712:0.053259 718:0.053259 724:0.053259 730:0.053259 736:0.053259 742:0.053259 748:0.053259 754:0.053259 760:0.053259 766:0.053259 772:0.053259 778:0.053259 784:0.053259 790:0.053259 796:0.053259 802:0.053259 808:0.053259 814:0.053259 820:0.053259 826:0.053259 832:0.053259 838:0.053259 844:0.053259 850:0.091474 856:0.091474 862:0.091474 868:0.091474 874:0.091474 880:0.091474 886:0.091474 892:0.091474 898:0.091474 904:0.091474 910:0.091474 916:0.091474 922:0.091474 928:0.091474 934:0.091474 940:0.091474 946:0.091474 952:0.091474 958:0.091474 964:0.091474 970:0.091474 976:0.091474 982:0.091474 988:0.091474 994:0.091474 1000:0.091474
[*] pqc_client_5 <= plan: 5:0.222720 11:0.222720 17:0.222720 23:0.222720 29:0.085117 35:0.085117 41:0.085117 47:0.085117 53:0.085117 59:0.085117 65:0.085117 71:0.085117 77:0.085117 83:0.085117 89:0.085117 95:0.085117 101:0.085117 107:0.085117 113:0.085117 119:0.085117 125:0.085117 131:0.085117 137:0.085117 143:0.085117 149:0.085117 155:0.085117 161:0.085117 167:0.085117 173:0.085117 179:0.085117 185:0.085117 191:0.085117 197:0.045812 203:0.045812 209:0.045812 215:0.045812 221:0.045812 227:0.045812 233:0.045812 239:0.045812 245:0.045812 251:0.045812 257:0.045812 263:0.045812 269:0.045812 275:0.045812 281:0.045812 287:0.045812 293:0.045812 299:0.045812 305:0.045812 311:0.045812 317:0.045812 323:0.045812 329:0.045812 335:0.045812 341:0.045812 347:0.045812 353:0.045812 359:0.045812 365:0.045812 371:0.029755 377:0.029755 383:0.029755 389:0.029755 395:0.029755 401:0.029755 407:0.029755 413:0.029755 419:0.029755 425:0.029755 431:0.029755 437:0.029755 443:0.029755 449:0.029755 455:0.029755 461:0.029755 467:0.029755 473:0.029755 479:0.029755 485:0.029755 491:0.029755 497:0.029755 503:0.029755 509:0.010659 515:0.010659 521:0.010659 527:0.010659 533:0.010659 539:0.010659 545:0.010659 551:0.010659 557:0.010659 563:0.010659 569:0.010659 575:0.010659 581:0.010659 587:0.010659 593:0.010659 599:0.010659 605:0.010659 611:0.010659 617:0.010659 623:0.010659 629:0.010659 635:0.010659 641:0.010659 647:0.010659 653:0.010659 659:0.010659 665:0.010659 671:0.010659 677:0.053259 683:0.053259 689:0.053259 695:0.053259 701:0.053259 707:0.053259 713:0.053259 719:0.053259 725:0.053259 731:0.053259 737:0.053259 743:0.053259 749:0.053259 755:0.053259 761:0.053259 767:0.053259 773:0.053259 779:0.053259 785:0.053259 791:0.053259 797:0.053259 803:0.053259 809:0.053259 815:0.053259 821:0.053259 827:0.053259 833:0.053259 839:0.053259 845:0.053259 851:0.091474 857:0.091474 863:0.091474 869:0.091474 875:0.091474 881:0.091474 887:0.091474 893:0.091474 899:0.091474 905:0.091474 911:0.091474 917:0.091474 923:0.091474 929:0.091474 935:0.091474 941:0.091474 947:0.091474 953:0.091474 959:0.091474 965:0.091474 971:0.091474 977:0.091474 983:0.091474 989:0.091474 995:0.091474 1001:0.091474
[*] pqc_client_6 <= plan: 6:0.222720 12:0.222720 18:0.222720 24:0.085117 30:0.085117 36:0.085117 42:0.085117 48:0.085117 54:0.085117 60:0.085117 66:0.085117 72:0.085117 78:0.085117 84:0.085117 90:0.085117 96:0.085117 102:0.085117 108:0.085117 114:0.085117 120:0.085117 126:0.085117 132:0.085117 138:0.085117 144:0.085117 150:0.085117 156:0.085117 162:0.085117 168:0.085117 174:0.085117 180:0.085117 186:0.085117 192:0.085117 198:0.045812 204:0.045812 210:0.045812 216:0.045812 222:0.045812 228:0.045812 234:0.045812 240:0.045812 246:0.045812 252:0.045812 258:0.045812 264:0.045812 270:0.045812 276:0.045812 282:0.045812 288:0.045812 294:0.045812 300:0.045812 306:0.045812 312:0.045812 318:0.045812 324:0.045812 330:0.045812 336:0.045812 342:0.045812 348:0.045812 354:0.045812 360:0.045812 366:0.045812 372:0.029755 378:0.029755 384:0.029755 390:0.029755 396:0.029755 402:0.029755 408:0.029755 414:0.029755 420:0.029755 426:0.029755 432:0.029755 438:0.029755 444:0.029755 450:0.029755 456:0.029755 462:0.029755 468:0.029755 474:0.029755 480:0.029755 486:0.029755 492:0.029755 498:0.029755 504:0.029755 510:0.010659 516:0.010659 522:0.010659 528:0.010659 534:0.010659 540:0.010659 546:0.010659 552:0.010659 558:0.010659 564:0.010659 570:0.010659 576:0.010659 582:0.010659 588:0.010659 594:0.010659 600:0.010659 606:0.010659 612:0.010659 618:0.010659 624:0.010659 630:0.010659 636:0.010659 642:0.010659 648:0.010659 654:0.010659 660:0.010659 666:0.010659 672:0.010659 678:0.053259 684:0.053259 690:0.053259 696:0.053259 702:0.053259 708:0.053259 714:0.053259 720:0.053259 726:0.053259 732:0.053259 738:0.053259 744:0.053259 750:0.053259 756:0.053259 762:0.053259 768:0.053259 774:0.053259 780:0.053259 786:0.053259 792:0.053259 798:0.053259 804:0.053259 810:0.053259 816:0.053259 822:0.053259 828:0.053259 834:0.053259 840:0.053259 846:0.053259 852:0.091474 858:0.091474 864:0.091474 870:0.091474 876:0.091474 882:0.091474 888:0.091474 894:0.091474 900:0.091474 906:0.091474 912:0.091474 918:0.091474 924:0.091474 930:0.091474 936:0.091474 942:0.091474 948:0.091474 954:0.091474 960:0.091474 966:0.091474 972:0.091474 978:0.091474 984:0.091474 990:0.091474 996:0.091474 1002:0.000000
client=pqc_client total=167 ok=167 err=0
client=pqc_client_2 total=167 ok=167 err=0
client=pqc_client_3 total=167 ok=167 err=0
client=pqc_client_4 total=167 ok=167 err=0
client=pqc_client_5 total=167 ok=167 err=0
client=pqc_client_6 total=167 ok=167 err=0
[*] Resumen guardado en: results/classic_p0_soft_001_resource_summary.txt
RUN_ID: classic_p0_soft_001
CSV: results/classic_p0_soft_001_docker_stats.csv

=== Resumen CPU% y MEM% (avg / max) por contenedor ===
pqc_client_2 -> CPU avg=16.10%, CPU max=73.22%, MEM avg=0.86%, MEM max=2.53%
pqc_client_3 -> CPU avg=15.45%, CPU max=78.19%, MEM avg=0.85%, MEM max=2.49%
pqc_monitor -> CPU avg=0.36%, CPU max=1.33%, MEM avg=0.17%, MEM max=0.17%
pqc_client_4 -> CPU avg=16.66%, CPU max=80.09%, MEM avg=0.89%, MEM max=2.50%
pqc_client_5 -> CPU avg=14.95%, CPU max=77.12%, MEM avg=0.86%, MEM max=2.67%
pqc_server -> CPU avg=14.70%, CPU max=51.25%, MEM avg=0.11%, MEM max=0.11%
pqc_client_6 -> CPU avg=16.71%, CPU max=82.85%, MEM avg=0.87%, MEM max=2.77%
pqc_client -> CPU avg=14.47%, CPU max=75.34%, MEM avg=0.86%, MEM max=2.67%
[2026-05-15 12:20:17] [*] Parando captura en pqc_monitor para classic_p0_soft_001
[*] Métricas TXT guardadas en results/classic_p0_soft_001_metrics.txt
[*] Métricas CSV guardadas en results/classic_p0_soft_001_metrics.csv
[*] Métricas TXT guardadas en results/classic_p0_soft_001_metrics.txt
[*] Métricas CSV guardadas en results/classic_p0_soft_001_metrics.csv
[2026-05-15 12:21:51] === RUN END: classic_p0_soft_001 ===

[2026-05-15 12:21:51] === RUN START: classic_p0_soft_002 ===
[2026-05-15 12:21:51] [*] Preparando captura en pqc_monitor (eth0) para classic_p0_soft_002
[*] Guardando muestras en: results/classic_p0_soft_002_docker_stats.csv
[*] Ejecutando comando medido: bash -lc ./scripts/run_client_once_rafaga.sh classic_p0_soft_002 1002; sleep 3
[*] Ráfaga clásica completada: 1002 conexiones en 6 clientes (poisson_jitter)
=== host results ===
-rw-rw-r-- 1 cristian cristian  301602 may 15 12:22 classic_p0_soft_002_client_err.txt
-rw-rw-r-- 1 cristian cristian   13403 may 15 12:22 classic_p0_soft_002_client.txt
-rw-rw-r-- 1 cristian cristian    3252 may 15 12:22 classic_p0_soft_002_docker_stats.csv
-rw-r--r-- 1 root     root       50267 may 15 12:22 classic_p0_soft_002_pqc_client_2_client_err.txt
-rw-r--r-- 1 root     root           0 may 15 12:22 classic_p0_soft_002_pqc_client_2_client.txt
-rw-r--r-- 1 root     root          43 may 15 12:22 classic_p0_soft_002_pqc_client_2_summary.txt
-rw-r--r-- 1 root     root       50267 may 15 12:22 classic_p0_soft_002_pqc_client_3_client_err.txt
-rw-r--r-- 1 root     root           0 may 15 12:22 classic_p0_soft_002_pqc_client_3_client.txt
-rw-r--r-- 1 root     root          43 may 15 12:22 classic_p0_soft_002_pqc_client_3_summary.txt
-rw-r--r-- 1 root     root       50267 may 15 12:22 classic_p0_soft_002_pqc_client_4_client_err.txt
-rw-r--r-- 1 root     root           0 may 15 12:22 classic_p0_soft_002_pqc_client_4_client.txt
-rw-r--r-- 1 root     root          43 may 15 12:22 classic_p0_soft_002_pqc_client_4_summary.txt
-rw-r--r-- 1 root     root       50267 may 15 12:22 classic_p0_soft_002_pqc_client_5_client_err.txt
-rw-r--r-- 1 root     root           0 may 15 12:22 classic_p0_soft_002_pqc_client_5_client.txt
-rw-r--r-- 1 root     root          43 may 15 12:22 classic_p0_soft_002_pqc_client_5_summary.txt
-rw-r--r-- 1 root     root       50267 may 15 12:22 classic_p0_soft_002_pqc_client_6_client_err.txt
-rw-r--r-- 1 root     root           0 may 15 12:22 classic_p0_soft_002_pqc_client_6_client.txt
-rw-r--r-- 1 root     root          43 may 15 12:22 classic_p0_soft_002_pqc_client_6_summary.txt
-rw-r--r-- 1 root     root       50267 may 15 12:22 classic_p0_soft_002_pqc_client_client_err.txt
-rw-r--r-- 1 root     root           0 may 15 12:22 classic_p0_soft_002_pqc_client_client.txt
-rw-r--r-- 1 root     root          41 may 15 12:22 classic_p0_soft_002_pqc_client_summary.txt
=== resumen por cliente ===
[*] Perfil poisson_jitter: llegadas no sincronizadas con Poisson+jitter
[*] pqc_client <= plan: 1:0.000000 7:0.000000 13:0.000000 19:0.000000 25:0.000000 31:0.000000 37:0.000000 43:0.000000 49:0.000000 55:0.000000 61:0.000000 67:0.000000 73:0.000000 79:0.000000 85:0.000000 91:0.143480 97:0.143480 103:0.143480 109:0.143480 115:0.143480 121:0.143480 127:0.143480 133:0.143480 139:0.143480 145:0.143480 151:0.143480 157:0.143480 163:0.143480 169:0.143480 175:0.143480 181:0.143480 187:0.143480 193:0.143480 199:0.143480 205:0.143480 211:0.143480 217:0.143480 223:0.143480 229:0.143480 235:0.143480 241:0.143480 247:0.143480 253:0.143480 259:0.143480 265:0.143480 271:0.143480 277:0.143480 283:0.143480 289:0.143480 295:0.143480 301:0.143480 307:0.143480 313:0.143480 319:0.143480 325:0.112223 331:0.112223 337:0.112223 343:0.112223 349:0.112223 355:0.112223 361:0.112223 367:0.112223 373:0.112223 379:0.112223 385:0.112223 391:0.112223 397:0.112223 403:0.112223 409:0.112223 415:0.112223 421:0.112223 427:0.112223 433:0.112223 439:0.112223 445:0.112223 451:0.112223 457:0.112223 463:0.112223 469:0.112223 475:0.112223 481:0.112223 487:0.112223 493:0.112223 499:0.112223 505:0.112223 511:0.112223 517:0.112223 523:0.112223 529:0.034545 535:0.034545 541:0.034545 547:0.034545 553:0.034545 559:0.034545 565:0.034545 571:0.034545 577:0.034545 583:0.034545 589:0.034545 595:0.034545 601:0.034545 607:0.034545 613:0.034545 619:0.034545 625:0.034545 631:0.034545 637:0.034545 643:0.034545 649:0.034545 655:0.034545 661:0.034545 667:0.034545 673:0.034545 679:0.034545 685:0.226618 691:0.226618 697:0.226618 703:0.226618 709:0.226618 715:0.226618 721:0.226618 727:0.226618 733:0.226618 739:0.226618 745:0.226618 751:0.226618 757:0.226618 763:0.226618 769:0.226618 775:0.226618 781:0.226618 787:0.226618 793:0.226618 799:0.226618 805:0.226618 811:0.226618 817:0.226618 823:0.226618 829:0.226618 835:0.226618 841:0.226618 847:0.226618 853:0.226618 859:0.226618 865:0.226618 871:0.226618 877:0.226618 883:0.226618 889:0.025841 895:0.025841 901:0.025841 907:0.025841 913:0.025841 919:0.025841 925:0.025841 931:0.025841 937:0.025841 943:0.025841 949:0.025841 955:0.025841 961:0.025841 967:0.025841 973:0.025841 979:0.025841 985:0.025841 991:0.025841 997:0.025841
[*] pqc_client_2 <= plan: 2:0.000000 8:0.000000 14:0.000000 20:0.000000 26:0.000000 32:0.000000 38:0.000000 44:0.000000 50:0.000000 56:0.000000 62:0.000000 68:0.000000 74:0.000000 80:0.000000 86:0.000000 92:0.143480 98:0.143480 104:0.143480 110:0.143480 116:0.143480 122:0.143480 128:0.143480 134:0.143480 140:0.143480 146:0.143480 152:0.143480 158:0.143480 164:0.143480 170:0.143480 176:0.143480 182:0.143480 188:0.143480 194:0.143480 200:0.143480 206:0.143480 212:0.143480 218:0.143480 224:0.143480 230:0.143480 236:0.143480 242:0.143480 248:0.143480 254:0.143480 260:0.143480 266:0.143480 272:0.143480 278:0.143480 284:0.143480 290:0.143480 296:0.143480 302:0.143480 308:0.143480 314:0.143480 320:0.143480 326:0.112223 332:0.112223 338:0.112223 344:0.112223 350:0.112223 356:0.112223 362:0.112223 368:0.112223 374:0.112223 380:0.112223 386:0.112223 392:0.112223 398:0.112223 404:0.112223 410:0.112223 416:0.112223 422:0.112223 428:0.112223 434:0.112223 440:0.112223 446:0.112223 452:0.112223 458:0.112223 464:0.112223 470:0.112223 476:0.112223 482:0.112223 488:0.112223 494:0.112223 500:0.112223 506:0.112223 512:0.112223 518:0.112223 524:0.112223 530:0.034545 536:0.034545 542:0.034545 548:0.034545 554:0.034545 560:0.034545 566:0.034545 572:0.034545 578:0.034545 584:0.034545 590:0.034545 596:0.034545 602:0.034545 608:0.034545 614:0.034545 620:0.034545 626:0.034545 632:0.034545 638:0.034545 644:0.034545 650:0.034545 656:0.034545 662:0.034545 668:0.034545 674:0.034545 680:0.034545 686:0.226618 692:0.226618 698:0.226618 704:0.226618 710:0.226618 716:0.226618 722:0.226618 728:0.226618 734:0.226618 740:0.226618 746:0.226618 752:0.226618 758:0.226618 764:0.226618 770:0.226618 776:0.226618 782:0.226618 788:0.226618 794:0.226618 800:0.226618 806:0.226618 812:0.226618 818:0.226618 824:0.226618 830:0.226618 836:0.226618 842:0.226618 848:0.226618 854:0.226618 860:0.226618 866:0.226618 872:0.226618 878:0.226618 884:0.226618 890:0.025841 896:0.025841 902:0.025841 908:0.025841 914:0.025841 920:0.025841 926:0.025841 932:0.025841 938:0.025841 944:0.025841 950:0.025841 956:0.025841 962:0.025841 968:0.025841 974:0.025841 980:0.025841 986:0.025841 992:0.025841 998:0.025841
[*] pqc_client_3 <= plan: 3:0.000000 9:0.000000 15:0.000000 21:0.000000 27:0.000000 33:0.000000 39:0.000000 45:0.000000 51:0.000000 57:0.000000 63:0.000000 69:0.000000 75:0.000000 81:0.000000 87:0.000000 93:0.143480 99:0.143480 105:0.143480 111:0.143480 117:0.143480 123:0.143480 129:0.143480 135:0.143480 141:0.143480 147:0.143480 153:0.143480 159:0.143480 165:0.143480 171:0.143480 177:0.143480 183:0.143480 189:0.143480 195:0.143480 201:0.143480 207:0.143480 213:0.143480 219:0.143480 225:0.143480 231:0.143480 237:0.143480 243:0.143480 249:0.143480 255:0.143480 261:0.143480 267:0.143480 273:0.143480 279:0.143480 285:0.143480 291:0.143480 297:0.143480 303:0.143480 309:0.143480 315:0.143480 321:0.143480 327:0.112223 333:0.112223 339:0.112223 345:0.112223 351:0.112223 357:0.112223 363:0.112223 369:0.112223 375:0.112223 381:0.112223 387:0.112223 393:0.112223 399:0.112223 405:0.112223 411:0.112223 417:0.112223 423:0.112223 429:0.112223 435:0.112223 441:0.112223 447:0.112223 453:0.112223 459:0.112223 465:0.112223 471:0.112223 477:0.112223 483:0.112223 489:0.112223 495:0.112223 501:0.112223 507:0.112223 513:0.112223 519:0.112223 525:0.034545 531:0.034545 537:0.034545 543:0.034545 549:0.034545 555:0.034545 561:0.034545 567:0.034545 573:0.034545 579:0.034545 585:0.034545 591:0.034545 597:0.034545 603:0.034545 609:0.034545 615:0.034545 621:0.034545 627:0.034545 633:0.034545 639:0.034545 645:0.034545 651:0.034545 657:0.034545 663:0.034545 669:0.034545 675:0.034545 681:0.226618 687:0.226618 693:0.226618 699:0.226618 705:0.226618 711:0.226618 717:0.226618 723:0.226618 729:0.226618 735:0.226618 741:0.226618 747:0.226618 753:0.226618 759:0.226618 765:0.226618 771:0.226618 777:0.226618 783:0.226618 789:0.226618 795:0.226618 801:0.226618 807:0.226618 813:0.226618 819:0.226618 825:0.226618 831:0.226618 837:0.226618 843:0.226618 849:0.226618 855:0.226618 861:0.226618 867:0.226618 873:0.226618 879:0.226618 885:0.226618 891:0.025841 897:0.025841 903:0.025841 909:0.025841 915:0.025841 921:0.025841 927:0.025841 933:0.025841 939:0.025841 945:0.025841 951:0.025841 957:0.025841 963:0.025841 969:0.025841 975:0.025841 981:0.025841 987:0.025841 993:0.025841 999:0.025841
[*] pqc_client_4 <= plan: 4:0.000000 10:0.000000 16:0.000000 22:0.000000 28:0.000000 34:0.000000 40:0.000000 46:0.000000 52:0.000000 58:0.000000 64:0.000000 70:0.000000 76:0.000000 82:0.000000 88:0.000000 94:0.143480 100:0.143480 106:0.143480 112:0.143480 118:0.143480 124:0.143480 130:0.143480 136:0.143480 142:0.143480 148:0.143480 154:0.143480 160:0.143480 166:0.143480 172:0.143480 178:0.143480 184:0.143480 190:0.143480 196:0.143480 202:0.143480 208:0.143480 214:0.143480 220:0.143480 226:0.143480 232:0.143480 238:0.143480 244:0.143480 250:0.143480 256:0.143480 262:0.143480 268:0.143480 274:0.143480 280:0.143480 286:0.143480 292:0.143480 298:0.143480 304:0.143480 310:0.143480 316:0.143480 322:0.143480 328:0.112223 334:0.112223 340:0.112223 346:0.112223 352:0.112223 358:0.112223 364:0.112223 370:0.112223 376:0.112223 382:0.112223 388:0.112223 394:0.112223 400:0.112223 406:0.112223 412:0.112223 418:0.112223 424:0.112223 430:0.112223 436:0.112223 442:0.112223 448:0.112223 454:0.112223 460:0.112223 466:0.112223 472:0.112223 478:0.112223 484:0.112223 490:0.112223 496:0.112223 502:0.112223 508:0.112223 514:0.112223 520:0.112223 526:0.034545 532:0.034545 538:0.034545 544:0.034545 550:0.034545 556:0.034545 562:0.034545 568:0.034545 574:0.034545 580:0.034545 586:0.034545 592:0.034545 598:0.034545 604:0.034545 610:0.034545 616:0.034545 622:0.034545 628:0.034545 634:0.034545 640:0.034545 646:0.034545 652:0.034545 658:0.034545 664:0.034545 670:0.034545 676:0.034545 682:0.226618 688:0.226618 694:0.226618 700:0.226618 706:0.226618 712:0.226618 718:0.226618 724:0.226618 730:0.226618 736:0.226618 742:0.226618 748:0.226618 754:0.226618 760:0.226618 766:0.226618 772:0.226618 778:0.226618 784:0.226618 790:0.226618 796:0.226618 802:0.226618 808:0.226618 814:0.226618 820:0.226618 826:0.226618 832:0.226618 838:0.226618 844:0.226618 850:0.226618 856:0.226618 862:0.226618 868:0.226618 874:0.226618 880:0.226618 886:0.226618 892:0.025841 898:0.025841 904:0.025841 910:0.025841 916:0.025841 922:0.025841 928:0.025841 934:0.025841 940:0.025841 946:0.025841 952:0.025841 958:0.025841 964:0.025841 970:0.025841 976:0.025841 982:0.025841 988:0.025841 994:0.025841 1000:0.025841
[*] pqc_client_5 <= plan: 5:0.000000 11:0.000000 17:0.000000 23:0.000000 29:0.000000 35:0.000000 41:0.000000 47:0.000000 53:0.000000 59:0.000000 65:0.000000 71:0.000000 77:0.000000 83:0.000000 89:0.000000 95:0.143480 101:0.143480 107:0.143480 113:0.143480 119:0.143480 125:0.143480 131:0.143480 137:0.143480 143:0.143480 149:0.143480 155:0.143480 161:0.143480 167:0.143480 173:0.143480 179:0.143480 185:0.143480 191:0.143480 197:0.143480 203:0.143480 209:0.143480 215:0.143480 221:0.143480 227:0.143480 233:0.143480 239:0.143480 245:0.143480 251:0.143480 257:0.143480 263:0.143480 269:0.143480 275:0.143480 281:0.143480 287:0.143480 293:0.143480 299:0.143480 305:0.143480 311:0.143480 317:0.143480 323:0.112223 329:0.112223 335:0.112223 341:0.112223 347:0.112223 353:0.112223 359:0.112223 365:0.112223 371:0.112223 377:0.112223 383:0.112223 389:0.112223 395:0.112223 401:0.112223 407:0.112223 413:0.112223 419:0.112223 425:0.112223 431:0.112223 437:0.112223 443:0.112223 449:0.112223 455:0.112223 461:0.112223 467:0.112223 473:0.112223 479:0.112223 485:0.112223 491:0.112223 497:0.112223 503:0.112223 509:0.112223 515:0.112223 521:0.112223 527:0.034545 533:0.034545 539:0.034545 545:0.034545 551:0.034545 557:0.034545 563:0.034545 569:0.034545 575:0.034545 581:0.034545 587:0.034545 593:0.034545 599:0.034545 605:0.034545 611:0.034545 617:0.034545 623:0.034545 629:0.034545 635:0.034545 641:0.034545 647:0.034545 653:0.034545 659:0.034545 665:0.034545 671:0.034545 677:0.034545 683:0.226618 689:0.226618 695:0.226618 701:0.226618 707:0.226618 713:0.226618 719:0.226618 725:0.226618 731:0.226618 737:0.226618 743:0.226618 749:0.226618 755:0.226618 761:0.226618 767:0.226618 773:0.226618 779:0.226618 785:0.226618 791:0.226618 797:0.226618 803:0.226618 809:0.226618 815:0.226618 821:0.226618 827:0.226618 833:0.226618 839:0.226618 845:0.226618 851:0.226618 857:0.226618 863:0.226618 869:0.226618 875:0.226618 881:0.226618 887:0.226618 893:0.025841 899:0.025841 905:0.025841 911:0.025841 917:0.025841 923:0.025841 929:0.025841 935:0.025841 941:0.025841 947:0.025841 953:0.025841 959:0.025841 965:0.025841 971:0.025841 977:0.025841 983:0.025841 989:0.025841 995:0.025841 1001:0.025841
[*] pqc_client_6 <= plan: 6:0.000000 12:0.000000 18:0.000000 24:0.000000 30:0.000000 36:0.000000 42:0.000000 48:0.000000 54:0.000000 60:0.000000 66:0.000000 72:0.000000 78:0.000000 84:0.000000 90:0.143480 96:0.143480 102:0.143480 108:0.143480 114:0.143480 120:0.143480 126:0.143480 132:0.143480 138:0.143480 144:0.143480 150:0.143480 156:0.143480 162:0.143480 168:0.143480 174:0.143480 180:0.143480 186:0.143480 192:0.143480 198:0.143480 204:0.143480 210:0.143480 216:0.143480 222:0.143480 228:0.143480 234:0.143480 240:0.143480 246:0.143480 252:0.143480 258:0.143480 264:0.143480 270:0.143480 276:0.143480 282:0.143480 288:0.143480 294:0.143480 300:0.143480 306:0.143480 312:0.143480 318:0.143480 324:0.112223 330:0.112223 336:0.112223 342:0.112223 348:0.112223 354:0.112223 360:0.112223 366:0.112223 372:0.112223 378:0.112223 384:0.112223 390:0.112223 396:0.112223 402:0.112223 408:0.112223 414:0.112223 420:0.112223 426:0.112223 432:0.112223 438:0.112223 444:0.112223 450:0.112223 456:0.112223 462:0.112223 468:0.112223 474:0.112223 480:0.112223 486:0.112223 492:0.112223 498:0.112223 504:0.112223 510:0.112223 516:0.112223 522:0.112223 528:0.034545 534:0.034545 540:0.034545 546:0.034545 552:0.034545 558:0.034545 564:0.034545 570:0.034545 576:0.034545 582:0.034545 588:0.034545 594:0.034545 600:0.034545 606:0.034545 612:0.034545 618:0.034545 624:0.034545 630:0.034545 636:0.034545 642:0.034545 648:0.034545 654:0.034545 660:0.034545 666:0.034545 672:0.034545 678:0.034545 684:0.226618 690:0.226618 696:0.226618 702:0.226618 708:0.226618 714:0.226618 720:0.226618 726:0.226618 732:0.226618 738:0.226618 744:0.226618 750:0.226618 756:0.226618 762:0.226618 768:0.226618 774:0.226618 780:0.226618 786:0.226618 792:0.226618 798:0.226618 804:0.226618 810:0.226618 816:0.226618 822:0.226618 828:0.226618 834:0.226618 840:0.226618 846:0.226618 852:0.226618 858:0.226618 864:0.226618 870:0.226618 876:0.226618 882:0.226618 888:0.226618 894:0.025841 900:0.025841 906:0.025841 912:0.025841 918:0.025841 924:0.025841 930:0.025841 936:0.025841 942:0.025841 948:0.025841 954:0.025841 960:0.025841 966:0.025841 972:0.025841 978:0.025841 984:0.025841 990:0.025841 996:0.025841 1002:0.025841
client=pqc_client total=167 ok=167 err=0
client=pqc_client_2 total=167 ok=167 err=0
client=pqc_client_3 total=167 ok=167 err=0
client=pqc_client_4 total=167 ok=167 err=0
client=pqc_client_5 total=167 ok=167 err=0
client=pqc_client_6 total=167 ok=167 err=0
[*] Resumen guardado en: results/classic_p0_soft_002_resource_summary.txt
RUN_ID: classic_p0_soft_002
CSV: results/classic_p0_soft_002_docker_stats.csv

=== Resumen CPU% y MEM% (avg / max) por contenedor ===
pqc_client_2 -> CPU avg=19.98%, CPU max=90.37%, MEM avg=0.91%, MEM max=3.38%
pqc_client_3 -> CPU avg=20.46%, CPU max=84.13%, MEM avg=0.89%, MEM max=3.43%
pqc_monitor -> CPU avg=0.38%, CPU max=0.90%, MEM avg=0.17%, MEM max=0.18%
pqc_client_4 -> CPU avg=19.71%, CPU max=94.38%, MEM avg=0.85%, MEM max=3.29%
pqc_client_5 -> CPU avg=17.99%, CPU max=98.96%, MEM avg=0.96%, MEM max=3.31%
pqc_server -> CPU avg=11.49%, CPU max=51.05%, MEM avg=0.11%, MEM max=0.11%
pqc_client_6 -> CPU avg=19.22%, CPU max=105.04%, MEM avg=0.95%, MEM max=3.20%
pqc_client -> CPU avg=18.71%, CPU max=70.40%, MEM avg=0.94%, MEM max=3.37%
[2026-05-15 12:22:20] [*] Parando captura en pqc_monitor para classic_p0_soft_002
[*] Métricas TXT guardadas en results/classic_p0_soft_002_metrics.txt
[*] Métricas CSV guardadas en results/classic_p0_soft_002_metrics.csv
[*] Métricas TXT guardadas en results/classic_p0_soft_002_metrics.txt
[*] Métricas CSV guardadas en results/classic_p0_soft_002_metrics.csv
[2026-05-15 12:24:03] === RUN END: classic_p0_soft_002 ===

[2026-05-15 12:24:03] === RUN START: classic_p0_soft_003 ===
[2026-05-15 12:24:03] [*] Preparando captura en pqc_monitor (eth0) para classic_p0_soft_003
[*] Guardando muestras en: results/classic_p0_soft_003_docker_stats.csv
[*] Ejecutando comando medido: bash -lc ./scripts/run_client_once_rafaga.sh classic_p0_soft_003 1002; sleep 3
[*] Ráfaga clásica completada: 1002 conexiones en 6 clientes (poisson_jitter)
=== host results ===
-rw-rw-r-- 1 cristian cristian  301602 may 15 12:24 classic_p0_soft_003_client_err.txt
-rw-rw-r-- 1 cristian cristian   13403 may 15 12:24 classic_p0_soft_003_client.txt
-rw-rw-r-- 1 cristian cristian    3246 may 15 12:24 classic_p0_soft_003_docker_stats.csv
-rw-r--r-- 1 root     root       50267 may 15 12:24 classic_p0_soft_003_pqc_client_2_client_err.txt
-rw-r--r-- 1 root     root           0 may 15 12:24 classic_p0_soft_003_pqc_client_2_client.txt
-rw-r--r-- 1 root     root          43 may 15 12:24 classic_p0_soft_003_pqc_client_2_summary.txt
-rw-r--r-- 1 root     root       50267 may 15 12:24 classic_p0_soft_003_pqc_client_3_client_err.txt
-rw-r--r-- 1 root     root           0 may 15 12:24 classic_p0_soft_003_pqc_client_3_client.txt
-rw-r--r-- 1 root     root          43 may 15 12:24 classic_p0_soft_003_pqc_client_3_summary.txt
-rw-r--r-- 1 root     root       50267 may 15 12:24 classic_p0_soft_003_pqc_client_4_client_err.txt
-rw-r--r-- 1 root     root           0 may 15 12:24 classic_p0_soft_003_pqc_client_4_client.txt
-rw-r--r-- 1 root     root          43 may 15 12:24 classic_p0_soft_003_pqc_client_4_summary.txt
-rw-r--r-- 1 root     root       50267 may 15 12:24 classic_p0_soft_003_pqc_client_5_client_err.txt
-rw-r--r-- 1 root     root           0 may 15 12:24 classic_p0_soft_003_pqc_client_5_client.txt
-rw-r--r-- 1 root     root          43 may 15 12:24 classic_p0_soft_003_pqc_client_5_summary.txt
-rw-r--r-- 1 root     root       50267 may 15 12:24 classic_p0_soft_003_pqc_client_6_client_err.txt
-rw-r--r-- 1 root     root           0 may 15 12:24 classic_p0_soft_003_pqc_client_6_client.txt
-rw-r--r-- 1 root     root          43 may 15 12:24 classic_p0_soft_003_pqc_client_6_summary.txt
-rw-r--r-- 1 root     root       50267 may 15 12:24 classic_p0_soft_003_pqc_client_client_err.txt
-rw-r--r-- 1 root     root           0 may 15 12:24 classic_p0_soft_003_pqc_client_client.txt
-rw-r--r-- 1 root     root          41 may 15 12:24 classic_p0_soft_003_pqc_client_summary.txt
=== resumen por cliente ===
[*] Perfil poisson_jitter: llegadas no sincronizadas con Poisson+jitter
[*] pqc_client <= plan: 1:0.157189 7:0.157189 13:0.157189 19:0.157189 25:0.157189 31:0.157189 37:0.157189 43:0.157189 49:0.157189 55:0.157189 61:0.157189 67:0.133534 73:0.133534 79:0.133534 85:0.133534 91:0.133534 97:0.133534 103:0.133534 109:0.133534 115:0.133534 121:0.133534 127:0.133534 133:0.133534 139:0.133534 145:0.133534 151:0.133534 157:0.133534 163:0.133534 169:0.133534 175:0.133534 181:0.133534 187:0.133534 193:0.133534 199:0.133534 205:0.133534 211:0.133534 217:0.133534 223:0.133534 229:0.133534 235:0.133534 241:0.092818 247:0.092818 253:0.092818 259:0.092818 265:0.092818 271:0.092818 277:0.092818 283:0.092818 289:0.092818 295:0.092818 301:0.092818 307:0.092818 313:0.092818 319:0.092818 325:0.092818 331:0.092818 337:0.092818 343:0.092818 349:0.092818 355:0.092818 361:0.092818 367:0.092818 373:0.092818 379:0.092818 385:0.092818 391:0.092818 397:0.092818 403:0.142421 409:0.142421 415:0.142421 421:0.142421 427:0.142421 433:0.142421 439:0.142421 445:0.142421 451:0.142421 457:0.142421 463:0.142421 469:0.142421 475:0.142421 481:0.142421 487:0.142421 493:0.142421 499:0.142421 505:0.142421 511:0.142421 517:0.142421 523:0.142421 529:0.142421 535:0.142421 541:0.142421 547:0.222924 553:0.222924 559:0.222924 565:0.222924 571:0.222924 577:0.222924 583:0.222924 589:0.222924 595:0.222924 601:0.222924 607:0.222924 613:0.222924 619:0.222924 625:0.222924 631:0.222924 637:0.222924 643:0.222924 649:0.222924 655:0.222924 661:0.222924 667:0.222924 673:0.222924 679:0.222924 685:0.222924 691:0.222924 697:0.222924 703:0.222924 709:0.222924 715:0.222924 721:0.222924 727:0.000000 733:0.000000 739:0.000000 745:0.000000 751:0.000000 757:0.000000 763:0.000000 769:0.000000 775:0.000000 781:0.000000 787:0.000000 793:0.000000 799:0.000000 805:0.000000 811:0.000000 817:0.000000 823:0.000000 829:0.000000 835:0.000000 841:0.000000 847:0.000000 853:0.000000 859:0.000000 865:0.000000 871:0.000000 877:0.000000 883:0.000000 889:0.000000 895:0.000000 901:0.083759 907:0.083759 913:0.083759 919:0.083759 925:0.083759 931:0.083759 937:0.083759 943:0.083759 949:0.083759 955:0.083759 961:0.083759 967:0.083759 973:0.083759 979:0.083759 985:0.083759 991:0.083759 997:0.083759
[*] pqc_client_2 <= plan: 2:0.157189 8:0.157189 14:0.157189 20:0.157189 26:0.157189 32:0.157189 38:0.157189 44:0.157189 50:0.157189 56:0.157189 62:0.157189 68:0.133534 74:0.133534 80:0.133534 86:0.133534 92:0.133534 98:0.133534 104:0.133534 110:0.133534 116:0.133534 122:0.133534 128:0.133534 134:0.133534 140:0.133534 146:0.133534 152:0.133534 158:0.133534 164:0.133534 170:0.133534 176:0.133534 182:0.133534 188:0.133534 194:0.133534 200:0.133534 206:0.133534 212:0.133534 218:0.133534 224:0.133534 230:0.133534 236:0.133534 242:0.092818 248:0.092818 254:0.092818 260:0.092818 266:0.092818 272:0.092818 278:0.092818 284:0.092818 290:0.092818 296:0.092818 302:0.092818 308:0.092818 314:0.092818 320:0.092818 326:0.092818 332:0.092818 338:0.092818 344:0.092818 350:0.092818 356:0.092818 362:0.092818 368:0.092818 374:0.092818 380:0.092818 386:0.092818 392:0.092818 398:0.092818 404:0.142421 410:0.142421 416:0.142421 422:0.142421 428:0.142421 434:0.142421 440:0.142421 446:0.142421 452:0.142421 458:0.142421 464:0.142421 470:0.142421 476:0.142421 482:0.142421 488:0.142421 494:0.142421 500:0.142421 506:0.142421 512:0.142421 518:0.142421 524:0.142421 530:0.142421 536:0.142421 542:0.142421 548:0.222924 554:0.222924 560:0.222924 566:0.222924 572:0.222924 578:0.222924 584:0.222924 590:0.222924 596:0.222924 602:0.222924 608:0.222924 614:0.222924 620:0.222924 626:0.222924 632:0.222924 638:0.222924 644:0.222924 650:0.222924 656:0.222924 662:0.222924 668:0.222924 674:0.222924 680:0.222924 686:0.222924 692:0.222924 698:0.222924 704:0.222924 710:0.222924 716:0.222924 722:0.000000 728:0.000000 734:0.000000 740:0.000000 746:0.000000 752:0.000000 758:0.000000 764:0.000000 770:0.000000 776:0.000000 782:0.000000 788:0.000000 794:0.000000 800:0.000000 806:0.000000 812:0.000000 818:0.000000 824:0.000000 830:0.000000 836:0.000000 842:0.000000 848:0.000000 854:0.000000 860:0.000000 866:0.000000 872:0.000000 878:0.000000 884:0.000000 890:0.000000 896:0.000000 902:0.083759 908:0.083759 914:0.083759 920:0.083759 926:0.083759 932:0.083759 938:0.083759 944:0.083759 950:0.083759 956:0.083759 962:0.083759 968:0.083759 974:0.083759 980:0.083759 986:0.083759 992:0.083759 998:0.083759
[*] pqc_client_3 <= plan: 3:0.157189 9:0.157189 15:0.157189 21:0.157189 27:0.157189 33:0.157189 39:0.157189 45:0.157189 51:0.157189 57:0.157189 63:0.157189 69:0.133534 75:0.133534 81:0.133534 87:0.133534 93:0.133534 99:0.133534 105:0.133534 111:0.133534 117:0.133534 123:0.133534 129:0.133534 135:0.133534 141:0.133534 147:0.133534 153:0.133534 159:0.133534 165:0.133534 171:0.133534 177:0.133534 183:0.133534 189:0.133534 195:0.133534 201:0.133534 207:0.133534 213:0.133534 219:0.133534 225:0.133534 231:0.133534 237:0.133534 243:0.092818 249:0.092818 255:0.092818 261:0.092818 267:0.092818 273:0.092818 279:0.092818 285:0.092818 291:0.092818 297:0.092818 303:0.092818 309:0.092818 315:0.092818 321:0.092818 327:0.092818 333:0.092818 339:0.092818 345:0.092818 351:0.092818 357:0.092818 363:0.092818 369:0.092818 375:0.092818 381:0.092818 387:0.092818 393:0.092818 399:0.092818 405:0.142421 411:0.142421 417:0.142421 423:0.142421 429:0.142421 435:0.142421 441:0.142421 447:0.142421 453:0.142421 459:0.142421 465:0.142421 471:0.142421 477:0.142421 483:0.142421 489:0.142421 495:0.142421 501:0.142421 507:0.142421 513:0.142421 519:0.142421 525:0.142421 531:0.142421 537:0.142421 543:0.142421 549:0.222924 555:0.222924 561:0.222924 567:0.222924 573:0.222924 579:0.222924 585:0.222924 591:0.222924 597:0.222924 603:0.222924 609:0.222924 615:0.222924 621:0.222924 627:0.222924 633:0.222924 639:0.222924 645:0.222924 651:0.222924 657:0.222924 663:0.222924 669:0.222924 675:0.222924 681:0.222924 687:0.222924 693:0.222924 699:0.222924 705:0.222924 711:0.222924 717:0.222924 723:0.000000 729:0.000000 735:0.000000 741:0.000000 747:0.000000 753:0.000000 759:0.000000 765:0.000000 771:0.000000 777:0.000000 783:0.000000 789:0.000000 795:0.000000 801:0.000000 807:0.000000 813:0.000000 819:0.000000 825:0.000000 831:0.000000 837:0.000000 843:0.000000 849:0.000000 855:0.000000 861:0.000000 867:0.000000 873:0.000000 879:0.000000 885:0.000000 891:0.000000 897:0.000000 903:0.083759 909:0.083759 915:0.083759 921:0.083759 927:0.083759 933:0.083759 939:0.083759 945:0.083759 951:0.083759 957:0.083759 963:0.083759 969:0.083759 975:0.083759 981:0.083759 987:0.083759 993:0.083759 999:0.083759
[*] pqc_client_4 <= plan: 4:0.157189 10:0.157189 16:0.157189 22:0.157189 28:0.157189 34:0.157189 40:0.157189 46:0.157189 52:0.157189 58:0.157189 64:0.133534 70:0.133534 76:0.133534 82:0.133534 88:0.133534 94:0.133534 100:0.133534 106:0.133534 112:0.133534 118:0.133534 124:0.133534 130:0.133534 136:0.133534 142:0.133534 148:0.133534 154:0.133534 160:0.133534 166:0.133534 172:0.133534 178:0.133534 184:0.133534 190:0.133534 196:0.133534 202:0.133534 208:0.133534 214:0.133534 220:0.133534 226:0.133534 232:0.133534 238:0.092818 244:0.092818 250:0.092818 256:0.092818 262:0.092818 268:0.092818 274:0.092818 280:0.092818 286:0.092818 292:0.092818 298:0.092818 304:0.092818 310:0.092818 316:0.092818 322:0.092818 328:0.092818 334:0.092818 340:0.092818 346:0.092818 352:0.092818 358:0.092818 364:0.092818 370:0.092818 376:0.092818 382:0.092818 388:0.092818 394:0.092818 400:0.092818 406:0.142421 412:0.142421 418:0.142421 424:0.142421 430:0.142421 436:0.142421 442:0.142421 448:0.142421 454:0.142421 460:0.142421 466:0.142421 472:0.142421 478:0.142421 484:0.142421 490:0.142421 496:0.142421 502:0.142421 508:0.142421 514:0.142421 520:0.142421 526:0.142421 532:0.142421 538:0.142421 544:0.142421 550:0.222924 556:0.222924 562:0.222924 568:0.222924 574:0.222924 580:0.222924 586:0.222924 592:0.222924 598:0.222924 604:0.222924 610:0.222924 616:0.222924 622:0.222924 628:0.222924 634:0.222924 640:0.222924 646:0.222924 652:0.222924 658:0.222924 664:0.222924 670:0.222924 676:0.222924 682:0.222924 688:0.222924 694:0.222924 700:0.222924 706:0.222924 712:0.222924 718:0.222924 724:0.000000 730:0.000000 736:0.000000 742:0.000000 748:0.000000 754:0.000000 760:0.000000 766:0.000000 772:0.000000 778:0.000000 784:0.000000 790:0.000000 796:0.000000 802:0.000000 808:0.000000 814:0.000000 820:0.000000 826:0.000000 832:0.000000 838:0.000000 844:0.000000 850:0.000000 856:0.000000 862:0.000000 868:0.000000 874:0.000000 880:0.000000 886:0.000000 892:0.000000 898:0.000000 904:0.083759 910:0.083759 916:0.083759 922:0.083759 928:0.083759 934:0.083759 940:0.083759 946:0.083759 952:0.083759 958:0.083759 964:0.083759 970:0.083759 976:0.083759 982:0.083759 988:0.083759 994:0.083759 1000:0.083759
[*] pqc_client_5 <= plan: 5:0.157189 11:0.157189 17:0.157189 23:0.157189 29:0.157189 35:0.157189 41:0.157189 47:0.157189 53:0.157189 59:0.157189 65:0.133534 71:0.133534 77:0.133534 83:0.133534 89:0.133534 95:0.133534 101:0.133534 107:0.133534 113:0.133534 119:0.133534 125:0.133534 131:0.133534 137:0.133534 143:0.133534 149:0.133534 155:0.133534 161:0.133534 167:0.133534 173:0.133534 179:0.133534 185:0.133534 191:0.133534 197:0.133534 203:0.133534 209:0.133534 215:0.133534 221:0.133534 227:0.133534 233:0.133534 239:0.092818 245:0.092818 251:0.092818 257:0.092818 263:0.092818 269:0.092818 275:0.092818 281:0.092818 287:0.092818 293:0.092818 299:0.092818 305:0.092818 311:0.092818 317:0.092818 323:0.092818 329:0.092818 335:0.092818 341:0.092818 347:0.092818 353:0.092818 359:0.092818 365:0.092818 371:0.092818 377:0.092818 383:0.092818 389:0.092818 395:0.092818 401:0.092818 407:0.142421 413:0.142421 419:0.142421 425:0.142421 431:0.142421 437:0.142421 443:0.142421 449:0.142421 455:0.142421 461:0.142421 467:0.142421 473:0.142421 479:0.142421 485:0.142421 491:0.142421 497:0.142421 503:0.142421 509:0.142421 515:0.142421 521:0.142421 527:0.142421 533:0.142421 539:0.142421 545:0.142421 551:0.222924 557:0.222924 563:0.222924 569:0.222924 575:0.222924 581:0.222924 587:0.222924 593:0.222924 599:0.222924 605:0.222924 611:0.222924 617:0.222924 623:0.222924 629:0.222924 635:0.222924 641:0.222924 647:0.222924 653:0.222924 659:0.222924 665:0.222924 671:0.222924 677:0.222924 683:0.222924 689:0.222924 695:0.222924 701:0.222924 707:0.222924 713:0.222924 719:0.222924 725:0.000000 731:0.000000 737:0.000000 743:0.000000 749:0.000000 755:0.000000 761:0.000000 767:0.000000 773:0.000000 779:0.000000 785:0.000000 791:0.000000 797:0.000000 803:0.000000 809:0.000000 815:0.000000 821:0.000000 827:0.000000 833:0.000000 839:0.000000 845:0.000000 851:0.000000 857:0.000000 863:0.000000 869:0.000000 875:0.000000 881:0.000000 887:0.000000 893:0.000000 899:0.000000 905:0.083759 911:0.083759 917:0.083759 923:0.083759 929:0.083759 935:0.083759 941:0.083759 947:0.083759 953:0.083759 959:0.083759 965:0.083759 971:0.083759 977:0.083759 983:0.083759 989:0.083759 995:0.083759 1001:0.083759
[*] pqc_client_6 <= plan: 6:0.157189 12:0.157189 18:0.157189 24:0.157189 30:0.157189 36:0.157189 42:0.157189 48:0.157189 54:0.157189 60:0.157189 66:0.133534 72:0.133534 78:0.133534 84:0.133534 90:0.133534 96:0.133534 102:0.133534 108:0.133534 114:0.133534 120:0.133534 126:0.133534 132:0.133534 138:0.133534 144:0.133534 150:0.133534 156:0.133534 162:0.133534 168:0.133534 174:0.133534 180:0.133534 186:0.133534 192:0.133534 198:0.133534 204:0.133534 210:0.133534 216:0.133534 222:0.133534 228:0.133534 234:0.133534 240:0.092818 246:0.092818 252:0.092818 258:0.092818 264:0.092818 270:0.092818 276:0.092818 282:0.092818 288:0.092818 294:0.092818 300:0.092818 306:0.092818 312:0.092818 318:0.092818 324:0.092818 330:0.092818 336:0.092818 342:0.092818 348:0.092818 354:0.092818 360:0.092818 366:0.092818 372:0.092818 378:0.092818 384:0.092818 390:0.092818 396:0.092818 402:0.092818 408:0.142421 414:0.142421 420:0.142421 426:0.142421 432:0.142421 438:0.142421 444:0.142421 450:0.142421 456:0.142421 462:0.142421 468:0.142421 474:0.142421 480:0.142421 486:0.142421 492:0.142421 498:0.142421 504:0.142421 510:0.142421 516:0.142421 522:0.142421 528:0.142421 534:0.142421 540:0.142421 546:0.222924 552:0.222924 558:0.222924 564:0.222924 570:0.222924 576:0.222924 582:0.222924 588:0.222924 594:0.222924 600:0.222924 606:0.222924 612:0.222924 618:0.222924 624:0.222924 630:0.222924 636:0.222924 642:0.222924 648:0.222924 654:0.222924 660:0.222924 666:0.222924 672:0.222924 678:0.222924 684:0.222924 690:0.222924 696:0.222924 702:0.222924 708:0.222924 714:0.222924 720:0.222924 726:0.000000 732:0.000000 738:0.000000 744:0.000000 750:0.000000 756:0.000000 762:0.000000 768:0.000000 774:0.000000 780:0.000000 786:0.000000 792:0.000000 798:0.000000 804:0.000000 810:0.000000 816:0.000000 822:0.000000 828:0.000000 834:0.000000 840:0.000000 846:0.000000 852:0.000000 858:0.000000 864:0.000000 870:0.000000 876:0.000000 882:0.000000 888:0.000000 894:0.000000 900:0.000000 906:0.083759 912:0.083759 918:0.083759 924:0.083759 930:0.083759 936:0.083759 942:0.083759 948:0.083759 954:0.083759 960:0.083759 966:0.083759 972:0.083759 978:0.083759 984:0.083759 990:0.083759 996:0.083759 1002:0.083759
client=pqc_client total=167 ok=167 err=0
client=pqc_client_2 total=167 ok=167 err=0
client=pqc_client_3 total=167 ok=167 err=0
client=pqc_client_4 total=167 ok=167 err=0
client=pqc_client_5 total=167 ok=167 err=0
client=pqc_client_6 total=167 ok=167 err=0
[*] Resumen guardado en: results/classic_p0_soft_003_resource_summary.txt
RUN_ID: classic_p0_soft_003
CSV: results/classic_p0_soft_003_docker_stats.csv

=== Resumen CPU% y MEM% (avg / max) por contenedor ===
pqc_client_2 -> CPU avg=15.13%, CPU max=87.25%, MEM avg=0.76%, MEM max=2.44%
pqc_client_3 -> CPU avg=17.98%, CPU max=91.82%, MEM avg=0.75%, MEM max=2.52%
pqc_monitor -> CPU avg=0.43%, CPU max=1.61%, MEM avg=0.18%, MEM max=0.18%
pqc_client_4 -> CPU avg=13.86%, CPU max=73.62%, MEM avg=0.74%, MEM max=2.25%
pqc_client_5 -> CPU avg=19.66%, CPU max=98.84%, MEM avg=0.78%, MEM max=2.37%
pqc_server -> CPU avg=10.29%, CPU max=50.74%, MEM avg=0.11%, MEM max=0.11%
pqc_client_6 -> CPU avg=15.48%, CPU max=87.02%, MEM avg=0.78%, MEM max=2.35%
pqc_client -> CPU avg=13.54%, CPU max=74.43%, MEM avg=0.77%, MEM max=2.34%
[2026-05-15 12:24:32] [*] Parando captura en pqc_monitor para classic_p0_soft_003
[*] Métricas TXT guardadas en results/classic_p0_soft_003_metrics.txt
[*] Métricas CSV guardadas en results/classic_p0_soft_003_metrics.csv
[*] Métricas TXT guardadas en results/classic_p0_soft_003_metrics.txt
[*] Métricas CSV guardadas en results/classic_p0_soft_003_metrics.csv
[2026-05-15 12:26:19] === RUN END: classic_p0_soft_003 ===

[2026-05-15 12:26:19] === RUN START: classic_p0_soft_004 ===
[2026-05-15 12:26:19] [*] Preparando captura en pqc_monitor (eth0) para classic_p0_soft_004
[*] Guardando muestras en: results/classic_p0_soft_004_docker_stats.csv
[*] Ejecutando comando medido: bash -lc ./scripts/run_client_once_rafaga.sh classic_p0_soft_004 1002; sleep 3
[*] Ráfaga clásica completada: 1002 conexiones en 6 clientes (poisson_jitter)
=== host results ===
-rw-rw-r-- 1 cristian cristian  301602 may 15 12:26 classic_p0_soft_004_client_err.txt
-rw-rw-r-- 1 cristian cristian   13403 may 15 12:26 classic_p0_soft_004_client.txt
-rw-rw-r-- 1 cristian cristian    3246 may 15 12:26 classic_p0_soft_004_docker_stats.csv
-rw-r--r-- 1 root     root       50267 may 15 12:26 classic_p0_soft_004_pqc_client_2_client_err.txt
-rw-r--r-- 1 root     root           0 may 15 12:26 classic_p0_soft_004_pqc_client_2_client.txt
-rw-r--r-- 1 root     root          43 may 15 12:26 classic_p0_soft_004_pqc_client_2_summary.txt
-rw-r--r-- 1 root     root       50267 may 15 12:26 classic_p0_soft_004_pqc_client_3_client_err.txt
-rw-r--r-- 1 root     root           0 may 15 12:26 classic_p0_soft_004_pqc_client_3_client.txt
-rw-r--r-- 1 root     root          43 may 15 12:26 classic_p0_soft_004_pqc_client_3_summary.txt
-rw-r--r-- 1 root     root       50267 may 15 12:26 classic_p0_soft_004_pqc_client_4_client_err.txt
-rw-r--r-- 1 root     root           0 may 15 12:26 classic_p0_soft_004_pqc_client_4_client.txt
-rw-r--r-- 1 root     root          43 may 15 12:26 classic_p0_soft_004_pqc_client_4_summary.txt
-rw-r--r-- 1 root     root       50267 may 15 12:26 classic_p0_soft_004_pqc_client_5_client_err.txt
-rw-r--r-- 1 root     root           0 may 15 12:26 classic_p0_soft_004_pqc_client_5_client.txt
-rw-r--r-- 1 root     root          43 may 15 12:26 classic_p0_soft_004_pqc_client_5_summary.txt
-rw-r--r-- 1 root     root       50267 may 15 12:26 classic_p0_soft_004_pqc_client_6_client_err.txt
-rw-r--r-- 1 root     root           0 may 15 12:26 classic_p0_soft_004_pqc_client_6_client.txt
-rw-r--r-- 1 root     root          43 may 15 12:26 classic_p0_soft_004_pqc_client_6_summary.txt
-rw-r--r-- 1 root     root       50267 may 15 12:26 classic_p0_soft_004_pqc_client_client_err.txt
-rw-r--r-- 1 root     root           0 may 15 12:26 classic_p0_soft_004_pqc_client_client.txt
-rw-r--r-- 1 root     root          41 may 15 12:26 classic_p0_soft_004_pqc_client_summary.txt
=== resumen por cliente ===
[*] Perfil poisson_jitter: llegadas no sincronizadas con Poisson+jitter
[*] pqc_client <= plan: 1:0.068567 7:0.068567 13:0.068567 19:0.068567 25:0.068567 31:0.068567 37:0.068567 43:0.068567 49:0.068567 55:0.068567 61:0.068567 67:0.068567 73:0.068567 79:0.068567 85:0.068567 91:0.068567 97:0.068567 103:0.098408 109:0.098408 115:0.098408 121:0.098408 127:0.098408 133:0.098408 139:0.098408 145:0.098408 151:0.098408 157:0.098408 163:0.098408 169:0.098408 175:0.098408 181:0.098408 187:0.098408 193:0.098408 199:0.098408 205:0.098408 211:0.098408 217:0.098408 223:0.098408 229:0.098408 235:0.098408 241:0.098408 247:0.098408 253:0.098408 259:0.098408 265:0.098408 271:0.098408 277:0.098408 283:0.032924 289:0.032924 295:0.032924 301:0.032924 307:0.032924 313:0.032924 319:0.032924 325:0.032924 331:0.032924 337:0.032924 343:0.032924 349:0.032924 355:0.032924 361:0.032924 367:0.032924 373:0.032924 379:0.032924 385:0.032924 391:0.032924 397:0.032924 403:0.032924 409:0.032924 415:0.032924 421:0.032924 427:0.032924 433:0.032924 439:0.032924 445:0.142421 451:0.142421 457:0.142421 463:0.142421 469:0.142421 475:0.142421 481:0.142421 487:0.142421 493:0.142421 499:0.142421 505:0.142421 511:0.142421 517:0.142421 523:0.142421 529:0.142421 535:0.142421 541:0.142421 547:0.142421 553:0.142421 559:0.142421 565:0.142421 571:0.142421 577:0.142421 583:0.142421 589:0.057970 595:0.057970 601:0.057970 607:0.057970 613:0.057970 619:0.057970 625:0.057970 631:0.057970 637:0.057970 643:0.057970 649:0.057970 655:0.057970 661:0.057970 667:0.057970 673:0.057970 679:0.057970 685:0.057970 691:0.057970 697:0.057970 703:0.057970 709:0.057970 715:0.057970 721:0.057970 727:0.057970 733:0.057970 739:0.057970 745:0.057970 751:0.057970 757:0.057970 763:0.098756 769:0.098756 775:0.098756 781:0.098756 787:0.098756 793:0.098756 799:0.098756 805:0.098756 811:0.098756 817:0.098756 823:0.098756 829:0.098756 835:0.098756 841:0.098756 847:0.098756 853:0.098756 859:0.098756 865:0.098756 871:0.098756 877:0.098756 883:0.098756 889:0.098756 895:0.098756 901:0.098756 907:0.098756 913:0.098756 919:0.098756 925:0.098756 931:0.098756 937:0.073477 943:0.073477 949:0.073477 955:0.073477 961:0.073477 967:0.073477 973:0.073477 979:0.073477 985:0.073477 991:0.073477 997:0.073477
[*] pqc_client_2 <= plan: 2:0.068567 8:0.068567 14:0.068567 20:0.068567 26:0.068567 32:0.068567 38:0.068567 44:0.068567 50:0.068567 56:0.068567 62:0.068567 68:0.068567 74:0.068567 80:0.068567 86:0.068567 92:0.068567 98:0.068567 104:0.098408 110:0.098408 116:0.098408 122:0.098408 128:0.098408 134:0.098408 140:0.098408 146:0.098408 152:0.098408 158:0.098408 164:0.098408 170:0.098408 176:0.098408 182:0.098408 188:0.098408 194:0.098408 200:0.098408 206:0.098408 212:0.098408 218:0.098408 224:0.098408 230:0.098408 236:0.098408 242:0.098408 248:0.098408 254:0.098408 260:0.098408 266:0.098408 272:0.098408 278:0.098408 284:0.032924 290:0.032924 296:0.032924 302:0.032924 308:0.032924 314:0.032924 320:0.032924 326:0.032924 332:0.032924 338:0.032924 344:0.032924 350:0.032924 356:0.032924 362:0.032924 368:0.032924 374:0.032924 380:0.032924 386:0.032924 392:0.032924 398:0.032924 404:0.032924 410:0.032924 416:0.032924 422:0.032924 428:0.032924 434:0.032924 440:0.032924 446:0.142421 452:0.142421 458:0.142421 464:0.142421 470:0.142421 476:0.142421 482:0.142421 488:0.142421 494:0.142421 500:0.142421 506:0.142421 512:0.142421 518:0.142421 524:0.142421 530:0.142421 536:0.142421 542:0.142421 548:0.142421 554:0.142421 560:0.142421 566:0.142421 572:0.142421 578:0.142421 584:0.142421 590:0.057970 596:0.057970 602:0.057970 608:0.057970 614:0.057970 620:0.057970 626:0.057970 632:0.057970 638:0.057970 644:0.057970 650:0.057970 656:0.057970 662:0.057970 668:0.057970 674:0.057970 680:0.057970 686:0.057970 692:0.057970 698:0.057970 704:0.057970 710:0.057970 716:0.057970 722:0.057970 728:0.057970 734:0.057970 740:0.057970 746:0.057970 752:0.057970 758:0.057970 764:0.098756 770:0.098756 776:0.098756 782:0.098756 788:0.098756 794:0.098756 800:0.098756 806:0.098756 812:0.098756 818:0.098756 824:0.098756 830:0.098756 836:0.098756 842:0.098756 848:0.098756 854:0.098756 860:0.098756 866:0.098756 872:0.098756 878:0.098756 884:0.098756 890:0.098756 896:0.098756 902:0.098756 908:0.098756 914:0.098756 920:0.098756 926:0.098756 932:0.098756 938:0.073477 944:0.073477 950:0.073477 956:0.073477 962:0.073477 968:0.073477 974:0.073477 980:0.073477 986:0.073477 992:0.073477 998:0.073477
[*] pqc_client_3 <= plan: 3:0.068567 9:0.068567 15:0.068567 21:0.068567 27:0.068567 33:0.068567 39:0.068567 45:0.068567 51:0.068567 57:0.068567 63:0.068567 69:0.068567 75:0.068567 81:0.068567 87:0.068567 93:0.068567 99:0.068567 105:0.098408 111:0.098408 117:0.098408 123:0.098408 129:0.098408 135:0.098408 141:0.098408 147:0.098408 153:0.098408 159:0.098408 165:0.098408 171:0.098408 177:0.098408 183:0.098408 189:0.098408 195:0.098408 201:0.098408 207:0.098408 213:0.098408 219:0.098408 225:0.098408 231:0.098408 237:0.098408 243:0.098408 249:0.098408 255:0.098408 261:0.098408 267:0.098408 273:0.098408 279:0.098408 285:0.032924 291:0.032924 297:0.032924 303:0.032924 309:0.032924 315:0.032924 321:0.032924 327:0.032924 333:0.032924 339:0.032924 345:0.032924 351:0.032924 357:0.032924 363:0.032924 369:0.032924 375:0.032924 381:0.032924 387:0.032924 393:0.032924 399:0.032924 405:0.032924 411:0.032924 417:0.032924 423:0.032924 429:0.032924 435:0.032924 441:0.142421 447:0.142421 453:0.142421 459:0.142421 465:0.142421 471:0.142421 477:0.142421 483:0.142421 489:0.142421 495:0.142421 501:0.142421 507:0.142421 513:0.142421 519:0.142421 525:0.142421 531:0.142421 537:0.142421 543:0.142421 549:0.142421 555:0.142421 561:0.142421 567:0.142421 573:0.142421 579:0.142421 585:0.142421 591:0.057970 597:0.057970 603:0.057970 609:0.057970 615:0.057970 621:0.057970 627:0.057970 633:0.057970 639:0.057970 645:0.057970 651:0.057970 657:0.057970 663:0.057970 669:0.057970 675:0.057970 681:0.057970 687:0.057970 693:0.057970 699:0.057970 705:0.057970 711:0.057970 717:0.057970 723:0.057970 729:0.057970 735:0.057970 741:0.057970 747:0.057970 753:0.057970 759:0.098756 765:0.098756 771:0.098756 777:0.098756 783:0.098756 789:0.098756 795:0.098756 801:0.098756 807:0.098756 813:0.098756 819:0.098756 825:0.098756 831:0.098756 837:0.098756 843:0.098756 849:0.098756 855:0.098756 861:0.098756 867:0.098756 873:0.098756 879:0.098756 885:0.098756 891:0.098756 897:0.098756 903:0.098756 909:0.098756 915:0.098756 921:0.098756 927:0.098756 933:0.073477 939:0.073477 945:0.073477 951:0.073477 957:0.073477 963:0.073477 969:0.073477 975:0.073477 981:0.073477 987:0.073477 993:0.073477 999:0.073477
[*] pqc_client_4 <= plan: 4:0.068567 10:0.068567 16:0.068567 22:0.068567 28:0.068567 34:0.068567 40:0.068567 46:0.068567 52:0.068567 58:0.068567 64:0.068567 70:0.068567 76:0.068567 82:0.068567 88:0.068567 94:0.068567 100:0.068567 106:0.098408 112:0.098408 118:0.098408 124:0.098408 130:0.098408 136:0.098408 142:0.098408 148:0.098408 154:0.098408 160:0.098408 166:0.098408 172:0.098408 178:0.098408 184:0.098408 190:0.098408 196:0.098408 202:0.098408 208:0.098408 214:0.098408 220:0.098408 226:0.098408 232:0.098408 238:0.098408 244:0.098408 250:0.098408 256:0.098408 262:0.098408 268:0.098408 274:0.098408 280:0.098408 286:0.032924 292:0.032924 298:0.032924 304:0.032924 310:0.032924 316:0.032924 322:0.032924 328:0.032924 334:0.032924 340:0.032924 346:0.032924 352:0.032924 358:0.032924 364:0.032924 370:0.032924 376:0.032924 382:0.032924 388:0.032924 394:0.032924 400:0.032924 406:0.032924 412:0.032924 418:0.032924 424:0.032924 430:0.032924 436:0.032924 442:0.142421 448:0.142421 454:0.142421 460:0.142421 466:0.142421 472:0.142421 478:0.142421 484:0.142421 490:0.142421 496:0.142421 502:0.142421 508:0.142421 514:0.142421 520:0.142421 526:0.142421 532:0.142421 538:0.142421 544:0.142421 550:0.142421 556:0.142421 562:0.142421 568:0.142421 574:0.142421 580:0.142421 586:0.057970 592:0.057970 598:0.057970 604:0.057970 610:0.057970 616:0.057970 622:0.057970 628:0.057970 634:0.057970 640:0.057970 646:0.057970 652:0.057970 658:0.057970 664:0.057970 670:0.057970 676:0.057970 682:0.057970 688:0.057970 694:0.057970 700:0.057970 706:0.057970 712:0.057970 718:0.057970 724:0.057970 730:0.057970 736:0.057970 742:0.057970 748:0.057970 754:0.057970 760:0.098756 766:0.098756 772:0.098756 778:0.098756 784:0.098756 790:0.098756 796:0.098756 802:0.098756 808:0.098756 814:0.098756 820:0.098756 826:0.098756 832:0.098756 838:0.098756 844:0.098756 850:0.098756 856:0.098756 862:0.098756 868:0.098756 874:0.098756 880:0.098756 886:0.098756 892:0.098756 898:0.098756 904:0.098756 910:0.098756 916:0.098756 922:0.098756 928:0.098756 934:0.073477 940:0.073477 946:0.073477 952:0.073477 958:0.073477 964:0.073477 970:0.073477 976:0.073477 982:0.073477 988:0.073477 994:0.073477 1000:0.073477
[*] pqc_client_5 <= plan: 5:0.068567 11:0.068567 17:0.068567 23:0.068567 29:0.068567 35:0.068567 41:0.068567 47:0.068567 53:0.068567 59:0.068567 65:0.068567 71:0.068567 77:0.068567 83:0.068567 89:0.068567 95:0.068567 101:0.068567 107:0.098408 113:0.098408 119:0.098408 125:0.098408 131:0.098408 137:0.098408 143:0.098408 149:0.098408 155:0.098408 161:0.098408 167:0.098408 173:0.098408 179:0.098408 185:0.098408 191:0.098408 197:0.098408 203:0.098408 209:0.098408 215:0.098408 221:0.098408 227:0.098408 233:0.098408 239:0.098408 245:0.098408 251:0.098408 257:0.098408 263:0.098408 269:0.098408 275:0.098408 281:0.032924 287:0.032924 293:0.032924 299:0.032924 305:0.032924 311:0.032924 317:0.032924 323:0.032924 329:0.032924 335:0.032924 341:0.032924 347:0.032924 353:0.032924 359:0.032924 365:0.032924 371:0.032924 377:0.032924 383:0.032924 389:0.032924 395:0.032924 401:0.032924 407:0.032924 413:0.032924 419:0.032924 425:0.032924 431:0.032924 437:0.032924 443:0.142421 449:0.142421 455:0.142421 461:0.142421 467:0.142421 473:0.142421 479:0.142421 485:0.142421 491:0.142421 497:0.142421 503:0.142421 509:0.142421 515:0.142421 521:0.142421 527:0.142421 533:0.142421 539:0.142421 545:0.142421 551:0.142421 557:0.142421 563:0.142421 569:0.142421 575:0.142421 581:0.142421 587:0.057970 593:0.057970 599:0.057970 605:0.057970 611:0.057970 617:0.057970 623:0.057970 629:0.057970 635:0.057970 641:0.057970 647:0.057970 653:0.057970 659:0.057970 665:0.057970 671:0.057970 677:0.057970 683:0.057970 689:0.057970 695:0.057970 701:0.057970 707:0.057970 713:0.057970 719:0.057970 725:0.057970 731:0.057970 737:0.057970 743:0.057970 749:0.057970 755:0.057970 761:0.098756 767:0.098756 773:0.098756 779:0.098756 785:0.098756 791:0.098756 797:0.098756 803:0.098756 809:0.098756 815:0.098756 821:0.098756 827:0.098756 833:0.098756 839:0.098756 845:0.098756 851:0.098756 857:0.098756 863:0.098756 869:0.098756 875:0.098756 881:0.098756 887:0.098756 893:0.098756 899:0.098756 905:0.098756 911:0.098756 917:0.098756 923:0.098756 929:0.098756 935:0.073477 941:0.073477 947:0.073477 953:0.073477 959:0.073477 965:0.073477 971:0.073477 977:0.073477 983:0.073477 989:0.073477 995:0.073477 1001:0.073477
[*] pqc_client_6 <= plan: 6:0.068567 12:0.068567 18:0.068567 24:0.068567 30:0.068567 36:0.068567 42:0.068567 48:0.068567 54:0.068567 60:0.068567 66:0.068567 72:0.068567 78:0.068567 84:0.068567 90:0.068567 96:0.068567 102:0.098408 108:0.098408 114:0.098408 120:0.098408 126:0.098408 132:0.098408 138:0.098408 144:0.098408 150:0.098408 156:0.098408 162:0.098408 168:0.098408 174:0.098408 180:0.098408 186:0.098408 192:0.098408 198:0.098408 204:0.098408 210:0.098408 216:0.098408 222:0.098408 228:0.098408 234:0.098408 240:0.098408 246:0.098408 252:0.098408 258:0.098408 264:0.098408 270:0.098408 276:0.098408 282:0.032924 288:0.032924 294:0.032924 300:0.032924 306:0.032924 312:0.032924 318:0.032924 324:0.032924 330:0.032924 336:0.032924 342:0.032924 348:0.032924 354:0.032924 360:0.032924 366:0.032924 372:0.032924 378:0.032924 384:0.032924 390:0.032924 396:0.032924 402:0.032924 408:0.032924 414:0.032924 420:0.032924 426:0.032924 432:0.032924 438:0.032924 444:0.142421 450:0.142421 456:0.142421 462:0.142421 468:0.142421 474:0.142421 480:0.142421 486:0.142421 492:0.142421 498:0.142421 504:0.142421 510:0.142421 516:0.142421 522:0.142421 528:0.142421 534:0.142421 540:0.142421 546:0.142421 552:0.142421 558:0.142421 564:0.142421 570:0.142421 576:0.142421 582:0.142421 588:0.057970 594:0.057970 600:0.057970 606:0.057970 612:0.057970 618:0.057970 624:0.057970 630:0.057970 636:0.057970 642:0.057970 648:0.057970 654:0.057970 660:0.057970 666:0.057970 672:0.057970 678:0.057970 684:0.057970 690:0.057970 696:0.057970 702:0.057970 708:0.057970 714:0.057970 720:0.057970 726:0.057970 732:0.057970 738:0.057970 744:0.057970 750:0.057970 756:0.057970 762:0.098756 768:0.098756 774:0.098756 780:0.098756 786:0.098756 792:0.098756 798:0.098756 804:0.098756 810:0.098756 816:0.098756 822:0.098756 828:0.098756 834:0.098756 840:0.098756 846:0.098756 852:0.098756 858:0.098756 864:0.098756 870:0.098756 876:0.098756 882:0.098756 888:0.098756 894:0.098756 900:0.098756 906:0.098756 912:0.098756 918:0.098756 924:0.098756 930:0.098756 936:0.073477 942:0.073477 948:0.073477 954:0.073477 960:0.073477 966:0.073477 972:0.073477 978:0.073477 984:0.073477 990:0.073477 996:0.073477 1002:0.073477
client=pqc_client total=167 ok=167 err=0
client=pqc_client_2 total=167 ok=167 err=0
client=pqc_client_3 total=167 ok=167 err=0
client=pqc_client_4 total=167 ok=167 err=0
client=pqc_client_5 total=167 ok=167 err=0
client=pqc_client_6 total=167 ok=167 err=0
[*] Resumen guardado en: results/classic_p0_soft_004_resource_summary.txt
RUN_ID: classic_p0_soft_004
CSV: results/classic_p0_soft_004_docker_stats.csv

=== Resumen CPU% y MEM% (avg / max) por contenedor ===
pqc_client_2 -> CPU avg=17.25%, CPU max=86.23%, MEM avg=0.83%, MEM max=3.17%
pqc_client_3 -> CPU avg=17.17%, CPU max=86.64%, MEM avg=0.86%, MEM max=2.98%
pqc_monitor -> CPU avg=0.43%, CPU max=1.10%, MEM avg=0.18%, MEM max=0.18%
pqc_client_4 -> CPU avg=19.70%, CPU max=90.07%, MEM avg=0.87%, MEM max=2.74%
pqc_client_5 -> CPU avg=17.73%, CPU max=89.03%, MEM avg=0.89%, MEM max=2.92%
pqc_server -> CPU avg=14.39%, CPU max=52.35%, MEM avg=0.11%, MEM max=0.11%
pqc_client_6 -> CPU avg=17.19%, CPU max=83.06%, MEM avg=1.02%, MEM max=3.10%
pqc_client -> CPU avg=16.34%, CPU max=85.85%, MEM avg=1.01%, MEM max=3.24%
[2026-05-15 12:26:48] [*] Parando captura en pqc_monitor para classic_p0_soft_004
[*] Métricas TXT guardadas en results/classic_p0_soft_004_metrics.txt
[*] Métricas CSV guardadas en results/classic_p0_soft_004_metrics.csv
[*] Métricas TXT guardadas en results/classic_p0_soft_004_metrics.txt
[*] Métricas CSV guardadas en results/classic_p0_soft_004_metrics.csv
[2026-05-15 12:28:31] === RUN END: classic_p0_soft_004 ===

[2026-05-15 12:28:31] === RUN START: classic_p0_soft_005 ===
[2026-05-15 12:28:31] [*] Preparando captura en pqc_monitor (eth0) para classic_p0_soft_005
[*] Guardando muestras en: results/classic_p0_soft_005_docker_stats.csv
[*] Ejecutando comando medido: bash -lc ./scripts/run_client_once_rafaga.sh classic_p0_soft_005 1002; sleep 3
[*] Ráfaga clásica completada: 1002 conexiones en 6 clientes (poisson_jitter)
=== host results ===
-rw-rw-r-- 1 cristian cristian  301602 may 15 12:28 classic_p0_soft_005_client_err.txt
-rw-rw-r-- 1 cristian cristian   13403 may 15 12:28 classic_p0_soft_005_client.txt
-rw-rw-r-- 1 cristian cristian    3136 may 15 12:28 classic_p0_soft_005_docker_stats.csv
-rw-r--r-- 1 root     root       50267 may 15 12:28 classic_p0_soft_005_pqc_client_2_client_err.txt
-rw-r--r-- 1 root     root           0 may 15 12:28 classic_p0_soft_005_pqc_client_2_client.txt
-rw-r--r-- 1 root     root          43 may 15 12:28 classic_p0_soft_005_pqc_client_2_summary.txt
-rw-r--r-- 1 root     root       50267 may 15 12:28 classic_p0_soft_005_pqc_client_3_client_err.txt
-rw-r--r-- 1 root     root           0 may 15 12:28 classic_p0_soft_005_pqc_client_3_client.txt
-rw-r--r-- 1 root     root          43 may 15 12:28 classic_p0_soft_005_pqc_client_3_summary.txt
-rw-r--r-- 1 root     root       50267 may 15 12:28 classic_p0_soft_005_pqc_client_4_client_err.txt
-rw-r--r-- 1 root     root           0 may 15 12:28 classic_p0_soft_005_pqc_client_4_client.txt
-rw-r--r-- 1 root     root          43 may 15 12:28 classic_p0_soft_005_pqc_client_4_summary.txt
-rw-r--r-- 1 root     root       50267 may 15 12:28 classic_p0_soft_005_pqc_client_5_client_err.txt
-rw-r--r-- 1 root     root           0 may 15 12:28 classic_p0_soft_005_pqc_client_5_client.txt
-rw-r--r-- 1 root     root          43 may 15 12:28 classic_p0_soft_005_pqc_client_5_summary.txt
-rw-r--r-- 1 root     root       50267 may 15 12:28 classic_p0_soft_005_pqc_client_6_client_err.txt
-rw-r--r-- 1 root     root           0 may 15 12:28 classic_p0_soft_005_pqc_client_6_client.txt
-rw-r--r-- 1 root     root          43 may 15 12:28 classic_p0_soft_005_pqc_client_6_summary.txt
-rw-r--r-- 1 root     root       50267 may 15 12:28 classic_p0_soft_005_pqc_client_client_err.txt
-rw-r--r-- 1 root     root           0 may 15 12:28 classic_p0_soft_005_pqc_client_client.txt
-rw-r--r-- 1 root     root          41 may 15 12:28 classic_p0_soft_005_pqc_client_summary.txt
=== resumen por cliente ===
[*] Perfil poisson_jitter: llegadas no sincronizadas con Poisson+jitter
[*] pqc_client <= plan: 1:0.057763 7:0.057763 13:0.057763 19:0.057763 25:0.057763 31:0.057763 37:0.043508 43:0.043508 49:0.043508 55:0.043508 61:0.043508 67:0.043508 73:0.043508 79:0.043508 85:0.043508 91:0.043508 97:0.043508 103:0.043508 109:0.043508 115:0.043508 121:0.043508 127:0.043508 133:0.043508 139:0.043508 145:0.043508 151:0.043508 157:0.043508 163:0.043508 169:0.043508 175:0.043508 181:0.043508 187:0.043508 193:0.043508 199:0.043508 205:0.043508 211:0.294729 217:0.294729 223:0.294729 229:0.294729 235:0.294729 241:0.294729 247:0.294729 253:0.294729 259:0.294729 265:0.294729 271:0.294729 277:0.294729 283:0.294729 289:0.294729 295:0.294729 301:0.294729 307:0.294729 313:0.294729 319:0.294729 325:0.294729 331:0.294729 337:0.294729 343:0.294729 349:0.294729 355:0.294729 361:0.294729 367:0.294729 373:0.294729 379:0.000000 385:0.000000 391:0.000000 397:0.000000 403:0.000000 409:0.000000 415:0.000000 421:0.000000 427:0.000000 433:0.000000 439:0.000000 445:0.000000 451:0.000000 457:0.000000 463:0.000000 469:0.000000 475:0.000000 481:0.000000 487:0.000000 493:0.000000 499:0.000000 505:0.000000 511:0.000000 517:0.000000 523:0.000000 529:0.000000 535:0.000000 541:0.000000 547:0.000000 553:0.000000 559:0.000000 565:0.000000 571:0.000000 577:0.000000 583:0.000000 589:0.000000 595:0.000000 601:0.000000 607:0.000000 613:0.000000 619:0.000000 625:0.000000 631:0.000000 637:0.000000 643:0.000000 649:0.000000 655:0.000000 661:0.000000 667:0.000000 673:0.000000 679:0.000000 685:0.000000 691:0.000000 697:0.039057 703:0.039057 709:0.039057 715:0.039057 721:0.039057 727:0.039057 733:0.039057 739:0.039057 745:0.039057 751:0.039057 757:0.039057 763:0.039057 769:0.039057 775:0.039057 781:0.039057 787:0.039057 793:0.039057 799:0.039057 805:0.039057 811:0.039057 817:0.039057 823:0.039057 829:0.039057 835:0.039057 841:0.039057 847:0.039057 853:0.039057 859:0.039057 865:0.104308 871:0.104308 877:0.104308 883:0.104308 889:0.104308 895:0.104308 901:0.104308 907:0.104308 913:0.104308 919:0.104308 925:0.104308 931:0.104308 937:0.104308 943:0.104308 949:0.104308 955:0.104308 961:0.104308 967:0.104308 973:0.104308 979:0.104308 985:0.104308 991:0.104308 997:0.104308
[*] pqc_client_2 <= plan: 2:0.057763 8:0.057763 14:0.057763 20:0.057763 26:0.057763 32:0.057763 38:0.043508 44:0.043508 50:0.043508 56:0.043508 62:0.043508 68:0.043508 74:0.043508 80:0.043508 86:0.043508 92:0.043508 98:0.043508 104:0.043508 110:0.043508 116:0.043508 122:0.043508 128:0.043508 134:0.043508 140:0.043508 146:0.043508 152:0.043508 158:0.043508 164:0.043508 170:0.043508 176:0.043508 182:0.043508 188:0.043508 194:0.043508 200:0.043508 206:0.043508 212:0.294729 218:0.294729 224:0.294729 230:0.294729 236:0.294729 242:0.294729 248:0.294729 254:0.294729 260:0.294729 266:0.294729 272:0.294729 278:0.294729 284:0.294729 290:0.294729 296:0.294729 302:0.294729 308:0.294729 314:0.294729 320:0.294729 326:0.294729 332:0.294729 338:0.294729 344:0.294729 350:0.294729 356:0.294729 362:0.294729 368:0.294729 374:0.294729 380:0.000000 386:0.000000 392:0.000000 398:0.000000 404:0.000000 410:0.000000 416:0.000000 422:0.000000 428:0.000000 434:0.000000 440:0.000000 446:0.000000 452:0.000000 458:0.000000 464:0.000000 470:0.000000 476:0.000000 482:0.000000 488:0.000000 494:0.000000 500:0.000000 506:0.000000 512:0.000000 518:0.000000 524:0.000000 530:0.000000 536:0.000000 542:0.000000 548:0.000000 554:0.000000 560:0.000000 566:0.000000 572:0.000000 578:0.000000 584:0.000000 590:0.000000 596:0.000000 602:0.000000 608:0.000000 614:0.000000 620:0.000000 626:0.000000 632:0.000000 638:0.000000 644:0.000000 650:0.000000 656:0.000000 662:0.000000 668:0.000000 674:0.000000 680:0.000000 686:0.000000 692:0.039057 698:0.039057 704:0.039057 710:0.039057 716:0.039057 722:0.039057 728:0.039057 734:0.039057 740:0.039057 746:0.039057 752:0.039057 758:0.039057 764:0.039057 770:0.039057 776:0.039057 782:0.039057 788:0.039057 794:0.039057 800:0.039057 806:0.039057 812:0.039057 818:0.039057 824:0.039057 830:0.039057 836:0.039057 842:0.039057 848:0.039057 854:0.039057 860:0.039057 866:0.104308 872:0.104308 878:0.104308 884:0.104308 890:0.104308 896:0.104308 902:0.104308 908:0.104308 914:0.104308 920:0.104308 926:0.104308 932:0.104308 938:0.104308 944:0.104308 950:0.104308 956:0.104308 962:0.104308 968:0.104308 974:0.104308 980:0.104308 986:0.104308 992:0.104308 998:0.104308
[*] pqc_client_3 <= plan: 3:0.057763 9:0.057763 15:0.057763 21:0.057763 27:0.057763 33:0.057763 39:0.043508 45:0.043508 51:0.043508 57:0.043508 63:0.043508 69:0.043508 75:0.043508 81:0.043508 87:0.043508 93:0.043508 99:0.043508 105:0.043508 111:0.043508 117:0.043508 123:0.043508 129:0.043508 135:0.043508 141:0.043508 147:0.043508 153:0.043508 159:0.043508 165:0.043508 171:0.043508 177:0.043508 183:0.043508 189:0.043508 195:0.043508 201:0.043508 207:0.043508 213:0.294729 219:0.294729 225:0.294729 231:0.294729 237:0.294729 243:0.294729 249:0.294729 255:0.294729 261:0.294729 267:0.294729 273:0.294729 279:0.294729 285:0.294729 291:0.294729 297:0.294729 303:0.294729 309:0.294729 315:0.294729 321:0.294729 327:0.294729 333:0.294729 339:0.294729 345:0.294729 351:0.294729 357:0.294729 363:0.294729 369:0.294729 375:0.294729 381:0.000000 387:0.000000 393:0.000000 399:0.000000 405:0.000000 411:0.000000 417:0.000000 423:0.000000 429:0.000000 435:0.000000 441:0.000000 447:0.000000 453:0.000000 459:0.000000 465:0.000000 471:0.000000 477:0.000000 483:0.000000 489:0.000000 495:0.000000 501:0.000000 507:0.000000 513:0.000000 519:0.000000 525:0.000000 531:0.000000 537:0.000000 543:0.000000 549:0.000000 555:0.000000 561:0.000000 567:0.000000 573:0.000000 579:0.000000 585:0.000000 591:0.000000 597:0.000000 603:0.000000 609:0.000000 615:0.000000 621:0.000000 627:0.000000 633:0.000000 639:0.000000 645:0.000000 651:0.000000 657:0.000000 663:0.000000 669:0.000000 675:0.000000 681:0.000000 687:0.000000 693:0.039057 699:0.039057 705:0.039057 711:0.039057 717:0.039057 723:0.039057 729:0.039057 735:0.039057 741:0.039057 747:0.039057 753:0.039057 759:0.039057 765:0.039057 771:0.039057 777:0.039057 783:0.039057 789:0.039057 795:0.039057 801:0.039057 807:0.039057 813:0.039057 819:0.039057 825:0.039057 831:0.039057 837:0.039057 843:0.039057 849:0.039057 855:0.039057 861:0.039057 867:0.104308 873:0.104308 879:0.104308 885:0.104308 891:0.104308 897:0.104308 903:0.104308 909:0.104308 915:0.104308 921:0.104308 927:0.104308 933:0.104308 939:0.104308 945:0.104308 951:0.104308 957:0.104308 963:0.104308 969:0.104308 975:0.104308 981:0.104308 987:0.104308 993:0.104308 999:0.104308
[*] pqc_client_4 <= plan: 4:0.057763 10:0.057763 16:0.057763 22:0.057763 28:0.057763 34:0.057763 40:0.043508 46:0.043508 52:0.043508 58:0.043508 64:0.043508 70:0.043508 76:0.043508 82:0.043508 88:0.043508 94:0.043508 100:0.043508 106:0.043508 112:0.043508 118:0.043508 124:0.043508 130:0.043508 136:0.043508 142:0.043508 148:0.043508 154:0.043508 160:0.043508 166:0.043508 172:0.043508 178:0.043508 184:0.043508 190:0.043508 196:0.043508 202:0.043508 208:0.294729 214:0.294729 220:0.294729 226:0.294729 232:0.294729 238:0.294729 244:0.294729 250:0.294729 256:0.294729 262:0.294729 268:0.294729 274:0.294729 280:0.294729 286:0.294729 292:0.294729 298:0.294729 304:0.294729 310:0.294729 316:0.294729 322:0.294729 328:0.294729 334:0.294729 340:0.294729 346:0.294729 352:0.294729 358:0.294729 364:0.294729 370:0.294729 376:0.294729 382:0.000000 388:0.000000 394:0.000000 400:0.000000 406:0.000000 412:0.000000 418:0.000000 424:0.000000 430:0.000000 436:0.000000 442:0.000000 448:0.000000 454:0.000000 460:0.000000 466:0.000000 472:0.000000 478:0.000000 484:0.000000 490:0.000000 496:0.000000 502:0.000000 508:0.000000 514:0.000000 520:0.000000 526:0.000000 532:0.000000 538:0.000000 544:0.000000 550:0.000000 556:0.000000 562:0.000000 568:0.000000 574:0.000000 580:0.000000 586:0.000000 592:0.000000 598:0.000000 604:0.000000 610:0.000000 616:0.000000 622:0.000000 628:0.000000 634:0.000000 640:0.000000 646:0.000000 652:0.000000 658:0.000000 664:0.000000 670:0.000000 676:0.000000 682:0.000000 688:0.000000 694:0.039057 700:0.039057 706:0.039057 712:0.039057 718:0.039057 724:0.039057 730:0.039057 736:0.039057 742:0.039057 748:0.039057 754:0.039057 760:0.039057 766:0.039057 772:0.039057 778:0.039057 784:0.039057 790:0.039057 796:0.039057 802:0.039057 808:0.039057 814:0.039057 820:0.039057 826:0.039057 832:0.039057 838:0.039057 844:0.039057 850:0.039057 856:0.039057 862:0.039057 868:0.104308 874:0.104308 880:0.104308 886:0.104308 892:0.104308 898:0.104308 904:0.104308 910:0.104308 916:0.104308 922:0.104308 928:0.104308 934:0.104308 940:0.104308 946:0.104308 952:0.104308 958:0.104308 964:0.104308 970:0.104308 976:0.104308 982:0.104308 988:0.104308 994:0.104308 1000:0.104308
[*] pqc_client_5 <= plan: 5:0.057763 11:0.057763 17:0.057763 23:0.057763 29:0.057763 35:0.057763 41:0.043508 47:0.043508 53:0.043508 59:0.043508 65:0.043508 71:0.043508 77:0.043508 83:0.043508 89:0.043508 95:0.043508 101:0.043508 107:0.043508 113:0.043508 119:0.043508 125:0.043508 131:0.043508 137:0.043508 143:0.043508 149:0.043508 155:0.043508 161:0.043508 167:0.043508 173:0.043508 179:0.043508 185:0.043508 191:0.043508 197:0.043508 203:0.043508 209:0.294729 215:0.294729 221:0.294729 227:0.294729 233:0.294729 239:0.294729 245:0.294729 251:0.294729 257:0.294729 263:0.294729 269:0.294729 275:0.294729 281:0.294729 287:0.294729 293:0.294729 299:0.294729 305:0.294729 311:0.294729 317:0.294729 323:0.294729 329:0.294729 335:0.294729 341:0.294729 347:0.294729 353:0.294729 359:0.294729 365:0.294729 371:0.294729 377:0.000000 383:0.000000 389:0.000000 395:0.000000 401:0.000000 407:0.000000 413:0.000000 419:0.000000 425:0.000000 431:0.000000 437:0.000000 443:0.000000 449:0.000000 455:0.000000 461:0.000000 467:0.000000 473:0.000000 479:0.000000 485:0.000000 491:0.000000 497:0.000000 503:0.000000 509:0.000000 515:0.000000 521:0.000000 527:0.000000 533:0.000000 539:0.000000 545:0.000000 551:0.000000 557:0.000000 563:0.000000 569:0.000000 575:0.000000 581:0.000000 587:0.000000 593:0.000000 599:0.000000 605:0.000000 611:0.000000 617:0.000000 623:0.000000 629:0.000000 635:0.000000 641:0.000000 647:0.000000 653:0.000000 659:0.000000 665:0.000000 671:0.000000 677:0.000000 683:0.000000 689:0.000000 695:0.039057 701:0.039057 707:0.039057 713:0.039057 719:0.039057 725:0.039057 731:0.039057 737:0.039057 743:0.039057 749:0.039057 755:0.039057 761:0.039057 767:0.039057 773:0.039057 779:0.039057 785:0.039057 791:0.039057 797:0.039057 803:0.039057 809:0.039057 815:0.039057 821:0.039057 827:0.039057 833:0.039057 839:0.039057 845:0.039057 851:0.039057 857:0.039057 863:0.039057 869:0.104308 875:0.104308 881:0.104308 887:0.104308 893:0.104308 899:0.104308 905:0.104308 911:0.104308 917:0.104308 923:0.104308 929:0.104308 935:0.104308 941:0.104308 947:0.104308 953:0.104308 959:0.104308 965:0.104308 971:0.104308 977:0.104308 983:0.104308 989:0.104308 995:0.104308 1001:0.104308
[*] pqc_client_6 <= plan: 6:0.057763 12:0.057763 18:0.057763 24:0.057763 30:0.057763 36:0.057763 42:0.043508 48:0.043508 54:0.043508 60:0.043508 66:0.043508 72:0.043508 78:0.043508 84:0.043508 90:0.043508 96:0.043508 102:0.043508 108:0.043508 114:0.043508 120:0.043508 126:0.043508 132:0.043508 138:0.043508 144:0.043508 150:0.043508 156:0.043508 162:0.043508 168:0.043508 174:0.043508 180:0.043508 186:0.043508 192:0.043508 198:0.043508 204:0.043508 210:0.294729 216:0.294729 222:0.294729 228:0.294729 234:0.294729 240:0.294729 246:0.294729 252:0.294729 258:0.294729 264:0.294729 270:0.294729 276:0.294729 282:0.294729 288:0.294729 294:0.294729 300:0.294729 306:0.294729 312:0.294729 318:0.294729 324:0.294729 330:0.294729 336:0.294729 342:0.294729 348:0.294729 354:0.294729 360:0.294729 366:0.294729 372:0.294729 378:0.000000 384:0.000000 390:0.000000 396:0.000000 402:0.000000 408:0.000000 414:0.000000 420:0.000000 426:0.000000 432:0.000000 438:0.000000 444:0.000000 450:0.000000 456:0.000000 462:0.000000 468:0.000000 474:0.000000 480:0.000000 486:0.000000 492:0.000000 498:0.000000 504:0.000000 510:0.000000 516:0.000000 522:0.000000 528:0.000000 534:0.000000 540:0.000000 546:0.000000 552:0.000000 558:0.000000 564:0.000000 570:0.000000 576:0.000000 582:0.000000 588:0.000000 594:0.000000 600:0.000000 606:0.000000 612:0.000000 618:0.000000 624:0.000000 630:0.000000 636:0.000000 642:0.000000 648:0.000000 654:0.000000 660:0.000000 666:0.000000 672:0.000000 678:0.000000 684:0.000000 690:0.000000 696:0.039057 702:0.039057 708:0.039057 714:0.039057 720:0.039057 726:0.039057 732:0.039057 738:0.039057 744:0.039057 750:0.039057 756:0.039057 762:0.039057 768:0.039057 774:0.039057 780:0.039057 786:0.039057 792:0.039057 798:0.039057 804:0.039057 810:0.039057 816:0.039057 822:0.039057 828:0.039057 834:0.039057 840:0.039057 846:0.039057 852:0.039057 858:0.039057 864:0.039057 870:0.104308 876:0.104308 882:0.104308 888:0.104308 894:0.104308 900:0.104308 906:0.104308 912:0.104308 918:0.104308 924:0.104308 930:0.104308 936:0.104308 942:0.104308 948:0.104308 954:0.104308 960:0.104308 966:0.104308 972:0.104308 978:0.104308 984:0.104308 990:0.104308 996:0.104308 1002:0.104308
client=pqc_client total=167 ok=167 err=0
client=pqc_client_2 total=167 ok=167 err=0
client=pqc_client_3 total=167 ok=167 err=0
client=pqc_client_4 total=167 ok=167 err=0
client=pqc_client_5 total=167 ok=167 err=0
client=pqc_client_6 total=167 ok=167 err=0
[*] Resumen guardado en: results/classic_p0_soft_005_resource_summary.txt
RUN_ID: classic_p0_soft_005
CSV: results/classic_p0_soft_005_docker_stats.csv

=== Resumen CPU% y MEM% (avg / max) por contenedor ===
pqc_client_2 -> CPU avg=6.50%, CPU max=38.98%, MEM avg=0.52%, MEM max=1.96%
pqc_client_3 -> CPU avg=6.19%, CPU max=37.12%, MEM avg=0.35%, MEM max=0.95%
pqc_monitor -> CPU avg=0.43%, CPU max=1.64%, MEM avg=0.18%, MEM max=0.18%
pqc_client_4 -> CPU avg=25.68%, CPU max=123.76%, MEM avg=0.84%, MEM max=2.94%
pqc_client_5 -> CPU avg=27.00%, CPU max=119.69%, MEM avg=0.76%, MEM max=2.90%
pqc_server -> CPU avg=17.83%, CPU max=55.15%, MEM avg=0.11%, MEM max=0.12%
pqc_client_6 -> CPU avg=23.08%, CPU max=115.98%, MEM avg=0.89%, MEM max=2.79%
pqc_client -> CPU avg=5.58%, CPU max=33.45%, MEM avg=0.47%, MEM max=1.30%
[2026-05-15 12:28:57] [*] Parando captura en pqc_monitor para classic_p0_soft_005
[*] Métricas TXT guardadas en results/classic_p0_soft_005_metrics.txt
[*] Métricas CSV guardadas en results/classic_p0_soft_005_metrics.csv
[*] Métricas TXT guardadas en results/classic_p0_soft_005_metrics.txt
[*] Métricas CSV guardadas en results/classic_p0_soft_005_metrics.csv
[2026-05-15 12:30:38] === RUN END: classic_p0_soft_005 ===

[2026-05-15 12:30:38] === RUN START: classic_p0_soft_006 ===
[2026-05-15 12:30:38] [*] Preparando captura en pqc_monitor (eth0) para classic_p0_soft_006
[*] Guardando muestras en: results/classic_p0_soft_006_docker_stats.csv
[*] Ejecutando comando medido: bash -lc ./scripts/run_client_once_rafaga.sh classic_p0_soft_006 1002; sleep 3
[*] Ráfaga clásica completada: 1002 conexiones en 6 clientes (poisson_jitter)
=== host results ===
-rw-rw-r-- 1 cristian cristian  301602 may 15 12:30 classic_p0_soft_006_client_err.txt
-rw-rw-r-- 1 cristian cristian   13403 may 15 12:30 classic_p0_soft_006_client.txt
-rw-rw-r-- 1 cristian cristian    3235 may 15 12:30 classic_p0_soft_006_docker_stats.csv
-rw-r--r-- 1 root     root       50267 may 15 12:30 classic_p0_soft_006_pqc_client_2_client_err.txt
-rw-r--r-- 1 root     root           0 may 15 12:30 classic_p0_soft_006_pqc_client_2_client.txt
-rw-r--r-- 1 root     root          43 may 15 12:30 classic_p0_soft_006_pqc_client_2_summary.txt
-rw-r--r-- 1 root     root       50267 may 15 12:30 classic_p0_soft_006_pqc_client_3_client_err.txt
-rw-r--r-- 1 root     root           0 may 15 12:30 classic_p0_soft_006_pqc_client_3_client.txt
-rw-r--r-- 1 root     root          43 may 15 12:30 classic_p0_soft_006_pqc_client_3_summary.txt
-rw-r--r-- 1 root     root       50267 may 15 12:30 classic_p0_soft_006_pqc_client_4_client_err.txt
-rw-r--r-- 1 root     root           0 may 15 12:30 classic_p0_soft_006_pqc_client_4_client.txt
-rw-r--r-- 1 root     root          43 may 15 12:30 classic_p0_soft_006_pqc_client_4_summary.txt
-rw-r--r-- 1 root     root       50267 may 15 12:30 classic_p0_soft_006_pqc_client_5_client_err.txt
-rw-r--r-- 1 root     root           0 may 15 12:30 classic_p0_soft_006_pqc_client_5_client.txt
-rw-r--r-- 1 root     root          43 may 15 12:30 classic_p0_soft_006_pqc_client_5_summary.txt
-rw-r--r-- 1 root     root       50267 may 15 12:30 classic_p0_soft_006_pqc_client_6_client_err.txt
-rw-r--r-- 1 root     root           0 may 15 12:30 classic_p0_soft_006_pqc_client_6_client.txt
-rw-r--r-- 1 root     root          43 may 15 12:30 classic_p0_soft_006_pqc_client_6_summary.txt
-rw-r--r-- 1 root     root       50267 may 15 12:30 classic_p0_soft_006_pqc_client_client_err.txt
-rw-r--r-- 1 root     root           0 may 15 12:30 classic_p0_soft_006_pqc_client_client.txt
-rw-r--r-- 1 root     root          41 may 15 12:30 classic_p0_soft_006_pqc_client_summary.txt
=== resumen por cliente ===
[*] Perfil poisson_jitter: llegadas no sincronizadas con Poisson+jitter
[*] pqc_client <= plan: 1:0.108906 7:0.108906 13:0.108906 19:0.108906 25:0.108906 31:0.108906 37:0.108906 43:0.108906 49:0.108906 55:0.108906 61:0.108906 67:0.108906 73:0.108906 79:0.108906 85:0.108906 91:0.108906 97:0.108906 103:0.108906 109:0.108906 115:0.108906 121:0.108906 127:0.108906 133:0.108906 139:0.108906 145:0.108906 151:0.108906 157:0.108906 163:0.108906 169:0.108906 175:0.108906 181:0.108906 187:0.108906 193:0.108906 199:0.108906 205:0.108906 211:0.108906 217:0.053357 223:0.053357 229:0.053357 235:0.053357 241:0.053357 247:0.053357 253:0.053357 259:0.053357 265:0.053357 271:0.053357 277:0.053357 283:0.053357 289:0.053357 295:0.053357 301:0.053357 307:0.053357 313:0.053357 319:0.053357 325:0.053357 331:0.053357 337:0.053357 343:0.053357 349:0.053357 355:0.053357 361:0.053357 367:0.053357 373:0.053357 379:0.053357 385:0.053357 391:0.053357 397:0.053357 403:0.053357 409:0.053357 415:0.053357 421:0.053357 427:0.053357 433:0.053357 439:0.028064 445:0.028064 451:0.028064 457:0.028064 463:0.028064 469:0.028064 475:0.028064 481:0.028064 487:0.028064 493:0.028064 499:0.028064 505:0.028064 511:0.028064 517:0.028064 523:0.028064 529:0.028064 535:0.028064 541:0.028064 547:0.028064 553:0.028064 559:0.028064 565:0.028064 571:0.028064 577:0.028064 583:0.028064 589:0.205294 595:0.205294 601:0.205294 607:0.205294 613:0.205294 619:0.205294 625:0.205294 631:0.205294 637:0.205294 643:0.205294 649:0.205294 655:0.205294 661:0.205294 667:0.205294 673:0.205294 679:0.205294 685:0.205294 691:0.205294 697:0.205294 703:0.205294 709:0.205294 715:0.205294 721:0.205294 727:0.205294 733:0.205294 739:0.205294 745:0.205294 751:0.205294 757:0.205294 763:0.205294 769:0.205294 775:0.205294 781:0.205294 787:0.205294 793:0.052725 799:0.052725 805:0.052725 811:0.052725 817:0.052725 823:0.052725 829:0.052725 835:0.052725 841:0.052725 847:0.052725 853:0.052725 859:0.052725 865:0.052725 871:0.052725 877:0.052725 883:0.052725 889:0.052725 895:0.052725 901:0.052725 907:0.052725 913:0.052725 919:0.052725 925:0.052725 931:0.052725 937:0.052725 943:0.052725 949:0.052725 955:0.052725 961:0.052725 967:0.052725 973:0.052725 979:0.052725 985:0.052725 991:0.052725 997:0.052725
[*] pqc_client_2 <= plan: 2:0.108906 8:0.108906 14:0.108906 20:0.108906 26:0.108906 32:0.108906 38:0.108906 44:0.108906 50:0.108906 56:0.108906 62:0.108906 68:0.108906 74:0.108906 80:0.108906 86:0.108906 92:0.108906 98:0.108906 104:0.108906 110:0.108906 116:0.108906 122:0.108906 128:0.108906 134:0.108906 140:0.108906 146:0.108906 152:0.108906 158:0.108906 164:0.108906 170:0.108906 176:0.108906 182:0.108906 188:0.108906 194:0.108906 200:0.108906 206:0.108906 212:0.108906 218:0.053357 224:0.053357 230:0.053357 236:0.053357 242:0.053357 248:0.053357 254:0.053357 260:0.053357 266:0.053357 272:0.053357 278:0.053357 284:0.053357 290:0.053357 296:0.053357 302:0.053357 308:0.053357 314:0.053357 320:0.053357 326:0.053357 332:0.053357 338:0.053357 344:0.053357 350:0.053357 356:0.053357 362:0.053357 368:0.053357 374:0.053357 380:0.053357 386:0.053357 392:0.053357 398:0.053357 404:0.053357 410:0.053357 416:0.053357 422:0.053357 428:0.053357 434:0.053357 440:0.028064 446:0.028064 452:0.028064 458:0.028064 464:0.028064 470:0.028064 476:0.028064 482:0.028064 488:0.028064 494:0.028064 500:0.028064 506:0.028064 512:0.028064 518:0.028064 524:0.028064 530:0.028064 536:0.028064 542:0.028064 548:0.028064 554:0.028064 560:0.028064 566:0.028064 572:0.028064 578:0.028064 584:0.028064 590:0.205294 596:0.205294 602:0.205294 608:0.205294 614:0.205294 620:0.205294 626:0.205294 632:0.205294 638:0.205294 644:0.205294 650:0.205294 656:0.205294 662:0.205294 668:0.205294 674:0.205294 680:0.205294 686:0.205294 692:0.205294 698:0.205294 704:0.205294 710:0.205294 716:0.205294 722:0.205294 728:0.205294 734:0.205294 740:0.205294 746:0.205294 752:0.205294 758:0.205294 764:0.205294 770:0.205294 776:0.205294 782:0.205294 788:0.052725 794:0.052725 800:0.052725 806:0.052725 812:0.052725 818:0.052725 824:0.052725 830:0.052725 836:0.052725 842:0.052725 848:0.052725 854:0.052725 860:0.052725 866:0.052725 872:0.052725 878:0.052725 884:0.052725 890:0.052725 896:0.052725 902:0.052725 908:0.052725 914:0.052725 920:0.052725 926:0.052725 932:0.052725 938:0.052725 944:0.052725 950:0.052725 956:0.052725 962:0.052725 968:0.052725 974:0.052725 980:0.052725 986:0.052725 992:0.052725 998:0.052725
[*] pqc_client_3 <= plan: 3:0.108906 9:0.108906 15:0.108906 21:0.108906 27:0.108906 33:0.108906 39:0.108906 45:0.108906 51:0.108906 57:0.108906 63:0.108906 69:0.108906 75:0.108906 81:0.108906 87:0.108906 93:0.108906 99:0.108906 105:0.108906 111:0.108906 117:0.108906 123:0.108906 129:0.108906 135:0.108906 141:0.108906 147:0.108906 153:0.108906 159:0.108906 165:0.108906 171:0.108906 177:0.108906 183:0.108906 189:0.108906 195:0.108906 201:0.108906 207:0.108906 213:0.108906 219:0.053357 225:0.053357 231:0.053357 237:0.053357 243:0.053357 249:0.053357 255:0.053357 261:0.053357 267:0.053357 273:0.053357 279:0.053357 285:0.053357 291:0.053357 297:0.053357 303:0.053357 309:0.053357 315:0.053357 321:0.053357 327:0.053357 333:0.053357 339:0.053357 345:0.053357 351:0.053357 357:0.053357 363:0.053357 369:0.053357 375:0.053357 381:0.053357 387:0.053357 393:0.053357 399:0.053357 405:0.053357 411:0.053357 417:0.053357 423:0.053357 429:0.053357 435:0.053357 441:0.028064 447:0.028064 453:0.028064 459:0.028064 465:0.028064 471:0.028064 477:0.028064 483:0.028064 489:0.028064 495:0.028064 501:0.028064 507:0.028064 513:0.028064 519:0.028064 525:0.028064 531:0.028064 537:0.028064 543:0.028064 549:0.028064 555:0.028064 561:0.028064 567:0.028064 573:0.028064 579:0.028064 585:0.028064 591:0.205294 597:0.205294 603:0.205294 609:0.205294 615:0.205294 621:0.205294 627:0.205294 633:0.205294 639:0.205294 645:0.205294 651:0.205294 657:0.205294 663:0.205294 669:0.205294 675:0.205294 681:0.205294 687:0.205294 693:0.205294 699:0.205294 705:0.205294 711:0.205294 717:0.205294 723:0.205294 729:0.205294 735:0.205294 741:0.205294 747:0.205294 753:0.205294 759:0.205294 765:0.205294 771:0.205294 777:0.205294 783:0.205294 789:0.052725 795:0.052725 801:0.052725 807:0.052725 813:0.052725 819:0.052725 825:0.052725 831:0.052725 837:0.052725 843:0.052725 849:0.052725 855:0.052725 861:0.052725 867:0.052725 873:0.052725 879:0.052725 885:0.052725 891:0.052725 897:0.052725 903:0.052725 909:0.052725 915:0.052725 921:0.052725 927:0.052725 933:0.052725 939:0.052725 945:0.052725 951:0.052725 957:0.052725 963:0.052725 969:0.052725 975:0.052725 981:0.052725 987:0.052725 993:0.052725 999:0.052725
[*] pqc_client_4 <= plan: 4:0.108906 10:0.108906 16:0.108906 22:0.108906 28:0.108906 34:0.108906 40:0.108906 46:0.108906 52:0.108906 58:0.108906 64:0.108906 70:0.108906 76:0.108906 82:0.108906 88:0.108906 94:0.108906 100:0.108906 106:0.108906 112:0.108906 118:0.108906 124:0.108906 130:0.108906 136:0.108906 142:0.108906 148:0.108906 154:0.108906 160:0.108906 166:0.108906 172:0.108906 178:0.108906 184:0.108906 190:0.108906 196:0.108906 202:0.108906 208:0.108906 214:0.108906 220:0.053357 226:0.053357 232:0.053357 238:0.053357 244:0.053357 250:0.053357 256:0.053357 262:0.053357 268:0.053357 274:0.053357 280:0.053357 286:0.053357 292:0.053357 298:0.053357 304:0.053357 310:0.053357 316:0.053357 322:0.053357 328:0.053357 334:0.053357 340:0.053357 346:0.053357 352:0.053357 358:0.053357 364:0.053357 370:0.053357 376:0.053357 382:0.053357 388:0.053357 394:0.053357 400:0.053357 406:0.053357 412:0.053357 418:0.053357 424:0.053357 430:0.053357 436:0.053357 442:0.028064 448:0.028064 454:0.028064 460:0.028064 466:0.028064 472:0.028064 478:0.028064 484:0.028064 490:0.028064 496:0.028064 502:0.028064 508:0.028064 514:0.028064 520:0.028064 526:0.028064 532:0.028064 538:0.028064 544:0.028064 550:0.028064 556:0.028064 562:0.028064 568:0.028064 574:0.028064 580:0.028064 586:0.028064 592:0.205294 598:0.205294 604:0.205294 610:0.205294 616:0.205294 622:0.205294 628:0.205294 634:0.205294 640:0.205294 646:0.205294 652:0.205294 658:0.205294 664:0.205294 670:0.205294 676:0.205294 682:0.205294 688:0.205294 694:0.205294 700:0.205294 706:0.205294 712:0.205294 718:0.205294 724:0.205294 730:0.205294 736:0.205294 742:0.205294 748:0.205294 754:0.205294 760:0.205294 766:0.205294 772:0.205294 778:0.205294 784:0.205294 790:0.052725 796:0.052725 802:0.052725 808:0.052725 814:0.052725 820:0.052725 826:0.052725 832:0.052725 838:0.052725 844:0.052725 850:0.052725 856:0.052725 862:0.052725 868:0.052725 874:0.052725 880:0.052725 886:0.052725 892:0.052725 898:0.052725 904:0.052725 910:0.052725 916:0.052725 922:0.052725 928:0.052725 934:0.052725 940:0.052725 946:0.052725 952:0.052725 958:0.052725 964:0.052725 970:0.052725 976:0.052725 982:0.052725 988:0.052725 994:0.052725 1000:0.052725
[*] pqc_client_5 <= plan: 5:0.108906 11:0.108906 17:0.108906 23:0.108906 29:0.108906 35:0.108906 41:0.108906 47:0.108906 53:0.108906 59:0.108906 65:0.108906 71:0.108906 77:0.108906 83:0.108906 89:0.108906 95:0.108906 101:0.108906 107:0.108906 113:0.108906 119:0.108906 125:0.108906 131:0.108906 137:0.108906 143:0.108906 149:0.108906 155:0.108906 161:0.108906 167:0.108906 173:0.108906 179:0.108906 185:0.108906 191:0.108906 197:0.108906 203:0.108906 209:0.108906 215:0.053357 221:0.053357 227:0.053357 233:0.053357 239:0.053357 245:0.053357 251:0.053357 257:0.053357 263:0.053357 269:0.053357 275:0.053357 281:0.053357 287:0.053357 293:0.053357 299:0.053357 305:0.053357 311:0.053357 317:0.053357 323:0.053357 329:0.053357 335:0.053357 341:0.053357 347:0.053357 353:0.053357 359:0.053357 365:0.053357 371:0.053357 377:0.053357 383:0.053357 389:0.053357 395:0.053357 401:0.053357 407:0.053357 413:0.053357 419:0.053357 425:0.053357 431:0.053357 437:0.028064 443:0.028064 449:0.028064 455:0.028064 461:0.028064 467:0.028064 473:0.028064 479:0.028064 485:0.028064 491:0.028064 497:0.028064 503:0.028064 509:0.028064 515:0.028064 521:0.028064 527:0.028064 533:0.028064 539:0.028064 545:0.028064 551:0.028064 557:0.028064 563:0.028064 569:0.028064 575:0.028064 581:0.028064 587:0.205294 593:0.205294 599:0.205294 605:0.205294 611:0.205294 617:0.205294 623:0.205294 629:0.205294 635:0.205294 641:0.205294 647:0.205294 653:0.205294 659:0.205294 665:0.205294 671:0.205294 677:0.205294 683:0.205294 689:0.205294 695:0.205294 701:0.205294 707:0.205294 713:0.205294 719:0.205294 725:0.205294 731:0.205294 737:0.205294 743:0.205294 749:0.205294 755:0.205294 761:0.205294 767:0.205294 773:0.205294 779:0.205294 785:0.205294 791:0.052725 797:0.052725 803:0.052725 809:0.052725 815:0.052725 821:0.052725 827:0.052725 833:0.052725 839:0.052725 845:0.052725 851:0.052725 857:0.052725 863:0.052725 869:0.052725 875:0.052725 881:0.052725 887:0.052725 893:0.052725 899:0.052725 905:0.052725 911:0.052725 917:0.052725 923:0.052725 929:0.052725 935:0.052725 941:0.052725 947:0.052725 953:0.052725 959:0.052725 965:0.052725 971:0.052725 977:0.052725 983:0.052725 989:0.052725 995:0.052725 1001:0.052725
[*] pqc_client_6 <= plan: 6:0.108906 12:0.108906 18:0.108906 24:0.108906 30:0.108906 36:0.108906 42:0.108906 48:0.108906 54:0.108906 60:0.108906 66:0.108906 72:0.108906 78:0.108906 84:0.108906 90:0.108906 96:0.108906 102:0.108906 108:0.108906 114:0.108906 120:0.108906 126:0.108906 132:0.108906 138:0.108906 144:0.108906 150:0.108906 156:0.108906 162:0.108906 168:0.108906 174:0.108906 180:0.108906 186:0.108906 192:0.108906 198:0.108906 204:0.108906 210:0.108906 216:0.053357 222:0.053357 228:0.053357 234:0.053357 240:0.053357 246:0.053357 252:0.053357 258:0.053357 264:0.053357 270:0.053357 276:0.053357 282:0.053357 288:0.053357 294:0.053357 300:0.053357 306:0.053357 312:0.053357 318:0.053357 324:0.053357 330:0.053357 336:0.053357 342:0.053357 348:0.053357 354:0.053357 360:0.053357 366:0.053357 372:0.053357 378:0.053357 384:0.053357 390:0.053357 396:0.053357 402:0.053357 408:0.053357 414:0.053357 420:0.053357 426:0.053357 432:0.053357 438:0.028064 444:0.028064 450:0.028064 456:0.028064 462:0.028064 468:0.028064 474:0.028064 480:0.028064 486:0.028064 492:0.028064 498:0.028064 504:0.028064 510:0.028064 516:0.028064 522:0.028064 528:0.028064 534:0.028064 540:0.028064 546:0.028064 552:0.028064 558:0.028064 564:0.028064 570:0.028064 576:0.028064 582:0.028064 588:0.205294 594:0.205294 600:0.205294 606:0.205294 612:0.205294 618:0.205294 624:0.205294 630:0.205294 636:0.205294 642:0.205294 648:0.205294 654:0.205294 660:0.205294 666:0.205294 672:0.205294 678:0.205294 684:0.205294 690:0.205294 696:0.205294 702:0.205294 708:0.205294 714:0.205294 720:0.205294 726:0.205294 732:0.205294 738:0.205294 744:0.205294 750:0.205294 756:0.205294 762:0.205294 768:0.205294 774:0.205294 780:0.205294 786:0.205294 792:0.052725 798:0.052725 804:0.052725 810:0.052725 816:0.052725 822:0.052725 828:0.052725 834:0.052725 840:0.052725 846:0.052725 852:0.052725 858:0.052725 864:0.052725 870:0.052725 876:0.052725 882:0.052725 888:0.052725 894:0.052725 900:0.052725 906:0.052725 912:0.052725 918:0.052725 924:0.052725 930:0.052725 936:0.052725 942:0.052725 948:0.052725 954:0.052725 960:0.052725 966:0.052725 972:0.052725 978:0.052725 984:0.052725 990:0.052725 996:0.052725 1002:0.052725
client=pqc_client total=167 ok=167 err=0
client=pqc_client_2 total=167 ok=167 err=0
client=pqc_client_3 total=167 ok=167 err=0
client=pqc_client_4 total=167 ok=167 err=0
client=pqc_client_5 total=167 ok=167 err=0
client=pqc_client_6 total=167 ok=167 err=0
[*] Resumen guardado en: results/classic_p0_soft_006_resource_summary.txt
RUN_ID: classic_p0_soft_006
CSV: results/classic_p0_soft_006_docker_stats.csv

=== Resumen CPU% y MEM% (avg / max) por contenedor ===
pqc_client_2 -> CPU avg=14.92%, CPU max=82.93%, MEM avg=0.88%, MEM max=3.61%
pqc_client_3 -> CPU avg=19.05%, CPU max=88.93%, MEM avg=1.00%, MEM max=3.46%
pqc_monitor -> CPU avg=0.29%, CPU max=0.86%, MEM avg=0.18%, MEM max=0.18%
pqc_client_4 -> CPU avg=17.59%, CPU max=87.73%, MEM avg=0.98%, MEM max=3.35%
pqc_client_5 -> CPU avg=16.46%, CPU max=88.11%, MEM avg=0.92%, MEM max=3.30%
pqc_server -> CPU avg=7.88%, CPU max=50.89%, MEM avg=0.11%, MEM max=0.11%
pqc_client_6 -> CPU avg=15.23%, CPU max=91.32%, MEM avg=0.94%, MEM max=3.26%
pqc_client -> CPU avg=22.03%, CPU max=79.87%, MEM avg=1.00%, MEM max=3.68%
[2026-05-15 12:31:05] [*] Parando captura en pqc_monitor para classic_p0_soft_006
[*] Métricas TXT guardadas en results/classic_p0_soft_006_metrics.txt
[*] Métricas CSV guardadas en results/classic_p0_soft_006_metrics.csv
[*] Métricas TXT guardadas en results/classic_p0_soft_006_metrics.txt
[*] Métricas CSV guardadas en results/classic_p0_soft_006_metrics.csv
[2026-05-15 12:32:21] === RUN END: classic_p0_soft_006 ===

[2026-05-15 12:32:21] === RUN START: classic_p0_stress_001 ===
[2026-05-15 12:32:21] [*] Preparando captura en pqc_monitor (eth0) para classic_p0_stress_001
[*] Guardando muestras en: results/classic_p0_stress_001_docker_stats.csv
[*] Ejecutando comando medido: bash -lc ./scripts/run_client_once_rafaga.sh classic_p0_stress_001 1002; sleep 3
[*] Ráfaga clásica completada: 1002 conexiones en 6 clientes (stress)
=== host results ===
-rw-rw-r-- 1 cristian cristian  301602 may 15 12:32 classic_p0_stress_001_client_err.txt
-rw-rw-r-- 1 cristian cristian    6380 may 15 12:32 classic_p0_stress_001_client.txt
-rw-rw-r-- 1 cristian cristian    2175 may 15 12:32 classic_p0_stress_001_docker_stats.csv
-rw-r--r-- 1 root     root       50267 may 15 12:32 classic_p0_stress_001_pqc_client_2_client_err.txt
-rw-r--r-- 1 root     root           0 may 15 12:32 classic_p0_stress_001_pqc_client_2_client.txt
-rw-r--r-- 1 root     root          43 may 15 12:32 classic_p0_stress_001_pqc_client_2_summary.txt
-rw-r--r-- 1 root     root       50267 may 15 12:32 classic_p0_stress_001_pqc_client_3_client_err.txt
-rw-r--r-- 1 root     root           0 may 15 12:32 classic_p0_stress_001_pqc_client_3_client.txt
-rw-r--r-- 1 root     root          43 may 15 12:32 classic_p0_stress_001_pqc_client_3_summary.txt
-rw-r--r-- 1 root     root       50267 may 15 12:32 classic_p0_stress_001_pqc_client_4_client_err.txt
-rw-r--r-- 1 root     root           0 may 15 12:32 classic_p0_stress_001_pqc_client_4_client.txt
-rw-r--r-- 1 root     root          43 may 15 12:32 classic_p0_stress_001_pqc_client_4_summary.txt
-rw-r--r-- 1 root     root       50267 may 15 12:32 classic_p0_stress_001_pqc_client_5_client_err.txt
-rw-r--r-- 1 root     root           0 may 15 12:32 classic_p0_stress_001_pqc_client_5_client.txt
-rw-r--r-- 1 root     root          43 may 15 12:32 classic_p0_stress_001_pqc_client_5_summary.txt
-rw-r--r-- 1 root     root       50267 may 15 12:32 classic_p0_stress_001_pqc_client_6_client_err.txt
-rw-r--r-- 1 root     root           0 may 15 12:32 classic_p0_stress_001_pqc_client_6_client.txt
-rw-r--r-- 1 root     root          43 may 15 12:32 classic_p0_stress_001_pqc_client_6_summary.txt
-rw-r--r-- 1 root     root       50267 may 15 12:32 classic_p0_stress_001_pqc_client_client_err.txt
-rw-r--r-- 1 root     root           0 may 15 12:32 classic_p0_stress_001_pqc_client_client.txt
-rw-r--r-- 1 root     root          41 may 15 12:32 classic_p0_stress_001_pqc_client_summary.txt
-rw-r--r-- 1 cristian cristian  301602 may 10 14:45 prueba_classic_p0_stress_001_client_err.txt
-rw-r--r-- 1 cristian cristian    6380 may 10 14:45 prueba_classic_p0_stress_001_client.txt
-rwxr-xr-x 1 cristian cristian    4799 may 10 14:46 prueba_classic_p0_stress_001_docker_stats.csv
-rwxr-xr-x 1 cristian cristian    1034 may 10 14:47 prueba_classic_p0_stress_001_metrics.csv
-rw-r--r-- 1 cristian cristian  475347 may 10 14:47 prueba_classic_p0_stress_001_metrics.txt
-rw-r--r-- 1 cristian cristian   50267 may 10 14:45 prueba_classic_p0_stress_001_pqc_client_2_client_err.txt
-rw-r--r-- 1 cristian cristian       0 may 10 14:45 prueba_classic_p0_stress_001_pqc_client_2_client.txt
-rw-r--r-- 1 cristian cristian      43 may 10 14:45 prueba_classic_p0_stress_001_pqc_client_2_summary.txt
-rw-r--r-- 1 cristian cristian   50267 may 10 14:45 prueba_classic_p0_stress_001_pqc_client_3_client_err.txt
-rw-r--r-- 1 cristian cristian       0 may 10 14:45 prueba_classic_p0_stress_001_pqc_client_3_client.txt
-rw-r--r-- 1 cristian cristian      43 may 10 14:45 prueba_classic_p0_stress_001_pqc_client_3_summary.txt
-rw-r--r-- 1 cristian cristian   50267 may 10 14:45 prueba_classic_p0_stress_001_pqc_client_4_client_err.txt
-rw-r--r-- 1 cristian cristian       0 may 10 14:45 prueba_classic_p0_stress_001_pqc_client_4_client.txt
-rw-r--r-- 1 cristian cristian      43 may 10 14:45 prueba_classic_p0_stress_001_pqc_client_4_summary.txt
-rw-r--r-- 1 cristian cristian   50267 may 10 14:45 prueba_classic_p0_stress_001_pqc_client_5_client_err.txt
-rw-r--r-- 1 cristian cristian       0 may 10 14:45 prueba_classic_p0_stress_001_pqc_client_5_client.txt
-rw-r--r-- 1 cristian cristian      43 may 10 14:45 prueba_classic_p0_stress_001_pqc_client_5_summary.txt
-rw-r--r-- 1 cristian cristian   50267 may 10 14:45 prueba_classic_p0_stress_001_pqc_client_6_client_err.txt
-rw-r--r-- 1 cristian cristian       0 may 10 14:45 prueba_classic_p0_stress_001_pqc_client_6_client.txt
-rw-r--r-- 1 cristian cristian      43 may 10 14:45 prueba_classic_p0_stress_001_pqc_client_6_summary.txt
-rw-r--r-- 1 cristian cristian   50267 may 10 14:45 prueba_classic_p0_stress_001_pqc_client_client_err.txt
-rw-r--r-- 1 cristian cristian       0 may 10 14:45 prueba_classic_p0_stress_001_pqc_client_client.txt
-rw-r--r-- 1 cristian cristian      41 may 10 14:45 prueba_classic_p0_stress_001_pqc_client_summary.txt
-rw-r--r-- 1 cristian cristian     762 may 10 14:46 prueba_classic_p0_stress_001_resource_summary.txt
=== resumen por cliente ===
[*] Perfil stress: conexiones totalmente paralelas por cliente
[*] pqc_client <= plan: 1:0 7:0 13:0 19:0 25:0 31:0 37:0 43:0 49:0 55:0 61:0 67:0 73:0 79:0 85:0 91:0 97:0 103:0 109:0 115:0 121:0 127:0 133:0 139:0 145:0 151:0 157:0 163:0 169:0 175:0 181:0 187:0 193:0 199:0 205:0 211:0 217:0 223:0 229:0 235:0 241:0 247:0 253:0 259:0 265:0 271:0 277:0 283:0 289:0 295:0 301:0 307:0 313:0 319:0 325:0 331:0 337:0 343:0 349:0 355:0 361:0 367:0 373:0 379:0 385:0 391:0 397:0 403:0 409:0 415:0 421:0 427:0 433:0 439:0 445:0 451:0 457:0 463:0 469:0 475:0 481:0 487:0 493:0 499:0 505:0 511:0 517:0 523:0 529:0 535:0 541:0 547:0 553:0 559:0 565:0 571:0 577:0 583:0 589:0 595:0 601:0 607:0 613:0 619:0 625:0 631:0 637:0 643:0 649:0 655:0 661:0 667:0 673:0 679:0 685:0 691:0 697:0 703:0 709:0 715:0 721:0 727:0 733:0 739:0 745:0 751:0 757:0 763:0 769:0 775:0 781:0 787:0 793:0 799:0 805:0 811:0 817:0 823:0 829:0 835:0 841:0 847:0 853:0 859:0 865:0 871:0 877:0 883:0 889:0 895:0 901:0 907:0 913:0 919:0 925:0 931:0 937:0 943:0 949:0 955:0 961:0 967:0 973:0 979:0 985:0 991:0 997:0
[*] pqc_client_2 <= plan: 2:0 8:0 14:0 20:0 26:0 32:0 38:0 44:0 50:0 56:0 62:0 68:0 74:0 80:0 86:0 92:0 98:0 104:0 110:0 116:0 122:0 128:0 134:0 140:0 146:0 152:0 158:0 164:0 170:0 176:0 182:0 188:0 194:0 200:0 206:0 212:0 218:0 224:0 230:0 236:0 242:0 248:0 254:0 260:0 266:0 272:0 278:0 284:0 290:0 296:0 302:0 308:0 314:0 320:0 326:0 332:0 338:0 344:0 350:0 356:0 362:0 368:0 374:0 380:0 386:0 392:0 398:0 404:0 410:0 416:0 422:0 428:0 434:0 440:0 446:0 452:0 458:0 464:0 470:0 476:0 482:0 488:0 494:0 500:0 506:0 512:0 518:0 524:0 530:0 536:0 542:0 548:0 554:0 560:0 566:0 572:0 578:0 584:0 590:0 596:0 602:0 608:0 614:0 620:0 626:0 632:0 638:0 644:0 650:0 656:0 662:0 668:0 674:0 680:0 686:0 692:0 698:0 704:0 710:0 716:0 722:0 728:0 734:0 740:0 746:0 752:0 758:0 764:0 770:0 776:0 782:0 788:0 794:0 800:0 806:0 812:0 818:0 824:0 830:0 836:0 842:0 848:0 854:0 860:0 866:0 872:0 878:0 884:0 890:0 896:0 902:0 908:0 914:0 920:0 926:0 932:0 938:0 944:0 950:0 956:0 962:0 968:0 974:0 980:0 986:0 992:0 998:0
[*] pqc_client_3 <= plan: 3:0 9:0 15:0 21:0 27:0 33:0 39:0 45:0 51:0 57:0 63:0 69:0 75:0 81:0 87:0 93:0 99:0 105:0 111:0 117:0 123:0 129:0 135:0 141:0 147:0 153:0 159:0 165:0 171:0 177:0 183:0 189:0 195:0 201:0 207:0 213:0 219:0 225:0 231:0 237:0 243:0 249:0 255:0 261:0 267:0 273:0 279:0 285:0 291:0 297:0 303:0 309:0 315:0 321:0 327:0 333:0 339:0 345:0 351:0 357:0 363:0 369:0 375:0 381:0 387:0 393:0 399:0 405:0 411:0 417:0 423:0 429:0 435:0 441:0 447:0 453:0 459:0 465:0 471:0 477:0 483:0 489:0 495:0 501:0 507:0 513:0 519:0 525:0 531:0 537:0 543:0 549:0 555:0 561:0 567:0 573:0 579:0 585:0 591:0 597:0 603:0 609:0 615:0 621:0 627:0 633:0 639:0 645:0 651:0 657:0 663:0 669:0 675:0 681:0 687:0 693:0 699:0 705:0 711:0 717:0 723:0 729:0 735:0 741:0 747:0 753:0 759:0 765:0 771:0 777:0 783:0 789:0 795:0 801:0 807:0 813:0 819:0 825:0 831:0 837:0 843:0 849:0 855:0 861:0 867:0 873:0 879:0 885:0 891:0 897:0 903:0 909:0 915:0 921:0 927:0 933:0 939:0 945:0 951:0 957:0 963:0 969:0 975:0 981:0 987:0 993:0 999:0
[*] pqc_client_4 <= plan: 4:0 10:0 16:0 22:0 28:0 34:0 40:0 46:0 52:0 58:0 64:0 70:0 76:0 82:0 88:0 94:0 100:0 106:0 112:0 118:0 124:0 130:0 136:0 142:0 148:0 154:0 160:0 166:0 172:0 178:0 184:0 190:0 196:0 202:0 208:0 214:0 220:0 226:0 232:0 238:0 244:0 250:0 256:0 262:0 268:0 274:0 280:0 286:0 292:0 298:0 304:0 310:0 316:0 322:0 328:0 334:0 340:0 346:0 352:0 358:0 364:0 370:0 376:0 382:0 388:0 394:0 400:0 406:0 412:0 418:0 424:0 430:0 436:0 442:0 448:0 454:0 460:0 466:0 472:0 478:0 484:0 490:0 496:0 502:0 508:0 514:0 520:0 526:0 532:0 538:0 544:0 550:0 556:0 562:0 568:0 574:0 580:0 586:0 592:0 598:0 604:0 610:0 616:0 622:0 628:0 634:0 640:0 646:0 652:0 658:0 664:0 670:0 676:0 682:0 688:0 694:0 700:0 706:0 712:0 718:0 724:0 730:0 736:0 742:0 748:0 754:0 760:0 766:0 772:0 778:0 784:0 790:0 796:0 802:0 808:0 814:0 820:0 826:0 832:0 838:0 844:0 850:0 856:0 862:0 868:0 874:0 880:0 886:0 892:0 898:0 904:0 910:0 916:0 922:0 928:0 934:0 940:0 946:0 952:0 958:0 964:0 970:0 976:0 982:0 988:0 994:0 1000:0
[*] pqc_client_5 <= plan: 5:0 11:0 17:0 23:0 29:0 35:0 41:0 47:0 53:0 59:0 65:0 71:0 77:0 83:0 89:0 95:0 101:0 107:0 113:0 119:0 125:0 131:0 137:0 143:0 149:0 155:0 161:0 167:0 173:0 179:0 185:0 191:0 197:0 203:0 209:0 215:0 221:0 227:0 233:0 239:0 245:0 251:0 257:0 263:0 269:0 275:0 281:0 287:0 293:0 299:0 305:0 311:0 317:0 323:0 329:0 335:0 341:0 347:0 353:0 359:0 365:0 371:0 377:0 383:0 389:0 395:0 401:0 407:0 413:0 419:0 425:0 431:0 437:0 443:0 449:0 455:0 461:0 467:0 473:0 479:0 485:0 491:0 497:0 503:0 509:0 515:0 521:0 527:0 533:0 539:0 545:0 551:0 557:0 563:0 569:0 575:0 581:0 587:0 593:0 599:0 605:0 611:0 617:0 623:0 629:0 635:0 641:0 647:0 653:0 659:0 665:0 671:0 677:0 683:0 689:0 695:0 701:0 707:0 713:0 719:0 725:0 731:0 737:0 743:0 749:0 755:0 761:0 767:0 773:0 779:0 785:0 791:0 797:0 803:0 809:0 815:0 821:0 827:0 833:0 839:0 845:0 851:0 857:0 863:0 869:0 875:0 881:0 887:0 893:0 899:0 905:0 911:0 917:0 923:0 929:0 935:0 941:0 947:0 953:0 959:0 965:0 971:0 977:0 983:0 989:0 995:0 1001:0
[*] pqc_client_6 <= plan: 6:0 12:0 18:0 24:0 30:0 36:0 42:0 48:0 54:0 60:0 66:0 72:0 78:0 84:0 90:0 96:0 102:0 108:0 114:0 120:0 126:0 132:0 138:0 144:0 150:0 156:0 162:0 168:0 174:0 180:0 186:0 192:0 198:0 204:0 210:0 216:0 222:0 228:0 234:0 240:0 246:0 252:0 258:0 264:0 270:0 276:0 282:0 288:0 294:0 300:0 306:0 312:0 318:0 324:0 330:0 336:0 342:0 348:0 354:0 360:0 366:0 372:0 378:0 384:0 390:0 396:0 402:0 408:0 414:0 420:0 426:0 432:0 438:0 444:0 450:0 456:0 462:0 468:0 474:0 480:0 486:0 492:0 498:0 504:0 510:0 516:0 522:0 528:0 534:0 540:0 546:0 552:0 558:0 564:0 570:0 576:0 582:0 588:0 594:0 600:0 606:0 612:0 618:0 624:0 630:0 636:0 642:0 648:0 654:0 660:0 666:0 672:0 678:0 684:0 690:0 696:0 702:0 708:0 714:0 720:0 726:0 732:0 738:0 744:0 750:0 756:0 762:0 768:0 774:0 780:0 786:0 792:0 798:0 804:0 810:0 816:0 822:0 828:0 834:0 840:0 846:0 852:0 858:0 864:0 870:0 876:0 882:0 888:0 894:0 900:0 906:0 912:0 918:0 924:0 930:0 936:0 942:0 948:0 954:0 960:0 966:0 972:0 978:0 984:0 990:0 996:0 1002:0
client=pqc_client total=167 ok=167 err=0
client=pqc_client_2 total=167 ok=167 err=0
client=pqc_client_3 total=167 ok=167 err=0
client=pqc_client_4 total=167 ok=167 err=0
client=pqc_client_5 total=167 ok=167 err=0
client=pqc_client_6 total=167 ok=167 err=0
[*] Resumen guardado en: results/classic_p0_stress_001_resource_summary.txt
RUN_ID: classic_p0_stress_001
CSV: results/classic_p0_stress_001_docker_stats.csv

=== Resumen CPU% y MEM% (avg / max) por contenedor ===
pqc_client_2 -> CPU avg=22.70%, CPU max=79.65%, MEM avg=1.03%, MEM max=2.43%
pqc_client_3 -> CPU avg=22.46%, CPU max=80.63%, MEM avg=1.13%, MEM max=2.78%
pqc_monitor -> CPU avg=0.43%, CPU max=0.77%, MEM avg=0.18%, MEM max=0.19%
pqc_client_4 -> CPU avg=15.71%, CPU max=47.13%, MEM avg=0.93%, MEM max=2.53%
pqc_client_5 -> CPU avg=19.36%, CPU max=71.82%, MEM avg=1.22%, MEM max=2.93%
pqc_server -> CPU avg=20.01%, CPU max=50.06%, MEM avg=0.11%, MEM max=0.11%
pqc_client_6 -> CPU avg=21.09%, CPU max=76.82%, MEM avg=1.20%, MEM max=2.99%
pqc_client -> CPU avg=26.12%, CPU max=77.80%, MEM avg=1.27%, MEM max=3.27%
[2026-05-15 12:32:42] [*] Parando captura en pqc_monitor para classic_p0_stress_001
