[2026-05-16 23:50:24] CLIENTS=pqc_client,pqc_client_2,pqc_client_3,pqc_client_4,pqc_client_5,pqc_client_6
[2026-05-16 23:50:24] RUNS_PER_SCENARIO=5 TOTAL_CONN_VALUES=6 50 STATS_INTERVAL=0.2
[2026-05-16 23:50:24] ==== Iniciando bloque TOTAL_CONN=6 ====
[2026-05-16 23:50:24] ---- Aplicando perfil de red P0 ----
[*] Aplicando perfil P0
[*] Perfil P0 (sin degradación)

[*] Estado qdisc en monitor:
qdisc noqueue 0: root refcnt 2 
qdisc noqueue 0: root refcnt 2 
[2026-05-16 23:50:25] === RUN START: classic_p0_balanced_c6_001 ===
[2026-05-16 23:50:25] [*] Arrancando captura en pqc_monitor (eth0) para classic_p0_balanced_c6_001
[*] Guardando muestras en: results/classic_p0_balanced_c6_001_docker_stats.csv
[*] Ejecutando comando medido: bash -lc ./scripts/run_client_once_rafaga.sh classic_p0_balanced_c6_001 6; sleep 3
[*] Ráfaga clásica completada: 6 conexiones en 6 clientes (poisson_jitter)
=== host results ===
-rw-rw-r-- 1 cristian cristian    1806 may 16 23:50 classic_p0_balanced_c6_001_client_err.txt
-rw-rw-r-- 1 cristian cristian     524 may 16 23:50 classic_p0_balanced_c6_001_client.txt
-rwxr-xr-x 1 cristian cristian      69 may 16 23:50 classic_p0_balanced_c6_001_docker_stats.csv
-rwxr-xr-x 1 cristian cristian    1692 may 15 18:08 classic_p0_balanced_c6_001_metrics.csv
-rw-r--r-- 1 cristian cristian    8743 may 15 18:08 classic_p0_balanced_c6_001_metrics.txt
-rw-r--r-- 1 cristian cristian     301 may 16 23:50 classic_p0_balanced_c6_001_pqc_client_2_client_err.txt
-rw-r--r-- 1 cristian cristian       0 may 16 23:50 classic_p0_balanced_c6_001_pqc_client_2_client.txt
-rw-r--r-- 1 cristian cristian      39 may 16 23:50 classic_p0_balanced_c6_001_pqc_client_2_summary.txt
-rw-r--r-- 1 cristian cristian     301 may 16 23:50 classic_p0_balanced_c6_001_pqc_client_3_client_err.txt
-rw-r--r-- 1 cristian cristian       0 may 16 23:50 classic_p0_balanced_c6_001_pqc_client_3_client.txt
-rw-r--r-- 1 cristian cristian      39 may 16 23:50 classic_p0_balanced_c6_001_pqc_client_3_summary.txt
-rw-r--r-- 1 cristian cristian     301 may 16 23:50 classic_p0_balanced_c6_001_pqc_client_4_client_err.txt
-rw-r--r-- 1 cristian cristian       0 may 16 23:50 classic_p0_balanced_c6_001_pqc_client_4_client.txt
-rw-r--r-- 1 cristian cristian      39 may 16 23:50 classic_p0_balanced_c6_001_pqc_client_4_summary.txt
-rw-r--r-- 1 cristian cristian     301 may 16 23:50 classic_p0_balanced_c6_001_pqc_client_5_client_err.txt
-rw-r--r-- 1 cristian cristian       0 may 16 23:50 classic_p0_balanced_c6_001_pqc_client_5_client.txt
-rw-r--r-- 1 cristian cristian      39 may 16 23:50 classic_p0_balanced_c6_001_pqc_client_5_summary.txt
-rw-r--r-- 1 cristian cristian     301 may 16 23:50 classic_p0_balanced_c6_001_pqc_client_6_client_err.txt
-rw-r--r-- 1 cristian cristian       0 may 16 23:50 classic_p0_balanced_c6_001_pqc_client_6_client.txt
-rw-r--r-- 1 cristian cristian      39 may 16 23:50 classic_p0_balanced_c6_001_pqc_client_6_summary.txt
-rw-r--r-- 1 cristian cristian     301 may 16 23:50 classic_p0_balanced_c6_001_pqc_client_client_err.txt
-rw-r--r-- 1 cristian cristian       0 may 16 23:50 classic_p0_balanced_c6_001_pqc_client_client.txt
-rw-r--r-- 1 cristian cristian      37 may 16 23:50 classic_p0_balanced_c6_001_pqc_client_summary.txt
-rw-r--r-- 1 cristian cristian     743 may 15 18:08 classic_p0_balanced_c6_001_resource_summary.txt
=== resumen por cliente ===
[*] Perfil poisson_jitter: llegadas no sincronizadas con Poisson+jitter
[*] pqc_client <= plan: 1:0.038334
[*] pqc_client_2 <= plan: 2:0.038334
[*] pqc_client_3 <= plan: 3:0.038334
[*] pqc_client_4 <= plan: 4:0.038334
[*] pqc_client_5 <= plan: 5:0.038334
[*] pqc_client_6 <= plan: 6:0.038334
client=pqc_client total=1 ok=1 err=0
client=pqc_client_2 total=1 ok=1 err=0
client=pqc_client_3 total=1 ok=1 err=0
client=pqc_client_4 total=1 ok=1 err=0
client=pqc_client_5 total=1 ok=1 err=0
client=pqc_client_6 total=1 ok=1 err=0
[*] Resumen guardado en: results/classic_p0_balanced_c6_001_resource_summary.txt
RUN_ID: classic_p0_balanced_c6_001
CSV: results/classic_p0_balanced_c6_001_docker_stats.csv

=== Resumen CPU% y MEM% (avg / max) por contenedor ===
pqc_client_2 -> CPU avg=0.00%, CPU max=0.00%, MEM avg=0.09%, MEM max=0.09%
pqc_client_3 -> CPU avg=0.00%, CPU max=0.00%, MEM avg=0.09%, MEM max=0.09%
pqc_monitor -> CPU avg=0.05%, CPU max=0.10%, MEM avg=0.12%, MEM max=0.12%
pqc_client_4 -> CPU avg=0.00%, CPU max=0.00%, MEM avg=0.08%, MEM max=0.08%
pqc_client_5 -> CPU avg=0.00%, CPU max=0.00%, MEM avg=0.08%, MEM max=0.08%
pqc_server -> CPU avg=0.00%, CPU max=0.00%, MEM avg=0.11%, MEM max=0.11%
pqc_client_6 -> CPU avg=0.00%, CPU max=0.00%, MEM avg=0.14%, MEM max=0.14%
pqc_client -> CPU avg=0.00%, CPU max=0.00%, MEM avg=0.12%, MEM max=0.12%
[2026-05-16 23:50:38] [*] Parando captura en pqc_monitor para classic_p0_balanced_c6_001
[*] Métricas TXT guardadas en results/classic_p0_balanced_c6_001_metrics.txt
[*] Métricas CSV guardadas en results/classic_p0_balanced_c6_001_metrics.csv
[2026-05-16 23:50:56] === RUN END: classic_p0_balanced_c6_001 ===

[2026-05-16 23:50:56] === RUN START: classic_p0_balanced_c6_002 ===
[2026-05-16 23:50:56] [*] Arrancando captura en pqc_monitor (eth0) para classic_p0_balanced_c6_002
[*] Guardando muestras en: results/classic_p0_balanced_c6_002_docker_stats.csv
[*] Ejecutando comando medido: bash -lc ./scripts/run_client_once_rafaga.sh classic_p0_balanced_c6_002 6; sleep 3
[*] Ráfaga clásica completada: 6 conexiones en 6 clientes (poisson_jitter)
=== host results ===
-rw-rw-r-- 1 cristian cristian    1806 may 16 23:50 classic_p0_balanced_c6_002_client_err.txt
-rw-rw-r-- 1 cristian cristian     524 may 16 23:50 classic_p0_balanced_c6_002_client.txt
-rwxr-xr-x 1 cristian cristian      69 may 16 23:50 classic_p0_balanced_c6_002_docker_stats.csv
-rwxr-xr-x 1 cristian cristian    1698 may 15 18:09 classic_p0_balanced_c6_002_metrics.csv
-rw-r--r-- 1 cristian cristian    8768 may 15 18:09 classic_p0_balanced_c6_002_metrics.txt
-rw-r--r-- 1 cristian cristian     301 may 16 23:50 classic_p0_balanced_c6_002_pqc_client_2_client_err.txt
-rw-r--r-- 1 cristian cristian       0 may 16 23:50 classic_p0_balanced_c6_002_pqc_client_2_client.txt
-rw-r--r-- 1 cristian cristian      39 may 16 23:50 classic_p0_balanced_c6_002_pqc_client_2_summary.txt
-rw-r--r-- 1 cristian cristian     301 may 16 23:50 classic_p0_balanced_c6_002_pqc_client_3_client_err.txt
-rw-r--r-- 1 cristian cristian       0 may 16 23:50 classic_p0_balanced_c6_002_pqc_client_3_client.txt
-rw-r--r-- 1 cristian cristian      39 may 16 23:50 classic_p0_balanced_c6_002_pqc_client_3_summary.txt
-rw-r--r-- 1 cristian cristian     301 may 16 23:50 classic_p0_balanced_c6_002_pqc_client_4_client_err.txt
-rw-r--r-- 1 cristian cristian       0 may 16 23:50 classic_p0_balanced_c6_002_pqc_client_4_client.txt
-rw-r--r-- 1 cristian cristian      39 may 16 23:50 classic_p0_balanced_c6_002_pqc_client_4_summary.txt
-rw-r--r-- 1 cristian cristian     301 may 16 23:50 classic_p0_balanced_c6_002_pqc_client_5_client_err.txt
-rw-r--r-- 1 cristian cristian       0 may 16 23:50 classic_p0_balanced_c6_002_pqc_client_5_client.txt
-rw-r--r-- 1 cristian cristian      39 may 16 23:50 classic_p0_balanced_c6_002_pqc_client_5_summary.txt
-rw-r--r-- 1 cristian cristian     301 may 16 23:50 classic_p0_balanced_c6_002_pqc_client_6_client_err.txt
-rw-r--r-- 1 cristian cristian       0 may 16 23:50 classic_p0_balanced_c6_002_pqc_client_6_client.txt
-rw-r--r-- 1 cristian cristian      39 may 16 23:50 classic_p0_balanced_c6_002_pqc_client_6_summary.txt
-rw-r--r-- 1 cristian cristian     301 may 16 23:50 classic_p0_balanced_c6_002_pqc_client_client_err.txt
-rw-r--r-- 1 cristian cristian       0 may 16 23:50 classic_p0_balanced_c6_002_pqc_client_client.txt
-rw-r--r-- 1 cristian cristian      37 may 16 23:50 classic_p0_balanced_c6_002_pqc_client_summary.txt
-rw-r--r-- 1 cristian cristian     743 may 15 18:09 classic_p0_balanced_c6_002_resource_summary.txt
=== resumen por cliente ===
[*] Perfil poisson_jitter: llegadas no sincronizadas con Poisson+jitter
[*] pqc_client <= plan: 1:0.062869
[*] pqc_client_2 <= plan: 2:0.062869
[*] pqc_client_3 <= plan: 3:0.062869
[*] pqc_client_4 <= plan: 4:0.062869
[*] pqc_client_5 <= plan: 5:0.062869
[*] pqc_client_6 <= plan: 6:0.062869
client=pqc_client total=1 ok=1 err=0
client=pqc_client_2 total=1 ok=1 err=0
client=pqc_client_3 total=1 ok=1 err=0
client=pqc_client_4 total=1 ok=1 err=0
client=pqc_client_5 total=1 ok=1 err=0
client=pqc_client_6 total=1 ok=1 err=0
[*] Resumen guardado en: results/classic_p0_balanced_c6_002_resource_summary.txt
RUN_ID: classic_p0_balanced_c6_002
CSV: results/classic_p0_balanced_c6_002_docker_stats.csv

=== Resumen CPU% y MEM% (avg / max) por contenedor ===
pqc_client_2 -> CPU avg=0.00%, CPU max=0.00%, MEM avg=0.09%, MEM max=0.09%
pqc_client_3 -> CPU avg=0.00%, CPU max=0.00%, MEM avg=0.09%, MEM max=0.09%
pqc_monitor -> CPU avg=0.05%, CPU max=0.09%, MEM avg=0.12%, MEM max=0.12%
pqc_client_4 -> CPU avg=0.00%, CPU max=0.00%, MEM avg=0.08%, MEM max=0.08%
pqc_client_5 -> CPU avg=0.00%, CPU max=0.00%, MEM avg=0.08%, MEM max=0.08%
pqc_server -> CPU avg=0.00%, CPU max=0.00%, MEM avg=0.11%, MEM max=0.11%
pqc_client_6 -> CPU avg=0.00%, CPU max=0.00%, MEM avg=0.14%, MEM max=0.14%
pqc_client -> CPU avg=0.00%, CPU max=0.00%, MEM avg=0.12%, MEM max=0.12%
[2026-05-16 23:51:08] [*] Parando captura en pqc_monitor para classic_p0_balanced_c6_002
[*] Métricas TXT guardadas en results/classic_p0_balanced_c6_002_metrics.txt
[*] Métricas CSV guardadas en results/classic_p0_balanced_c6_002_metrics.csv
[2026-05-16 23:51:26] === RUN END: classic_p0_balanced_c6_002 ===

[2026-05-16 23:51:26] === RUN START: classic_p0_balanced_c6_003 ===
[2026-05-16 23:51:26] [*] Arrancando captura en pqc_monitor (eth0) para classic_p0_balanced_c6_003
[*] Guardando muestras en: results/classic_p0_balanced_c6_003_docker_stats.csv
[*] Ejecutando comando medido: bash -lc ./scripts/run_client_once_rafaga.sh classic_p0_balanced_c6_003 6; sleep 3
[*] Ráfaga clásica completada: 6 conexiones en 6 clientes (poisson_jitter)
=== host results ===
-rw-rw-r-- 1 cristian cristian    1806 may 16 23:51 classic_p0_balanced_c6_003_client_err.txt
-rw-rw-r-- 1 cristian cristian     524 may 16 23:51 classic_p0_balanced_c6_003_client.txt
-rwxr-xr-x 1 cristian cristian      69 may 16 23:51 classic_p0_balanced_c6_003_docker_stats.csv
-rwxr-xr-x 1 cristian cristian    1697 may 15 18:10 classic_p0_balanced_c6_003_metrics.csv
-rw-r--r-- 1 cristian cristian    8767 may 15 18:10 classic_p0_balanced_c6_003_metrics.txt
-rw-r--r-- 1 cristian cristian     301 may 16 23:51 classic_p0_balanced_c6_003_pqc_client_2_client_err.txt
-rw-r--r-- 1 cristian cristian       0 may 16 23:51 classic_p0_balanced_c6_003_pqc_client_2_client.txt
-rw-r--r-- 1 cristian cristian      39 may 16 23:51 classic_p0_balanced_c6_003_pqc_client_2_summary.txt
-rw-r--r-- 1 cristian cristian     301 may 16 23:51 classic_p0_balanced_c6_003_pqc_client_3_client_err.txt
-rw-r--r-- 1 cristian cristian       0 may 16 23:51 classic_p0_balanced_c6_003_pqc_client_3_client.txt
-rw-r--r-- 1 cristian cristian      39 may 16 23:51 classic_p0_balanced_c6_003_pqc_client_3_summary.txt
-rw-r--r-- 1 cristian cristian     301 may 16 23:51 classic_p0_balanced_c6_003_pqc_client_4_client_err.txt
-rw-r--r-- 1 cristian cristian       0 may 16 23:51 classic_p0_balanced_c6_003_pqc_client_4_client.txt
-rw-r--r-- 1 cristian cristian      39 may 16 23:51 classic_p0_balanced_c6_003_pqc_client_4_summary.txt
-rw-r--r-- 1 cristian cristian     301 may 16 23:51 classic_p0_balanced_c6_003_pqc_client_5_client_err.txt
-rw-r--r-- 1 cristian cristian       0 may 16 23:51 classic_p0_balanced_c6_003_pqc_client_5_client.txt
-rw-r--r-- 1 cristian cristian      39 may 16 23:51 classic_p0_balanced_c6_003_pqc_client_5_summary.txt
-rw-r--r-- 1 cristian cristian     301 may 16 23:51 classic_p0_balanced_c6_003_pqc_client_6_client_err.txt
-rw-r--r-- 1 cristian cristian       0 may 16 23:51 classic_p0_balanced_c6_003_pqc_client_6_client.txt
-rw-r--r-- 1 cristian cristian      39 may 16 23:51 classic_p0_balanced_c6_003_pqc_client_6_summary.txt
-rw-r--r-- 1 cristian cristian     301 may 16 23:51 classic_p0_balanced_c6_003_pqc_client_client_err.txt
-rw-r--r-- 1 cristian cristian       0 may 16 23:51 classic_p0_balanced_c6_003_pqc_client_client.txt
-rw-r--r-- 1 cristian cristian      37 may 16 23:51 classic_p0_balanced_c6_003_pqc_client_summary.txt
-rw-r--r-- 1 cristian cristian     743 may 15 18:09 classic_p0_balanced_c6_003_resource_summary.txt
=== resumen por cliente ===
[*] Perfil poisson_jitter: llegadas no sincronizadas con Poisson+jitter
[*] pqc_client <= plan: 1:0.026560
[*] pqc_client_2 <= plan: 2:0.026560
[*] pqc_client_3 <= plan: 3:0.026560
[*] pqc_client_4 <= plan: 4:0.026560
[*] pqc_client_5 <= plan: 5:0.026560
[*] pqc_client_6 <= plan: 6:0.026560
client=pqc_client total=1 ok=1 err=0
client=pqc_client_2 total=1 ok=1 err=0
client=pqc_client_3 total=1 ok=1 err=0
client=pqc_client_4 total=1 ok=1 err=0
client=pqc_client_5 total=1 ok=1 err=0
client=pqc_client_6 total=1 ok=1 err=0
[*] Resumen guardado en: results/classic_p0_balanced_c6_003_resource_summary.txt
RUN_ID: classic_p0_balanced_c6_003
CSV: results/classic_p0_balanced_c6_003_docker_stats.csv

=== Resumen CPU% y MEM% (avg / max) por contenedor ===
pqc_client_2 -> CPU avg=0.00%, CPU max=0.00%, MEM avg=0.09%, MEM max=0.09%
pqc_client_3 -> CPU avg=0.00%, CPU max=0.00%, MEM avg=0.09%, MEM max=0.09%
pqc_monitor -> CPU avg=0.14%, CPU max=0.21%, MEM avg=0.12%, MEM max=0.12%
pqc_client_4 -> CPU avg=0.00%, CPU max=0.00%, MEM avg=0.08%, MEM max=0.08%
pqc_client_5 -> CPU avg=3.42%, CPU max=10.27%, MEM avg=0.08%, MEM max=0.08%
pqc_server -> CPU avg=0.00%, CPU max=0.00%, MEM avg=0.11%, MEM max=0.11%
pqc_client_6 -> CPU avg=0.00%, CPU max=0.00%, MEM avg=0.14%, MEM max=0.14%
pqc_client -> CPU avg=0.00%, CPU max=0.00%, MEM avg=0.12%, MEM max=0.12%
[2026-05-16 23:51:38] [*] Parando captura en pqc_monitor para classic_p0_balanced_c6_003
[*] Métricas TXT guardadas en results/classic_p0_balanced_c6_003_metrics.txt
[*] Métricas CSV guardadas en results/classic_p0_balanced_c6_003_metrics.csv
[2026-05-16 23:51:56] === RUN END: classic_p0_balanced_c6_003 ===

[2026-05-16 23:51:56] === RUN START: classic_p0_balanced_c6_004 ===
[2026-05-16 23:51:56] [*] Arrancando captura en pqc_monitor (eth0) para classic_p0_balanced_c6_004
[*] Guardando muestras en: results/classic_p0_balanced_c6_004_docker_stats.csv
[*] Ejecutando comando medido: bash -lc ./scripts/run_client_once_rafaga.sh classic_p0_balanced_c6_004 6; sleep 3
[*] Ráfaga clásica completada: 6 conexiones en 6 clientes (poisson_jitter)
=== host results ===
-rw-rw-r-- 1 cristian cristian    1806 may 16 23:51 classic_p0_balanced_c6_004_client_err.txt
-rw-rw-r-- 1 cristian cristian     524 may 16 23:51 classic_p0_balanced_c6_004_client.txt
-rwxr-xr-x 1 cristian cristian      69 may 16 23:51 classic_p0_balanced_c6_004_docker_stats.csv
-rwxr-xr-x 1 cristian cristian    1693 may 15 18:10 classic_p0_balanced_c6_004_metrics.csv
-rw-r--r-- 1 cristian cristian    8746 may 15 18:10 classic_p0_balanced_c6_004_metrics.txt
-rw-r--r-- 1 cristian cristian     301 may 16 23:51 classic_p0_balanced_c6_004_pqc_client_2_client_err.txt
-rw-r--r-- 1 cristian cristian       0 may 16 23:51 classic_p0_balanced_c6_004_pqc_client_2_client.txt
-rw-r--r-- 1 cristian cristian      39 may 16 23:51 classic_p0_balanced_c6_004_pqc_client_2_summary.txt
-rw-r--r-- 1 cristian cristian     301 may 16 23:51 classic_p0_balanced_c6_004_pqc_client_3_client_err.txt
-rw-r--r-- 1 cristian cristian       0 may 16 23:51 classic_p0_balanced_c6_004_pqc_client_3_client.txt
-rw-r--r-- 1 cristian cristian      39 may 16 23:51 classic_p0_balanced_c6_004_pqc_client_3_summary.txt
-rw-r--r-- 1 cristian cristian     301 may 16 23:51 classic_p0_balanced_c6_004_pqc_client_4_client_err.txt
-rw-r--r-- 1 cristian cristian       0 may 16 23:51 classic_p0_balanced_c6_004_pqc_client_4_client.txt
-rw-r--r-- 1 cristian cristian      39 may 16 23:51 classic_p0_balanced_c6_004_pqc_client_4_summary.txt
-rw-r--r-- 1 cristian cristian     301 may 16 23:51 classic_p0_balanced_c6_004_pqc_client_5_client_err.txt
-rw-r--r-- 1 cristian cristian       0 may 16 23:51 classic_p0_balanced_c6_004_pqc_client_5_client.txt
-rw-r--r-- 1 cristian cristian      39 may 16 23:51 classic_p0_balanced_c6_004_pqc_client_5_summary.txt
-rw-r--r-- 1 cristian cristian     301 may 16 23:51 classic_p0_balanced_c6_004_pqc_client_6_client_err.txt
-rw-r--r-- 1 cristian cristian       0 may 16 23:51 classic_p0_balanced_c6_004_pqc_client_6_client.txt
-rw-r--r-- 1 cristian cristian      39 may 16 23:51 classic_p0_balanced_c6_004_pqc_client_6_summary.txt
-rw-r--r-- 1 cristian cristian     301 may 16 23:51 classic_p0_balanced_c6_004_pqc_client_client_err.txt
-rw-r--r-- 1 cristian cristian       0 may 16 23:51 classic_p0_balanced_c6_004_pqc_client_client.txt
-rw-r--r-- 1 cristian cristian      37 may 16 23:51 classic_p0_balanced_c6_004_pqc_client_summary.txt
-rw-r--r-- 1 cristian cristian     745 may 15 18:10 classic_p0_balanced_c6_004_resource_summary.txt
=== resumen por cliente ===
[*] Perfil poisson_jitter: llegadas no sincronizadas con Poisson+jitter
[*] pqc_client <= plan: 1:0.000000
[*] pqc_client_2 <= plan: 2:0.000000
[*] pqc_client_3 <= plan: 3:0.000000
[*] pqc_client_4 <= plan: 4:0.000000
[*] pqc_client_5 <= plan: 5:0.000000
[*] pqc_client_6 <= plan: 6:0.000000
client=pqc_client total=1 ok=1 err=0
client=pqc_client_2 total=1 ok=1 err=0
client=pqc_client_3 total=1 ok=1 err=0
client=pqc_client_4 total=1 ok=1 err=0
client=pqc_client_5 total=1 ok=1 err=0
client=pqc_client_6 total=1 ok=1 err=0
[*] Resumen guardado en: results/classic_p0_balanced_c6_004_resource_summary.txt
RUN_ID: classic_p0_balanced_c6_004
CSV: results/classic_p0_balanced_c6_004_docker_stats.csv

=== Resumen CPU% y MEM% (avg / max) por contenedor ===
pqc_client_2 -> CPU avg=0.00%, CPU max=0.00%, MEM avg=0.09%, MEM max=0.09%
pqc_client_3 -> CPU avg=0.00%, CPU max=0.00%, MEM avg=0.09%, MEM max=0.09%
pqc_monitor -> CPU avg=0.05%, CPU max=0.12%, MEM avg=0.12%, MEM max=0.12%
pqc_client_4 -> CPU avg=0.00%, CPU max=0.00%, MEM avg=0.08%, MEM max=0.08%
pqc_client_5 -> CPU avg=0.00%, CPU max=0.00%, MEM avg=0.08%, MEM max=0.08%
pqc_server -> CPU avg=0.00%, CPU max=0.00%, MEM avg=0.11%, MEM max=0.11%
pqc_client_6 -> CPU avg=0.00%, CPU max=0.00%, MEM avg=0.14%, MEM max=0.14%
pqc_client -> CPU avg=0.00%, CPU max=0.00%, MEM avg=0.12%, MEM max=0.12%
[2026-05-16 23:52:09] [*] Parando captura en pqc_monitor para classic_p0_balanced_c6_004
[*] Métricas TXT guardadas en results/classic_p0_balanced_c6_004_metrics.txt
[*] Métricas CSV guardadas en results/classic_p0_balanced_c6_004_metrics.csv
[2026-05-16 23:52:26] === RUN END: classic_p0_balanced_c6_004 ===

[2026-05-16 23:52:26] === RUN START: classic_p0_balanced_c6_005 ===
[2026-05-16 23:52:26] [*] Arrancando captura en pqc_monitor (eth0) para classic_p0_balanced_c6_005
[*] Guardando muestras en: results/classic_p0_balanced_c6_005_docker_stats.csv
[*] Ejecutando comando medido: bash -lc ./scripts/run_client_once_rafaga.sh classic_p0_balanced_c6_005 6; sleep 3
[*] Ráfaga clásica completada: 6 conexiones en 6 clientes (poisson_jitter)
=== host results ===
-rw-rw-r-- 1 cristian cristian    1806 may 16 23:52 classic_p0_balanced_c6_005_client_err.txt
-rw-rw-r-- 1 cristian cristian     524 may 16 23:52 classic_p0_balanced_c6_005_client.txt
-rwxr-xr-x 1 cristian cristian      69 may 16 23:52 classic_p0_balanced_c6_005_docker_stats.csv
-rwxr-xr-x 1 cristian cristian    1698 may 15 18:11 classic_p0_balanced_c6_005_metrics.csv
-rw-r--r-- 1 cristian cristian    8771 may 15 18:11 classic_p0_balanced_c6_005_metrics.txt
-rw-r--r-- 1 cristian cristian     301 may 16 23:52 classic_p0_balanced_c6_005_pqc_client_2_client_err.txt
-rw-r--r-- 1 cristian cristian       0 may 16 23:52 classic_p0_balanced_c6_005_pqc_client_2_client.txt
-rw-r--r-- 1 cristian cristian      39 may 16 23:52 classic_p0_balanced_c6_005_pqc_client_2_summary.txt
-rw-r--r-- 1 cristian cristian     301 may 16 23:52 classic_p0_balanced_c6_005_pqc_client_3_client_err.txt
-rw-r--r-- 1 cristian cristian       0 may 16 23:52 classic_p0_balanced_c6_005_pqc_client_3_client.txt
-rw-r--r-- 1 cristian cristian      39 may 16 23:52 classic_p0_balanced_c6_005_pqc_client_3_summary.txt
-rw-r--r-- 1 cristian cristian     301 may 16 23:52 classic_p0_balanced_c6_005_pqc_client_4_client_err.txt
-rw-r--r-- 1 cristian cristian       0 may 16 23:52 classic_p0_balanced_c6_005_pqc_client_4_client.txt
-rw-r--r-- 1 cristian cristian      39 may 16 23:52 classic_p0_balanced_c6_005_pqc_client_4_summary.txt
-rw-r--r-- 1 cristian cristian     301 may 16 23:52 classic_p0_balanced_c6_005_pqc_client_5_client_err.txt
-rw-r--r-- 1 cristian cristian       0 may 16 23:52 classic_p0_balanced_c6_005_pqc_client_5_client.txt
-rw-r--r-- 1 cristian cristian      39 may 16 23:52 classic_p0_balanced_c6_005_pqc_client_5_summary.txt
-rw-r--r-- 1 cristian cristian     301 may 16 23:52 classic_p0_balanced_c6_005_pqc_client_6_client_err.txt
-rw-r--r-- 1 cristian cristian       0 may 16 23:52 classic_p0_balanced_c6_005_pqc_client_6_client.txt
-rw-r--r-- 1 cristian cristian      39 may 16 23:52 classic_p0_balanced_c6_005_pqc_client_6_summary.txt
-rw-r--r-- 1 cristian cristian     301 may 16 23:52 classic_p0_balanced_c6_005_pqc_client_client_err.txt
-rw-r--r-- 1 cristian cristian       0 may 16 23:52 classic_p0_balanced_c6_005_pqc_client_client.txt
-rw-r--r-- 1 cristian cristian      37 may 16 23:52 classic_p0_balanced_c6_005_pqc_client_summary.txt
-rw-r--r-- 1 cristian cristian     745 may 15 18:10 classic_p0_balanced_c6_005_resource_summary.txt
=== resumen por cliente ===
[*] Perfil poisson_jitter: llegadas no sincronizadas con Poisson+jitter
[*] pqc_client <= plan: 1:0.066973
[*] pqc_client_2 <= plan: 2:0.066973
[*] pqc_client_3 <= plan: 3:0.066973
[*] pqc_client_4 <= plan: 4:0.066973
[*] pqc_client_5 <= plan: 5:0.066973
[*] pqc_client_6 <= plan: 6:0.066973
client=pqc_client total=1 ok=1 err=0
client=pqc_client_2 total=1 ok=1 err=0
client=pqc_client_3 total=1 ok=1 err=0
client=pqc_client_4 total=1 ok=1 err=0
client=pqc_client_5 total=1 ok=1 err=0
client=pqc_client_6 total=1 ok=1 err=0
[*] Resumen guardado en: results/classic_p0_balanced_c6_005_resource_summary.txt
RUN_ID: classic_p0_balanced_c6_005
CSV: results/classic_p0_balanced_c6_005_docker_stats.csv

=== Resumen CPU% y MEM% (avg / max) por contenedor ===
pqc_client_2 -> CPU avg=0.00%, CPU max=0.00%, MEM avg=0.09%, MEM max=0.09%
pqc_client_3 -> CPU avg=0.00%, CPU max=0.00%, MEM avg=0.09%, MEM max=0.09%
pqc_monitor -> CPU avg=0.07%, CPU max=0.09%, MEM avg=0.12%, MEM max=0.12%
pqc_client_4 -> CPU avg=0.00%, CPU max=0.00%, MEM avg=0.08%, MEM max=0.08%
pqc_client_5 -> CPU avg=0.00%, CPU max=0.00%, MEM avg=0.08%, MEM max=0.08%
pqc_server -> CPU avg=0.00%, CPU max=0.00%, MEM avg=0.11%, MEM max=0.11%
pqc_client_6 -> CPU avg=0.00%, CPU max=0.00%, MEM avg=0.14%, MEM max=0.14%
pqc_client -> CPU avg=3.68%, CPU max=11.04%, MEM avg=0.12%, MEM max=0.12%
[2026-05-16 23:52:39] [*] Parando captura en pqc_monitor para classic_p0_balanced_c6_005
[*] Métricas TXT guardadas en results/classic_p0_balanced_c6_005_metrics.txt
[*] Métricas CSV guardadas en results/classic_p0_balanced_c6_005_metrics.csv
[2026-05-16 23:52:57] === RUN END: classic_p0_balanced_c6_005 ===

[2026-05-16 23:52:57] === RUN START: classic_p0_aggressive_c6_001 ===
[2026-05-16 23:52:57] [*] Arrancando captura en pqc_monitor (eth0) para classic_p0_aggressive_c6_001
[*] Guardando muestras en: results/classic_p0_aggressive_c6_001_docker_stats.csv
[*] Ejecutando comando medido: bash -lc ./scripts/run_client_once_rafaga.sh classic_p0_aggressive_c6_001 6; sleep 3
[*] Ráfaga clásica completada: 6 conexiones en 6 clientes (poisson_jitter)
=== host results ===
-rw-rw-r-- 1 cristian cristian    1806 may 16 23:52 classic_p0_aggressive_c6_001_client_err.txt
-rw-rw-r-- 1 cristian cristian     524 may 16 23:52 classic_p0_aggressive_c6_001_client.txt
-rwxr-xr-x 1 cristian cristian      69 may 16 23:52 classic_p0_aggressive_c6_001_docker_stats.csv
-rwxr-xr-x 1 cristian cristian    1699 may 15 18:11 classic_p0_aggressive_c6_001_metrics.csv
-rw-r--r-- 1 cristian cristian    8782 may 15 18:11 classic_p0_aggressive_c6_001_metrics.txt
-rw-r--r-- 1 cristian cristian     301 may 16 23:52 classic_p0_aggressive_c6_001_pqc_client_2_client_err.txt
-rw-r--r-- 1 cristian cristian       0 may 16 23:52 classic_p0_aggressive_c6_001_pqc_client_2_client.txt
-rw-r--r-- 1 cristian cristian      39 may 16 23:52 classic_p0_aggressive_c6_001_pqc_client_2_summary.txt
-rw-r--r-- 1 cristian cristian     301 may 16 23:52 classic_p0_aggressive_c6_001_pqc_client_3_client_err.txt
-rw-r--r-- 1 cristian cristian       0 may 16 23:52 classic_p0_aggressive_c6_001_pqc_client_3_client.txt
-rw-r--r-- 1 cristian cristian      39 may 16 23:52 classic_p0_aggressive_c6_001_pqc_client_3_summary.txt
-rw-r--r-- 1 cristian cristian     301 may 16 23:52 classic_p0_aggressive_c6_001_pqc_client_4_client_err.txt
-rw-r--r-- 1 cristian cristian       0 may 16 23:52 classic_p0_aggressive_c6_001_pqc_client_4_client.txt
-rw-r--r-- 1 cristian cristian      39 may 16 23:52 classic_p0_aggressive_c6_001_pqc_client_4_summary.txt
-rw-r--r-- 1 cristian cristian     301 may 16 23:52 classic_p0_aggressive_c6_001_pqc_client_5_client_err.txt
-rw-r--r-- 1 cristian cristian       0 may 16 23:52 classic_p0_aggressive_c6_001_pqc_client_5_client.txt
-rw-r--r-- 1 cristian cristian      39 may 16 23:52 classic_p0_aggressive_c6_001_pqc_client_5_summary.txt
-rw-r--r-- 1 cristian cristian     301 may 16 23:52 classic_p0_aggressive_c6_001_pqc_client_6_client_err.txt
-rw-r--r-- 1 cristian cristian       0 may 16 23:52 classic_p0_aggressive_c6_001_pqc_client_6_client.txt
-rw-r--r-- 1 cristian cristian      39 may 16 23:52 classic_p0_aggressive_c6_001_pqc_client_6_summary.txt
-rw-r--r-- 1 cristian cristian     301 may 16 23:52 classic_p0_aggressive_c6_001_pqc_client_client_err.txt
-rw-r--r-- 1 cristian cristian       0 may 16 23:52 classic_p0_aggressive_c6_001_pqc_client_client.txt
-rw-r--r-- 1 cristian cristian      37 may 16 23:52 classic_p0_aggressive_c6_001_pqc_client_summary.txt
-rw-r--r-- 1 cristian cristian     747 may 15 18:11 classic_p0_aggressive_c6_001_resource_summary.txt
=== resumen por cliente ===
[*] Perfil poisson_jitter: llegadas no sincronizadas con Poisson+jitter
[*] pqc_client <= plan: 1:0.028388
[*] pqc_client_2 <= plan: 2:0.028388
[*] pqc_client_3 <= plan: 3:0.028388
[*] pqc_client_4 <= plan: 4:0.028388
[*] pqc_client_5 <= plan: 5:0.028388
[*] pqc_client_6 <= plan: 6:0.028388
client=pqc_client total=1 ok=1 err=0
client=pqc_client_2 total=1 ok=1 err=0
client=pqc_client_3 total=1 ok=1 err=0
client=pqc_client_4 total=1 ok=1 err=0
client=pqc_client_5 total=1 ok=1 err=0
client=pqc_client_6 total=1 ok=1 err=0
[*] Resumen guardado en: results/classic_p0_aggressive_c6_001_resource_summary.txt
RUN_ID: classic_p0_aggressive_c6_001
CSV: results/classic_p0_aggressive_c6_001_docker_stats.csv

=== Resumen CPU% y MEM% (avg / max) por contenedor ===
pqc_client_2 -> CPU avg=0.00%, CPU max=0.00%, MEM avg=0.09%, MEM max=0.09%
pqc_client_3 -> CPU avg=0.00%, CPU max=0.00%, MEM avg=0.09%, MEM max=0.09%
pqc_monitor -> CPU avg=0.08%, CPU max=0.16%, MEM avg=0.12%, MEM max=0.12%
pqc_client_4 -> CPU avg=0.00%, CPU max=0.00%, MEM avg=0.08%, MEM max=0.08%
pqc_client_5 -> CPU avg=0.00%, CPU max=0.00%, MEM avg=0.08%, MEM max=0.08%
pqc_server -> CPU avg=0.00%, CPU max=0.00%, MEM avg=0.11%, MEM max=0.11%
pqc_client_6 -> CPU avg=0.00%, CPU max=0.00%, MEM avg=0.14%, MEM max=0.14%
pqc_client -> CPU avg=0.00%, CPU max=0.00%, MEM avg=0.12%, MEM max=0.12%
[2026-05-16 23:53:10] [*] Parando captura en pqc_monitor para classic_p0_aggressive_c6_001
[*] Métricas TXT guardadas en results/classic_p0_aggressive_c6_001_metrics.txt
[*] Métricas CSV guardadas en results/classic_p0_aggressive_c6_001_metrics.csv
[2026-05-16 23:53:33] === RUN END: classic_p0_aggressive_c6_001 ===

[2026-05-16 23:53:33] === RUN START: classic_p0_aggressive_c6_002 ===
[2026-05-16 23:53:33] [*] Arrancando captura en pqc_monitor (eth0) para classic_p0_aggressive_c6_002
[*] Guardando muestras en: results/classic_p0_aggressive_c6_002_docker_stats.csv
[*] Ejecutando comando medido: bash -lc ./scripts/run_client_once_rafaga.sh classic_p0_aggressive_c6_002 6; sleep 3
[*] Ráfaga clásica completada: 6 conexiones en 6 clientes (poisson_jitter)
=== host results ===
-rw-rw-r-- 1 cristian cristian    1806 may 16 23:53 classic_p0_aggressive_c6_002_client_err.txt
-rw-rw-r-- 1 cristian cristian     524 may 16 23:53 classic_p0_aggressive_c6_002_client.txt
-rwxr-xr-x 1 cristian cristian      69 may 16 23:53 classic_p0_aggressive_c6_002_docker_stats.csv
-rwxr-xr-x 1 cristian cristian    1699 may 15 18:12 classic_p0_aggressive_c6_002_metrics.csv
-rw-r--r-- 1 cristian cristian    8780 may 15 18:12 classic_p0_aggressive_c6_002_metrics.txt
-rw-r--r-- 1 cristian cristian     301 may 16 23:53 classic_p0_aggressive_c6_002_pqc_client_2_client_err.txt
-rw-r--r-- 1 cristian cristian       0 may 16 23:53 classic_p0_aggressive_c6_002_pqc_client_2_client.txt
-rw-r--r-- 1 cristian cristian      39 may 16 23:53 classic_p0_aggressive_c6_002_pqc_client_2_summary.txt
-rw-r--r-- 1 cristian cristian     301 may 16 23:53 classic_p0_aggressive_c6_002_pqc_client_3_client_err.txt
-rw-r--r-- 1 cristian cristian       0 may 16 23:53 classic_p0_aggressive_c6_002_pqc_client_3_client.txt
-rw-r--r-- 1 cristian cristian      39 may 16 23:53 classic_p0_aggressive_c6_002_pqc_client_3_summary.txt
-rw-r--r-- 1 cristian cristian     301 may 16 23:53 classic_p0_aggressive_c6_002_pqc_client_4_client_err.txt
-rw-r--r-- 1 cristian cristian       0 may 16 23:53 classic_p0_aggressive_c6_002_pqc_client_4_client.txt
-rw-r--r-- 1 cristian cristian      39 may 16 23:53 classic_p0_aggressive_c6_002_pqc_client_4_summary.txt
-rw-r--r-- 1 cristian cristian     301 may 16 23:53 classic_p0_aggressive_c6_002_pqc_client_5_client_err.txt
-rw-r--r-- 1 cristian cristian       0 may 16 23:53 classic_p0_aggressive_c6_002_pqc_client_5_client.txt
-rw-r--r-- 1 cristian cristian      39 may 16 23:53 classic_p0_aggressive_c6_002_pqc_client_5_summary.txt
-rw-r--r-- 1 cristian cristian     301 may 16 23:53 classic_p0_aggressive_c6_002_pqc_client_6_client_err.txt
-rw-r--r-- 1 cristian cristian       0 may 16 23:53 classic_p0_aggressive_c6_002_pqc_client_6_client.txt
-rw-r--r-- 1 cristian cristian      39 may 16 23:53 classic_p0_aggressive_c6_002_pqc_client_6_summary.txt
-rw-r--r-- 1 cristian cristian     301 may 16 23:53 classic_p0_aggressive_c6_002_pqc_client_client_err.txt
-rw-r--r-- 1 cristian cristian       0 may 16 23:53 classic_p0_aggressive_c6_002_pqc_client_client.txt
-rw-r--r-- 1 cristian cristian      37 may 16 23:53 classic_p0_aggressive_c6_002_pqc_client_summary.txt
-rw-r--r-- 1 cristian cristian     747 may 15 18:11 classic_p0_aggressive_c6_002_resource_summary.txt
=== resumen por cliente ===
[*] Perfil poisson_jitter: llegadas no sincronizadas con Poisson+jitter
[*] pqc_client <= plan: 1:0.028926
[*] pqc_client_2 <= plan: 2:0.028926
[*] pqc_client_3 <= plan: 3:0.028926
[*] pqc_client_4 <= plan: 4:0.028926
[*] pqc_client_5 <= plan: 5:0.028926
[*] pqc_client_6 <= plan: 6:0.028926
client=pqc_client total=1 ok=1 err=0
client=pqc_client_2 total=1 ok=1 err=0
client=pqc_client_3 total=1 ok=1 err=0
client=pqc_client_4 total=1 ok=1 err=0
client=pqc_client_5 total=1 ok=1 err=0
client=pqc_client_6 total=1 ok=1 err=0
[*] Resumen guardado en: results/classic_p0_aggressive_c6_002_resource_summary.txt
RUN_ID: classic_p0_aggressive_c6_002
CSV: results/classic_p0_aggressive_c6_002_docker_stats.csv

=== Resumen CPU% y MEM% (avg / max) por contenedor ===
pqc_client_2 -> CPU avg=0.00%, CPU max=0.00%, MEM avg=0.09%, MEM max=0.09%
pqc_client_3 -> CPU avg=0.00%, CPU max=0.00%, MEM avg=0.09%, MEM max=0.09%
pqc_monitor -> CPU avg=0.06%, CPU max=0.10%, MEM avg=0.12%, MEM max=0.12%
pqc_client_4 -> CPU avg=0.00%, CPU max=0.00%, MEM avg=0.08%, MEM max=0.08%
pqc_client_5 -> CPU avg=0.00%, CPU max=0.00%, MEM avg=0.08%, MEM max=0.08%
pqc_server -> CPU avg=0.00%, CPU max=0.00%, MEM avg=0.11%, MEM max=0.11%
pqc_client_6 -> CPU avg=0.00%, CPU max=0.00%, MEM avg=0.14%, MEM max=0.14%
pqc_client -> CPU avg=0.00%, CPU max=0.00%, MEM avg=0.12%, MEM max=0.12%
[2026-05-16 23:53:46] [*] Parando captura en pqc_monitor para classic_p0_aggressive_c6_002
[*] Métricas TXT guardadas en results/classic_p0_aggressive_c6_002_metrics.txt
[*] Métricas CSV guardadas en results/classic_p0_aggressive_c6_002_metrics.csv
[2026-05-16 23:54:10] === RUN END: classic_p0_aggressive_c6_002 ===

[2026-05-16 23:54:10] === RUN START: classic_p0_aggressive_c6_003 ===
[2026-05-16 23:54:10] [*] Arrancando captura en pqc_monitor (eth0) para classic_p0_aggressive_c6_003
[*] Guardando muestras en: results/classic_p0_aggressive_c6_003_docker_stats.csv
[*] Ejecutando comando medido: bash -lc ./scripts/run_client_once_rafaga.sh classic_p0_aggressive_c6_003 6; sleep 3
[*] Ráfaga clásica completada: 6 conexiones en 6 clientes (poisson_jitter)
=== host results ===
-rw-rw-r-- 1 cristian cristian    1806 may 16 23:54 classic_p0_aggressive_c6_003_client_err.txt
-rw-rw-r-- 1 cristian cristian     524 may 16 23:54 classic_p0_aggressive_c6_003_client.txt
-rwxr-xr-x 1 cristian cristian      69 may 16 23:54 classic_p0_aggressive_c6_003_docker_stats.csv
-rwxr-xr-x 1 cristian cristian    1699 may 15 18:12 classic_p0_aggressive_c6_003_metrics.csv
-rw-r--r-- 1 cristian cristian    8782 may 15 18:12 classic_p0_aggressive_c6_003_metrics.txt
-rw-r--r-- 1 cristian cristian     301 may 16 23:54 classic_p0_aggressive_c6_003_pqc_client_2_client_err.txt
-rw-r--r-- 1 cristian cristian       0 may 16 23:54 classic_p0_aggressive_c6_003_pqc_client_2_client.txt
-rw-r--r-- 1 cristian cristian      39 may 16 23:54 classic_p0_aggressive_c6_003_pqc_client_2_summary.txt
-rw-r--r-- 1 cristian cristian     301 may 16 23:54 classic_p0_aggressive_c6_003_pqc_client_3_client_err.txt
-rw-r--r-- 1 cristian cristian       0 may 16 23:54 classic_p0_aggressive_c6_003_pqc_client_3_client.txt
-rw-r--r-- 1 cristian cristian      39 may 16 23:54 classic_p0_aggressive_c6_003_pqc_client_3_summary.txt
-rw-r--r-- 1 cristian cristian     301 may 16 23:54 classic_p0_aggressive_c6_003_pqc_client_4_client_err.txt
-rw-r--r-- 1 cristian cristian       0 may 16 23:54 classic_p0_aggressive_c6_003_pqc_client_4_client.txt
-rw-r--r-- 1 cristian cristian      39 may 16 23:54 classic_p0_aggressive_c6_003_pqc_client_4_summary.txt
-rw-r--r-- 1 cristian cristian     301 may 16 23:54 classic_p0_aggressive_c6_003_pqc_client_5_client_err.txt
-rw-r--r-- 1 cristian cristian       0 may 16 23:54 classic_p0_aggressive_c6_003_pqc_client_5_client.txt
-rw-r--r-- 1 cristian cristian      39 may 16 23:54 classic_p0_aggressive_c6_003_pqc_client_5_summary.txt
-rw-r--r-- 1 cristian cristian     301 may 16 23:54 classic_p0_aggressive_c6_003_pqc_client_6_client_err.txt
-rw-r--r-- 1 cristian cristian       0 may 16 23:54 classic_p0_aggressive_c6_003_pqc_client_6_client.txt
-rw-r--r-- 1 cristian cristian      39 may 16 23:54 classic_p0_aggressive_c6_003_pqc_client_6_summary.txt
-rw-r--r-- 1 cristian cristian     301 may 16 23:54 classic_p0_aggressive_c6_003_pqc_client_client_err.txt
-rw-r--r-- 1 cristian cristian       0 may 16 23:54 classic_p0_aggressive_c6_003_pqc_client_client.txt
-rw-r--r-- 1 cristian cristian      37 may 16 23:54 classic_p0_aggressive_c6_003_pqc_client_summary.txt
-rw-r--r-- 1 cristian cristian     747 may 15 18:12 classic_p0_aggressive_c6_003_resource_summary.txt
=== resumen por cliente ===
[*] Perfil poisson_jitter: llegadas no sincronizadas con Poisson+jitter
[*] pqc_client <= plan: 1:0.041687
[*] pqc_client_2 <= plan: 2:0.041687
[*] pqc_client_3 <= plan: 3:0.041687
[*] pqc_client_4 <= plan: 4:0.041687
[*] pqc_client_5 <= plan: 5:0.041687
[*] pqc_client_6 <= plan: 6:0.041687
client=pqc_client total=1 ok=1 err=0
client=pqc_client_2 total=1 ok=1 err=0
client=pqc_client_3 total=1 ok=1 err=0
client=pqc_client_4 total=1 ok=1 err=0
client=pqc_client_5 total=1 ok=1 err=0
client=pqc_client_6 total=1 ok=1 err=0
[*] Resumen guardado en: results/classic_p0_aggressive_c6_003_resource_summary.txt
RUN_ID: classic_p0_aggressive_c6_003
CSV: results/classic_p0_aggressive_c6_003_docker_stats.csv

=== Resumen CPU% y MEM% (avg / max) por contenedor ===
pqc_client_2 -> CPU avg=0.00%, CPU max=0.00%, MEM avg=0.09%, MEM max=0.09%
pqc_client_3 -> CPU avg=0.00%, CPU max=0.00%, MEM avg=0.09%, MEM max=0.09%
pqc_monitor -> CPU avg=0.08%, CPU max=0.14%, MEM avg=0.12%, MEM max=0.12%
pqc_client_4 -> CPU avg=0.00%, CPU max=0.00%, MEM avg=0.08%, MEM max=0.08%
pqc_client_5 -> CPU avg=0.00%, CPU max=0.00%, MEM avg=0.08%, MEM max=0.08%
pqc_server -> CPU avg=0.00%, CPU max=0.00%, MEM avg=0.11%, MEM max=0.11%
pqc_client_6 -> CPU avg=0.00%, CPU max=0.00%, MEM avg=0.14%, MEM max=0.14%
pqc_client -> CPU avg=0.00%, CPU max=0.00%, MEM avg=0.12%, MEM max=0.12%
[2026-05-16 23:54:22] [*] Parando captura en pqc_monitor para classic_p0_aggressive_c6_003
[*] Métricas TXT guardadas en results/classic_p0_aggressive_c6_003_metrics.txt
[*] Métricas CSV guardadas en results/classic_p0_aggressive_c6_003_metrics.csv
[2026-05-16 23:54:46] === RUN END: classic_p0_aggressive_c6_003 ===

[2026-05-16 23:54:46] === RUN START: classic_p0_aggressive_c6_004 ===
[2026-05-16 23:54:46] [*] Arrancando captura en pqc_monitor (eth0) para classic_p0_aggressive_c6_004
[*] Guardando muestras en: results/classic_p0_aggressive_c6_004_docker_stats.csv
[*] Ejecutando comando medido: bash -lc ./scripts/run_client_once_rafaga.sh classic_p0_aggressive_c6_004 6; sleep 3
[*] Ráfaga clásica completada: 6 conexiones en 6 clientes (poisson_jitter)
=== host results ===
-rw-rw-r-- 1 cristian cristian    1806 may 16 23:54 classic_p0_aggressive_c6_004_client_err.txt
-rw-rw-r-- 1 cristian cristian     524 may 16 23:54 classic_p0_aggressive_c6_004_client.txt
-rwxr-xr-x 1 cristian cristian      69 may 16 23:54 classic_p0_aggressive_c6_004_docker_stats.csv
-rwxr-xr-x 1 cristian cristian    1699 may 15 18:13 classic_p0_aggressive_c6_004_metrics.csv
-rw-r--r-- 1 cristian cristian    8782 may 15 18:13 classic_p0_aggressive_c6_004_metrics.txt
-rw-r--r-- 1 cristian cristian     301 may 16 23:54 classic_p0_aggressive_c6_004_pqc_client_2_client_err.txt
-rw-r--r-- 1 cristian cristian       0 may 16 23:54 classic_p0_aggressive_c6_004_pqc_client_2_client.txt
-rw-r--r-- 1 cristian cristian      39 may 16 23:54 classic_p0_aggressive_c6_004_pqc_client_2_summary.txt
-rw-r--r-- 1 cristian cristian     301 may 16 23:54 classic_p0_aggressive_c6_004_pqc_client_3_client_err.txt
-rw-r--r-- 1 cristian cristian       0 may 16 23:54 classic_p0_aggressive_c6_004_pqc_client_3_client.txt
-rw-r--r-- 1 cristian cristian      39 may 16 23:54 classic_p0_aggressive_c6_004_pqc_client_3_summary.txt
-rw-r--r-- 1 cristian cristian     301 may 16 23:54 classic_p0_aggressive_c6_004_pqc_client_4_client_err.txt
-rw-r--r-- 1 cristian cristian       0 may 16 23:54 classic_p0_aggressive_c6_004_pqc_client_4_client.txt
-rw-r--r-- 1 cristian cristian      39 may 16 23:54 classic_p0_aggressive_c6_004_pqc_client_4_summary.txt
-rw-r--r-- 1 cristian cristian     301 may 16 23:54 classic_p0_aggressive_c6_004_pqc_client_5_client_err.txt
-rw-r--r-- 1 cristian cristian       0 may 16 23:54 classic_p0_aggressive_c6_004_pqc_client_5_client.txt
-rw-r--r-- 1 cristian cristian      39 may 16 23:54 classic_p0_aggressive_c6_004_pqc_client_5_summary.txt
-rw-r--r-- 1 cristian cristian     301 may 16 23:54 classic_p0_aggressive_c6_004_pqc_client_6_client_err.txt
-rw-r--r-- 1 cristian cristian       0 may 16 23:54 classic_p0_aggressive_c6_004_pqc_client_6_client.txt
-rw-r--r-- 1 cristian cristian      39 may 16 23:54 classic_p0_aggressive_c6_004_pqc_client_6_summary.txt
-rw-r--r-- 1 cristian cristian     301 may 16 23:54 classic_p0_aggressive_c6_004_pqc_client_client_err.txt
-rw-r--r-- 1 cristian cristian       0 may 16 23:54 classic_p0_aggressive_c6_004_pqc_client_client.txt
-rw-r--r-- 1 cristian cristian      37 may 16 23:54 classic_p0_aggressive_c6_004_pqc_client_summary.txt
-rw-r--r-- 1 cristian cristian     747 may 15 18:12 classic_p0_aggressive_c6_004_resource_summary.txt
=== resumen por cliente ===
[*] Perfil poisson_jitter: llegadas no sincronizadas con Poisson+jitter
[*] pqc_client <= plan: 1:0.023942
[*] pqc_client_2 <= plan: 2:0.023942
[*] pqc_client_3 <= plan: 3:0.023942
[*] pqc_client_4 <= plan: 4:0.023942
[*] pqc_client_5 <= plan: 5:0.023942
[*] pqc_client_6 <= plan: 6:0.023942
client=pqc_client total=1 ok=1 err=0
client=pqc_client_2 total=1 ok=1 err=0
client=pqc_client_3 total=1 ok=1 err=0
client=pqc_client_4 total=1 ok=1 err=0
client=pqc_client_5 total=1 ok=1 err=0
client=pqc_client_6 total=1 ok=1 err=0
[*] Resumen guardado en: results/classic_p0_aggressive_c6_004_resource_summary.txt
RUN_ID: classic_p0_aggressive_c6_004
CSV: results/classic_p0_aggressive_c6_004_docker_stats.csv

=== Resumen CPU% y MEM% (avg / max) por contenedor ===
pqc_client_2 -> CPU avg=0.00%, CPU max=0.00%, MEM avg=0.09%, MEM max=0.09%
pqc_client_3 -> CPU avg=0.00%, CPU max=0.00%, MEM avg=0.09%, MEM max=0.09%
pqc_monitor -> CPU avg=0.17%, CPU max=0.27%, MEM avg=0.12%, MEM max=0.12%
pqc_client_4 -> CPU avg=0.00%, CPU max=0.00%, MEM avg=0.08%, MEM max=0.08%
pqc_client_5 -> CPU avg=0.00%, CPU max=0.00%, MEM avg=0.08%, MEM max=0.08%
pqc_server -> CPU avg=0.00%, CPU max=0.00%, MEM avg=0.11%, MEM max=0.11%
pqc_client_6 -> CPU avg=0.00%, CPU max=0.00%, MEM avg=0.14%, MEM max=0.14%
pqc_client -> CPU avg=0.00%, CPU max=0.00%, MEM avg=0.12%, MEM max=0.12%
[2026-05-16 23:54:56] [*] Parando captura en pqc_monitor para classic_p0_aggressive_c6_004
[*] Métricas TXT guardadas en results/classic_p0_aggressive_c6_004_metrics.txt
[*] Métricas CSV guardadas en results/classic_p0_aggressive_c6_004_metrics.csv
[2026-05-16 23:55:19] === RUN END: classic_p0_aggressive_c6_004 ===

[2026-05-16 23:55:19] === RUN START: classic_p0_aggressive_c6_005 ===
[2026-05-16 23:55:19] [*] Arrancando captura en pqc_monitor (eth0) para classic_p0_aggressive_c6_005
[*] Guardando muestras en: results/classic_p0_aggressive_c6_005_docker_stats.csv
[*] Ejecutando comando medido: bash -lc ./scripts/run_client_once_rafaga.sh classic_p0_aggressive_c6_005 6; sleep 3
[*] Ráfaga clásica completada: 6 conexiones en 6 clientes (poisson_jitter)
=== host results ===
-rw-rw-r-- 1 cristian cristian    1806 may 16 23:55 classic_p0_aggressive_c6_005_client_err.txt
-rw-rw-r-- 1 cristian cristian     524 may 16 23:55 classic_p0_aggressive_c6_005_client.txt
-rwxr-xr-x 1 cristian cristian      69 may 16 23:55 classic_p0_aggressive_c6_005_docker_stats.csv
-rwxr-xr-x 1 cristian cristian    1694 may 15 18:13 classic_p0_aggressive_c6_005_metrics.csv
-rw-r--r-- 1 cristian cristian    8757 may 15 18:13 classic_p0_aggressive_c6_005_metrics.txt
-rw-r--r-- 1 cristian cristian     301 may 16 23:55 classic_p0_aggressive_c6_005_pqc_client_2_client_err.txt
-rw-r--r-- 1 cristian cristian       0 may 16 23:55 classic_p0_aggressive_c6_005_pqc_client_2_client.txt
-rw-r--r-- 1 cristian cristian      39 may 16 23:55 classic_p0_aggressive_c6_005_pqc_client_2_summary.txt
-rw-r--r-- 1 cristian cristian     301 may 16 23:55 classic_p0_aggressive_c6_005_pqc_client_3_client_err.txt
-rw-r--r-- 1 cristian cristian       0 may 16 23:55 classic_p0_aggressive_c6_005_pqc_client_3_client.txt
-rw-r--r-- 1 cristian cristian      39 may 16 23:55 classic_p0_aggressive_c6_005_pqc_client_3_summary.txt
-rw-r--r-- 1 cristian cristian     301 may 16 23:55 classic_p0_aggressive_c6_005_pqc_client_4_client_err.txt
-rw-r--r-- 1 cristian cristian       0 may 16 23:55 classic_p0_aggressive_c6_005_pqc_client_4_client.txt
-rw-r--r-- 1 cristian cristian      39 may 16 23:55 classic_p0_aggressive_c6_005_pqc_client_4_summary.txt
-rw-r--r-- 1 cristian cristian     301 may 16 23:55 classic_p0_aggressive_c6_005_pqc_client_5_client_err.txt
-rw-r--r-- 1 cristian cristian       0 may 16 23:55 classic_p0_aggressive_c6_005_pqc_client_5_client.txt
-rw-r--r-- 1 cristian cristian      39 may 16 23:55 classic_p0_aggressive_c6_005_pqc_client_5_summary.txt
-rw-r--r-- 1 cristian cristian     301 may 16 23:55 classic_p0_aggressive_c6_005_pqc_client_6_client_err.txt
-rw-r--r-- 1 cristian cristian       0 may 16 23:55 classic_p0_aggressive_c6_005_pqc_client_6_client.txt
-rw-r--r-- 1 cristian cristian      39 may 16 23:55 classic_p0_aggressive_c6_005_pqc_client_6_summary.txt
-rw-r--r-- 1 cristian cristian     301 may 16 23:55 classic_p0_aggressive_c6_005_pqc_client_client_err.txt
-rw-r--r-- 1 cristian cristian       0 may 16 23:55 classic_p0_aggressive_c6_005_pqc_client_client.txt
-rw-r--r-- 1 cristian cristian      37 may 16 23:55 classic_p0_aggressive_c6_005_pqc_client_summary.txt
-rw-r--r-- 1 cristian cristian     747 may 15 18:13 classic_p0_aggressive_c6_005_resource_summary.txt
=== resumen por cliente ===
[*] Perfil poisson_jitter: llegadas no sincronizadas con Poisson+jitter
[*] pqc_client <= plan: 1:0.015432
[*] pqc_client_2 <= plan: 2:0.015432
[*] pqc_client_3 <= plan: 3:0.015432
[*] pqc_client_4 <= plan: 4:0.015432
[*] pqc_client_5 <= plan: 5:0.015432
[*] pqc_client_6 <= plan: 6:0.015432
client=pqc_client total=1 ok=1 err=0
client=pqc_client_2 total=1 ok=1 err=0
client=pqc_client_3 total=1 ok=1 err=0
client=pqc_client_4 total=1 ok=1 err=0
client=pqc_client_5 total=1 ok=1 err=0
client=pqc_client_6 total=1 ok=1 err=0
[*] Resumen guardado en: results/classic_p0_aggressive_c6_005_resource_summary.txt
RUN_ID: classic_p0_aggressive_c6_005
CSV: results/classic_p0_aggressive_c6_005_docker_stats.csv

=== Resumen CPU% y MEM% (avg / max) por contenedor ===
pqc_client_2 -> CPU avg=0.00%, CPU max=0.00%, MEM avg=0.09%, MEM max=0.09%
pqc_client_3 -> CPU avg=0.00%, CPU max=0.00%, MEM avg=0.09%, MEM max=0.09%
pqc_monitor -> CPU avg=0.04%, CPU max=0.07%, MEM avg=0.12%, MEM max=0.12%
pqc_client_4 -> CPU avg=4.50%, CPU max=13.51%, MEM avg=0.08%, MEM max=0.08%
pqc_client_5 -> CPU avg=0.00%, CPU max=0.00%, MEM avg=0.08%, MEM max=0.08%
pqc_server -> CPU avg=0.00%, CPU max=0.00%, MEM avg=0.11%, MEM max=0.11%
pqc_client_6 -> CPU avg=0.00%, CPU max=0.00%, MEM avg=0.14%, MEM max=0.14%
pqc_client -> CPU avg=0.00%, CPU max=0.00%, MEM avg=0.12%, MEM max=0.12%
[2026-05-16 23:55:32] [*] Parando captura en pqc_monitor para classic_p0_aggressive_c6_005
[*] Métricas TXT guardadas en results/classic_p0_aggressive_c6_005_metrics.txt
[*] Métricas CSV guardadas en results/classic_p0_aggressive_c6_005_metrics.csv
[2026-05-16 23:55:56] === RUN END: classic_p0_aggressive_c6_005 ===

[2026-05-16 23:55:56] === RUN START: classic_p0_soft_c6_001 ===
[2026-05-16 23:55:56] [*] Arrancando captura en pqc_monitor (eth0) para classic_p0_soft_c6_001
[*] Guardando muestras en: results/classic_p0_soft_c6_001_docker_stats.csv
[*] Ejecutando comando medido: bash -lc ./scripts/run_client_once_rafaga.sh classic_p0_soft_c6_001 6; sleep 3
[*] Ráfaga clásica completada: 6 conexiones en 6 clientes (poisson_jitter)
=== host results ===
-rw-rw-r-- 1 cristian cristian    1806 may 16 23:55 classic_p0_soft_c6_001_client_err.txt
-rw-rw-r-- 1 cristian cristian     524 may 16 23:55 classic_p0_soft_c6_001_client.txt
-rwxr-xr-x 1 cristian cristian      69 may 16 23:55 classic_p0_soft_c6_001_docker_stats.csv
-rwxr-xr-x 1 cristian cristian    1688 may 15 18:14 classic_p0_soft_c6_001_metrics.csv
-rw-r--r-- 1 cristian cristian    8715 may 15 18:14 classic_p0_soft_c6_001_metrics.txt
-rw-r--r-- 1 cristian cristian     301 may 16 23:55 classic_p0_soft_c6_001_pqc_client_2_client_err.txt
-rw-r--r-- 1 cristian cristian       0 may 16 23:55 classic_p0_soft_c6_001_pqc_client_2_client.txt
-rw-r--r-- 1 cristian cristian      39 may 16 23:55 classic_p0_soft_c6_001_pqc_client_2_summary.txt
-rw-r--r-- 1 cristian cristian     301 may 16 23:55 classic_p0_soft_c6_001_pqc_client_3_client_err.txt
-rw-r--r-- 1 cristian cristian       0 may 16 23:55 classic_p0_soft_c6_001_pqc_client_3_client.txt
-rw-r--r-- 1 cristian cristian      39 may 16 23:55 classic_p0_soft_c6_001_pqc_client_3_summary.txt
-rw-r--r-- 1 cristian cristian     301 may 16 23:55 classic_p0_soft_c6_001_pqc_client_4_client_err.txt
-rw-r--r-- 1 cristian cristian       0 may 16 23:55 classic_p0_soft_c6_001_pqc_client_4_client.txt
-rw-r--r-- 1 cristian cristian      39 may 16 23:55 classic_p0_soft_c6_001_pqc_client_4_summary.txt
-rw-r--r-- 1 cristian cristian     301 may 16 23:55 classic_p0_soft_c6_001_pqc_client_5_client_err.txt
-rw-r--r-- 1 cristian cristian       0 may 16 23:55 classic_p0_soft_c6_001_pqc_client_5_client.txt
-rw-r--r-- 1 cristian cristian      39 may 16 23:55 classic_p0_soft_c6_001_pqc_client_5_summary.txt
-rw-r--r-- 1 cristian cristian     301 may 16 23:55 classic_p0_soft_c6_001_pqc_client_6_client_err.txt
-rw-r--r-- 1 cristian cristian       0 may 16 23:55 classic_p0_soft_c6_001_pqc_client_6_client.txt
-rw-r--r-- 1 cristian cristian      39 may 16 23:55 classic_p0_soft_c6_001_pqc_client_6_summary.txt
-rw-r--r-- 1 cristian cristian     301 may 16 23:55 classic_p0_soft_c6_001_pqc_client_client_err.txt
-rw-r--r-- 1 cristian cristian       0 may 16 23:55 classic_p0_soft_c6_001_pqc_client_client.txt
-rw-r--r-- 1 cristian cristian      37 may 16 23:55 classic_p0_soft_c6_001_pqc_client_summary.txt
-rw-r--r-- 1 cristian cristian     735 may 15 18:13 classic_p0_soft_c6_001_resource_summary.txt
=== resumen por cliente ===
[*] Perfil poisson_jitter: llegadas no sincronizadas con Poisson+jitter
[*] pqc_client <= plan: 1:0.168524
[*] pqc_client_2 <= plan: 2:0.168524
[*] pqc_client_3 <= plan: 3:0.168524
[*] pqc_client_4 <= plan: 4:0.168524
[*] pqc_client_5 <= plan: 5:0.168524
[*] pqc_client_6 <= plan: 6:0.168524
client=pqc_client total=1 ok=1 err=0
client=pqc_client_2 total=1 ok=1 err=0
client=pqc_client_3 total=1 ok=1 err=0
client=pqc_client_4 total=1 ok=1 err=0
client=pqc_client_5 total=1 ok=1 err=0
client=pqc_client_6 total=1 ok=1 err=0
[*] Resumen guardado en: results/classic_p0_soft_c6_001_resource_summary.txt
RUN_ID: classic_p0_soft_c6_001
CSV: results/classic_p0_soft_c6_001_docker_stats.csv

=== Resumen CPU% y MEM% (avg / max) por contenedor ===
pqc_client_2 -> CPU avg=0.00%, CPU max=0.00%, MEM avg=0.09%, MEM max=0.09%
pqc_client_3 -> CPU avg=3.73%, CPU max=11.19%, MEM avg=0.09%, MEM max=0.09%
pqc_monitor -> CPU avg=0.05%, CPU max=0.06%, MEM avg=0.12%, MEM max=0.12%
pqc_client_4 -> CPU avg=0.00%, CPU max=0.00%, MEM avg=0.08%, MEM max=0.08%
pqc_client_5 -> CPU avg=0.00%, CPU max=0.00%, MEM avg=0.08%, MEM max=0.08%
pqc_server -> CPU avg=0.00%, CPU max=0.00%, MEM avg=0.11%, MEM max=0.11%
pqc_client_6 -> CPU avg=0.00%, CPU max=0.00%, MEM avg=0.14%, MEM max=0.14%
pqc_client -> CPU avg=0.00%, CPU max=0.00%, MEM avg=0.12%, MEM max=0.12%
[2026-05-16 23:56:09] [*] Parando captura en pqc_monitor para classic_p0_soft_c6_001
[*] Métricas TXT guardadas en results/classic_p0_soft_c6_001_metrics.txt
[*] Métricas CSV guardadas en results/classic_p0_soft_c6_001_metrics.csv
[2026-05-16 23:56:33] === RUN END: classic_p0_soft_c6_001 ===

[2026-05-16 23:56:33] === RUN START: classic_p0_soft_c6_002 ===
[2026-05-16 23:56:33] [*] Arrancando captura en pqc_monitor (eth0) para classic_p0_soft_c6_002
[*] Guardando muestras en: results/classic_p0_soft_c6_002_docker_stats.csv
[*] Ejecutando comando medido: bash -lc ./scripts/run_client_once_rafaga.sh classic_p0_soft_c6_002 6; sleep 3
[*] Ráfaga clásica completada: 6 conexiones en 6 clientes (poisson_jitter)
=== host results ===
-rw-rw-r-- 1 cristian cristian    1806 may 16 23:56 classic_p0_soft_c6_002_client_err.txt
-rw-rw-r-- 1 cristian cristian     524 may 16 23:56 classic_p0_soft_c6_002_client.txt
-rwxr-xr-x 1 cristian cristian      69 may 16 23:56 classic_p0_soft_c6_002_docker_stats.csv
-rwxr-xr-x 1 cristian cristian    1688 may 15 18:14 classic_p0_soft_c6_002_metrics.csv
-rw-r--r-- 1 cristian cristian    8714 may 15 18:14 classic_p0_soft_c6_002_metrics.txt
-rw-r--r-- 1 cristian cristian     301 may 16 23:56 classic_p0_soft_c6_002_pqc_client_2_client_err.txt
-rw-r--r-- 1 cristian cristian       0 may 16 23:56 classic_p0_soft_c6_002_pqc_client_2_client.txt
-rw-r--r-- 1 cristian cristian      39 may 16 23:56 classic_p0_soft_c6_002_pqc_client_2_summary.txt
-rw-r--r-- 1 cristian cristian     301 may 16 23:56 classic_p0_soft_c6_002_pqc_client_3_client_err.txt
-rw-r--r-- 1 cristian cristian       0 may 16 23:56 classic_p0_soft_c6_002_pqc_client_3_client.txt
-rw-r--r-- 1 cristian cristian      39 may 16 23:56 classic_p0_soft_c6_002_pqc_client_3_summary.txt
-rw-r--r-- 1 cristian cristian     301 may 16 23:56 classic_p0_soft_c6_002_pqc_client_4_client_err.txt
-rw-r--r-- 1 cristian cristian       0 may 16 23:56 classic_p0_soft_c6_002_pqc_client_4_client.txt
-rw-r--r-- 1 cristian cristian      39 may 16 23:56 classic_p0_soft_c6_002_pqc_client_4_summary.txt
-rw-r--r-- 1 cristian cristian     301 may 16 23:56 classic_p0_soft_c6_002_pqc_client_5_client_err.txt
-rw-r--r-- 1 cristian cristian       0 may 16 23:56 classic_p0_soft_c6_002_pqc_client_5_client.txt
-rw-r--r-- 1 cristian cristian      39 may 16 23:56 classic_p0_soft_c6_002_pqc_client_5_summary.txt
-rw-r--r-- 1 cristian cristian     301 may 16 23:56 classic_p0_soft_c6_002_pqc_client_6_client_err.txt
-rw-r--r-- 1 cristian cristian       0 may 16 23:56 classic_p0_soft_c6_002_pqc_client_6_client.txt
-rw-r--r-- 1 cristian cristian      39 may 16 23:56 classic_p0_soft_c6_002_pqc_client_6_summary.txt
-rw-r--r-- 1 cristian cristian     301 may 16 23:56 classic_p0_soft_c6_002_pqc_client_client_err.txt
-rw-r--r-- 1 cristian cristian       0 may 16 23:56 classic_p0_soft_c6_002_pqc_client_client.txt
-rw-r--r-- 1 cristian cristian      37 may 16 23:56 classic_p0_soft_c6_002_pqc_client_summary.txt
-rw-r--r-- 1 cristian cristian     735 may 15 18:14 classic_p0_soft_c6_002_resource_summary.txt
=== resumen por cliente ===
[*] Perfil poisson_jitter: llegadas no sincronizadas con Poisson+jitter
[*] pqc_client <= plan: 1:0.175652
[*] pqc_client_2 <= plan: 2:0.175652
[*] pqc_client_3 <= plan: 3:0.175652
[*] pqc_client_4 <= plan: 4:0.175652
[*] pqc_client_5 <= plan: 5:0.175652
[*] pqc_client_6 <= plan: 6:0.175652
client=pqc_client total=1 ok=1 err=0
client=pqc_client_2 total=1 ok=1 err=0
client=pqc_client_3 total=1 ok=1 err=0
client=pqc_client_4 total=1 ok=1 err=0
client=pqc_client_5 total=1 ok=1 err=0
client=pqc_client_6 total=1 ok=1 err=0
[*] Resumen guardado en: results/classic_p0_soft_c6_002_resource_summary.txt
RUN_ID: classic_p0_soft_c6_002
CSV: results/classic_p0_soft_c6_002_docker_stats.csv

=== Resumen CPU% y MEM% (avg / max) por contenedor ===
pqc_client_2 -> CPU avg=0.00%, CPU max=0.00%, MEM avg=0.09%, MEM max=0.09%
pqc_client_3 -> CPU avg=0.00%, CPU max=0.00%, MEM avg=0.09%, MEM max=0.09%
pqc_monitor -> CPU avg=0.13%, CPU max=0.27%, MEM avg=0.12%, MEM max=0.12%
pqc_client_4 -> CPU avg=0.00%, CPU max=0.00%, MEM avg=0.08%, MEM max=0.08%
pqc_client_5 -> CPU avg=0.00%, CPU max=0.00%, MEM avg=0.08%, MEM max=0.08%
pqc_server -> CPU avg=0.00%, CPU max=0.00%, MEM avg=0.11%, MEM max=0.11%
pqc_client_6 -> CPU avg=0.00%, CPU max=0.00%, MEM avg=0.14%, MEM max=0.14%
pqc_client -> CPU avg=3.73%, CPU max=11.20%, MEM avg=0.12%, MEM max=0.12%
[2026-05-16 23:56:45] [*] Parando captura en pqc_monitor para classic_p0_soft_c6_002
[*] Métricas TXT guardadas en results/classic_p0_soft_c6_002_metrics.txt
[*] Métricas CSV guardadas en results/classic_p0_soft_c6_002_metrics.csv
[2026-05-16 23:57:09] === RUN END: classic_p0_soft_c6_002 ===

[2026-05-16 23:57:09] === RUN START: classic_p0_soft_c6_003 ===
[2026-05-16 23:57:09] [*] Arrancando captura en pqc_monitor (eth0) para classic_p0_soft_c6_003
[*] Guardando muestras en: results/classic_p0_soft_c6_003_docker_stats.csv
[*] Ejecutando comando medido: bash -lc ./scripts/run_client_once_rafaga.sh classic_p0_soft_c6_003 6; sleep 3
[*] Ráfaga clásica completada: 6 conexiones en 6 clientes (poisson_jitter)
=== host results ===
-rw-rw-r-- 1 cristian cristian    1806 may 16 23:57 classic_p0_soft_c6_003_client_err.txt
-rw-rw-r-- 1 cristian cristian     524 may 16 23:57 classic_p0_soft_c6_003_client.txt
-rwxr-xr-x 1 cristian cristian      69 may 16 23:57 classic_p0_soft_c6_003_docker_stats.csv
-rwxr-xr-x 1 cristian cristian    1689 may 15 18:15 classic_p0_soft_c6_003_metrics.csv
-rw-r--r-- 1 cristian cristian    8717 may 15 18:15 classic_p0_soft_c6_003_metrics.txt
-rw-r--r-- 1 cristian cristian     301 may 16 23:57 classic_p0_soft_c6_003_pqc_client_2_client_err.txt
-rw-r--r-- 1 cristian cristian       0 may 16 23:57 classic_p0_soft_c6_003_pqc_client_2_client.txt
-rw-r--r-- 1 cristian cristian      39 may 16 23:57 classic_p0_soft_c6_003_pqc_client_2_summary.txt
-rw-r--r-- 1 cristian cristian     301 may 16 23:57 classic_p0_soft_c6_003_pqc_client_3_client_err.txt
-rw-r--r-- 1 cristian cristian       0 may 16 23:57 classic_p0_soft_c6_003_pqc_client_3_client.txt
-rw-r--r-- 1 cristian cristian      39 may 16 23:57 classic_p0_soft_c6_003_pqc_client_3_summary.txt
-rw-r--r-- 1 cristian cristian     301 may 16 23:57 classic_p0_soft_c6_003_pqc_client_4_client_err.txt
-rw-r--r-- 1 cristian cristian       0 may 16 23:57 classic_p0_soft_c6_003_pqc_client_4_client.txt
-rw-r--r-- 1 cristian cristian      39 may 16 23:57 classic_p0_soft_c6_003_pqc_client_4_summary.txt
-rw-r--r-- 1 cristian cristian     301 may 16 23:57 classic_p0_soft_c6_003_pqc_client_5_client_err.txt
-rw-r--r-- 1 cristian cristian       0 may 16 23:57 classic_p0_soft_c6_003_pqc_client_5_client.txt
-rw-r--r-- 1 cristian cristian      39 may 16 23:57 classic_p0_soft_c6_003_pqc_client_5_summary.txt
-rw-r--r-- 1 cristian cristian     301 may 16 23:57 classic_p0_soft_c6_003_pqc_client_6_client_err.txt
-rw-r--r-- 1 cristian cristian       0 may 16 23:57 classic_p0_soft_c6_003_pqc_client_6_client.txt
-rw-r--r-- 1 cristian cristian      39 may 16 23:57 classic_p0_soft_c6_003_pqc_client_6_summary.txt
-rw-r--r-- 1 cristian cristian     301 may 16 23:57 classic_p0_soft_c6_003_pqc_client_client_err.txt
-rw-r--r-- 1 cristian cristian       0 may 16 23:57 classic_p0_soft_c6_003_pqc_client_client.txt
-rw-r--r-- 1 cristian cristian      37 may 16 23:57 classic_p0_soft_c6_003_pqc_client_summary.txt
-rw-r--r-- 1 cristian cristian     737 may 15 18:14 classic_p0_soft_c6_003_resource_summary.txt
=== resumen por cliente ===
[*] Perfil poisson_jitter: llegadas no sincronizadas con Poisson+jitter
[*] pqc_client <= plan: 1:0.540845
[*] pqc_client_2 <= plan: 2:0.540845
[*] pqc_client_3 <= plan: 3:0.540845
[*] pqc_client_4 <= plan: 4:0.540845
[*] pqc_client_5 <= plan: 5:0.540845
[*] pqc_client_6 <= plan: 6:0.540845
client=pqc_client total=1 ok=1 err=0
client=pqc_client_2 total=1 ok=1 err=0
client=pqc_client_3 total=1 ok=1 err=0
client=pqc_client_4 total=1 ok=1 err=0
client=pqc_client_5 total=1 ok=1 err=0
client=pqc_client_6 total=1 ok=1 err=0
[*] Resumen guardado en: results/classic_p0_soft_c6_003_resource_summary.txt
RUN_ID: classic_p0_soft_c6_003
CSV: results/classic_p0_soft_c6_003_docker_stats.csv

=== Resumen CPU% y MEM% (avg / max) por contenedor ===
pqc_client_2 -> CPU avg=0.00%, CPU max=0.00%, MEM avg=0.09%, MEM max=0.09%
pqc_client_3 -> CPU avg=0.00%, CPU max=0.00%, MEM avg=0.09%, MEM max=0.09%
pqc_monitor -> CPU avg=0.06%, CPU max=0.10%, MEM avg=0.12%, MEM max=0.12%
pqc_client_4 -> CPU avg=0.00%, CPU max=0.00%, MEM avg=0.08%, MEM max=0.08%
pqc_client_5 -> CPU avg=0.00%, CPU max=0.00%, MEM avg=0.08%, MEM max=0.08%
pqc_server -> CPU avg=0.00%, CPU max=0.00%, MEM avg=0.11%, MEM max=0.11%
pqc_client_6 -> CPU avg=0.70%, CPU max=2.11%, MEM avg=0.14%, MEM max=0.14%
pqc_client -> CPU avg=0.00%, CPU max=0.00%, MEM avg=0.12%, MEM max=0.12%
[2026-05-16 23:57:22] [*] Parando captura en pqc_monitor para classic_p0_soft_c6_003
[*] Métricas TXT guardadas en results/classic_p0_soft_c6_003_metrics.txt
[*] Métricas CSV guardadas en results/classic_p0_soft_c6_003_metrics.csv
[2026-05-16 23:57:46] === RUN END: classic_p0_soft_c6_003 ===

[2026-05-16 23:57:46] === RUN START: classic_p0_soft_c6_004 ===
[2026-05-16 23:57:46] [*] Arrancando captura en pqc_monitor (eth0) para classic_p0_soft_c6_004
[*] Guardando muestras en: results/classic_p0_soft_c6_004_docker_stats.csv
[*] Ejecutando comando medido: bash -lc ./scripts/run_client_once_rafaga.sh classic_p0_soft_c6_004 6; sleep 3
[*] Ráfaga clásica completada: 6 conexiones en 6 clientes (poisson_jitter)
=== host results ===
-rw-rw-r-- 1 cristian cristian    1806 may 16 23:57 classic_p0_soft_c6_004_client_err.txt
-rw-rw-r-- 1 cristian cristian     524 may 16 23:57 classic_p0_soft_c6_004_client.txt
-rwxr-xr-x 1 cristian cristian      69 may 16 23:57 classic_p0_soft_c6_004_docker_stats.csv
-rwxr-xr-x 1 cristian cristian    1688 may 15 18:15 classic_p0_soft_c6_004_metrics.csv
-rw-r--r-- 1 cristian cristian    8714 may 15 18:15 classic_p0_soft_c6_004_metrics.txt
-rw-r--r-- 1 cristian cristian     301 may 16 23:57 classic_p0_soft_c6_004_pqc_client_2_client_err.txt
-rw-r--r-- 1 cristian cristian       0 may 16 23:57 classic_p0_soft_c6_004_pqc_client_2_client.txt
-rw-r--r-- 1 cristian cristian      39 may 16 23:57 classic_p0_soft_c6_004_pqc_client_2_summary.txt
-rw-r--r-- 1 cristian cristian     301 may 16 23:57 classic_p0_soft_c6_004_pqc_client_3_client_err.txt
-rw-r--r-- 1 cristian cristian       0 may 16 23:57 classic_p0_soft_c6_004_pqc_client_3_client.txt
-rw-r--r-- 1 cristian cristian      39 may 16 23:57 classic_p0_soft_c6_004_pqc_client_3_summary.txt
-rw-r--r-- 1 cristian cristian     301 may 16 23:57 classic_p0_soft_c6_004_pqc_client_4_client_err.txt
-rw-r--r-- 1 cristian cristian       0 may 16 23:57 classic_p0_soft_c6_004_pqc_client_4_client.txt
-rw-r--r-- 1 cristian cristian      39 may 16 23:57 classic_p0_soft_c6_004_pqc_client_4_summary.txt
-rw-r--r-- 1 cristian cristian     301 may 16 23:57 classic_p0_soft_c6_004_pqc_client_5_client_err.txt
-rw-r--r-- 1 cristian cristian       0 may 16 23:57 classic_p0_soft_c6_004_pqc_client_5_client.txt
-rw-r--r-- 1 cristian cristian      39 may 16 23:57 classic_p0_soft_c6_004_pqc_client_5_summary.txt
-rw-r--r-- 1 cristian cristian     301 may 16 23:57 classic_p0_soft_c6_004_pqc_client_6_client_err.txt
-rw-r--r-- 1 cristian cristian       0 may 16 23:57 classic_p0_soft_c6_004_pqc_client_6_client.txt
-rw-r--r-- 1 cristian cristian      39 may 16 23:57 classic_p0_soft_c6_004_pqc_client_6_summary.txt
-rw-r--r-- 1 cristian cristian     301 may 16 23:57 classic_p0_soft_c6_004_pqc_client_client_err.txt
-rw-r--r-- 1 cristian cristian       0 may 16 23:57 classic_p0_soft_c6_004_pqc_client_client.txt
-rw-r--r-- 1 cristian cristian      37 may 16 23:57 classic_p0_soft_c6_004_pqc_client_summary.txt
-rw-r--r-- 1 cristian cristian     735 may 15 18:15 classic_p0_soft_c6_004_resource_summary.txt
=== resumen por cliente ===
[*] Perfil poisson_jitter: llegadas no sincronizadas con Poisson+jitter
[*] pqc_client <= plan: 1:0.000000
[*] pqc_client_2 <= plan: 2:0.000000
[*] pqc_client_3 <= plan: 3:0.000000
[*] pqc_client_4 <= plan: 4:0.000000
[*] pqc_client_5 <= plan: 5:0.000000
[*] pqc_client_6 <= plan: 6:0.000000
client=pqc_client total=1 ok=1 err=0
client=pqc_client_2 total=1 ok=1 err=0
client=pqc_client_3 total=1 ok=1 err=0
client=pqc_client_4 total=1 ok=1 err=0
client=pqc_client_5 total=1 ok=1 err=0
client=pqc_client_6 total=1 ok=1 err=0
[*] Resumen guardado en: results/classic_p0_soft_c6_004_resource_summary.txt
RUN_ID: classic_p0_soft_c6_004
CSV: results/classic_p0_soft_c6_004_docker_stats.csv

=== Resumen CPU% y MEM% (avg / max) por contenedor ===
pqc_client_2 -> CPU avg=0.00%, CPU max=0.00%, MEM avg=0.09%, MEM max=0.09%
pqc_client_3 -> CPU avg=0.00%, CPU max=0.00%, MEM avg=0.09%, MEM max=0.09%
pqc_monitor -> CPU avg=0.05%, CPU max=0.07%, MEM avg=0.12%, MEM max=0.12%
pqc_client_4 -> CPU avg=0.00%, CPU max=0.00%, MEM avg=0.08%, MEM max=0.08%
pqc_client_5 -> CPU avg=0.00%, CPU max=0.00%, MEM avg=0.08%, MEM max=0.08%
pqc_server -> CPU avg=0.00%, CPU max=0.00%, MEM avg=0.11%, MEM max=0.11%
pqc_client_6 -> CPU avg=0.00%, CPU max=0.00%, MEM avg=0.14%, MEM max=0.14%
pqc_client -> CPU avg=0.00%, CPU max=0.00%, MEM avg=0.12%, MEM max=0.12%
[2026-05-16 23:57:58] [*] Parando captura en pqc_monitor para classic_p0_soft_c6_004
[*] Métricas TXT guardadas en results/classic_p0_soft_c6_004_metrics.txt
[*] Métricas CSV guardadas en results/classic_p0_soft_c6_004_metrics.csv
[2026-05-16 23:58:23] === RUN END: classic_p0_soft_c6_004 ===

[2026-05-16 23:58:23] === RUN START: classic_p0_soft_c6_005 ===
[2026-05-16 23:58:23] [*] Arrancando captura en pqc_monitor (eth0) para classic_p0_soft_c6_005
[*] Guardando muestras en: results/classic_p0_soft_c6_005_docker_stats.csv
[*] Ejecutando comando medido: bash -lc ./scripts/run_client_once_rafaga.sh classic_p0_soft_c6_005 6; sleep 3
[*] Ráfaga clásica completada: 6 conexiones en 6 clientes (poisson_jitter)
=== host results ===
-rw-rw-r-- 1 cristian cristian    1806 may 16 23:58 classic_p0_soft_c6_005_client_err.txt
-rw-rw-r-- 1 cristian cristian     524 may 16 23:58 classic_p0_soft_c6_005_client.txt
-rwxr-xr-x 1 cristian cristian      69 may 16 23:58 classic_p0_soft_c6_005_docker_stats.csv
-rwxr-xr-x 1 cristian cristian    1694 may 15 18:16 classic_p0_soft_c6_005_metrics.csv
-rw-r--r-- 1 cristian cristian    8746 may 15 18:16 classic_p0_soft_c6_005_metrics.txt
-rw-r--r-- 1 cristian cristian     301 may 16 23:58 classic_p0_soft_c6_005_pqc_client_2_client_err.txt
-rw-r--r-- 1 cristian cristian       0 may 16 23:58 classic_p0_soft_c6_005_pqc_client_2_client.txt
-rw-r--r-- 1 cristian cristian      39 may 16 23:58 classic_p0_soft_c6_005_pqc_client_2_summary.txt
-rw-r--r-- 1 cristian cristian     301 may 16 23:58 classic_p0_soft_c6_005_pqc_client_3_client_err.txt
-rw-r--r-- 1 cristian cristian       0 may 16 23:58 classic_p0_soft_c6_005_pqc_client_3_client.txt
-rw-r--r-- 1 cristian cristian      39 may 16 23:58 classic_p0_soft_c6_005_pqc_client_3_summary.txt
-rw-r--r-- 1 cristian cristian     301 may 16 23:58 classic_p0_soft_c6_005_pqc_client_4_client_err.txt
-rw-r--r-- 1 cristian cristian       0 may 16 23:58 classic_p0_soft_c6_005_pqc_client_4_client.txt
-rw-r--r-- 1 cristian cristian      39 may 16 23:58 classic_p0_soft_c6_005_pqc_client_4_summary.txt
-rw-r--r-- 1 cristian cristian     301 may 16 23:58 classic_p0_soft_c6_005_pqc_client_5_client_err.txt
-rw-r--r-- 1 cristian cristian       0 may 16 23:58 classic_p0_soft_c6_005_pqc_client_5_client.txt
-rw-r--r-- 1 cristian cristian      39 may 16 23:58 classic_p0_soft_c6_005_pqc_client_5_summary.txt
-rw-r--r-- 1 cristian cristian     301 may 16 23:58 classic_p0_soft_c6_005_pqc_client_6_client_err.txt
-rw-r--r-- 1 cristian cristian       0 may 16 23:58 classic_p0_soft_c6_005_pqc_client_6_client.txt
-rw-r--r-- 1 cristian cristian      39 may 16 23:58 classic_p0_soft_c6_005_pqc_client_6_summary.txt
-rw-r--r-- 1 cristian cristian     301 may 16 23:58 classic_p0_soft_c6_005_pqc_client_client_err.txt
-rw-r--r-- 1 cristian cristian       0 may 16 23:58 classic_p0_soft_c6_005_pqc_client_client.txt
-rw-r--r-- 1 cristian cristian      37 may 16 23:58 classic_p0_soft_c6_005_pqc_client_summary.txt
-rw-r--r-- 1 cristian cristian     741 may 15 18:16 classic_p0_soft_c6_005_resource_summary.txt
=== resumen por cliente ===
[*] Perfil poisson_jitter: llegadas no sincronizadas con Poisson+jitter
[*] pqc_client <= plan: 1:0.137703
[*] pqc_client_2 <= plan: 2:0.137703
[*] pqc_client_3 <= plan: 3:0.137703
[*] pqc_client_4 <= plan: 4:0.137703
[*] pqc_client_5 <= plan: 5:0.137703
[*] pqc_client_6 <= plan: 6:0.137703
client=pqc_client total=1 ok=1 err=0
client=pqc_client_2 total=1 ok=1 err=0
client=pqc_client_3 total=1 ok=1 err=0
client=pqc_client_4 total=1 ok=1 err=0
client=pqc_client_5 total=1 ok=1 err=0
client=pqc_client_6 total=1 ok=1 err=0
[*] Resumen guardado en: results/classic_p0_soft_c6_005_resource_summary.txt
RUN_ID: classic_p0_soft_c6_005
CSV: results/classic_p0_soft_c6_005_docker_stats.csv

=== Resumen CPU% y MEM% (avg / max) por contenedor ===
pqc_client_2 -> CPU avg=0.00%, CPU max=0.00%, MEM avg=0.09%, MEM max=0.09%
pqc_client_3 -> CPU avg=0.00%, CPU max=0.00%, MEM avg=0.09%, MEM max=0.09%
pqc_monitor -> CPU avg=0.06%, CPU max=0.08%, MEM avg=0.12%, MEM max=0.12%
pqc_client_4 -> CPU avg=0.00%, CPU max=0.00%, MEM avg=0.08%, MEM max=0.08%
pqc_client_5 -> CPU avg=0.00%, CPU max=0.00%, MEM avg=0.08%, MEM max=0.08%
pqc_server -> CPU avg=0.00%, CPU max=0.00%, MEM avg=0.11%, MEM max=0.11%
pqc_client_6 -> CPU avg=0.00%, CPU max=0.00%, MEM avg=0.14%, MEM max=0.14%
pqc_client -> CPU avg=0.00%, CPU max=0.00%, MEM avg=0.12%, MEM max=0.12%
[2026-05-16 23:58:36] [*] Parando captura en pqc_monitor para classic_p0_soft_c6_005
[*] Métricas TXT guardadas en results/classic_p0_soft_c6_005_metrics.txt
[*] Métricas CSV guardadas en results/classic_p0_soft_c6_005_metrics.csv
[2026-05-16 23:59:00] === RUN END: classic_p0_soft_c6_005 ===

[2026-05-16 23:59:00] === RUN START: classic_p0_stress_c6_001 ===
[2026-05-16 23:59:00] [*] Arrancando captura en pqc_monitor (eth0) para classic_p0_stress_c6_001
[*] Guardando muestras en: results/classic_p0_stress_c6_001_docker_stats.csv
[*] Ejecutando comando medido: bash -lc ./scripts/run_client_once_rafaga.sh classic_p0_stress_c6_001 6; sleep 3
[*] Ráfaga clásica completada: 6 conexiones en 6 clientes (stress)
=== host results ===
-rw-rw-r-- 1 cristian cristian    1806 may 16 23:59 classic_p0_stress_c6_001_client_err.txt
-rw-rw-r-- 1 cristian cristian     473 may 16 23:59 classic_p0_stress_c6_001_client.txt
-rwxr-xr-x 1 cristian cristian      69 may 16 23:59 classic_p0_stress_c6_001_docker_stats.csv
-rwxr-xr-x 1 cristian cristian    1691 may 15 18:16 classic_p0_stress_c6_001_metrics.csv
-rw-r--r-- 1 cristian cristian    8732 may 15 18:16 classic_p0_stress_c6_001_metrics.txt
-rw-r--r-- 1 cristian cristian     301 may 16 23:59 classic_p0_stress_c6_001_pqc_client_2_client_err.txt
-rw-r--r-- 1 cristian cristian       0 may 16 23:59 classic_p0_stress_c6_001_pqc_client_2_client.txt
-rw-r--r-- 1 cristian cristian      39 may 16 23:59 classic_p0_stress_c6_001_pqc_client_2_summary.txt
-rw-r--r-- 1 cristian cristian     301 may 16 23:59 classic_p0_stress_c6_001_pqc_client_3_client_err.txt
-rw-r--r-- 1 cristian cristian       0 may 16 23:59 classic_p0_stress_c6_001_pqc_client_3_client.txt
-rw-r--r-- 1 cristian cristian      39 may 16 23:59 classic_p0_stress_c6_001_pqc_client_3_summary.txt
-rw-r--r-- 1 cristian cristian     301 may 16 23:59 classic_p0_stress_c6_001_pqc_client_4_client_err.txt
-rw-r--r-- 1 cristian cristian       0 may 16 23:59 classic_p0_stress_c6_001_pqc_client_4_client.txt
-rw-r--r-- 1 cristian cristian      39 may 16 23:59 classic_p0_stress_c6_001_pqc_client_4_summary.txt
-rw-r--r-- 1 cristian cristian     301 may 16 23:59 classic_p0_stress_c6_001_pqc_client_5_client_err.txt
-rw-r--r-- 1 cristian cristian       0 may 16 23:59 classic_p0_stress_c6_001_pqc_client_5_client.txt
-rw-r--r-- 1 cristian cristian      39 may 16 23:59 classic_p0_stress_c6_001_pqc_client_5_summary.txt
-rw-r--r-- 1 cristian cristian     301 may 16 23:59 classic_p0_stress_c6_001_pqc_client_6_client_err.txt
-rw-r--r-- 1 cristian cristian       0 may 16 23:59 classic_p0_stress_c6_001_pqc_client_6_client.txt
-rw-r--r-- 1 cristian cristian      39 may 16 23:59 classic_p0_stress_c6_001_pqc_client_6_summary.txt
-rw-r--r-- 1 cristian cristian     301 may 16 23:59 classic_p0_stress_c6_001_pqc_client_client_err.txt
-rw-r--r-- 1 cristian cristian       0 may 16 23:59 classic_p0_stress_c6_001_pqc_client_client.txt
-rw-r--r-- 1 cristian cristian      37 may 16 23:59 classic_p0_stress_c6_001_pqc_client_summary.txt
-rw-r--r-- 1 cristian cristian     741 may 15 18:16 classic_p0_stress_c6_001_resource_summary.txt
=== resumen por cliente ===
[*] Perfil stress: conexiones totalmente paralelas por cliente
[*] pqc_client <= plan: 1:0
[*] pqc_client_2 <= plan: 2:0
[*] pqc_client_3 <= plan: 3:0
[*] pqc_client_4 <= plan: 4:0
[*] pqc_client_5 <= plan: 5:0
[*] pqc_client_6 <= plan: 6:0
client=pqc_client total=1 ok=1 err=0
client=pqc_client_2 total=1 ok=1 err=0
client=pqc_client_3 total=1 ok=1 err=0
client=pqc_client_4 total=1 ok=1 err=0
client=pqc_client_5 total=1 ok=1 err=0
client=pqc_client_6 total=1 ok=1 err=0
[*] Resumen guardado en: results/classic_p0_stress_c6_001_resource_summary.txt
RUN_ID: classic_p0_stress_c6_001
CSV: results/classic_p0_stress_c6_001_docker_stats.csv

=== Resumen CPU% y MEM% (avg / max) por contenedor ===
pqc_client_2 -> CPU avg=0.00%, CPU max=0.00%, MEM avg=0.09%, MEM max=0.09%
pqc_client_3 -> CPU avg=0.00%, CPU max=0.00%, MEM avg=0.09%, MEM max=0.09%
pqc_monitor -> CPU avg=0.13%, CPU max=0.24%, MEM avg=0.12%, MEM max=0.12%
pqc_client_4 -> CPU avg=0.00%, CPU max=0.00%, MEM avg=0.08%, MEM max=0.08%
pqc_client_5 -> CPU avg=0.00%, CPU max=0.00%, MEM avg=0.08%, MEM max=0.08%
pqc_server -> CPU avg=0.00%, CPU max=0.00%, MEM avg=0.11%, MEM max=0.11%
pqc_client_6 -> CPU avg=0.00%, CPU max=0.00%, MEM avg=0.14%, MEM max=0.14%
pqc_client -> CPU avg=0.00%, CPU max=0.00%, MEM avg=0.12%, MEM max=0.12%
[2026-05-16 23:59:13] [*] Parando captura en pqc_monitor para classic_p0_stress_c6_001
[*] Métricas TXT guardadas en results/classic_p0_stress_c6_001_metrics.txt
[*] Métricas CSV guardadas en results/classic_p0_stress_c6_001_metrics.csv
[2026-05-16 23:59:38] === RUN END: classic_p0_stress_c6_001 ===

[2026-05-16 23:59:38] === RUN START: classic_p0_stress_c6_002 ===
[2026-05-16 23:59:38] [*] Arrancando captura en pqc_monitor (eth0) para classic_p0_stress_c6_002
[*] Guardando muestras en: results/classic_p0_stress_c6_002_docker_stats.csv
[*] Ejecutando comando medido: bash -lc ./scripts/run_client_once_rafaga.sh classic_p0_stress_c6_002 6; sleep 3
[*] Ráfaga clásica completada: 6 conexiones en 6 clientes (stress)
=== host results ===
-rw-rw-r-- 1 cristian cristian    1806 may 16 23:59 classic_p0_stress_c6_002_client_err.txt
-rw-rw-r-- 1 cristian cristian     473 may 16 23:59 classic_p0_stress_c6_002_client.txt
-rwxr-xr-x 1 cristian cristian      69 may 16 23:59 classic_p0_stress_c6_002_docker_stats.csv
-rwxr-xr-x 1 cristian cristian    1690 may 15 18:17 classic_p0_stress_c6_002_metrics.csv
-rw-r--r-- 1 cristian cristian    8729 may 15 18:17 classic_p0_stress_c6_002_metrics.txt
-rw-r--r-- 1 cristian cristian     301 may 16 23:59 classic_p0_stress_c6_002_pqc_client_2_client_err.txt
-rw-r--r-- 1 cristian cristian       0 may 16 23:59 classic_p0_stress_c6_002_pqc_client_2_client.txt
-rw-r--r-- 1 cristian cristian      39 may 16 23:59 classic_p0_stress_c6_002_pqc_client_2_summary.txt
-rw-r--r-- 1 cristian cristian     301 may 16 23:59 classic_p0_stress_c6_002_pqc_client_3_client_err.txt
-rw-r--r-- 1 cristian cristian       0 may 16 23:59 classic_p0_stress_c6_002_pqc_client_3_client.txt
-rw-r--r-- 1 cristian cristian      39 may 16 23:59 classic_p0_stress_c6_002_pqc_client_3_summary.txt
-rw-r--r-- 1 cristian cristian     301 may 16 23:59 classic_p0_stress_c6_002_pqc_client_4_client_err.txt
-rw-r--r-- 1 cristian cristian       0 may 16 23:59 classic_p0_stress_c6_002_pqc_client_4_client.txt
-rw-r--r-- 1 cristian cristian      39 may 16 23:59 classic_p0_stress_c6_002_pqc_client_4_summary.txt
-rw-r--r-- 1 cristian cristian     301 may 16 23:59 classic_p0_stress_c6_002_pqc_client_5_client_err.txt
-rw-r--r-- 1 cristian cristian       0 may 16 23:59 classic_p0_stress_c6_002_pqc_client_5_client.txt
-rw-r--r-- 1 cristian cristian      39 may 16 23:59 classic_p0_stress_c6_002_pqc_client_5_summary.txt
-rw-r--r-- 1 cristian cristian     301 may 16 23:59 classic_p0_stress_c6_002_pqc_client_6_client_err.txt
-rw-r--r-- 1 cristian cristian       0 may 16 23:59 classic_p0_stress_c6_002_pqc_client_6_client.txt
-rw-r--r-- 1 cristian cristian      39 may 16 23:59 classic_p0_stress_c6_002_pqc_client_6_summary.txt
-rw-r--r-- 1 cristian cristian     301 may 16 23:59 classic_p0_stress_c6_002_pqc_client_client_err.txt
-rw-r--r-- 1 cristian cristian       0 may 16 23:59 classic_p0_stress_c6_002_pqc_client_client.txt
-rw-r--r-- 1 cristian cristian      37 may 16 23:59 classic_p0_stress_c6_002_pqc_client_summary.txt
-rw-r--r-- 1 cristian cristian     739 may 15 18:17 classic_p0_stress_c6_002_resource_summary.txt
=== resumen por cliente ===
[*] Perfil stress: conexiones totalmente paralelas por cliente
[*] pqc_client <= plan: 1:0
[*] pqc_client_2 <= plan: 2:0
[*] pqc_client_3 <= plan: 3:0
[*] pqc_client_4 <= plan: 4:0
[*] pqc_client_5 <= plan: 5:0
[*] pqc_client_6 <= plan: 6:0
client=pqc_client total=1 ok=1 err=0
client=pqc_client_2 total=1 ok=1 err=0
client=pqc_client_3 total=1 ok=1 err=0
client=pqc_client_4 total=1 ok=1 err=0
client=pqc_client_5 total=1 ok=1 err=0
client=pqc_client_6 total=1 ok=1 err=0
[*] Resumen guardado en: results/classic_p0_stress_c6_002_resource_summary.txt
RUN_ID: classic_p0_stress_c6_002
CSV: results/classic_p0_stress_c6_002_docker_stats.csv

=== Resumen CPU% y MEM% (avg / max) por contenedor ===
pqc_client_2 -> CPU avg=0.00%, CPU max=0.00%, MEM avg=0.09%, MEM max=0.09%
pqc_client_3 -> CPU avg=0.00%, CPU max=0.00%, MEM avg=0.09%, MEM max=0.09%
pqc_monitor -> CPU avg=0.07%, CPU max=0.09%, MEM avg=0.12%, MEM max=0.12%
pqc_client_4 -> CPU avg=0.00%, CPU max=0.00%, MEM avg=0.08%, MEM max=0.08%
pqc_client_5 -> CPU avg=0.00%, CPU max=0.00%, MEM avg=0.08%, MEM max=0.08%
pqc_server -> CPU avg=0.00%, CPU max=0.00%, MEM avg=0.11%, MEM max=0.11%
pqc_client_6 -> CPU avg=0.00%, CPU max=0.00%, MEM avg=0.14%, MEM max=0.14%
pqc_client -> CPU avg=4.15%, CPU max=12.46%, MEM avg=0.12%, MEM max=0.12%
[2026-05-16 23:59:51] [*] Parando captura en pqc_monitor para classic_p0_stress_c6_002
[*] Métricas TXT guardadas en results/classic_p0_stress_c6_002_metrics.txt
[*] Métricas CSV guardadas en results/classic_p0_stress_c6_002_metrics.csv
[2026-05-17 00:00:17] === RUN END: classic_p0_stress_c6_002 ===

[2026-05-17 00:00:17] === RUN START: classic_p0_stress_c6_003 ===
[2026-05-17 00:00:17] [*] Arrancando captura en pqc_monitor (eth0) para classic_p0_stress_c6_003
[*] Guardando muestras en: results/classic_p0_stress_c6_003_docker_stats.csv
[*] Ejecutando comando medido: bash -lc ./scripts/run_client_once_rafaga.sh classic_p0_stress_c6_003 6; sleep 3
[*] Ráfaga clásica completada: 6 conexiones en 6 clientes (stress)
=== host results ===
-rw-rw-r-- 1 cristian cristian    1806 may 17 00:00 classic_p0_stress_c6_003_client_err.txt
-rw-rw-r-- 1 cristian cristian     473 may 17 00:00 classic_p0_stress_c6_003_client.txt
-rwxr-xr-x 1 cristian cristian      69 may 17 00:00 classic_p0_stress_c6_003_docker_stats.csv
-rwxr-xr-x 1 cristian cristian    1695 may 15 18:17 classic_p0_stress_c6_003_metrics.csv
-rw-r--r-- 1 cristian cristian    8753 may 15 18:17 classic_p0_stress_c6_003_metrics.txt
-rw-r--r-- 1 cristian cristian     301 may 17 00:00 classic_p0_stress_c6_003_pqc_client_2_client_err.txt
-rw-r--r-- 1 cristian cristian       0 may 17 00:00 classic_p0_stress_c6_003_pqc_client_2_client.txt
-rw-r--r-- 1 cristian cristian      39 may 17 00:00 classic_p0_stress_c6_003_pqc_client_2_summary.txt
-rw-r--r-- 1 cristian cristian     301 may 17 00:00 classic_p0_stress_c6_003_pqc_client_3_client_err.txt
-rw-r--r-- 1 cristian cristian       0 may 17 00:00 classic_p0_stress_c6_003_pqc_client_3_client.txt
-rw-r--r-- 1 cristian cristian      39 may 17 00:00 classic_p0_stress_c6_003_pqc_client_3_summary.txt
-rw-r--r-- 1 cristian cristian     301 may 17 00:00 classic_p0_stress_c6_003_pqc_client_4_client_err.txt
-rw-r--r-- 1 cristian cristian       0 may 17 00:00 classic_p0_stress_c6_003_pqc_client_4_client.txt
-rw-r--r-- 1 cristian cristian      39 may 17 00:00 classic_p0_stress_c6_003_pqc_client_4_summary.txt
-rw-r--r-- 1 cristian cristian     301 may 17 00:00 classic_p0_stress_c6_003_pqc_client_5_client_err.txt
-rw-r--r-- 1 cristian cristian       0 may 17 00:00 classic_p0_stress_c6_003_pqc_client_5_client.txt
-rw-r--r-- 1 cristian cristian      39 may 17 00:00 classic_p0_stress_c6_003_pqc_client_5_summary.txt
-rw-r--r-- 1 cristian cristian     301 may 17 00:00 classic_p0_stress_c6_003_pqc_client_6_client_err.txt
-rw-r--r-- 1 cristian cristian       0 may 17 00:00 classic_p0_stress_c6_003_pqc_client_6_client.txt
-rw-r--r-- 1 cristian cristian      39 may 17 00:00 classic_p0_stress_c6_003_pqc_client_6_summary.txt
-rw-r--r-- 1 cristian cristian     301 may 17 00:00 classic_p0_stress_c6_003_pqc_client_client_err.txt
-rw-r--r-- 1 cristian cristian       0 may 17 00:00 classic_p0_stress_c6_003_pqc_client_client.txt
-rw-r--r-- 1 cristian cristian      37 may 17 00:00 classic_p0_stress_c6_003_pqc_client_summary.txt
-rw-r--r-- 1 cristian cristian     739 may 15 18:17 classic_p0_stress_c6_003_resource_summary.txt
=== resumen por cliente ===
[*] Perfil stress: conexiones totalmente paralelas por cliente
[*] pqc_client <= plan: 1:0
[*] pqc_client_2 <= plan: 2:0
[*] pqc_client_3 <= plan: 3:0
[*] pqc_client_4 <= plan: 4:0
[*] pqc_client_5 <= plan: 5:0
[*] pqc_client_6 <= plan: 6:0
client=pqc_client total=1 ok=1 err=0
client=pqc_client_2 total=1 ok=1 err=0
client=pqc_client_3 total=1 ok=1 err=0
client=pqc_client_4 total=1 ok=1 err=0
client=pqc_client_5 total=1 ok=1 err=0
client=pqc_client_6 total=1 ok=1 err=0
[*] Resumen guardado en: results/classic_p0_stress_c6_003_resource_summary.txt
RUN_ID: classic_p0_stress_c6_003
CSV: results/classic_p0_stress_c6_003_docker_stats.csv

=== Resumen CPU% y MEM% (avg / max) por contenedor ===
pqc_client_2 -> CPU avg=0.00%, CPU max=0.00%, MEM avg=0.09%, MEM max=0.09%
pqc_client_3 -> CPU avg=0.00%, CPU max=0.00%, MEM avg=0.09%, MEM max=0.09%
pqc_monitor -> CPU avg=0.06%, CPU max=0.10%, MEM avg=0.12%, MEM max=0.12%
pqc_client_4 -> CPU avg=0.00%, CPU max=0.00%, MEM avg=0.08%, MEM max=0.08%
pqc_client_5 -> CPU avg=0.00%, CPU max=0.00%, MEM avg=0.08%, MEM max=0.08%
pqc_server -> CPU avg=0.00%, CPU max=0.00%, MEM avg=0.11%, MEM max=0.11%
pqc_client_6 -> CPU avg=0.00%, CPU max=0.00%, MEM avg=0.14%, MEM max=0.14%
pqc_client -> CPU avg=0.00%, CPU max=0.00%, MEM avg=0.12%, MEM max=0.12%
[2026-05-17 00:00:29] [*] Parando captura en pqc_monitor para classic_p0_stress_c6_003
[*] Métricas TXT guardadas en results/classic_p0_stress_c6_003_metrics.txt
[*] Métricas CSV guardadas en results/classic_p0_stress_c6_003_metrics.csv
[2026-05-17 00:00:53] === RUN END: classic_p0_stress_c6_003 ===

[2026-05-17 00:00:53] === RUN START: classic_p0_stress_c6_004 ===
[2026-05-17 00:00:53] [*] Arrancando captura en pqc_monitor (eth0) para classic_p0_stress_c6_004
[*] Guardando muestras en: results/classic_p0_stress_c6_004_docker_stats.csv
[*] Ejecutando comando medido: bash -lc ./scripts/run_client_once_rafaga.sh classic_p0_stress_c6_004 6; sleep 3
[*] Ráfaga clásica completada: 6 conexiones en 6 clientes (stress)
=== host results ===
-rw-rw-r-- 1 cristian cristian    1806 may 17 00:00 classic_p0_stress_c6_004_client_err.txt
-rw-rw-r-- 1 cristian cristian     473 may 17 00:00 classic_p0_stress_c6_004_client.txt
-rwxr-xr-x 1 cristian cristian      69 may 17 00:00 classic_p0_stress_c6_004_docker_stats.csv
-rwxr-xr-x 1 cristian cristian    1697 may 15 18:18 classic_p0_stress_c6_004_metrics.csv
-rw-r--r-- 1 cristian cristian    8755 may 15 18:18 classic_p0_stress_c6_004_metrics.txt
-rw-r--r-- 1 cristian cristian     301 may 17 00:00 classic_p0_stress_c6_004_pqc_client_2_client_err.txt
-rw-r--r-- 1 cristian cristian       0 may 17 00:00 classic_p0_stress_c6_004_pqc_client_2_client.txt
-rw-r--r-- 1 cristian cristian      39 may 17 00:00 classic_p0_stress_c6_004_pqc_client_2_summary.txt
-rw-r--r-- 1 cristian cristian     301 may 17 00:00 classic_p0_stress_c6_004_pqc_client_3_client_err.txt
-rw-r--r-- 1 cristian cristian       0 may 17 00:00 classic_p0_stress_c6_004_pqc_client_3_client.txt
-rw-r--r-- 1 cristian cristian      39 may 17 00:00 classic_p0_stress_c6_004_pqc_client_3_summary.txt
-rw-r--r-- 1 cristian cristian     301 may 17 00:00 classic_p0_stress_c6_004_pqc_client_4_client_err.txt
-rw-r--r-- 1 cristian cristian       0 may 17 00:00 classic_p0_stress_c6_004_pqc_client_4_client.txt
-rw-r--r-- 1 cristian cristian      39 may 17 00:00 classic_p0_stress_c6_004_pqc_client_4_summary.txt
-rw-r--r-- 1 cristian cristian     301 may 17 00:00 classic_p0_stress_c6_004_pqc_client_5_client_err.txt
-rw-r--r-- 1 cristian cristian       0 may 17 00:00 classic_p0_stress_c6_004_pqc_client_5_client.txt
-rw-r--r-- 1 cristian cristian      39 may 17 00:00 classic_p0_stress_c6_004_pqc_client_5_summary.txt
-rw-r--r-- 1 cristian cristian     301 may 17 00:00 classic_p0_stress_c6_004_pqc_client_6_client_err.txt
-rw-r--r-- 1 cristian cristian       0 may 17 00:00 classic_p0_stress_c6_004_pqc_client_6_client.txt
-rw-r--r-- 1 cristian cristian      39 may 17 00:00 classic_p0_stress_c6_004_pqc_client_6_summary.txt
-rw-r--r-- 1 cristian cristian     301 may 17 00:00 classic_p0_stress_c6_004_pqc_client_client_err.txt
-rw-r--r-- 1 cristian cristian       0 may 17 00:00 classic_p0_stress_c6_004_pqc_client_client.txt
-rw-r--r-- 1 cristian cristian      37 may 17 00:00 classic_p0_stress_c6_004_pqc_client_summary.txt
-rw-r--r-- 1 cristian cristian     739 may 15 18:18 classic_p0_stress_c6_004_resource_summary.txt
=== resumen por cliente ===
[*] Perfil stress: conexiones totalmente paralelas por cliente
[*] pqc_client <= plan: 1:0
[*] pqc_client_2 <= plan: 2:0
[*] pqc_client_3 <= plan: 3:0
[*] pqc_client_4 <= plan: 4:0
[*] pqc_client_5 <= plan: 5:0
[*] pqc_client_6 <= plan: 6:0
client=pqc_client total=1 ok=1 err=0
client=pqc_client_2 total=1 ok=1 err=0
client=pqc_client_3 total=1 ok=1 err=0
client=pqc_client_4 total=1 ok=1 err=0
client=pqc_client_5 total=1 ok=1 err=0
client=pqc_client_6 total=1 ok=1 err=0
[*] Resumen guardado en: results/classic_p0_stress_c6_004_resource_summary.txt
RUN_ID: classic_p0_stress_c6_004
CSV: results/classic_p0_stress_c6_004_docker_stats.csv

=== Resumen CPU% y MEM% (avg / max) por contenedor ===
pqc_client_2 -> CPU avg=0.00%, CPU max=0.00%, MEM avg=0.09%, MEM max=0.09%
pqc_client_3 -> CPU avg=0.00%, CPU max=0.00%, MEM avg=0.09%, MEM max=0.09%
pqc_monitor -> CPU avg=0.10%, CPU max=0.14%, MEM avg=0.12%, MEM max=0.12%
pqc_client_4 -> CPU avg=0.00%, CPU max=0.00%, MEM avg=0.08%, MEM max=0.08%
pqc_client_5 -> CPU avg=0.00%, CPU max=0.00%, MEM avg=0.09%, MEM max=0.09%
pqc_server -> CPU avg=0.00%, CPU max=0.00%, MEM avg=0.11%, MEM max=0.11%
pqc_client_6 -> CPU avg=0.00%, CPU max=0.00%, MEM avg=0.14%, MEM max=0.14%
pqc_client -> CPU avg=0.00%, CPU max=0.00%, MEM avg=0.12%, MEM max=0.12%
[2026-05-17 00:01:05] [*] Parando captura en pqc_monitor para classic_p0_stress_c6_004
[*] Métricas TXT guardadas en results/classic_p0_stress_c6_004_metrics.txt
[*] Métricas CSV guardadas en results/classic_p0_stress_c6_004_metrics.csv
[2026-05-17 00:01:28] === RUN END: classic_p0_stress_c6_004 ===

[2026-05-17 00:01:28] === RUN START: classic_p0_stress_c6_005 ===
[2026-05-17 00:01:28] [*] Arrancando captura en pqc_monitor (eth0) para classic_p0_stress_c6_005
[*] Guardando muestras en: results/classic_p0_stress_c6_005_docker_stats.csv
[*] Ejecutando comando medido: bash -lc ./scripts/run_client_once_rafaga.sh classic_p0_stress_c6_005 6; sleep 3
[*] Ráfaga clásica completada: 6 conexiones en 6 clientes (stress)
=== host results ===
-rw-rw-r-- 1 cristian cristian    1806 may 17 00:01 classic_p0_stress_c6_005_client_err.txt
-rw-rw-r-- 1 cristian cristian     473 may 17 00:01 classic_p0_stress_c6_005_client.txt
-rwxr-xr-x 1 cristian cristian      69 may 17 00:01 classic_p0_stress_c6_005_docker_stats.csv
-rwxr-xr-x 1 cristian cristian    1695 may 15 18:18 classic_p0_stress_c6_005_metrics.csv
-rw-r--r-- 1 cristian cristian    8753 may 15 18:18 classic_p0_stress_c6_005_metrics.txt
-rw-r--r-- 1 cristian cristian     301 may 17 00:01 classic_p0_stress_c6_005_pqc_client_2_client_err.txt
-rw-r--r-- 1 cristian cristian       0 may 17 00:01 classic_p0_stress_c6_005_pqc_client_2_client.txt
-rw-r--r-- 1 cristian cristian      39 may 17 00:01 classic_p0_stress_c6_005_pqc_client_2_summary.txt
-rw-r--r-- 1 cristian cristian     301 may 17 00:01 classic_p0_stress_c6_005_pqc_client_3_client_err.txt
-rw-r--r-- 1 cristian cristian       0 may 17 00:01 classic_p0_stress_c6_005_pqc_client_3_client.txt
-rw-r--r-- 1 cristian cristian      39 may 17 00:01 classic_p0_stress_c6_005_pqc_client_3_summary.txt
-rw-r--r-- 1 cristian cristian     301 may 17 00:01 classic_p0_stress_c6_005_pqc_client_4_client_err.txt
-rw-r--r-- 1 cristian cristian       0 may 17 00:01 classic_p0_stress_c6_005_pqc_client_4_client.txt
-rw-r--r-- 1 cristian cristian      39 may 17 00:01 classic_p0_stress_c6_005_pqc_client_4_summary.txt
-rw-r--r-- 1 cristian cristian     301 may 17 00:01 classic_p0_stress_c6_005_pqc_client_5_client_err.txt
-rw-r--r-- 1 cristian cristian       0 may 17 00:01 classic_p0_stress_c6_005_pqc_client_5_client.txt
-rw-r--r-- 1 cristian cristian      39 may 17 00:01 classic_p0_stress_c6_005_pqc_client_5_summary.txt
-rw-r--r-- 1 cristian cristian     301 may 17 00:01 classic_p0_stress_c6_005_pqc_client_6_client_err.txt
-rw-r--r-- 1 cristian cristian       0 may 17 00:01 classic_p0_stress_c6_005_pqc_client_6_client.txt
-rw-r--r-- 1 cristian cristian      39 may 17 00:01 classic_p0_stress_c6_005_pqc_client_6_summary.txt
-rw-r--r-- 1 cristian cristian     301 may 17 00:01 classic_p0_stress_c6_005_pqc_client_client_err.txt
-rw-r--r-- 1 cristian cristian       0 may 17 00:01 classic_p0_stress_c6_005_pqc_client_client.txt
-rw-r--r-- 1 cristian cristian      37 may 17 00:01 classic_p0_stress_c6_005_pqc_client_summary.txt
-rw-r--r-- 1 cristian cristian     739 may 15 18:18 classic_p0_stress_c6_005_resource_summary.txt
=== resumen por cliente ===
[*] Perfil stress: conexiones totalmente paralelas por cliente
[*] pqc_client <= plan: 1:0
[*] pqc_client_2 <= plan: 2:0
[*] pqc_client_3 <= plan: 3:0
[*] pqc_client_4 <= plan: 4:0
[*] pqc_client_5 <= plan: 5:0
[*] pqc_client_6 <= plan: 6:0
client=pqc_client total=1 ok=1 err=0
client=pqc_client_2 total=1 ok=1 err=0
client=pqc_client_3 total=1 ok=1 err=0
client=pqc_client_4 total=1 ok=1 err=0
client=pqc_client_5 total=1 ok=1 err=0
client=pqc_client_6 total=1 ok=1 err=0
[*] Resumen guardado en: results/classic_p0_stress_c6_005_resource_summary.txt
RUN_ID: classic_p0_stress_c6_005
CSV: results/classic_p0_stress_c6_005_docker_stats.csv

=== Resumen CPU% y MEM% (avg / max) por contenedor ===
pqc_client_2 -> CPU avg=0.00%, CPU max=0.00%, MEM avg=0.09%, MEM max=0.09%
pqc_client_3 -> CPU avg=0.00%, CPU max=0.00%, MEM avg=0.09%, MEM max=0.09%
pqc_monitor -> CPU avg=0.07%, CPU max=0.13%, MEM avg=0.12%, MEM max=0.12%
pqc_client_4 -> CPU avg=0.00%, CPU max=0.00%, MEM avg=0.08%, MEM max=0.08%
pqc_client_5 -> CPU avg=0.00%, CPU max=0.00%, MEM avg=0.09%, MEM max=0.09%
pqc_server -> CPU avg=0.00%, CPU max=0.00%, MEM avg=0.11%, MEM max=0.11%
pqc_client_6 -> CPU avg=0.00%, CPU max=0.00%, MEM avg=0.14%, MEM max=0.14%
pqc_client -> CPU avg=0.00%, CPU max=0.00%, MEM avg=0.12%, MEM max=0.12%
[2026-05-17 00:01:41] [*] Parando captura en pqc_monitor para classic_p0_stress_c6_005
[*] Métricas TXT guardadas en results/classic_p0_stress_c6_005_metrics.txt
[*] Métricas CSV guardadas en results/classic_p0_stress_c6_005_metrics.csv
[2026-05-17 00:02:05] === RUN END: classic_p0_stress_c6_005 ===

[2026-05-17 00:02:05] ---- Aplicando perfil de red P1 ----
[*] Aplicando perfil P1

[*] Estado qdisc en monitor:
qdisc netem 800d: root refcnt 5 limit 1000 delay 15ms
qdisc netem 800e: root refcnt 5 limit 1000 delay 15ms
[2026-05-17 00:02:06] === RUN START: classic_p1_balanced_c6_001 ===
[2026-05-17 00:02:06] [*] Arrancando captura en pqc_monitor (eth0) para classic_p1_balanced_c6_001
[*] Guardando muestras en: results/classic_p1_balanced_c6_001_docker_stats.csv
[*] Ejecutando comando medido: bash -lc ./scripts/run_client_once_rafaga.sh classic_p1_balanced_c6_001 6; sleep 3
[*] Ráfaga clásica completada: 6 conexiones en 6 clientes (poisson_jitter)
=== host results ===
-rw-rw-r-- 1 cristian cristian    1806 may 17 00:02 classic_p1_balanced_c6_001_client_err.txt
-rw-rw-r-- 1 cristian cristian     524 may 17 00:02 classic_p1_balanced_c6_001_client.txt
-rwxr-xr-x 1 cristian cristian      69 may 17 00:02 classic_p1_balanced_c6_001_docker_stats.csv
-rwxr-xr-x 1 cristian cristian    1698 may 15 18:19 classic_p1_balanced_c6_001_metrics.csv
-rw-r--r-- 1 cristian cristian    8748 may 15 18:19 classic_p1_balanced_c6_001_metrics.txt
-rw-r--r-- 1 cristian cristian     301 may 17 00:02 classic_p1_balanced_c6_001_pqc_client_2_client_err.txt
-rw-r--r-- 1 cristian cristian       0 may 17 00:02 classic_p1_balanced_c6_001_pqc_client_2_client.txt
-rw-r--r-- 1 cristian cristian      39 may 17 00:02 classic_p1_balanced_c6_001_pqc_client_2_summary.txt
-rw-r--r-- 1 cristian cristian     301 may 17 00:02 classic_p1_balanced_c6_001_pqc_client_3_client_err.txt
-rw-r--r-- 1 cristian cristian       0 may 17 00:02 classic_p1_balanced_c6_001_pqc_client_3_client.txt
-rw-r--r-- 1 cristian cristian      39 may 17 00:02 classic_p1_balanced_c6_001_pqc_client_3_summary.txt
-rw-r--r-- 1 cristian cristian     301 may 17 00:02 classic_p1_balanced_c6_001_pqc_client_4_client_err.txt
-rw-r--r-- 1 cristian cristian       0 may 17 00:02 classic_p1_balanced_c6_001_pqc_client_4_client.txt
-rw-r--r-- 1 cristian cristian      39 may 17 00:02 classic_p1_balanced_c6_001_pqc_client_4_summary.txt
-rw-r--r-- 1 cristian cristian     301 may 17 00:02 classic_p1_balanced_c6_001_pqc_client_5_client_err.txt
-rw-r--r-- 1 cristian cristian       0 may 17 00:02 classic_p1_balanced_c6_001_pqc_client_5_client.txt
-rw-r--r-- 1 cristian cristian      39 may 17 00:02 classic_p1_balanced_c6_001_pqc_client_5_summary.txt
-rw-r--r-- 1 cristian cristian     301 may 17 00:02 classic_p1_balanced_c6_001_pqc_client_6_client_err.txt
-rw-r--r-- 1 cristian cristian       0 may 17 00:02 classic_p1_balanced_c6_001_pqc_client_6_client.txt
-rw-r--r-- 1 cristian cristian      39 may 17 00:02 classic_p1_balanced_c6_001_pqc_client_6_summary.txt
-rw-r--r-- 1 cristian cristian     301 may 17 00:02 classic_p1_balanced_c6_001_pqc_client_client_err.txt
-rw-r--r-- 1 cristian cristian       0 may 17 00:02 classic_p1_balanced_c6_001_pqc_client_client.txt
-rw-r--r-- 1 cristian cristian      37 may 17 00:02 classic_p1_balanced_c6_001_pqc_client_summary.txt
-rw-r--r-- 1 cristian cristian     743 may 15 18:19 classic_p1_balanced_c6_001_resource_summary.txt
=== resumen por cliente ===
[*] Perfil poisson_jitter: llegadas no sincronizadas con Poisson+jitter
[*] pqc_client <= plan: 1:0.079933
[*] pqc_client_2 <= plan: 2:0.079933
[*] pqc_client_3 <= plan: 3:0.079933
[*] pqc_client_4 <= plan: 4:0.079933
[*] pqc_client_5 <= plan: 5:0.079933
[*] pqc_client_6 <= plan: 6:0.079933
client=pqc_client total=1 ok=1 err=0
client=pqc_client_2 total=1 ok=1 err=0
client=pqc_client_3 total=1 ok=1 err=0
client=pqc_client_4 total=1 ok=1 err=0
client=pqc_client_5 total=1 ok=1 err=0
client=pqc_client_6 total=1 ok=1 err=0
[*] Resumen guardado en: results/classic_p1_balanced_c6_001_resource_summary.txt
RUN_ID: classic_p1_balanced_c6_001
CSV: results/classic_p1_balanced_c6_001_docker_stats.csv

=== Resumen CPU% y MEM% (avg / max) por contenedor ===
pqc_client_2 -> CPU avg=0.00%, CPU max=0.00%, MEM avg=0.09%, MEM max=0.09%
pqc_client_3 -> CPU avg=0.00%, CPU max=0.00%, MEM avg=0.09%, MEM max=0.09%
pqc_monitor -> CPU avg=0.06%, CPU max=0.08%, MEM avg=0.12%, MEM max=0.12%
pqc_client_4 -> CPU avg=0.00%, CPU max=0.00%, MEM avg=0.08%, MEM max=0.08%
pqc_client_5 -> CPU avg=0.00%, CPU max=0.00%, MEM avg=0.09%, MEM max=0.09%
pqc_server -> CPU avg=0.00%, CPU max=0.00%, MEM avg=0.11%, MEM max=0.11%
pqc_client_6 -> CPU avg=0.00%, CPU max=0.00%, MEM avg=0.14%, MEM max=0.14%
pqc_client -> CPU avg=0.00%, CPU max=0.00%, MEM avg=0.12%, MEM max=0.12%
[2026-05-17 00:02:18] [*] Parando captura en pqc_monitor para classic_p1_balanced_c6_001
[*] Métricas TXT guardadas en results/classic_p1_balanced_c6_001_metrics.txt
[*] Métricas CSV guardadas en results/classic_p1_balanced_c6_001_metrics.csv
[2026-05-17 00:02:42] === RUN END: classic_p1_balanced_c6_001 ===

[2026-05-17 00:02:42] === RUN START: classic_p1_balanced_c6_002 ===
[2026-05-17 00:02:42] [*] Arrancando captura en pqc_monitor (eth0) para classic_p1_balanced_c6_002
[*] Guardando muestras en: results/classic_p1_balanced_c6_002_docker_stats.csv
[*] Ejecutando comando medido: bash -lc ./scripts/run_client_once_rafaga.sh classic_p1_balanced_c6_002 6; sleep 3
[*] Ráfaga clásica completada: 6 conexiones en 6 clientes (poisson_jitter)
=== host results ===
-rw-rw-r-- 1 cristian cristian    1806 may 17 00:02 classic_p1_balanced_c6_002_client_err.txt
-rw-rw-r-- 1 cristian cristian     524 may 17 00:02 classic_p1_balanced_c6_002_client.txt
-rwxr-xr-x 1 cristian cristian      69 may 17 00:02 classic_p1_balanced_c6_002_docker_stats.csv
-rwxr-xr-x 1 cristian cristian    1702 may 15 18:19 classic_p1_balanced_c6_002_metrics.csv
-rw-r--r-- 1 cristian cristian    8772 may 15 18:19 classic_p1_balanced_c6_002_metrics.txt
-rw-r--r-- 1 cristian cristian     301 may 17 00:02 classic_p1_balanced_c6_002_pqc_client_2_client_err.txt
-rw-r--r-- 1 cristian cristian       0 may 17 00:02 classic_p1_balanced_c6_002_pqc_client_2_client.txt
-rw-r--r-- 1 cristian cristian      39 may 17 00:02 classic_p1_balanced_c6_002_pqc_client_2_summary.txt
-rw-r--r-- 1 cristian cristian     301 may 17 00:02 classic_p1_balanced_c6_002_pqc_client_3_client_err.txt
-rw-r--r-- 1 cristian cristian       0 may 17 00:02 classic_p1_balanced_c6_002_pqc_client_3_client.txt
-rw-r--r-- 1 cristian cristian      39 may 17 00:02 classic_p1_balanced_c6_002_pqc_client_3_summary.txt
-rw-r--r-- 1 cristian cristian     301 may 17 00:02 classic_p1_balanced_c6_002_pqc_client_4_client_err.txt
-rw-r--r-- 1 cristian cristian       0 may 17 00:02 classic_p1_balanced_c6_002_pqc_client_4_client.txt
-rw-r--r-- 1 cristian cristian      39 may 17 00:02 classic_p1_balanced_c6_002_pqc_client_4_summary.txt
-rw-r--r-- 1 cristian cristian     301 may 17 00:02 classic_p1_balanced_c6_002_pqc_client_5_client_err.txt
-rw-r--r-- 1 cristian cristian       0 may 17 00:02 classic_p1_balanced_c6_002_pqc_client_5_client.txt
-rw-r--r-- 1 cristian cristian      39 may 17 00:02 classic_p1_balanced_c6_002_pqc_client_5_summary.txt
-rw-r--r-- 1 cristian cristian     301 may 17 00:02 classic_p1_balanced_c6_002_pqc_client_6_client_err.txt
-rw-r--r-- 1 cristian cristian       0 may 17 00:02 classic_p1_balanced_c6_002_pqc_client_6_client.txt
-rw-r--r-- 1 cristian cristian      39 may 17 00:02 classic_p1_balanced_c6_002_pqc_client_6_summary.txt
-rw-r--r-- 1 cristian cristian     301 may 17 00:02 classic_p1_balanced_c6_002_pqc_client_client_err.txt
-rw-r--r-- 1 cristian cristian       0 may 17 00:02 classic_p1_balanced_c6_002_pqc_client_client.txt
-rw-r--r-- 1 cristian cristian      37 may 17 00:02 classic_p1_balanced_c6_002_pqc_client_summary.txt
-rw-r--r-- 1 cristian cristian     743 may 15 18:19 classic_p1_balanced_c6_002_resource_summary.txt
=== resumen por cliente ===
[*] Perfil poisson_jitter: llegadas no sincronizadas con Poisson+jitter
[*] pqc_client <= plan: 1:0.000000
[*] pqc_client_2 <= plan: 2:0.000000
[*] pqc_client_3 <= plan: 3:0.000000
[*] pqc_client_4 <= plan: 4:0.000000
[*] pqc_client_5 <= plan: 5:0.000000
[*] pqc_client_6 <= plan: 6:0.000000
client=pqc_client total=1 ok=1 err=0
client=pqc_client_2 total=1 ok=1 err=0
client=pqc_client_3 total=1 ok=1 err=0
client=pqc_client_4 total=1 ok=1 err=0
client=pqc_client_5 total=1 ok=1 err=0
client=pqc_client_6 total=1 ok=1 err=0
[*] Resumen guardado en: results/classic_p1_balanced_c6_002_resource_summary.txt
RUN_ID: classic_p1_balanced_c6_002
CSV: results/classic_p1_balanced_c6_002_docker_stats.csv

=== Resumen CPU% y MEM% (avg / max) por contenedor ===
pqc_client_2 -> CPU avg=0.00%, CPU max=0.00%, MEM avg=0.09%, MEM max=0.09%
pqc_client_3 -> CPU avg=0.00%, CPU max=0.00%, MEM avg=0.09%, MEM max=0.09%
pqc_monitor -> CPU avg=0.09%, CPU max=0.16%, MEM avg=0.12%, MEM max=0.12%
pqc_client_4 -> CPU avg=4.23%, CPU max=12.68%, MEM avg=0.08%, MEM max=0.08%
pqc_client_5 -> CPU avg=0.00%, CPU max=0.00%, MEM avg=0.09%, MEM max=0.09%
pqc_server -> CPU avg=0.00%, CPU max=0.00%, MEM avg=0.11%, MEM max=0.11%
pqc_client_6 -> CPU avg=0.00%, CPU max=0.00%, MEM avg=0.14%, MEM max=0.14%
pqc_client -> CPU avg=0.00%, CPU max=0.00%, MEM avg=0.12%, MEM max=0.12%
[2026-05-17 00:02:55] [*] Parando captura en pqc_monitor para classic_p1_balanced_c6_002
[*] Métricas TXT guardadas en results/classic_p1_balanced_c6_002_metrics.txt
[*] Métricas CSV guardadas en results/classic_p1_balanced_c6_002_metrics.csv
[2026-05-17 00:03:18] === RUN END: classic_p1_balanced_c6_002 ===

[2026-05-17 00:03:18] === RUN START: classic_p1_balanced_c6_003 ===
[2026-05-17 00:03:18] [*] Arrancando captura en pqc_monitor (eth0) para classic_p1_balanced_c6_003
[*] Guardando muestras en: results/classic_p1_balanced_c6_003_docker_stats.csv
[*] Ejecutando comando medido: bash -lc ./scripts/run_client_once_rafaga.sh classic_p1_balanced_c6_003 6; sleep 3
[*] Ráfaga clásica completada: 6 conexiones en 6 clientes (poisson_jitter)
=== host results ===
-rw-rw-r-- 1 cristian cristian    1806 may 17 00:03 classic_p1_balanced_c6_003_client_err.txt
-rw-rw-r-- 1 cristian cristian     524 may 17 00:03 classic_p1_balanced_c6_003_client.txt
-rwxr-xr-x 1 cristian cristian      69 may 17 00:03 classic_p1_balanced_c6_003_docker_stats.csv
-rwxr-xr-x 1 cristian cristian    1698 may 15 18:20 classic_p1_balanced_c6_003_metrics.csv
-rw-r--r-- 1 cristian cristian    8748 may 15 18:20 classic_p1_balanced_c6_003_metrics.txt
-rw-r--r-- 1 cristian cristian     301 may 17 00:03 classic_p1_balanced_c6_003_pqc_client_2_client_err.txt
-rw-r--r-- 1 cristian cristian       0 may 17 00:03 classic_p1_balanced_c6_003_pqc_client_2_client.txt
-rw-r--r-- 1 cristian cristian      39 may 17 00:03 classic_p1_balanced_c6_003_pqc_client_2_summary.txt
-rw-r--r-- 1 cristian cristian     301 may 17 00:03 classic_p1_balanced_c6_003_pqc_client_3_client_err.txt
-rw-r--r-- 1 cristian cristian       0 may 17 00:03 classic_p1_balanced_c6_003_pqc_client_3_client.txt
-rw-r--r-- 1 cristian cristian      39 may 17 00:03 classic_p1_balanced_c6_003_pqc_client_3_summary.txt
-rw-r--r-- 1 cristian cristian     301 may 17 00:03 classic_p1_balanced_c6_003_pqc_client_4_client_err.txt
-rw-r--r-- 1 cristian cristian       0 may 17 00:03 classic_p1_balanced_c6_003_pqc_client_4_client.txt
-rw-r--r-- 1 cristian cristian      39 may 17 00:03 classic_p1_balanced_c6_003_pqc_client_4_summary.txt
-rw-r--r-- 1 cristian cristian     301 may 17 00:03 classic_p1_balanced_c6_003_pqc_client_5_client_err.txt
-rw-r--r-- 1 cristian cristian       0 may 17 00:03 classic_p1_balanced_c6_003_pqc_client_5_client.txt
-rw-r--r-- 1 cristian cristian      39 may 17 00:03 classic_p1_balanced_c6_003_pqc_client_5_summary.txt
-rw-r--r-- 1 cristian cristian     301 may 17 00:03 classic_p1_balanced_c6_003_pqc_client_6_client_err.txt
-rw-r--r-- 1 cristian cristian       0 may 17 00:03 classic_p1_balanced_c6_003_pqc_client_6_client.txt
-rw-r--r-- 1 cristian cristian      39 may 17 00:03 classic_p1_balanced_c6_003_pqc_client_6_summary.txt
-rw-r--r-- 1 cristian cristian     301 may 17 00:03 classic_p1_balanced_c6_003_pqc_client_client_err.txt
-rw-r--r-- 1 cristian cristian       0 may 17 00:03 classic_p1_balanced_c6_003_pqc_client_client.txt
-rw-r--r-- 1 cristian cristian      37 may 17 00:03 classic_p1_balanced_c6_003_pqc_client_summary.txt
-rw-r--r-- 1 cristian cristian     743 may 15 18:20 classic_p1_balanced_c6_003_resource_summary.txt
=== resumen por cliente ===
[*] Perfil poisson_jitter: llegadas no sincronizadas con Poisson+jitter
[*] pqc_client <= plan: 1:0.000000
[*] pqc_client_2 <= plan: 2:0.000000
[*] pqc_client_3 <= plan: 3:0.000000
[*] pqc_client_4 <= plan: 4:0.000000
[*] pqc_client_5 <= plan: 5:0.000000
[*] pqc_client_6 <= plan: 6:0.000000
client=pqc_client total=1 ok=1 err=0
client=pqc_client_2 total=1 ok=1 err=0
client=pqc_client_3 total=1 ok=1 err=0
client=pqc_client_4 total=1 ok=1 err=0
client=pqc_client_5 total=1 ok=1 err=0
client=pqc_client_6 total=1 ok=1 err=0
[*] Resumen guardado en: results/classic_p1_balanced_c6_003_resource_summary.txt
RUN_ID: classic_p1_balanced_c6_003
CSV: results/classic_p1_balanced_c6_003_docker_stats.csv

=== Resumen CPU% y MEM% (avg / max) por contenedor ===
pqc_client_2 -> CPU avg=0.00%, CPU max=0.00%, MEM avg=0.09%, MEM max=0.09%
pqc_client_3 -> CPU avg=0.00%, CPU max=0.00%, MEM avg=0.09%, MEM max=0.09%
pqc_monitor -> CPU avg=0.06%, CPU max=0.09%, MEM avg=0.12%, MEM max=0.12%
pqc_client_4 -> CPU avg=0.00%, CPU max=0.00%, MEM avg=0.08%, MEM max=0.08%
pqc_client_5 -> CPU avg=0.00%, CPU max=0.00%, MEM avg=0.09%, MEM max=0.09%
pqc_server -> CPU avg=0.68%, CPU max=2.03%, MEM avg=0.11%, MEM max=0.11%
pqc_client_6 -> CPU avg=0.00%, CPU max=0.00%, MEM avg=0.14%, MEM max=0.14%
pqc_client -> CPU avg=0.00%, CPU max=0.00%, MEM avg=0.12%, MEM max=0.12%
[2026-05-17 00:03:31] [*] Parando captura en pqc_monitor para classic_p1_balanced_c6_003
[*] Métricas TXT guardadas en results/classic_p1_balanced_c6_003_metrics.txt
[*] Métricas CSV guardadas en results/classic_p1_balanced_c6_003_metrics.csv
[2026-05-17 00:03:55] === RUN END: classic_p1_balanced_c6_003 ===

[2026-05-17 00:03:55] === RUN START: classic_p1_balanced_c6_004 ===
[2026-05-17 00:03:55] [*] Arrancando captura en pqc_monitor (eth0) para classic_p1_balanced_c6_004
[*] Guardando muestras en: results/classic_p1_balanced_c6_004_docker_stats.csv
[*] Ejecutando comando medido: bash -lc ./scripts/run_client_once_rafaga.sh classic_p1_balanced_c6_004 6; sleep 3
[*] Ráfaga clásica completada: 6 conexiones en 6 clientes (poisson_jitter)
=== host results ===
-rw-rw-r-- 1 cristian cristian    1806 may 17 00:03 classic_p1_balanced_c6_004_client_err.txt
-rw-rw-r-- 1 cristian cristian     524 may 17 00:03 classic_p1_balanced_c6_004_client.txt
-rwxr-xr-x 1 cristian cristian      69 may 17 00:03 classic_p1_balanced_c6_004_docker_stats.csv
-rwxr-xr-x 1 cristian cristian    1706 may 15 18:20 classic_p1_balanced_c6_004_metrics.csv
-rw-r--r-- 1 cristian cristian    8776 may 15 18:20 classic_p1_balanced_c6_004_metrics.txt
-rw-r--r-- 1 cristian cristian     301 may 17 00:03 classic_p1_balanced_c6_004_pqc_client_2_client_err.txt
-rw-r--r-- 1 cristian cristian       0 may 17 00:03 classic_p1_balanced_c6_004_pqc_client_2_client.txt
-rw-r--r-- 1 cristian cristian      39 may 17 00:03 classic_p1_balanced_c6_004_pqc_client_2_summary.txt
-rw-r--r-- 1 cristian cristian     301 may 17 00:03 classic_p1_balanced_c6_004_pqc_client_3_client_err.txt
-rw-r--r-- 1 cristian cristian       0 may 17 00:03 classic_p1_balanced_c6_004_pqc_client_3_client.txt
-rw-r--r-- 1 cristian cristian      39 may 17 00:03 classic_p1_balanced_c6_004_pqc_client_3_summary.txt
-rw-r--r-- 1 cristian cristian     301 may 17 00:03 classic_p1_balanced_c6_004_pqc_client_4_client_err.txt
-rw-r--r-- 1 cristian cristian       0 may 17 00:03 classic_p1_balanced_c6_004_pqc_client_4_client.txt
-rw-r--r-- 1 cristian cristian      39 may 17 00:03 classic_p1_balanced_c6_004_pqc_client_4_summary.txt
-rw-r--r-- 1 cristian cristian     301 may 17 00:03 classic_p1_balanced_c6_004_pqc_client_5_client_err.txt
-rw-r--r-- 1 cristian cristian       0 may 17 00:03 classic_p1_balanced_c6_004_pqc_client_5_client.txt
-rw-r--r-- 1 cristian cristian      39 may 17 00:03 classic_p1_balanced_c6_004_pqc_client_5_summary.txt
-rw-r--r-- 1 cristian cristian     301 may 17 00:03 classic_p1_balanced_c6_004_pqc_client_6_client_err.txt
-rw-r--r-- 1 cristian cristian       0 may 17 00:03 classic_p1_balanced_c6_004_pqc_client_6_client.txt
-rw-r--r-- 1 cristian cristian      39 may 17 00:03 classic_p1_balanced_c6_004_pqc_client_6_summary.txt
-rw-r--r-- 1 cristian cristian     301 may 17 00:03 classic_p1_balanced_c6_004_pqc_client_client_err.txt
-rw-r--r-- 1 cristian cristian       0 may 17 00:03 classic_p1_balanced_c6_004_pqc_client_client.txt
-rw-r--r-- 1 cristian cristian      37 may 17 00:03 classic_p1_balanced_c6_004_pqc_client_summary.txt
-rw-r--r-- 1 cristian cristian     743 may 15 18:20 classic_p1_balanced_c6_004_resource_summary.txt
=== resumen por cliente ===
[*] Perfil poisson_jitter: llegadas no sincronizadas con Poisson+jitter
[*] pqc_client <= plan: 1:0.000000
[*] pqc_client_2 <= plan: 2:0.000000
[*] pqc_client_3 <= plan: 3:0.000000
[*] pqc_client_4 <= plan: 4:0.000000
[*] pqc_client_5 <= plan: 5:0.000000
[*] pqc_client_6 <= plan: 6:0.000000
client=pqc_client total=1 ok=1 err=0
client=pqc_client_2 total=1 ok=1 err=0
client=pqc_client_3 total=1 ok=1 err=0
client=pqc_client_4 total=1 ok=1 err=0
client=pqc_client_5 total=1 ok=1 err=0
client=pqc_client_6 total=1 ok=1 err=0
[*] Resumen guardado en: results/classic_p1_balanced_c6_004_resource_summary.txt
RUN_ID: classic_p1_balanced_c6_004
CSV: results/classic_p1_balanced_c6_004_docker_stats.csv

=== Resumen CPU% y MEM% (avg / max) por contenedor ===
pqc_client_2 -> CPU avg=0.00%, CPU max=0.00%, MEM avg=0.09%, MEM max=0.09%
pqc_client_3 -> CPU avg=0.00%, CPU max=0.00%, MEM avg=0.09%, MEM max=0.09%
pqc_monitor -> CPU avg=0.12%, CPU max=0.17%, MEM avg=0.12%, MEM max=0.12%
pqc_client_4 -> CPU avg=0.00%, CPU max=0.00%, MEM avg=0.08%, MEM max=0.08%
pqc_client_5 -> CPU avg=0.00%, CPU max=0.00%, MEM avg=0.09%, MEM max=0.09%
pqc_server -> CPU avg=0.00%, CPU max=0.00%, MEM avg=0.11%, MEM max=0.11%
pqc_client_6 -> CPU avg=0.00%, CPU max=0.00%, MEM avg=0.14%, MEM max=0.14%
pqc_client -> CPU avg=0.00%, CPU max=0.00%, MEM avg=0.12%, MEM max=0.12%
[2026-05-17 00:04:07] [*] Parando captura en pqc_monitor para classic_p1_balanced_c6_004
[*] Métricas TXT guardadas en results/classic_p1_balanced_c6_004_metrics.txt
[*] Métricas CSV guardadas en results/classic_p1_balanced_c6_004_metrics.csv
[2026-05-17 00:04:31] === RUN END: classic_p1_balanced_c6_004 ===

[2026-05-17 00:04:31] === RUN START: classic_p1_balanced_c6_005 ===
[2026-05-17 00:04:31] [*] Arrancando captura en pqc_monitor (eth0) para classic_p1_balanced_c6_005
[*] Guardando muestras en: results/classic_p1_balanced_c6_005_docker_stats.csv
[*] Ejecutando comando medido: bash -lc ./scripts/run_client_once_rafaga.sh classic_p1_balanced_c6_005 6; sleep 3
[*] Ráfaga clásica completada: 6 conexiones en 6 clientes (poisson_jitter)
=== host results ===
-rw-rw-r-- 1 cristian cristian    1806 may 17 00:04 classic_p1_balanced_c6_005_client_err.txt
-rw-rw-r-- 1 cristian cristian     524 may 17 00:04 classic_p1_balanced_c6_005_client.txt
-rwxr-xr-x 1 cristian cristian      69 may 17 00:04 classic_p1_balanced_c6_005_docker_stats.csv
-rwxr-xr-x 1 cristian cristian    1702 may 15 18:21 classic_p1_balanced_c6_005_metrics.csv
-rw-r--r-- 1 cristian cristian    8772 may 15 18:21 classic_p1_balanced_c6_005_metrics.txt
-rw-r--r-- 1 cristian cristian     301 may 17 00:04 classic_p1_balanced_c6_005_pqc_client_2_client_err.txt
-rw-r--r-- 1 cristian cristian       0 may 17 00:04 classic_p1_balanced_c6_005_pqc_client_2_client.txt
-rw-r--r-- 1 cristian cristian      39 may 17 00:04 classic_p1_balanced_c6_005_pqc_client_2_summary.txt
-rw-r--r-- 1 cristian cristian     301 may 17 00:04 classic_p1_balanced_c6_005_pqc_client_3_client_err.txt
-rw-r--r-- 1 cristian cristian       0 may 17 00:04 classic_p1_balanced_c6_005_pqc_client_3_client.txt
-rw-r--r-- 1 cristian cristian      39 may 17 00:04 classic_p1_balanced_c6_005_pqc_client_3_summary.txt
-rw-r--r-- 1 cristian cristian     301 may 17 00:04 classic_p1_balanced_c6_005_pqc_client_4_client_err.txt
-rw-r--r-- 1 cristian cristian       0 may 17 00:04 classic_p1_balanced_c6_005_pqc_client_4_client.txt
-rw-r--r-- 1 cristian cristian      39 may 17 00:04 classic_p1_balanced_c6_005_pqc_client_4_summary.txt
-rw-r--r-- 1 cristian cristian     301 may 17 00:04 classic_p1_balanced_c6_005_pqc_client_5_client_err.txt
-rw-r--r-- 1 cristian cristian       0 may 17 00:04 classic_p1_balanced_c6_005_pqc_client_5_client.txt
-rw-r--r-- 1 cristian cristian      39 may 17 00:04 classic_p1_balanced_c6_005_pqc_client_5_summary.txt
-rw-r--r-- 1 cristian cristian     301 may 17 00:04 classic_p1_balanced_c6_005_pqc_client_6_client_err.txt
-rw-r--r-- 1 cristian cristian       0 may 17 00:04 classic_p1_balanced_c6_005_pqc_client_6_client.txt
-rw-r--r-- 1 cristian cristian      39 may 17 00:04 classic_p1_balanced_c6_005_pqc_client_6_summary.txt
-rw-r--r-- 1 cristian cristian     301 may 17 00:04 classic_p1_balanced_c6_005_pqc_client_client_err.txt
-rw-r--r-- 1 cristian cristian       0 may 17 00:04 classic_p1_balanced_c6_005_pqc_client_client.txt
-rw-r--r-- 1 cristian cristian      37 may 17 00:04 classic_p1_balanced_c6_005_pqc_client_summary.txt
-rw-r--r-- 1 cristian cristian     743 may 15 18:21 classic_p1_balanced_c6_005_resource_summary.txt
=== resumen por cliente ===
[*] Perfil poisson_jitter: llegadas no sincronizadas con Poisson+jitter
[*] pqc_client <= plan: 1:0.234501
[*] pqc_client_2 <= plan: 2:0.234501
[*] pqc_client_3 <= plan: 3:0.234501
[*] pqc_client_4 <= plan: 4:0.234501
[*] pqc_client_5 <= plan: 5:0.234501
[*] pqc_client_6 <= plan: 6:0.234501
client=pqc_client total=1 ok=1 err=0
client=pqc_client_2 total=1 ok=1 err=0
client=pqc_client_3 total=1 ok=1 err=0
client=pqc_client_4 total=1 ok=1 err=0
client=pqc_client_5 total=1 ok=1 err=0
client=pqc_client_6 total=1 ok=1 err=0
[*] Resumen guardado en: results/classic_p1_balanced_c6_005_resource_summary.txt
RUN_ID: classic_p1_balanced_c6_005
CSV: results/classic_p1_balanced_c6_005_docker_stats.csv

=== Resumen CPU% y MEM% (avg / max) por contenedor ===
pqc_client_2 -> CPU avg=0.00%, CPU max=0.00%, MEM avg=0.09%, MEM max=0.09%
pqc_client_3 -> CPU avg=0.00%, CPU max=0.00%, MEM avg=0.09%, MEM max=0.09%
pqc_monitor -> CPU avg=0.12%, CPU max=0.16%, MEM avg=0.12%, MEM max=0.12%
pqc_client_4 -> CPU avg=3.62%, CPU max=10.86%, MEM avg=0.08%, MEM max=0.08%
pqc_client_5 -> CPU avg=0.00%, CPU max=0.00%, MEM avg=0.09%, MEM max=0.09%
pqc_server -> CPU avg=0.00%, CPU max=0.00%, MEM avg=0.11%, MEM max=0.11%
pqc_client_6 -> CPU avg=0.00%, CPU max=0.00%, MEM avg=0.14%, MEM max=0.14%
pqc_client -> CPU avg=0.00%, CPU max=0.00%, MEM avg=0.12%, MEM max=0.12%
[2026-05-17 00:04:43] [*] Parando captura en pqc_monitor para classic_p1_balanced_c6_005
[*] Métricas TXT guardadas en results/classic_p1_balanced_c6_005_metrics.txt
[*] Métricas CSV guardadas en results/classic_p1_balanced_c6_005_metrics.csv
[2026-05-17 00:05:07] === RUN END: classic_p1_balanced_c6_005 ===

[2026-05-17 00:05:07] === RUN START: classic_p1_aggressive_c6_001 ===
[2026-05-17 00:05:07] [*] Arrancando captura en pqc_monitor (eth0) para classic_p1_aggressive_c6_001
[*] Guardando muestras en: results/classic_p1_aggressive_c6_001_docker_stats.csv
[*] Ejecutando comando medido: bash -lc ./scripts/run_client_once_rafaga.sh classic_p1_aggressive_c6_001 6; sleep 3
[*] Ráfaga clásica completada: 6 conexiones en 6 clientes (poisson_jitter)
=== host results ===
-rw-rw-r-- 1 cristian cristian    1806 may 17 00:05 classic_p1_aggressive_c6_001_client_err.txt
-rw-rw-r-- 1 cristian cristian     524 may 17 00:05 classic_p1_aggressive_c6_001_client.txt
-rwxr-xr-x 1 cristian cristian      69 may 17 00:05 classic_p1_aggressive_c6_001_docker_stats.csv
-rwxr-xr-x 1 cristian cristian    1699 may 15 18:21 classic_p1_aggressive_c6_001_metrics.csv
-rw-r--r-- 1 cristian cristian    8758 may 15 18:21 classic_p1_aggressive_c6_001_metrics.txt
-rw-r--r-- 1 cristian cristian     301 may 17 00:05 classic_p1_aggressive_c6_001_pqc_client_2_client_err.txt
-rw-r--r-- 1 cristian cristian       0 may 17 00:05 classic_p1_aggressive_c6_001_pqc_client_2_client.txt
-rw-r--r-- 1 cristian cristian      39 may 17 00:05 classic_p1_aggressive_c6_001_pqc_client_2_summary.txt
-rw-r--r-- 1 cristian cristian     301 may 17 00:05 classic_p1_aggressive_c6_001_pqc_client_3_client_err.txt
-rw-r--r-- 1 cristian cristian       0 may 17 00:05 classic_p1_aggressive_c6_001_pqc_client_3_client.txt
-rw-r--r-- 1 cristian cristian      39 may 17 00:05 classic_p1_aggressive_c6_001_pqc_client_3_summary.txt
-rw-r--r-- 1 cristian cristian     301 may 17 00:05 classic_p1_aggressive_c6_001_pqc_client_4_client_err.txt
-rw-r--r-- 1 cristian cristian       0 may 17 00:05 classic_p1_aggressive_c6_001_pqc_client_4_client.txt
-rw-r--r-- 1 cristian cristian      39 may 17 00:05 classic_p1_aggressive_c6_001_pqc_client_4_summary.txt
-rw-r--r-- 1 cristian cristian     301 may 17 00:05 classic_p1_aggressive_c6_001_pqc_client_5_client_err.txt
-rw-r--r-- 1 cristian cristian       0 may 17 00:05 classic_p1_aggressive_c6_001_pqc_client_5_client.txt
-rw-r--r-- 1 cristian cristian      39 may 17 00:05 classic_p1_aggressive_c6_001_pqc_client_5_summary.txt
-rw-r--r-- 1 cristian cristian     301 may 17 00:05 classic_p1_aggressive_c6_001_pqc_client_6_client_err.txt
-rw-r--r-- 1 cristian cristian       0 may 17 00:05 classic_p1_aggressive_c6_001_pqc_client_6_client.txt
-rw-r--r-- 1 cristian cristian      39 may 17 00:05 classic_p1_aggressive_c6_001_pqc_client_6_summary.txt
-rw-r--r-- 1 cristian cristian     301 may 17 00:05 classic_p1_aggressive_c6_001_pqc_client_client_err.txt
-rw-r--r-- 1 cristian cristian       0 may 17 00:05 classic_p1_aggressive_c6_001_pqc_client_client.txt
-rw-r--r-- 1 cristian cristian      37 may 17 00:05 classic_p1_aggressive_c6_001_pqc_client_summary.txt
-rw-r--r-- 1 cristian cristian     750 may 15 18:21 classic_p1_aggressive_c6_001_resource_summary.txt
=== resumen por cliente ===
[*] Perfil poisson_jitter: llegadas no sincronizadas con Poisson+jitter
[*] pqc_client <= plan: 1:0.025060
[*] pqc_client_2 <= plan: 2:0.025060
[*] pqc_client_3 <= plan: 3:0.025060
[*] pqc_client_4 <= plan: 4:0.025060
[*] pqc_client_5 <= plan: 5:0.025060
[*] pqc_client_6 <= plan: 6:0.025060
client=pqc_client total=1 ok=1 err=0
client=pqc_client_2 total=1 ok=1 err=0
client=pqc_client_3 total=1 ok=1 err=0
client=pqc_client_4 total=1 ok=1 err=0
client=pqc_client_5 total=1 ok=1 err=0
client=pqc_client_6 total=1 ok=1 err=0
[*] Resumen guardado en: results/classic_p1_aggressive_c6_001_resource_summary.txt
RUN_ID: classic_p1_aggressive_c6_001
CSV: results/classic_p1_aggressive_c6_001_docker_stats.csv

=== Resumen CPU% y MEM% (avg / max) por contenedor ===
pqc_client_2 -> CPU avg=0.00%, CPU max=0.00%, MEM avg=0.09%, MEM max=0.09%
pqc_client_3 -> CPU avg=0.00%, CPU max=0.00%, MEM avg=0.09%, MEM max=0.09%
pqc_monitor -> CPU avg=0.13%, CPU max=0.19%, MEM avg=0.12%, MEM max=0.12%
pqc_client_4 -> CPU avg=0.00%, CPU max=0.00%, MEM avg=0.08%, MEM max=0.08%
pqc_client_5 -> CPU avg=0.00%, CPU max=0.00%, MEM avg=0.09%, MEM max=0.09%
pqc_server -> CPU avg=0.00%, CPU max=0.00%, MEM avg=0.11%, MEM max=0.11%
pqc_client_6 -> CPU avg=0.00%, CPU max=0.00%, MEM avg=0.14%, MEM max=0.14%
pqc_client -> CPU avg=0.00%, CPU max=0.00%, MEM avg=0.12%, MEM max=0.12%
[2026-05-17 00:05:20] [*] Parando captura en pqc_monitor para classic_p1_aggressive_c6_001
[*] Métricas TXT guardadas en results/classic_p1_aggressive_c6_001_metrics.txt
[*] Métricas CSV guardadas en results/classic_p1_aggressive_c6_001_metrics.csv
[2026-05-17 00:05:44] === RUN END: classic_p1_aggressive_c6_001 ===

[2026-05-17 00:05:44] === RUN START: classic_p1_aggressive_c6_002 ===
[2026-05-17 00:05:44] [*] Arrancando captura en pqc_monitor (eth0) para classic_p1_aggressive_c6_002
[*] Guardando muestras en: results/classic_p1_aggressive_c6_002_docker_stats.csv
[*] Ejecutando comando medido: bash -lc ./scripts/run_client_once_rafaga.sh classic_p1_aggressive_c6_002 6; sleep 3
[*] Ráfaga clásica completada: 6 conexiones en 6 clientes (poisson_jitter)
=== host results ===
-rw-rw-r-- 1 cristian cristian    1806 may 17 00:05 classic_p1_aggressive_c6_002_client_err.txt
-rw-rw-r-- 1 cristian cristian     524 may 17 00:05 classic_p1_aggressive_c6_002_client.txt
-rwxr-xr-x 1 cristian cristian      69 may 17 00:05 classic_p1_aggressive_c6_002_docker_stats.csv
-rwxr-xr-x 1 cristian cristian    1706 may 15 18:22 classic_p1_aggressive_c6_002_metrics.csv
-rw-r--r-- 1 cristian cristian    8788 may 15 18:22 classic_p1_aggressive_c6_002_metrics.txt
-rw-r--r-- 1 cristian cristian     301 may 17 00:05 classic_p1_aggressive_c6_002_pqc_client_2_client_err.txt
-rw-r--r-- 1 cristian cristian       0 may 17 00:05 classic_p1_aggressive_c6_002_pqc_client_2_client.txt
-rw-r--r-- 1 cristian cristian      39 may 17 00:05 classic_p1_aggressive_c6_002_pqc_client_2_summary.txt
-rw-r--r-- 1 cristian cristian     301 may 17 00:05 classic_p1_aggressive_c6_002_pqc_client_3_client_err.txt
-rw-r--r-- 1 cristian cristian       0 may 17 00:05 classic_p1_aggressive_c6_002_pqc_client_3_client.txt
-rw-r--r-- 1 cristian cristian      39 may 17 00:05 classic_p1_aggressive_c6_002_pqc_client_3_summary.txt
-rw-r--r-- 1 cristian cristian     301 may 17 00:05 classic_p1_aggressive_c6_002_pqc_client_4_client_err.txt
-rw-r--r-- 1 cristian cristian       0 may 17 00:05 classic_p1_aggressive_c6_002_pqc_client_4_client.txt
-rw-r--r-- 1 cristian cristian      39 may 17 00:05 classic_p1_aggressive_c6_002_pqc_client_4_summary.txt
-rw-r--r-- 1 cristian cristian     301 may 17 00:05 classic_p1_aggressive_c6_002_pqc_client_5_client_err.txt
-rw-r--r-- 1 cristian cristian       0 may 17 00:05 classic_p1_aggressive_c6_002_pqc_client_5_client.txt
-rw-r--r-- 1 cristian cristian      39 may 17 00:05 classic_p1_aggressive_c6_002_pqc_client_5_summary.txt
-rw-r--r-- 1 cristian cristian     301 may 17 00:05 classic_p1_aggressive_c6_002_pqc_client_6_client_err.txt
-rw-r--r-- 1 cristian cristian       0 may 17 00:05 classic_p1_aggressive_c6_002_pqc_client_6_client.txt
-rw-r--r-- 1 cristian cristian      39 may 17 00:05 classic_p1_aggressive_c6_002_pqc_client_6_summary.txt
-rw-r--r-- 1 cristian cristian     301 may 17 00:05 classic_p1_aggressive_c6_002_pqc_client_client_err.txt
-rw-r--r-- 1 cristian cristian       0 may 17 00:05 classic_p1_aggressive_c6_002_pqc_client_client.txt
-rw-r--r-- 1 cristian cristian      37 may 17 00:05 classic_p1_aggressive_c6_002_pqc_client_summary.txt
-rw-r--r-- 1 cristian cristian     747 may 15 18:22 classic_p1_aggressive_c6_002_resource_summary.txt
=== resumen por cliente ===
[*] Perfil poisson_jitter: llegadas no sincronizadas con Poisson+jitter
[*] pqc_client <= plan: 1:0.000000
[*] pqc_client_2 <= plan: 2:0.000000
[*] pqc_client_3 <= plan: 3:0.000000
[*] pqc_client_4 <= plan: 4:0.000000
[*] pqc_client_5 <= plan: 5:0.000000
[*] pqc_client_6 <= plan: 6:0.000000
client=pqc_client total=1 ok=1 err=0
client=pqc_client_2 total=1 ok=1 err=0
client=pqc_client_3 total=1 ok=1 err=0
client=pqc_client_4 total=1 ok=1 err=0
client=pqc_client_5 total=1 ok=1 err=0
client=pqc_client_6 total=1 ok=1 err=0
[*] Resumen guardado en: results/classic_p1_aggressive_c6_002_resource_summary.txt
RUN_ID: classic_p1_aggressive_c6_002
CSV: results/classic_p1_aggressive_c6_002_docker_stats.csv

=== Resumen CPU% y MEM% (avg / max) por contenedor ===
pqc_client_2 -> CPU avg=0.00%, CPU max=0.00%, MEM avg=0.09%, MEM max=0.09%
pqc_client_3 -> CPU avg=0.00%, CPU max=0.00%, MEM avg=0.09%, MEM max=0.09%
pqc_monitor -> CPU avg=0.07%, CPU max=0.11%, MEM avg=0.12%, MEM max=0.12%
pqc_client_4 -> CPU avg=4.08%, CPU max=12.23%, MEM avg=0.08%, MEM max=0.08%
pqc_client_5 -> CPU avg=0.00%, CPU max=0.00%, MEM avg=0.09%, MEM max=0.09%
pqc_server -> CPU avg=0.00%, CPU max=0.00%, MEM avg=0.11%, MEM max=0.11%
pqc_client_6 -> CPU avg=0.00%, CPU max=0.00%, MEM avg=0.14%, MEM max=0.14%
pqc_client -> CPU avg=0.00%, CPU max=0.00%, MEM avg=0.12%, MEM max=0.12%
[2026-05-17 00:05:57] [*] Parando captura en pqc_monitor para classic_p1_aggressive_c6_002
[*] Métricas TXT guardadas en results/classic_p1_aggressive_c6_002_metrics.txt
[*] Métricas CSV guardadas en results/classic_p1_aggressive_c6_002_metrics.csv
[2026-05-17 00:06:21] === RUN END: classic_p1_aggressive_c6_002 ===

[2026-05-17 00:06:21] === RUN START: classic_p1_aggressive_c6_003 ===
[2026-05-17 00:06:21] [*] Arrancando captura en pqc_monitor (eth0) para classic_p1_aggressive_c6_003
[*] Guardando muestras en: results/classic_p1_aggressive_c6_003_docker_stats.csv
[*] Ejecutando comando medido: bash -lc ./scripts/run_client_once_rafaga.sh classic_p1_aggressive_c6_003 6; sleep 3
[*] Ráfaga clásica completada: 6 conexiones en 6 clientes (poisson_jitter)
=== host results ===
-rw-rw-r-- 1 cristian cristian    1806 may 17 00:06 classic_p1_aggressive_c6_003_client_err.txt
-rw-rw-r-- 1 cristian cristian     524 may 17 00:06 classic_p1_aggressive_c6_003_client.txt
-rwxr-xr-x 1 cristian cristian      69 may 17 00:06 classic_p1_aggressive_c6_003_docker_stats.csv
-rwxr-xr-x 1 cristian cristian    1699 may 15 18:22 classic_p1_aggressive_c6_003_metrics.csv
-rw-r--r-- 1 cristian cristian    8763 may 15 18:22 classic_p1_aggressive_c6_003_metrics.txt
-rw-r--r-- 1 cristian cristian     301 may 17 00:06 classic_p1_aggressive_c6_003_pqc_client_2_client_err.txt
-rw-r--r-- 1 cristian cristian       0 may 17 00:06 classic_p1_aggressive_c6_003_pqc_client_2_client.txt
-rw-r--r-- 1 cristian cristian      39 may 17 00:06 classic_p1_aggressive_c6_003_pqc_client_2_summary.txt
-rw-r--r-- 1 cristian cristian     301 may 17 00:06 classic_p1_aggressive_c6_003_pqc_client_3_client_err.txt
-rw-r--r-- 1 cristian cristian       0 may 17 00:06 classic_p1_aggressive_c6_003_pqc_client_3_client.txt
-rw-r--r-- 1 cristian cristian      39 may 17 00:06 classic_p1_aggressive_c6_003_pqc_client_3_summary.txt
-rw-r--r-- 1 cristian cristian     301 may 17 00:06 classic_p1_aggressive_c6_003_pqc_client_4_client_err.txt
-rw-r--r-- 1 cristian cristian       0 may 17 00:06 classic_p1_aggressive_c6_003_pqc_client_4_client.txt
-rw-r--r-- 1 cristian cristian      39 may 17 00:06 classic_p1_aggressive_c6_003_pqc_client_4_summary.txt
-rw-r--r-- 1 cristian cristian     301 may 17 00:06 classic_p1_aggressive_c6_003_pqc_client_5_client_err.txt
-rw-r--r-- 1 cristian cristian       0 may 17 00:06 classic_p1_aggressive_c6_003_pqc_client_5_client.txt
-rw-r--r-- 1 cristian cristian      39 may 17 00:06 classic_p1_aggressive_c6_003_pqc_client_5_summary.txt
-rw-r--r-- 1 cristian cristian     301 may 17 00:06 classic_p1_aggressive_c6_003_pqc_client_6_client_err.txt
-rw-r--r-- 1 cristian cristian       0 may 17 00:06 classic_p1_aggressive_c6_003_pqc_client_6_client.txt
-rw-r--r-- 1 cristian cristian      39 may 17 00:06 classic_p1_aggressive_c6_003_pqc_client_6_summary.txt
-rw-r--r-- 1 cristian cristian     301 may 17 00:06 classic_p1_aggressive_c6_003_pqc_client_client_err.txt
-rw-r--r-- 1 cristian cristian       0 may 17 00:06 classic_p1_aggressive_c6_003_pqc_client_client.txt
-rw-r--r-- 1 cristian cristian      37 may 17 00:06 classic_p1_aggressive_c6_003_pqc_client_summary.txt
-rw-r--r-- 1 cristian cristian     749 may 15 18:22 classic_p1_aggressive_c6_003_resource_summary.txt
=== resumen por cliente ===
[*] Perfil poisson_jitter: llegadas no sincronizadas con Poisson+jitter
[*] pqc_client <= plan: 1:0.001626
[*] pqc_client_2 <= plan: 2:0.001626
[*] pqc_client_3 <= plan: 3:0.001626
[*] pqc_client_4 <= plan: 4:0.001626
[*] pqc_client_5 <= plan: 5:0.001626
[*] pqc_client_6 <= plan: 6:0.001626
client=pqc_client total=1 ok=1 err=0
client=pqc_client_2 total=1 ok=1 err=0
client=pqc_client_3 total=1 ok=1 err=0
client=pqc_client_4 total=1 ok=1 err=0
client=pqc_client_5 total=1 ok=1 err=0
client=pqc_client_6 total=1 ok=1 err=0
[*] Resumen guardado en: results/classic_p1_aggressive_c6_003_resource_summary.txt
RUN_ID: classic_p1_aggressive_c6_003
CSV: results/classic_p1_aggressive_c6_003_docker_stats.csv

=== Resumen CPU% y MEM% (avg / max) por contenedor ===
pqc_client_2 -> CPU avg=0.00%, CPU max=0.00%, MEM avg=0.09%, MEM max=0.09%
pqc_client_3 -> CPU avg=0.00%, CPU max=0.00%, MEM avg=0.09%, MEM max=0.09%
pqc_monitor -> CPU avg=0.13%, CPU max=0.17%, MEM avg=0.12%, MEM max=0.12%
pqc_client_4 -> CPU avg=4.02%, CPU max=12.06%, MEM avg=0.08%, MEM max=0.08%
pqc_client_5 -> CPU avg=0.00%, CPU max=0.00%, MEM avg=0.09%, MEM max=0.09%
pqc_server -> CPU avg=0.00%, CPU max=0.00%, MEM avg=0.11%, MEM max=0.11%
pqc_client_6 -> CPU avg=0.00%, CPU max=0.00%, MEM avg=0.14%, MEM max=0.14%
pqc_client -> CPU avg=0.00%, CPU max=0.00%, MEM avg=0.12%, MEM max=0.12%
[2026-05-17 00:06:33] [*] Parando captura en pqc_monitor para classic_p1_aggressive_c6_003
[*] Métricas TXT guardadas en results/classic_p1_aggressive_c6_003_metrics.txt
[*] Métricas CSV guardadas en results/classic_p1_aggressive_c6_003_metrics.csv
[2026-05-17 00:06:57] === RUN END: classic_p1_aggressive_c6_003 ===

[2026-05-17 00:06:57] === RUN START: classic_p1_aggressive_c6_004 ===
[2026-05-17 00:06:57] [*] Arrancando captura en pqc_monitor (eth0) para classic_p1_aggressive_c6_004
[*] Guardando muestras en: results/classic_p1_aggressive_c6_004_docker_stats.csv
[*] Ejecutando comando medido: bash -lc ./scripts/run_client_once_rafaga.sh classic_p1_aggressive_c6_004 6; sleep 3
[*] Ráfaga clásica completada: 6 conexiones en 6 clientes (poisson_jitter)
=== host results ===
-rw-rw-r-- 1 cristian cristian    1806 may 17 00:07 classic_p1_aggressive_c6_004_client_err.txt
-rw-rw-r-- 1 cristian cristian     524 may 17 00:07 classic_p1_aggressive_c6_004_client.txt
-rwxr-xr-x 1 cristian cristian      69 may 17 00:06 classic_p1_aggressive_c6_004_docker_stats.csv
-rwxr-xr-x 1 cristian cristian    1698 may 15 18:23 classic_p1_aggressive_c6_004_metrics.csv
-rw-r--r-- 1 cristian cristian    8761 may 15 18:23 classic_p1_aggressive_c6_004_metrics.txt
-rw-r--r-- 1 cristian cristian     301 may 17 00:07 classic_p1_aggressive_c6_004_pqc_client_2_client_err.txt
-rw-r--r-- 1 cristian cristian       0 may 17 00:07 classic_p1_aggressive_c6_004_pqc_client_2_client.txt
-rw-r--r-- 1 cristian cristian      39 may 17 00:07 classic_p1_aggressive_c6_004_pqc_client_2_summary.txt
-rw-r--r-- 1 cristian cristian     301 may 17 00:07 classic_p1_aggressive_c6_004_pqc_client_3_client_err.txt
-rw-r--r-- 1 cristian cristian       0 may 17 00:07 classic_p1_aggressive_c6_004_pqc_client_3_client.txt
-rw-r--r-- 1 cristian cristian      39 may 17 00:07 classic_p1_aggressive_c6_004_pqc_client_3_summary.txt
-rw-r--r-- 1 cristian cristian     301 may 17 00:07 classic_p1_aggressive_c6_004_pqc_client_4_client_err.txt
-rw-r--r-- 1 cristian cristian       0 may 17 00:07 classic_p1_aggressive_c6_004_pqc_client_4_client.txt
-rw-r--r-- 1 cristian cristian      39 may 17 00:07 classic_p1_aggressive_c6_004_pqc_client_4_summary.txt
-rw-r--r-- 1 cristian cristian     301 may 17 00:07 classic_p1_aggressive_c6_004_pqc_client_5_client_err.txt
-rw-r--r-- 1 cristian cristian       0 may 17 00:07 classic_p1_aggressive_c6_004_pqc_client_5_client.txt
-rw-r--r-- 1 cristian cristian      39 may 17 00:07 classic_p1_aggressive_c6_004_pqc_client_5_summary.txt
-rw-r--r-- 1 cristian cristian     301 may 17 00:07 classic_p1_aggressive_c6_004_pqc_client_6_client_err.txt
-rw-r--r-- 1 cristian cristian       0 may 17 00:07 classic_p1_aggressive_c6_004_pqc_client_6_client.txt
-rw-r--r-- 1 cristian cristian      39 may 17 00:07 classic_p1_aggressive_c6_004_pqc_client_6_summary.txt
-rw-r--r-- 1 cristian cristian     301 may 17 00:07 classic_p1_aggressive_c6_004_pqc_client_client_err.txt
-rw-r--r-- 1 cristian cristian       0 may 17 00:07 classic_p1_aggressive_c6_004_pqc_client_client.txt
-rw-r--r-- 1 cristian cristian      37 may 17 00:07 classic_p1_aggressive_c6_004_pqc_client_summary.txt
-rw-r--r-- 1 cristian cristian     747 may 15 18:23 classic_p1_aggressive_c6_004_resource_summary.txt
=== resumen por cliente ===
[*] Perfil poisson_jitter: llegadas no sincronizadas con Poisson+jitter
[*] pqc_client <= plan: 1:0.045834
[*] pqc_client_2 <= plan: 2:0.045834
[*] pqc_client_3 <= plan: 3:0.045834
[*] pqc_client_4 <= plan: 4:0.045834
[*] pqc_client_5 <= plan: 5:0.045834
[*] pqc_client_6 <= plan: 6:0.045834
client=pqc_client total=1 ok=1 err=0
client=pqc_client_2 total=1 ok=1 err=0
client=pqc_client_3 total=1 ok=1 err=0
client=pqc_client_4 total=1 ok=1 err=0
client=pqc_client_5 total=1 ok=1 err=0
client=pqc_client_6 total=1 ok=1 err=0
[*] Resumen guardado en: results/classic_p1_aggressive_c6_004_resource_summary.txt
RUN_ID: classic_p1_aggressive_c6_004
CSV: results/classic_p1_aggressive_c6_004_docker_stats.csv

=== Resumen CPU% y MEM% (avg / max) por contenedor ===
pqc_client_2 -> CPU avg=0.00%, CPU max=0.00%, MEM avg=0.09%, MEM max=0.09%
pqc_client_3 -> CPU avg=0.00%, CPU max=0.00%, MEM avg=0.09%, MEM max=0.09%
pqc_monitor -> CPU avg=0.12%, CPU max=0.14%, MEM avg=0.12%, MEM max=0.12%
pqc_client_4 -> CPU avg=0.00%, CPU max=0.00%, MEM avg=0.08%, MEM max=0.08%
pqc_client_5 -> CPU avg=0.00%, CPU max=0.00%, MEM avg=0.09%, MEM max=0.09%
pqc_server -> CPU avg=0.00%, CPU max=0.00%, MEM avg=0.11%, MEM max=0.11%
pqc_client_6 -> CPU avg=0.00%, CPU max=0.00%, MEM avg=0.14%, MEM max=0.14%
pqc_client -> CPU avg=0.00%, CPU max=0.00%, MEM avg=0.12%, MEM max=0.12%
[2026-05-17 00:07:10] [*] Parando captura en pqc_monitor para classic_p1_aggressive_c6_004
[*] Métricas TXT guardadas en results/classic_p1_aggressive_c6_004_metrics.txt
[*] Métricas CSV guardadas en results/classic_p1_aggressive_c6_004_metrics.csv
[2026-05-17 00:07:34] === RUN END: classic_p1_aggressive_c6_004 ===

[2026-05-17 00:07:34] === RUN START: classic_p1_aggressive_c6_005 ===
[2026-05-17 00:07:34] [*] Arrancando captura en pqc_monitor (eth0) para classic_p1_aggressive_c6_005
[*] Guardando muestras en: results/classic_p1_aggressive_c6_005_docker_stats.csv
[*] Ejecutando comando medido: bash -lc ./scripts/run_client_once_rafaga.sh classic_p1_aggressive_c6_005 6; sleep 3
[*] Ráfaga clásica completada: 6 conexiones en 6 clientes (poisson_jitter)
=== host results ===
-rw-rw-r-- 1 cristian cristian    1806 may 17 00:07 classic_p1_aggressive_c6_005_client_err.txt
-rw-rw-r-- 1 cristian cristian     524 may 17 00:07 classic_p1_aggressive_c6_005_client.txt
-rwxr-xr-x 1 cristian cristian      69 may 17 00:07 classic_p1_aggressive_c6_005_docker_stats.csv
-rwxr-xr-x 1 cristian cristian    1704 may 15 18:23 classic_p1_aggressive_c6_005_metrics.csv
-rw-r--r-- 1 cristian cristian    8784 may 15 18:23 classic_p1_aggressive_c6_005_metrics.txt
-rw-r--r-- 1 cristian cristian     301 may 17 00:07 classic_p1_aggressive_c6_005_pqc_client_2_client_err.txt
-rw-r--r-- 1 cristian cristian       0 may 17 00:07 classic_p1_aggressive_c6_005_pqc_client_2_client.txt
-rw-r--r-- 1 cristian cristian      39 may 17 00:07 classic_p1_aggressive_c6_005_pqc_client_2_summary.txt
-rw-r--r-- 1 cristian cristian     301 may 17 00:07 classic_p1_aggressive_c6_005_pqc_client_3_client_err.txt
-rw-r--r-- 1 cristian cristian       0 may 17 00:07 classic_p1_aggressive_c6_005_pqc_client_3_client.txt
-rw-r--r-- 1 cristian cristian      39 may 17 00:07 classic_p1_aggressive_c6_005_pqc_client_3_summary.txt
-rw-r--r-- 1 cristian cristian     301 may 17 00:07 classic_p1_aggressive_c6_005_pqc_client_4_client_err.txt
-rw-r--r-- 1 cristian cristian       0 may 17 00:07 classic_p1_aggressive_c6_005_pqc_client_4_client.txt
-rw-r--r-- 1 cristian cristian      39 may 17 00:07 classic_p1_aggressive_c6_005_pqc_client_4_summary.txt
-rw-r--r-- 1 cristian cristian     301 may 17 00:07 classic_p1_aggressive_c6_005_pqc_client_5_client_err.txt
-rw-r--r-- 1 cristian cristian       0 may 17 00:07 classic_p1_aggressive_c6_005_pqc_client_5_client.txt
-rw-r--r-- 1 cristian cristian      39 may 17 00:07 classic_p1_aggressive_c6_005_pqc_client_5_summary.txt
-rw-r--r-- 1 cristian cristian     301 may 17 00:07 classic_p1_aggressive_c6_005_pqc_client_6_client_err.txt
-rw-r--r-- 1 cristian cristian       0 may 17 00:07 classic_p1_aggressive_c6_005_pqc_client_6_client.txt
-rw-r--r-- 1 cristian cristian      39 may 17 00:07 classic_p1_aggressive_c6_005_pqc_client_6_summary.txt
-rw-r--r-- 1 cristian cristian     301 may 17 00:07 classic_p1_aggressive_c6_005_pqc_client_client_err.txt
-rw-r--r-- 1 cristian cristian       0 may 17 00:07 classic_p1_aggressive_c6_005_pqc_client_client.txt
-rw-r--r-- 1 cristian cristian      37 may 17 00:07 classic_p1_aggressive_c6_005_pqc_client_summary.txt
-rw-r--r-- 1 cristian cristian     747 may 15 18:23 classic_p1_aggressive_c6_005_resource_summary.txt
=== resumen por cliente ===
[*] Perfil poisson_jitter: llegadas no sincronizadas con Poisson+jitter
[*] pqc_client <= plan: 1:0.048442
[*] pqc_client_2 <= plan: 2:0.048442
[*] pqc_client_3 <= plan: 3:0.048442
[*] pqc_client_4 <= plan: 4:0.048442
[*] pqc_client_5 <= plan: 5:0.048442
[*] pqc_client_6 <= plan: 6:0.048442
client=pqc_client total=1 ok=1 err=0
client=pqc_client_2 total=1 ok=1 err=0
client=pqc_client_3 total=1 ok=1 err=0
client=pqc_client_4 total=1 ok=1 err=0
client=pqc_client_5 total=1 ok=1 err=0
client=pqc_client_6 total=1 ok=1 err=0
[*] Resumen guardado en: results/classic_p1_aggressive_c6_005_resource_summary.txt
RUN_ID: classic_p1_aggressive_c6_005
CSV: results/classic_p1_aggressive_c6_005_docker_stats.csv

=== Resumen CPU% y MEM% (avg / max) por contenedor ===
pqc_client_2 -> CPU avg=0.00%, CPU max=0.00%, MEM avg=0.09%, MEM max=0.09%
pqc_client_3 -> CPU avg=0.00%, CPU max=0.00%, MEM avg=0.09%, MEM max=0.09%
pqc_monitor -> CPU avg=0.14%, CPU max=0.16%, MEM avg=0.12%, MEM max=0.12%
pqc_client_4 -> CPU avg=0.00%, CPU max=0.00%, MEM avg=0.08%, MEM max=0.08%
pqc_client_5 -> CPU avg=0.00%, CPU max=0.00%, MEM avg=0.09%, MEM max=0.09%
pqc_server -> CPU avg=0.00%, CPU max=0.00%, MEM avg=0.11%, MEM max=0.11%
pqc_client_6 -> CPU avg=0.00%, CPU max=0.00%, MEM avg=0.14%, MEM max=0.14%
pqc_client -> CPU avg=0.00%, CPU max=0.00%, MEM avg=0.12%, MEM max=0.12%
[2026-05-17 00:07:46] [*] Parando captura en pqc_monitor para classic_p1_aggressive_c6_005
[*] Métricas TXT guardadas en results/classic_p1_aggressive_c6_005_metrics.txt
[*] Métricas CSV guardadas en results/classic_p1_aggressive_c6_005_metrics.csv
[2026-05-17 00:08:10] === RUN END: classic_p1_aggressive_c6_005 ===

[2026-05-17 00:08:10] === RUN START: classic_p1_soft_c6_001 ===
[2026-05-17 00:08:10] [*] Arrancando captura en pqc_monitor (eth0) para classic_p1_soft_c6_001
[*] Guardando muestras en: results/classic_p1_soft_c6_001_docker_stats.csv
[*] Ejecutando comando medido: bash -lc ./scripts/run_client_once_rafaga.sh classic_p1_soft_c6_001 6; sleep 3
[*] Ráfaga clásica completada: 6 conexiones en 6 clientes (poisson_jitter)
=== host results ===
-rw-rw-r-- 1 cristian cristian    1806 may 17 00:08 classic_p1_soft_c6_001_client_err.txt
-rw-rw-r-- 1 cristian cristian     524 may 17 00:08 classic_p1_soft_c6_001_client.txt
-rwxr-xr-x 1 cristian cristian      69 may 17 00:08 classic_p1_soft_c6_001_docker_stats.csv
-rwxr-xr-x 1 cristian cristian    1700 may 15 18:24 classic_p1_soft_c6_001_metrics.csv
-rw-r--r-- 1 cristian cristian    8748 may 15 18:24 classic_p1_soft_c6_001_metrics.txt
-rw-r--r-- 1 cristian cristian     301 may 17 00:08 classic_p1_soft_c6_001_pqc_client_2_client_err.txt
-rw-r--r-- 1 cristian cristian       0 may 17 00:08 classic_p1_soft_c6_001_pqc_client_2_client.txt
-rw-r--r-- 1 cristian cristian      39 may 17 00:08 classic_p1_soft_c6_001_pqc_client_2_summary.txt
-rw-r--r-- 1 cristian cristian     301 may 17 00:08 classic_p1_soft_c6_001_pqc_client_3_client_err.txt
-rw-r--r-- 1 cristian cristian       0 may 17 00:08 classic_p1_soft_c6_001_pqc_client_3_client.txt
-rw-r--r-- 1 cristian cristian      39 may 17 00:08 classic_p1_soft_c6_001_pqc_client_3_summary.txt
-rw-r--r-- 1 cristian cristian     301 may 17 00:08 classic_p1_soft_c6_001_pqc_client_4_client_err.txt
-rw-r--r-- 1 cristian cristian       0 may 17 00:08 classic_p1_soft_c6_001_pqc_client_4_client.txt
-rw-r--r-- 1 cristian cristian      39 may 17 00:08 classic_p1_soft_c6_001_pqc_client_4_summary.txt
-rw-r--r-- 1 cristian cristian     301 may 17 00:08 classic_p1_soft_c6_001_pqc_client_5_client_err.txt
-rw-r--r-- 1 cristian cristian       0 may 17 00:08 classic_p1_soft_c6_001_pqc_client_5_client.txt
-rw-r--r-- 1 cristian cristian      39 may 17 00:08 classic_p1_soft_c6_001_pqc_client_5_summary.txt
-rw-r--r-- 1 cristian cristian     301 may 17 00:08 classic_p1_soft_c6_001_pqc_client_6_client_err.txt
-rw-r--r-- 1 cristian cristian       0 may 17 00:08 classic_p1_soft_c6_001_pqc_client_6_client.txt
-rw-r--r-- 1 cristian cristian      39 may 17 00:08 classic_p1_soft_c6_001_pqc_client_6_summary.txt
-rw-r--r-- 1 cristian cristian     301 may 17 00:08 classic_p1_soft_c6_001_pqc_client_client_err.txt
-rw-r--r-- 1 cristian cristian       0 may 17 00:08 classic_p1_soft_c6_001_pqc_client_client.txt
-rw-r--r-- 1 cristian cristian      37 may 17 00:08 classic_p1_soft_c6_001_pqc_client_summary.txt
-rw-r--r-- 1 cristian cristian     737 may 15 18:24 classic_p1_soft_c6_001_resource_summary.txt
=== resumen por cliente ===
[*] Perfil poisson_jitter: llegadas no sincronizadas con Poisson+jitter
[*] pqc_client <= plan: 1:0.000000
[*] pqc_client_2 <= plan: 2:0.000000
[*] pqc_client_3 <= plan: 3:0.000000
[*] pqc_client_4 <= plan: 4:0.000000
[*] pqc_client_5 <= plan: 5:0.000000
[*] pqc_client_6 <= plan: 6:0.000000
client=pqc_client total=1 ok=1 err=0
client=pqc_client_2 total=1 ok=1 err=0
client=pqc_client_3 total=1 ok=1 err=0
client=pqc_client_4 total=1 ok=1 err=0
client=pqc_client_5 total=1 ok=1 err=0
client=pqc_client_6 total=1 ok=1 err=0
[*] Resumen guardado en: results/classic_p1_soft_c6_001_resource_summary.txt
RUN_ID: classic_p1_soft_c6_001
CSV: results/classic_p1_soft_c6_001_docker_stats.csv

=== Resumen CPU% y MEM% (avg / max) por contenedor ===
pqc_client_2 -> CPU avg=0.00%, CPU max=0.00%, MEM avg=0.09%, MEM max=0.09%
pqc_client_3 -> CPU avg=0.00%, CPU max=0.00%, MEM avg=0.09%, MEM max=0.09%
pqc_monitor -> CPU avg=0.06%, CPU max=0.09%, MEM avg=0.12%, MEM max=0.12%
pqc_client_4 -> CPU avg=0.00%, CPU max=0.00%, MEM avg=0.08%, MEM max=0.08%
pqc_client_5 -> CPU avg=0.00%, CPU max=0.00%, MEM avg=0.09%, MEM max=0.09%
pqc_server -> CPU avg=0.00%, CPU max=0.00%, MEM avg=0.11%, MEM max=0.11%
pqc_client_6 -> CPU avg=0.00%, CPU max=0.00%, MEM avg=0.14%, MEM max=0.14%
pqc_client -> CPU avg=0.00%, CPU max=0.00%, MEM avg=0.12%, MEM max=0.12%
[2026-05-17 00:08:20] [*] Parando captura en pqc_monitor para classic_p1_soft_c6_001
[*] Métricas TXT guardadas en results/classic_p1_soft_c6_001_metrics.txt
[*] Métricas CSV guardadas en results/classic_p1_soft_c6_001_metrics.csv
[2026-05-17 00:08:43] === RUN END: classic_p1_soft_c6_001 ===

[2026-05-17 00:08:43] === RUN START: classic_p1_soft_c6_002 ===
[2026-05-17 00:08:43] [*] Arrancando captura en pqc_monitor (eth0) para classic_p1_soft_c6_002
[*] Guardando muestras en: results/classic_p1_soft_c6_002_docker_stats.csv
[*] Ejecutando comando medido: bash -lc ./scripts/run_client_once_rafaga.sh classic_p1_soft_c6_002 6; sleep 3
[*] Ráfaga clásica completada: 6 conexiones en 6 clientes (poisson_jitter)
=== host results ===
-rw-rw-r-- 1 cristian cristian    1806 may 17 00:08 classic_p1_soft_c6_002_client_err.txt
-rw-rw-r-- 1 cristian cristian     524 may 17 00:08 classic_p1_soft_c6_002_client.txt
-rwxr-xr-x 1 cristian cristian      69 may 17 00:08 classic_p1_soft_c6_002_docker_stats.csv
-rwxr-xr-x 1 cristian cristian    1699 may 15 18:24 classic_p1_soft_c6_002_metrics.csv
-rw-r--r-- 1 cristian cristian    8745 may 15 18:24 classic_p1_soft_c6_002_metrics.txt
-rw-r--r-- 1 cristian cristian     301 may 17 00:08 classic_p1_soft_c6_002_pqc_client_2_client_err.txt
-rw-r--r-- 1 cristian cristian       0 may 17 00:08 classic_p1_soft_c6_002_pqc_client_2_client.txt
-rw-r--r-- 1 cristian cristian      39 may 17 00:08 classic_p1_soft_c6_002_pqc_client_2_summary.txt
-rw-r--r-- 1 cristian cristian     301 may 17 00:08 classic_p1_soft_c6_002_pqc_client_3_client_err.txt
-rw-r--r-- 1 cristian cristian       0 may 17 00:08 classic_p1_soft_c6_002_pqc_client_3_client.txt
-rw-r--r-- 1 cristian cristian      39 may 17 00:08 classic_p1_soft_c6_002_pqc_client_3_summary.txt
-rw-r--r-- 1 cristian cristian     301 may 17 00:08 classic_p1_soft_c6_002_pqc_client_4_client_err.txt
-rw-r--r-- 1 cristian cristian       0 may 17 00:08 classic_p1_soft_c6_002_pqc_client_4_client.txt
-rw-r--r-- 1 cristian cristian      39 may 17 00:08 classic_p1_soft_c6_002_pqc_client_4_summary.txt
-rw-r--r-- 1 cristian cristian     301 may 17 00:08 classic_p1_soft_c6_002_pqc_client_5_client_err.txt
-rw-r--r-- 1 cristian cristian       0 may 17 00:08 classic_p1_soft_c6_002_pqc_client_5_client.txt
-rw-r--r-- 1 cristian cristian      39 may 17 00:08 classic_p1_soft_c6_002_pqc_client_5_summary.txt
-rw-r--r-- 1 cristian cristian     301 may 17 00:08 classic_p1_soft_c6_002_pqc_client_6_client_err.txt
-rw-r--r-- 1 cristian cristian       0 may 17 00:08 classic_p1_soft_c6_002_pqc_client_6_client.txt
-rw-r--r-- 1 cristian cristian      39 may 17 00:08 classic_p1_soft_c6_002_pqc_client_6_summary.txt
-rw-r--r-- 1 cristian cristian     301 may 17 00:08 classic_p1_soft_c6_002_pqc_client_client_err.txt
-rw-r--r-- 1 cristian cristian       0 may 17 00:08 classic_p1_soft_c6_002_pqc_client_client.txt
-rw-r--r-- 1 cristian cristian      37 may 17 00:08 classic_p1_soft_c6_002_pqc_client_summary.txt
-rw-r--r-- 1 cristian cristian     737 may 15 18:24 classic_p1_soft_c6_002_resource_summary.txt
=== resumen por cliente ===
[*] Perfil poisson_jitter: llegadas no sincronizadas con Poisson+jitter
[*] pqc_client <= plan: 1:0.301330
[*] pqc_client_2 <= plan: 2:0.301330
[*] pqc_client_3 <= plan: 3:0.301330
[*] pqc_client_4 <= plan: 4:0.301330
[*] pqc_client_5 <= plan: 5:0.301330
[*] pqc_client_6 <= plan: 6:0.301330
client=pqc_client total=1 ok=1 err=0
client=pqc_client_2 total=1 ok=1 err=0
client=pqc_client_3 total=1 ok=1 err=0
client=pqc_client_4 total=1 ok=1 err=0
client=pqc_client_5 total=1 ok=1 err=0
client=pqc_client_6 total=1 ok=1 err=0
[*] Resumen guardado en: results/classic_p1_soft_c6_002_resource_summary.txt
RUN_ID: classic_p1_soft_c6_002
CSV: results/classic_p1_soft_c6_002_docker_stats.csv

=== Resumen CPU% y MEM% (avg / max) por contenedor ===
pqc_client_2 -> CPU avg=0.00%, CPU max=0.00%, MEM avg=0.09%, MEM max=0.09%
pqc_client_3 -> CPU avg=0.00%, CPU max=0.00%, MEM avg=0.09%, MEM max=0.09%
pqc_monitor -> CPU avg=0.10%, CPU max=0.18%, MEM avg=0.12%, MEM max=0.12%
pqc_client_4 -> CPU avg=3.37%, CPU max=10.10%, MEM avg=0.08%, MEM max=0.08%
pqc_client_5 -> CPU avg=0.00%, CPU max=0.00%, MEM avg=0.09%, MEM max=0.09%
pqc_server -> CPU avg=0.00%, CPU max=0.00%, MEM avg=0.11%, MEM max=0.11%
pqc_client_6 -> CPU avg=0.00%, CPU max=0.00%, MEM avg=0.14%, MEM max=0.14%
pqc_client -> CPU avg=0.00%, CPU max=0.00%, MEM avg=0.12%, MEM max=0.12%
[2026-05-17 00:08:56] [*] Parando captura en pqc_monitor para classic_p1_soft_c6_002
[*] Métricas TXT guardadas en results/classic_p1_soft_c6_002_metrics.txt
[*] Métricas CSV guardadas en results/classic_p1_soft_c6_002_metrics.csv
[2026-05-17 00:09:19] === RUN END: classic_p1_soft_c6_002 ===

[2026-05-17 00:09:19] === RUN START: classic_p1_soft_c6_003 ===
[2026-05-17 00:09:19] [*] Arrancando captura en pqc_monitor (eth0) para classic_p1_soft_c6_003
[*] Guardando muestras en: results/classic_p1_soft_c6_003_docker_stats.csv
[*] Ejecutando comando medido: bash -lc ./scripts/run_client_once_rafaga.sh classic_p1_soft_c6_003 6; sleep 3
[*] Ráfaga clásica completada: 6 conexiones en 6 clientes (poisson_jitter)
=== host results ===
-rw-rw-r-- 1 cristian cristian    1806 may 17 00:09 classic_p1_soft_c6_003_client_err.txt
-rw-rw-r-- 1 cristian cristian     524 may 17 00:09 classic_p1_soft_c6_003_client.txt
-rwxr-xr-x 1 cristian cristian      69 may 17 00:09 classic_p1_soft_c6_003_docker_stats.csv
-rwxr-xr-x 1 cristian cristian    1699 may 15 18:25 classic_p1_soft_c6_003_metrics.csv
-rw-r--r-- 1 cristian cristian    8747 may 15 18:25 classic_p1_soft_c6_003_metrics.txt
-rw-r--r-- 1 cristian cristian     301 may 17 00:09 classic_p1_soft_c6_003_pqc_client_2_client_err.txt
-rw-r--r-- 1 cristian cristian       0 may 17 00:09 classic_p1_soft_c6_003_pqc_client_2_client.txt
-rw-r--r-- 1 cristian cristian      39 may 17 00:09 classic_p1_soft_c6_003_pqc_client_2_summary.txt
-rw-r--r-- 1 cristian cristian     301 may 17 00:09 classic_p1_soft_c6_003_pqc_client_3_client_err.txt
-rw-r--r-- 1 cristian cristian       0 may 17 00:09 classic_p1_soft_c6_003_pqc_client_3_client.txt
-rw-r--r-- 1 cristian cristian      39 may 17 00:09 classic_p1_soft_c6_003_pqc_client_3_summary.txt
-rw-r--r-- 1 cristian cristian     301 may 17 00:09 classic_p1_soft_c6_003_pqc_client_4_client_err.txt
-rw-r--r-- 1 cristian cristian       0 may 17 00:09 classic_p1_soft_c6_003_pqc_client_4_client.txt
-rw-r--r-- 1 cristian cristian      39 may 17 00:09 classic_p1_soft_c6_003_pqc_client_4_summary.txt
-rw-r--r-- 1 cristian cristian     301 may 17 00:09 classic_p1_soft_c6_003_pqc_client_5_client_err.txt
-rw-r--r-- 1 cristian cristian       0 may 17 00:09 classic_p1_soft_c6_003_pqc_client_5_client.txt
-rw-r--r-- 1 cristian cristian      39 may 17 00:09 classic_p1_soft_c6_003_pqc_client_5_summary.txt
-rw-r--r-- 1 cristian cristian     301 may 17 00:09 classic_p1_soft_c6_003_pqc_client_6_client_err.txt
-rw-r--r-- 1 cristian cristian       0 may 17 00:09 classic_p1_soft_c6_003_pqc_client_6_client.txt
-rw-r--r-- 1 cristian cristian      39 may 17 00:09 classic_p1_soft_c6_003_pqc_client_6_summary.txt
-rw-r--r-- 1 cristian cristian     301 may 17 00:09 classic_p1_soft_c6_003_pqc_client_client_err.txt
-rw-r--r-- 1 cristian cristian       0 may 17 00:09 classic_p1_soft_c6_003_pqc_client_client.txt
-rw-r--r-- 1 cristian cristian      37 may 17 00:09 classic_p1_soft_c6_003_pqc_client_summary.txt
-rw-r--r-- 1 cristian cristian     737 may 15 18:25 classic_p1_soft_c6_003_resource_summary.txt
=== resumen por cliente ===
[*] Perfil poisson_jitter: llegadas no sincronizadas con Poisson+jitter
[*] pqc_client <= plan: 1:0.019007
[*] pqc_client_2 <= plan: 2:0.019007
[*] pqc_client_3 <= plan: 3:0.019007
[*] pqc_client_4 <= plan: 4:0.019007
[*] pqc_client_5 <= plan: 5:0.019007
[*] pqc_client_6 <= plan: 6:0.019007
client=pqc_client total=1 ok=1 err=0
client=pqc_client_2 total=1 ok=1 err=0
client=pqc_client_3 total=1 ok=1 err=0
client=pqc_client_4 total=1 ok=1 err=0
client=pqc_client_5 total=1 ok=1 err=0
client=pqc_client_6 total=1 ok=1 err=0
[*] Resumen guardado en: results/classic_p1_soft_c6_003_resource_summary.txt
RUN_ID: classic_p1_soft_c6_003
CSV: results/classic_p1_soft_c6_003_docker_stats.csv

=== Resumen CPU% y MEM% (avg / max) por contenedor ===
pqc_client_2 -> CPU avg=0.00%, CPU max=0.00%, MEM avg=0.09%, MEM max=0.09%
pqc_client_3 -> CPU avg=0.00%, CPU max=0.00%, MEM avg=0.09%, MEM max=0.09%
pqc_monitor -> CPU avg=0.07%, CPU max=0.12%, MEM avg=0.12%, MEM max=0.12%
pqc_client_4 -> CPU avg=0.00%, CPU max=0.00%, MEM avg=0.08%, MEM max=0.08%
pqc_client_5 -> CPU avg=0.00%, CPU max=0.00%, MEM avg=0.09%, MEM max=0.09%
pqc_server -> CPU avg=0.00%, CPU max=0.00%, MEM avg=0.11%, MEM max=0.11%
pqc_client_6 -> CPU avg=0.00%, CPU max=0.00%, MEM avg=0.14%, MEM max=0.14%
pqc_client -> CPU avg=0.00%, CPU max=0.00%, MEM avg=0.12%, MEM max=0.12%
[2026-05-17 00:09:32] [*] Parando captura en pqc_monitor para classic_p1_soft_c6_003
[*] Métricas TXT guardadas en results/classic_p1_soft_c6_003_metrics.txt
[*] Métricas CSV guardadas en results/classic_p1_soft_c6_003_metrics.csv
[2026-05-17 00:09:56] === RUN END: classic_p1_soft_c6_003 ===

[2026-05-17 00:09:56] === RUN START: classic_p1_soft_c6_004 ===
[2026-05-17 00:09:56] [*] Arrancando captura en pqc_monitor (eth0) para classic_p1_soft_c6_004
[*] Guardando muestras en: results/classic_p1_soft_c6_004_docker_stats.csv
[*] Ejecutando comando medido: bash -lc ./scripts/run_client_once_rafaga.sh classic_p1_soft_c6_004 6; sleep 3
[*] Ráfaga clásica completada: 6 conexiones en 6 clientes (poisson_jitter)
=== host results ===
-rw-rw-r-- 1 cristian cristian    1806 may 17 00:09 classic_p1_soft_c6_004_client_err.txt
-rw-rw-r-- 1 cristian cristian     524 may 17 00:09 classic_p1_soft_c6_004_client.txt
-rwxr-xr-x 1 cristian cristian      69 may 17 00:09 classic_p1_soft_c6_004_docker_stats.csv
-rwxr-xr-x 1 cristian cristian    1699 may 15 18:25 classic_p1_soft_c6_004_metrics.csv
-rw-r--r-- 1 cristian cristian    8747 may 15 18:25 classic_p1_soft_c6_004_metrics.txt
-rw-r--r-- 1 cristian cristian     301 may 17 00:09 classic_p1_soft_c6_004_pqc_client_2_client_err.txt
-rw-r--r-- 1 cristian cristian       0 may 17 00:09 classic_p1_soft_c6_004_pqc_client_2_client.txt
-rw-r--r-- 1 cristian cristian      39 may 17 00:09 classic_p1_soft_c6_004_pqc_client_2_summary.txt
-rw-r--r-- 1 cristian cristian     301 may 17 00:09 classic_p1_soft_c6_004_pqc_client_3_client_err.txt
-rw-r--r-- 1 cristian cristian       0 may 17 00:09 classic_p1_soft_c6_004_pqc_client_3_client.txt
-rw-r--r-- 1 cristian cristian      39 may 17 00:09 classic_p1_soft_c6_004_pqc_client_3_summary.txt
-rw-r--r-- 1 cristian cristian     301 may 17 00:09 classic_p1_soft_c6_004_pqc_client_4_client_err.txt
-rw-r--r-- 1 cristian cristian       0 may 17 00:09 classic_p1_soft_c6_004_pqc_client_4_client.txt
-rw-r--r-- 1 cristian cristian      39 may 17 00:09 classic_p1_soft_c6_004_pqc_client_4_summary.txt
-rw-r--r-- 1 cristian cristian     301 may 17 00:09 classic_p1_soft_c6_004_pqc_client_5_client_err.txt
-rw-r--r-- 1 cristian cristian       0 may 17 00:09 classic_p1_soft_c6_004_pqc_client_5_client.txt
-rw-r--r-- 1 cristian cristian      39 may 17 00:09 classic_p1_soft_c6_004_pqc_client_5_summary.txt
-rw-r--r-- 1 cristian cristian     301 may 17 00:09 classic_p1_soft_c6_004_pqc_client_6_client_err.txt
-rw-r--r-- 1 cristian cristian       0 may 17 00:09 classic_p1_soft_c6_004_pqc_client_6_client.txt
-rw-r--r-- 1 cristian cristian      39 may 17 00:09 classic_p1_soft_c6_004_pqc_client_6_summary.txt
-rw-r--r-- 1 cristian cristian     301 may 17 00:09 classic_p1_soft_c6_004_pqc_client_client_err.txt
-rw-r--r-- 1 cristian cristian       0 may 17 00:09 classic_p1_soft_c6_004_pqc_client_client.txt
-rw-r--r-- 1 cristian cristian      37 may 17 00:09 classic_p1_soft_c6_004_pqc_client_summary.txt
-rw-r--r-- 1 cristian cristian     737 may 15 18:25 classic_p1_soft_c6_004_resource_summary.txt
=== resumen por cliente ===
[*] Perfil poisson_jitter: llegadas no sincronizadas con Poisson+jitter
[*] pqc_client <= plan: 1:0.049082
[*] pqc_client_2 <= plan: 2:0.049082
[*] pqc_client_3 <= plan: 3:0.049082
[*] pqc_client_4 <= plan: 4:0.049082
[*] pqc_client_5 <= plan: 5:0.049082
[*] pqc_client_6 <= plan: 6:0.049082
client=pqc_client total=1 ok=1 err=0
client=pqc_client_2 total=1 ok=1 err=0
client=pqc_client_3 total=1 ok=1 err=0
client=pqc_client_4 total=1 ok=1 err=0
client=pqc_client_5 total=1 ok=1 err=0
client=pqc_client_6 total=1 ok=1 err=0
[*] Resumen guardado en: results/classic_p1_soft_c6_004_resource_summary.txt
RUN_ID: classic_p1_soft_c6_004
CSV: results/classic_p1_soft_c6_004_docker_stats.csv

=== Resumen CPU% y MEM% (avg / max) por contenedor ===
pqc_client_2 -> CPU avg=0.00%, CPU max=0.00%, MEM avg=0.09%, MEM max=0.09%
pqc_client_3 -> CPU avg=0.00%, CPU max=0.00%, MEM avg=0.09%, MEM max=0.09%
pqc_monitor -> CPU avg=0.07%, CPU max=0.10%, MEM avg=0.12%, MEM max=0.12%
pqc_client_4 -> CPU avg=0.00%, CPU max=0.00%, MEM avg=0.08%, MEM max=0.08%
pqc_client_5 -> CPU avg=3.93%, CPU max=11.78%, MEM avg=0.09%, MEM max=0.09%
pqc_server -> CPU avg=0.00%, CPU max=0.00%, MEM avg=0.11%, MEM max=0.11%
pqc_client_6 -> CPU avg=0.00%, CPU max=0.00%, MEM avg=0.14%, MEM max=0.14%
pqc_client -> CPU avg=0.00%, CPU max=0.00%, MEM avg=0.12%, MEM max=0.12%
[2026-05-17 00:10:09] [*] Parando captura en pqc_monitor para classic_p1_soft_c6_004
[*] Métricas TXT guardadas en results/classic_p1_soft_c6_004_metrics.txt
[*] Métricas CSV guardadas en results/classic_p1_soft_c6_004_metrics.csv
[2026-05-17 00:10:32] === RUN END: classic_p1_soft_c6_004 ===

[2026-05-17 00:10:32] === RUN START: classic_p1_soft_c6_005 ===
[2026-05-17 00:10:32] [*] Arrancando captura en pqc_monitor (eth0) para classic_p1_soft_c6_005
[*] Guardando muestras en: results/classic_p1_soft_c6_005_docker_stats.csv
[*] Ejecutando comando medido: bash -lc ./scripts/run_client_once_rafaga.sh classic_p1_soft_c6_005 6; sleep 3
[*] Ráfaga clásica completada: 6 conexiones en 6 clientes (poisson_jitter)
=== host results ===
-rw-rw-r-- 1 cristian cristian    1806 may 17 00:10 classic_p1_soft_c6_005_client_err.txt
-rw-rw-r-- 1 cristian cristian     524 may 17 00:10 classic_p1_soft_c6_005_client.txt
-rwxr-xr-x 1 cristian cristian      69 may 17 00:10 classic_p1_soft_c6_005_docker_stats.csv
-rwxr-xr-x 1 cristian cristian    1700 may 15 18:26 classic_p1_soft_c6_005_metrics.csv
-rw-r--r-- 1 cristian cristian    8747 may 15 18:26 classic_p1_soft_c6_005_metrics.txt
-rw-r--r-- 1 cristian cristian     301 may 17 00:10 classic_p1_soft_c6_005_pqc_client_2_client_err.txt
-rw-r--r-- 1 cristian cristian       0 may 17 00:10 classic_p1_soft_c6_005_pqc_client_2_client.txt
-rw-r--r-- 1 cristian cristian      39 may 17 00:10 classic_p1_soft_c6_005_pqc_client_2_summary.txt
-rw-r--r-- 1 cristian cristian     301 may 17 00:10 classic_p1_soft_c6_005_pqc_client_3_client_err.txt
-rw-r--r-- 1 cristian cristian       0 may 17 00:10 classic_p1_soft_c6_005_pqc_client_3_client.txt
-rw-r--r-- 1 cristian cristian      39 may 17 00:10 classic_p1_soft_c6_005_pqc_client_3_summary.txt
-rw-r--r-- 1 cristian cristian     301 may 17 00:10 classic_p1_soft_c6_005_pqc_client_4_client_err.txt
-rw-r--r-- 1 cristian cristian       0 may 17 00:10 classic_p1_soft_c6_005_pqc_client_4_client.txt
-rw-r--r-- 1 cristian cristian      39 may 17 00:10 classic_p1_soft_c6_005_pqc_client_4_summary.txt
-rw-r--r-- 1 cristian cristian     301 may 17 00:10 classic_p1_soft_c6_005_pqc_client_5_client_err.txt
-rw-r--r-- 1 cristian cristian       0 may 17 00:10 classic_p1_soft_c6_005_pqc_client_5_client.txt
-rw-r--r-- 1 cristian cristian      39 may 17 00:10 classic_p1_soft_c6_005_pqc_client_5_summary.txt
-rw-r--r-- 1 cristian cristian     301 may 17 00:10 classic_p1_soft_c6_005_pqc_client_6_client_err.txt
-rw-r--r-- 1 cristian cristian       0 may 17 00:10 classic_p1_soft_c6_005_pqc_client_6_client.txt
-rw-r--r-- 1 cristian cristian      39 may 17 00:10 classic_p1_soft_c6_005_pqc_client_6_summary.txt
-rw-r--r-- 1 cristian cristian     301 may 17 00:10 classic_p1_soft_c6_005_pqc_client_client_err.txt
-rw-r--r-- 1 cristian cristian       0 may 17 00:10 classic_p1_soft_c6_005_pqc_client_client.txt
-rw-r--r-- 1 cristian cristian      37 may 17 00:10 classic_p1_soft_c6_005_pqc_client_summary.txt
-rw-r--r-- 1 cristian cristian     736 may 15 18:26 classic_p1_soft_c6_005_resource_summary.txt
=== resumen por cliente ===
[*] Perfil poisson_jitter: llegadas no sincronizadas con Poisson+jitter
[*] pqc_client <= plan: 1:0.192219
[*] pqc_client_2 <= plan: 2:0.192219
[*] pqc_client_3 <= plan: 3:0.192219
[*] pqc_client_4 <= plan: 4:0.192219
[*] pqc_client_5 <= plan: 5:0.192219
[*] pqc_client_6 <= plan: 6:0.192219
client=pqc_client total=1 ok=1 err=0
client=pqc_client_2 total=1 ok=1 err=0
client=pqc_client_3 total=1 ok=1 err=0
client=pqc_client_4 total=1 ok=1 err=0
client=pqc_client_5 total=1 ok=1 err=0
client=pqc_client_6 total=1 ok=1 err=0
[*] Resumen guardado en: results/classic_p1_soft_c6_005_resource_summary.txt
RUN_ID: classic_p1_soft_c6_005
CSV: results/classic_p1_soft_c6_005_docker_stats.csv

=== Resumen CPU% y MEM% (avg / max) por contenedor ===
pqc_client_2 -> CPU avg=0.00%, CPU max=0.00%, MEM avg=0.09%, MEM max=0.09%
pqc_client_3 -> CPU avg=0.00%, CPU max=0.00%, MEM avg=0.09%, MEM max=0.09%
pqc_monitor -> CPU avg=0.07%, CPU max=0.14%, MEM avg=0.12%, MEM max=0.12%
pqc_client_4 -> CPU avg=0.00%, CPU max=0.00%, MEM avg=0.08%, MEM max=0.08%
pqc_client_5 -> CPU avg=0.00%, CPU max=0.00%, MEM avg=0.09%, MEM max=0.09%
pqc_server -> CPU avg=0.00%, CPU max=0.00%, MEM avg=0.11%, MEM max=0.11%
pqc_client_6 -> CPU avg=0.00%, CPU max=0.00%, MEM avg=0.14%, MEM max=0.14%
pqc_client -> CPU avg=0.00%, CPU max=0.00%, MEM avg=0.12%, MEM max=0.12%
[2026-05-17 00:10:44] [*] Parando captura en pqc_monitor para classic_p1_soft_c6_005
[*] Métricas TXT guardadas en results/classic_p1_soft_c6_005_metrics.txt
[*] Métricas CSV guardadas en results/classic_p1_soft_c6_005_metrics.csv
[2026-05-17 00:11:08] === RUN END: classic_p1_soft_c6_005 ===

[2026-05-17 00:11:08] === RUN START: classic_p1_stress_c6_001 ===
[2026-05-17 00:11:08] [*] Arrancando captura en pqc_monitor (eth0) para classic_p1_stress_c6_001
[*] Guardando muestras en: results/classic_p1_stress_c6_001_docker_stats.csv
[*] Ejecutando comando medido: bash -lc ./scripts/run_client_once_rafaga.sh classic_p1_stress_c6_001 6; sleep 3
[*] Ráfaga clásica completada: 6 conexiones en 6 clientes (stress)
=== host results ===
-rw-rw-r-- 1 cristian cristian    1806 may 17 00:11 classic_p1_stress_c6_001_client_err.txt
-rw-rw-r-- 1 cristian cristian     473 may 17 00:11 classic_p1_stress_c6_001_client.txt
-rwxr-xr-x 1 cristian cristian      69 may 17 00:11 classic_p1_stress_c6_001_docker_stats.csv
-rwxr-xr-x 1 cristian cristian    1700 may 15 18:26 classic_p1_stress_c6_001_metrics.csv
-rw-r--r-- 1 cristian cristian    8758 may 15 18:26 classic_p1_stress_c6_001_metrics.txt
-rw-r--r-- 1 cristian cristian     301 may 17 00:11 classic_p1_stress_c6_001_pqc_client_2_client_err.txt
-rw-r--r-- 1 cristian cristian       0 may 17 00:11 classic_p1_stress_c6_001_pqc_client_2_client.txt
-rw-r--r-- 1 cristian cristian      39 may 17 00:11 classic_p1_stress_c6_001_pqc_client_2_summary.txt
-rw-r--r-- 1 cristian cristian     301 may 17 00:11 classic_p1_stress_c6_001_pqc_client_3_client_err.txt
-rw-r--r-- 1 cristian cristian       0 may 17 00:11 classic_p1_stress_c6_001_pqc_client_3_client.txt
-rw-r--r-- 1 cristian cristian      39 may 17 00:11 classic_p1_stress_c6_001_pqc_client_3_summary.txt
-rw-r--r-- 1 cristian cristian     301 may 17 00:11 classic_p1_stress_c6_001_pqc_client_4_client_err.txt
-rw-r--r-- 1 cristian cristian       0 may 17 00:11 classic_p1_stress_c6_001_pqc_client_4_client.txt
-rw-r--r-- 1 cristian cristian      39 may 17 00:11 classic_p1_stress_c6_001_pqc_client_4_summary.txt
-rw-r--r-- 1 cristian cristian     301 may 17 00:11 classic_p1_stress_c6_001_pqc_client_5_client_err.txt
-rw-r--r-- 1 cristian cristian       0 may 17 00:11 classic_p1_stress_c6_001_pqc_client_5_client.txt
-rw-r--r-- 1 cristian cristian      39 may 17 00:11 classic_p1_stress_c6_001_pqc_client_5_summary.txt
-rw-r--r-- 1 cristian cristian     301 may 17 00:11 classic_p1_stress_c6_001_pqc_client_6_client_err.txt
-rw-r--r-- 1 cristian cristian       0 may 17 00:11 classic_p1_stress_c6_001_pqc_client_6_client.txt
-rw-r--r-- 1 cristian cristian      39 may 17 00:11 classic_p1_stress_c6_001_pqc_client_6_summary.txt
-rw-r--r-- 1 cristian cristian     301 may 17 00:11 classic_p1_stress_c6_001_pqc_client_client_err.txt
-rw-r--r-- 1 cristian cristian       0 may 17 00:11 classic_p1_stress_c6_001_pqc_client_client.txt
-rw-r--r-- 1 cristian cristian      37 may 17 00:11 classic_p1_stress_c6_001_pqc_client_summary.txt
-rw-r--r-- 1 cristian cristian     739 may 15 18:26 classic_p1_stress_c6_001_resource_summary.txt
=== resumen por cliente ===
[*] Perfil stress: conexiones totalmente paralelas por cliente
[*] pqc_client <= plan: 1:0
[*] pqc_client_2 <= plan: 2:0
[*] pqc_client_3 <= plan: 3:0
[*] pqc_client_4 <= plan: 4:0
[*] pqc_client_5 <= plan: 5:0
[*] pqc_client_6 <= plan: 6:0
client=pqc_client total=1 ok=1 err=0
client=pqc_client_2 total=1 ok=1 err=0
client=pqc_client_3 total=1 ok=1 err=0
client=pqc_client_4 total=1 ok=1 err=0
client=pqc_client_5 total=1 ok=1 err=0
client=pqc_client_6 total=1 ok=1 err=0
[*] Resumen guardado en: results/classic_p1_stress_c6_001_resource_summary.txt
RUN_ID: classic_p1_stress_c6_001
CSV: results/classic_p1_stress_c6_001_docker_stats.csv

=== Resumen CPU% y MEM% (avg / max) por contenedor ===
pqc_client_2 -> CPU avg=0.00%, CPU max=0.00%, MEM avg=0.09%, MEM max=0.09%
pqc_client_3 -> CPU avg=0.00%, CPU max=0.00%, MEM avg=0.09%, MEM max=0.09%
pqc_monitor -> CPU avg=0.11%, CPU max=0.20%, MEM avg=0.12%, MEM max=0.12%
pqc_client_4 -> CPU avg=0.00%, CPU max=0.00%, MEM avg=0.08%, MEM max=0.08%
pqc_client_5 -> CPU avg=0.00%, CPU max=0.00%, MEM avg=0.09%, MEM max=0.09%
pqc_server -> CPU avg=0.00%, CPU max=0.00%, MEM avg=0.11%, MEM max=0.11%
pqc_client_6 -> CPU avg=0.00%, CPU max=0.00%, MEM avg=0.14%, MEM max=0.14%
pqc_client -> CPU avg=0.00%, CPU max=0.00%, MEM avg=0.12%, MEM max=0.12%
[2026-05-17 00:11:21] [*] Parando captura en pqc_monitor para classic_p1_stress_c6_001
[*] Métricas TXT guardadas en results/classic_p1_stress_c6_001_metrics.txt
[*] Métricas CSV guardadas en results/classic_p1_stress_c6_001_metrics.csv
[2026-05-17 00:11:44] === RUN END: classic_p1_stress_c6_001 ===

[2026-05-17 00:11:44] === RUN START: classic_p1_stress_c6_002 ===
[2026-05-17 00:11:44] [*] Arrancando captura en pqc_monitor (eth0) para classic_p1_stress_c6_002
[*] Guardando muestras en: results/classic_p1_stress_c6_002_docker_stats.csv
[*] Ejecutando comando medido: bash -lc ./scripts/run_client_once_rafaga.sh classic_p1_stress_c6_002 6; sleep 3
[*] Ráfaga clásica completada: 6 conexiones en 6 clientes (stress)
=== host results ===
-rw-rw-r-- 1 cristian cristian    1806 may 17 00:11 classic_p1_stress_c6_002_client_err.txt
-rw-rw-r-- 1 cristian cristian     473 may 17 00:11 classic_p1_stress_c6_002_client.txt
-rwxr-xr-x 1 cristian cristian      69 may 17 00:11 classic_p1_stress_c6_002_docker_stats.csv
-rwxr-xr-x 1 cristian cristian    1696 may 15 18:27 classic_p1_stress_c6_002_metrics.csv
-rw-r--r-- 1 cristian cristian    8736 may 15 18:27 classic_p1_stress_c6_002_metrics.txt
-rw-r--r-- 1 cristian cristian     301 may 17 00:11 classic_p1_stress_c6_002_pqc_client_2_client_err.txt
-rw-r--r-- 1 cristian cristian       0 may 17 00:11 classic_p1_stress_c6_002_pqc_client_2_client.txt
-rw-r--r-- 1 cristian cristian      39 may 17 00:11 classic_p1_stress_c6_002_pqc_client_2_summary.txt
-rw-r--r-- 1 cristian cristian     301 may 17 00:11 classic_p1_stress_c6_002_pqc_client_3_client_err.txt
-rw-r--r-- 1 cristian cristian       0 may 17 00:11 classic_p1_stress_c6_002_pqc_client_3_client.txt
-rw-r--r-- 1 cristian cristian      39 may 17 00:11 classic_p1_stress_c6_002_pqc_client_3_summary.txt
-rw-r--r-- 1 cristian cristian     301 may 17 00:11 classic_p1_stress_c6_002_pqc_client_4_client_err.txt
-rw-r--r-- 1 cristian cristian       0 may 17 00:11 classic_p1_stress_c6_002_pqc_client_4_client.txt
-rw-r--r-- 1 cristian cristian      39 may 17 00:11 classic_p1_stress_c6_002_pqc_client_4_summary.txt
-rw-r--r-- 1 cristian cristian     301 may 17 00:11 classic_p1_stress_c6_002_pqc_client_5_client_err.txt
-rw-r--r-- 1 cristian cristian       0 may 17 00:11 classic_p1_stress_c6_002_pqc_client_5_client.txt
-rw-r--r-- 1 cristian cristian      39 may 17 00:11 classic_p1_stress_c6_002_pqc_client_5_summary.txt
-rw-r--r-- 1 cristian cristian     301 may 17 00:11 classic_p1_stress_c6_002_pqc_client_6_client_err.txt
-rw-r--r-- 1 cristian cristian       0 may 17 00:11 classic_p1_stress_c6_002_pqc_client_6_client.txt
-rw-r--r-- 1 cristian cristian      39 may 17 00:11 classic_p1_stress_c6_002_pqc_client_6_summary.txt
-rw-r--r-- 1 cristian cristian     301 may 17 00:11 classic_p1_stress_c6_002_pqc_client_client_err.txt
-rw-r--r-- 1 cristian cristian       0 may 17 00:11 classic_p1_stress_c6_002_pqc_client_client.txt
-rw-r--r-- 1 cristian cristian      37 may 17 00:11 classic_p1_stress_c6_002_pqc_client_summary.txt
-rw-r--r-- 1 cristian cristian     741 may 15 18:27 classic_p1_stress_c6_002_resource_summary.txt
=== resumen por cliente ===
[*] Perfil stress: conexiones totalmente paralelas por cliente
[*] pqc_client <= plan: 1:0
[*] pqc_client_2 <= plan: 2:0
[*] pqc_client_3 <= plan: 3:0
[*] pqc_client_4 <= plan: 4:0
[*] pqc_client_5 <= plan: 5:0
[*] pqc_client_6 <= plan: 6:0
client=pqc_client total=1 ok=1 err=0
client=pqc_client_2 total=1 ok=1 err=0
client=pqc_client_3 total=1 ok=1 err=0
client=pqc_client_4 total=1 ok=1 err=0
client=pqc_client_5 total=1 ok=1 err=0
client=pqc_client_6 total=1 ok=1 err=0
[*] Resumen guardado en: results/classic_p1_stress_c6_002_resource_summary.txt
RUN_ID: classic_p1_stress_c6_002
CSV: results/classic_p1_stress_c6_002_docker_stats.csv

=== Resumen CPU% y MEM% (avg / max) por contenedor ===
pqc_client_2 -> CPU avg=0.00%, CPU max=0.00%, MEM avg=0.09%, MEM max=0.09%
pqc_client_3 -> CPU avg=0.00%, CPU max=0.00%, MEM avg=0.09%, MEM max=0.09%
pqc_monitor -> CPU avg=0.07%, CPU max=0.09%, MEM avg=0.12%, MEM max=0.12%
pqc_client_4 -> CPU avg=0.00%, CPU max=0.00%, MEM avg=0.08%, MEM max=0.08%
pqc_client_5 -> CPU avg=0.00%, CPU max=0.00%, MEM avg=0.09%, MEM max=0.09%
pqc_server -> CPU avg=0.00%, CPU max=0.00%, MEM avg=0.11%, MEM max=0.11%
pqc_client_6 -> CPU avg=0.00%, CPU max=0.00%, MEM avg=0.14%, MEM max=0.14%
pqc_client -> CPU avg=0.00%, CPU max=0.00%, MEM avg=0.12%, MEM max=0.12%
[2026-05-17 00:11:56] [*] Parando captura en pqc_monitor para classic_p1_stress_c6_002
[*] Métricas TXT guardadas en results/classic_p1_stress_c6_002_metrics.txt
[*] Métricas CSV guardadas en results/classic_p1_stress_c6_002_metrics.csv
[2026-05-17 00:12:19] === RUN END: classic_p1_stress_c6_002 ===

[2026-05-17 00:12:19] === RUN START: classic_p1_stress_c6_003 ===
[2026-05-17 00:12:19] [*] Arrancando captura en pqc_monitor (eth0) para classic_p1_stress_c6_003
[*] Guardando muestras en: results/classic_p1_stress_c6_003_docker_stats.csv
[*] Ejecutando comando medido: bash -lc ./scripts/run_client_once_rafaga.sh classic_p1_stress_c6_003 6; sleep 3
[*] Ráfaga clásica completada: 6 conexiones en 6 clientes (stress)
=== host results ===
-rw-rw-r-- 1 cristian cristian    1806 may 17 00:12 classic_p1_stress_c6_003_client_err.txt
-rw-rw-r-- 1 cristian cristian     473 may 17 00:12 classic_p1_stress_c6_003_client.txt
-rwxr-xr-x 1 cristian cristian      69 may 17 00:12 classic_p1_stress_c6_003_docker_stats.csv
-rwxr-xr-x 1 cristian cristian    1702 may 15 18:27 classic_p1_stress_c6_003_metrics.csv
-rw-r--r-- 1 cristian cristian    8760 may 15 18:27 classic_p1_stress_c6_003_metrics.txt
-rw-r--r-- 1 cristian cristian     301 may 17 00:12 classic_p1_stress_c6_003_pqc_client_2_client_err.txt
-rw-r--r-- 1 cristian cristian       0 may 17 00:12 classic_p1_stress_c6_003_pqc_client_2_client.txt
-rw-r--r-- 1 cristian cristian      39 may 17 00:12 classic_p1_stress_c6_003_pqc_client_2_summary.txt
-rw-r--r-- 1 cristian cristian     301 may 17 00:12 classic_p1_stress_c6_003_pqc_client_3_client_err.txt
-rw-r--r-- 1 cristian cristian       0 may 17 00:12 classic_p1_stress_c6_003_pqc_client_3_client.txt
-rw-r--r-- 1 cristian cristian      39 may 17 00:12 classic_p1_stress_c6_003_pqc_client_3_summary.txt
-rw-r--r-- 1 cristian cristian     301 may 17 00:12 classic_p1_stress_c6_003_pqc_client_4_client_err.txt
-rw-r--r-- 1 cristian cristian       0 may 17 00:12 classic_p1_stress_c6_003_pqc_client_4_client.txt
-rw-r--r-- 1 cristian cristian      39 may 17 00:12 classic_p1_stress_c6_003_pqc_client_4_summary.txt
-rw-r--r-- 1 cristian cristian     301 may 17 00:12 classic_p1_stress_c6_003_pqc_client_5_client_err.txt
-rw-r--r-- 1 cristian cristian       0 may 17 00:12 classic_p1_stress_c6_003_pqc_client_5_client.txt
-rw-r--r-- 1 cristian cristian      39 may 17 00:12 classic_p1_stress_c6_003_pqc_client_5_summary.txt
-rw-r--r-- 1 cristian cristian     301 may 17 00:12 classic_p1_stress_c6_003_pqc_client_6_client_err.txt
-rw-r--r-- 1 cristian cristian       0 may 17 00:12 classic_p1_stress_c6_003_pqc_client_6_client.txt
-rw-r--r-- 1 cristian cristian      39 may 17 00:12 classic_p1_stress_c6_003_pqc_client_6_summary.txt
-rw-r--r-- 1 cristian cristian     301 may 17 00:12 classic_p1_stress_c6_003_pqc_client_client_err.txt
-rw-r--r-- 1 cristian cristian       0 may 17 00:12 classic_p1_stress_c6_003_pqc_client_client.txt
-rw-r--r-- 1 cristian cristian      37 may 17 00:12 classic_p1_stress_c6_003_pqc_client_summary.txt
-rw-r--r-- 1 cristian cristian     739 may 15 18:27 classic_p1_stress_c6_003_resource_summary.txt
=== resumen por cliente ===
[*] Perfil stress: conexiones totalmente paralelas por cliente
[*] pqc_client <= plan: 1:0
[*] pqc_client_2 <= plan: 2:0
[*] pqc_client_3 <= plan: 3:0
[*] pqc_client_4 <= plan: 4:0
[*] pqc_client_5 <= plan: 5:0
[*] pqc_client_6 <= plan: 6:0
client=pqc_client total=1 ok=1 err=0
client=pqc_client_2 total=1 ok=1 err=0
client=pqc_client_3 total=1 ok=1 err=0
client=pqc_client_4 total=1 ok=1 err=0
client=pqc_client_5 total=1 ok=1 err=0
client=pqc_client_6 total=1 ok=1 err=0
[*] Resumen guardado en: results/classic_p1_stress_c6_003_resource_summary.txt
RUN_ID: classic_p1_stress_c6_003
CSV: results/classic_p1_stress_c6_003_docker_stats.csv

=== Resumen CPU% y MEM% (avg / max) por contenedor ===
pqc_client_2 -> CPU avg=0.00%, CPU max=0.00%, MEM avg=0.09%, MEM max=0.09%
pqc_client_3 -> CPU avg=0.00%, CPU max=0.00%, MEM avg=0.09%, MEM max=0.09%
pqc_monitor -> CPU avg=0.13%, CPU max=0.17%, MEM avg=0.12%, MEM max=0.12%
pqc_client_4 -> CPU avg=0.00%, CPU max=0.00%, MEM avg=0.08%, MEM max=0.08%
pqc_client_5 -> CPU avg=0.00%, CPU max=0.00%, MEM avg=0.09%, MEM max=0.09%
pqc_server -> CPU avg=0.00%, CPU max=0.00%, MEM avg=0.11%, MEM max=0.11%
pqc_client_6 -> CPU avg=0.00%, CPU max=0.00%, MEM avg=0.14%, MEM max=0.14%
pqc_client -> CPU avg=0.00%, CPU max=0.00%, MEM avg=0.12%, MEM max=0.12%
[2026-05-17 00:12:33] [*] Parando captura en pqc_monitor para classic_p1_stress_c6_003
[*] Métricas TXT guardadas en results/classic_p1_stress_c6_003_metrics.txt
[*] Métricas CSV guardadas en results/classic_p1_stress_c6_003_metrics.csv
[2026-05-17 00:13:02] === RUN END: classic_p1_stress_c6_003 ===

[2026-05-17 00:13:02] === RUN START: classic_p1_stress_c6_004 ===
[2026-05-17 00:13:02] [*] Arrancando captura en pqc_monitor (eth0) para classic_p1_stress_c6_004
[*] Guardando muestras en: results/classic_p1_stress_c6_004_docker_stats.csv
[*] Ejecutando comando medido: bash -lc ./scripts/run_client_once_rafaga.sh classic_p1_stress_c6_004 6; sleep 3
[*] Ráfaga clásica completada: 6 conexiones en 6 clientes (stress)
=== host results ===
-rw-rw-r-- 1 cristian cristian    1806 may 17 00:13 classic_p1_stress_c6_004_client_err.txt
-rw-rw-r-- 1 cristian cristian     473 may 17 00:13 classic_p1_stress_c6_004_client.txt
-rwxr-xr-x 1 cristian cristian      69 may 17 00:13 classic_p1_stress_c6_004_docker_stats.csv
-rwxr-xr-x 1 cristian cristian    1694 may 15 18:28 classic_p1_stress_c6_004_metrics.csv
-rw-r--r-- 1 cristian cristian    8732 may 15 18:28 classic_p1_stress_c6_004_metrics.txt
-rw-r--r-- 1 cristian cristian     301 may 17 00:13 classic_p1_stress_c6_004_pqc_client_2_client_err.txt
-rw-r--r-- 1 cristian cristian       0 may 17 00:13 classic_p1_stress_c6_004_pqc_client_2_client.txt
-rw-r--r-- 1 cristian cristian      39 may 17 00:13 classic_p1_stress_c6_004_pqc_client_2_summary.txt
-rw-r--r-- 1 cristian cristian     301 may 17 00:13 classic_p1_stress_c6_004_pqc_client_3_client_err.txt
-rw-r--r-- 1 cristian cristian       0 may 17 00:13 classic_p1_stress_c6_004_pqc_client_3_client.txt
-rw-r--r-- 1 cristian cristian      39 may 17 00:13 classic_p1_stress_c6_004_pqc_client_3_summary.txt
-rw-r--r-- 1 cristian cristian     301 may 17 00:13 classic_p1_stress_c6_004_pqc_client_4_client_err.txt
-rw-r--r-- 1 cristian cristian       0 may 17 00:13 classic_p1_stress_c6_004_pqc_client_4_client.txt
-rw-r--r-- 1 cristian cristian      39 may 17 00:13 classic_p1_stress_c6_004_pqc_client_4_summary.txt
-rw-r--r-- 1 cristian cristian     301 may 17 00:13 classic_p1_stress_c6_004_pqc_client_5_client_err.txt
-rw-r--r-- 1 cristian cristian       0 may 17 00:13 classic_p1_stress_c6_004_pqc_client_5_client.txt
-rw-r--r-- 1 cristian cristian      39 may 17 00:13 classic_p1_stress_c6_004_pqc_client_5_summary.txt
-rw-r--r-- 1 cristian cristian     301 may 17 00:13 classic_p1_stress_c6_004_pqc_client_6_client_err.txt
-rw-r--r-- 1 cristian cristian       0 may 17 00:13 classic_p1_stress_c6_004_pqc_client_6_client.txt
-rw-r--r-- 1 cristian cristian      39 may 17 00:13 classic_p1_stress_c6_004_pqc_client_6_summary.txt
-rw-r--r-- 1 cristian cristian     301 may 17 00:13 classic_p1_stress_c6_004_pqc_client_client_err.txt
-rw-r--r-- 1 cristian cristian       0 may 17 00:13 classic_p1_stress_c6_004_pqc_client_client.txt
-rw-r--r-- 1 cristian cristian      37 may 17 00:13 classic_p1_stress_c6_004_pqc_client_summary.txt
-rw-r--r-- 1 cristian cristian     739 may 15 18:28 classic_p1_stress_c6_004_resource_summary.txt
=== resumen por cliente ===
[*] Perfil stress: conexiones totalmente paralelas por cliente
[*] pqc_client <= plan: 1:0
[*] pqc_client_2 <= plan: 2:0
[*] pqc_client_3 <= plan: 3:0
[*] pqc_client_4 <= plan: 4:0
[*] pqc_client_5 <= plan: 5:0
[*] pqc_client_6 <= plan: 6:0
client=pqc_client total=1 ok=1 err=0
client=pqc_client_2 total=1 ok=1 err=0
client=pqc_client_3 total=1 ok=1 err=0
client=pqc_client_4 total=1 ok=1 err=0
client=pqc_client_5 total=1 ok=1 err=0
client=pqc_client_6 total=1 ok=1 err=0
[*] Resumen guardado en: results/classic_p1_stress_c6_004_resource_summary.txt
RUN_ID: classic_p1_stress_c6_004
CSV: results/classic_p1_stress_c6_004_docker_stats.csv

=== Resumen CPU% y MEM% (avg / max) por contenedor ===
pqc_client_2 -> CPU avg=0.00%, CPU max=0.00%, MEM avg=0.09%, MEM max=0.09%
pqc_client_3 -> CPU avg=0.00%, CPU max=0.00%, MEM avg=0.09%, MEM max=0.09%
pqc_monitor -> CPU avg=0.03%, CPU max=0.03%, MEM avg=0.12%, MEM max=0.12%
pqc_client_4 -> CPU avg=0.00%, CPU max=0.00%, MEM avg=0.08%, MEM max=0.08%
pqc_client_5 -> CPU avg=0.00%, CPU max=0.00%, MEM avg=0.09%, MEM max=0.09%
pqc_server -> CPU avg=0.00%, CPU max=0.00%, MEM avg=0.11%, MEM max=0.11%
pqc_client_6 -> CPU avg=2.09%, CPU max=6.27%, MEM avg=0.14%, MEM max=0.14%
pqc_client -> CPU avg=0.00%, CPU max=0.00%, MEM avg=0.12%, MEM max=0.12%
[2026-05-17 00:13:15] [*] Parando captura en pqc_monitor para classic_p1_stress_c6_004
[*] Métricas TXT guardadas en results/classic_p1_stress_c6_004_metrics.txt
[*] Métricas CSV guardadas en results/classic_p1_stress_c6_004_metrics.csv
[2026-05-17 00:13:35] === RUN END: classic_p1_stress_c6_004 ===

[2026-05-17 00:13:35] === RUN START: classic_p1_stress_c6_005 ===
[2026-05-17 00:13:35] [*] Arrancando captura en pqc_monitor (eth0) para classic_p1_stress_c6_005
[*] Guardando muestras en: results/classic_p1_stress_c6_005_docker_stats.csv
[*] Ejecutando comando medido: bash -lc ./scripts/run_client_once_rafaga.sh classic_p1_stress_c6_005 6; sleep 3
[*] Ráfaga clásica completada: 6 conexiones en 6 clientes (stress)
=== host results ===
-rw-rw-r-- 1 cristian cristian    1806 may 17 00:13 classic_p1_stress_c6_005_client_err.txt
-rw-rw-r-- 1 cristian cristian     473 may 17 00:13 classic_p1_stress_c6_005_client.txt
-rwxr-xr-x 1 cristian cristian      69 may 17 00:13 classic_p1_stress_c6_005_docker_stats.csv
-rwxr-xr-x 1 cristian cristian    1700 may 15 18:28 classic_p1_stress_c6_005_metrics.csv
-rw-r--r-- 1 cristian cristian    8756 may 15 18:28 classic_p1_stress_c6_005_metrics.txt
-rw-r--r-- 1 cristian cristian     301 may 17 00:13 classic_p1_stress_c6_005_pqc_client_2_client_err.txt
-rw-r--r-- 1 cristian cristian       0 may 17 00:13 classic_p1_stress_c6_005_pqc_client_2_client.txt
-rw-r--r-- 1 cristian cristian      39 may 17 00:13 classic_p1_stress_c6_005_pqc_client_2_summary.txt
-rw-r--r-- 1 cristian cristian     301 may 17 00:13 classic_p1_stress_c6_005_pqc_client_3_client_err.txt
-rw-r--r-- 1 cristian cristian       0 may 17 00:13 classic_p1_stress_c6_005_pqc_client_3_client.txt
-rw-r--r-- 1 cristian cristian      39 may 17 00:13 classic_p1_stress_c6_005_pqc_client_3_summary.txt
-rw-r--r-- 1 cristian cristian     301 may 17 00:13 classic_p1_stress_c6_005_pqc_client_4_client_err.txt
-rw-r--r-- 1 cristian cristian       0 may 17 00:13 classic_p1_stress_c6_005_pqc_client_4_client.txt
-rw-r--r-- 1 cristian cristian      39 may 17 00:13 classic_p1_stress_c6_005_pqc_client_4_summary.txt
-rw-r--r-- 1 cristian cristian     301 may 17 00:13 classic_p1_stress_c6_005_pqc_client_5_client_err.txt
-rw-r--r-- 1 cristian cristian       0 may 17 00:13 classic_p1_stress_c6_005_pqc_client_5_client.txt
-rw-r--r-- 1 cristian cristian      39 may 17 00:13 classic_p1_stress_c6_005_pqc_client_5_summary.txt
-rw-r--r-- 1 cristian cristian     301 may 17 00:13 classic_p1_stress_c6_005_pqc_client_6_client_err.txt
-rw-r--r-- 1 cristian cristian       0 may 17 00:13 classic_p1_stress_c6_005_pqc_client_6_client.txt
-rw-r--r-- 1 cristian cristian      39 may 17 00:13 classic_p1_stress_c6_005_pqc_client_6_summary.txt
-rw-r--r-- 1 cristian cristian     301 may 17 00:13 classic_p1_stress_c6_005_pqc_client_client_err.txt
-rw-r--r-- 1 cristian cristian       0 may 17 00:13 classic_p1_stress_c6_005_pqc_client_client.txt
-rw-r--r-- 1 cristian cristian      37 may 17 00:13 classic_p1_stress_c6_005_pqc_client_summary.txt
-rw-r--r-- 1 cristian cristian     739 may 15 18:28 classic_p1_stress_c6_005_resource_summary.txt
=== resumen por cliente ===
[*] Perfil stress: conexiones totalmente paralelas por cliente
[*] pqc_client <= plan: 1:0
[*] pqc_client_2 <= plan: 2:0
[*] pqc_client_3 <= plan: 3:0
[*] pqc_client_4 <= plan: 4:0
[*] pqc_client_5 <= plan: 5:0
[*] pqc_client_6 <= plan: 6:0
client=pqc_client total=1 ok=1 err=0
client=pqc_client_2 total=1 ok=1 err=0
client=pqc_client_3 total=1 ok=1 err=0
client=pqc_client_4 total=1 ok=1 err=0
client=pqc_client_5 total=1 ok=1 err=0
client=pqc_client_6 total=1 ok=1 err=0
[*] Resumen guardado en: results/classic_p1_stress_c6_005_resource_summary.txt
RUN_ID: classic_p1_stress_c6_005
CSV: results/classic_p1_stress_c6_005_docker_stats.csv

=== Resumen CPU% y MEM% (avg / max) por contenedor ===
pqc_client_2 -> CPU avg=0.00%, CPU max=0.00%, MEM avg=0.09%, MEM max=0.09%
pqc_client_3 -> CPU avg=0.00%, CPU max=0.00%, MEM avg=0.09%, MEM max=0.09%
pqc_monitor -> CPU avg=0.07%, CPU max=0.08%, MEM avg=0.12%, MEM max=0.12%
pqc_client_4 -> CPU avg=0.00%, CPU max=0.00%, MEM avg=0.08%, MEM max=0.08%
pqc_client_5 -> CPU avg=0.00%, CPU max=0.00%, MEM avg=0.09%, MEM max=0.09%
pqc_server -> CPU avg=0.00%, CPU max=0.00%, MEM avg=0.11%, MEM max=0.11%
pqc_client_6 -> CPU avg=0.00%, CPU max=0.00%, MEM avg=0.14%, MEM max=0.14%
pqc_client -> CPU avg=0.00%, CPU max=0.00%, MEM avg=0.12%, MEM max=0.12%
[2026-05-17 00:13:48] [*] Parando captura en pqc_monitor para classic_p1_stress_c6_005
[*] Métricas TXT guardadas en results/classic_p1_stress_c6_005_metrics.txt
[*] Métricas CSV guardadas en results/classic_p1_stress_c6_005_metrics.csv
[2026-05-17 00:14:12] === RUN END: classic_p1_stress_c6_005 ===

[2026-05-17 00:14:12] ---- Aplicando perfil de red P2 ----
[*] Aplicando perfil P2

[*] Estado qdisc en monitor:
qdisc netem 800f: root refcnt 5 limit 1000 delay 25ms loss 0.1%
qdisc netem 8010: root refcnt 5 limit 1000 delay 25ms loss 0.1%
[2026-05-17 00:14:13] === RUN START: classic_p2_balanced_c6_001 ===
[2026-05-17 00:14:13] [*] Arrancando captura en pqc_monitor (eth0) para classic_p2_balanced_c6_001
[*] Guardando muestras en: results/classic_p2_balanced_c6_001_docker_stats.csv
[*] Ejecutando comando medido: bash -lc ./scripts/run_client_once_rafaga.sh classic_p2_balanced_c6_001 6; sleep 3
[*] Ráfaga clásica completada: 6 conexiones en 6 clientes (poisson_jitter)
=== host results ===
-rw-rw-r-- 1 cristian cristian    1806 may 17 00:14 classic_p2_balanced_c6_001_client_err.txt
-rw-rw-r-- 1 cristian cristian     524 may 17 00:14 classic_p2_balanced_c6_001_client.txt
-rwxr-xr-x 1 cristian cristian      69 may 17 00:14 classic_p2_balanced_c6_001_docker_stats.csv
-rwxr-xr-x 1 cristian cristian    1702 may 15 18:29 classic_p2_balanced_c6_001_metrics.csv
-rw-r--r-- 1 cristian cristian    8772 may 15 18:29 classic_p2_balanced_c6_001_metrics.txt
-rw-r--r-- 1 cristian cristian     301 may 17 00:14 classic_p2_balanced_c6_001_pqc_client_2_client_err.txt
-rw-r--r-- 1 cristian cristian       0 may 17 00:14 classic_p2_balanced_c6_001_pqc_client_2_client.txt
-rw-r--r-- 1 cristian cristian      39 may 17 00:14 classic_p2_balanced_c6_001_pqc_client_2_summary.txt
-rw-r--r-- 1 cristian cristian     301 may 17 00:14 classic_p2_balanced_c6_001_pqc_client_3_client_err.txt
-rw-r--r-- 1 cristian cristian       0 may 17 00:14 classic_p2_balanced_c6_001_pqc_client_3_client.txt
-rw-r--r-- 1 cristian cristian      39 may 17 00:14 classic_p2_balanced_c6_001_pqc_client_3_summary.txt
-rw-r--r-- 1 cristian cristian     301 may 17 00:14 classic_p2_balanced_c6_001_pqc_client_4_client_err.txt
-rw-r--r-- 1 cristian cristian       0 may 17 00:14 classic_p2_balanced_c6_001_pqc_client_4_client.txt
-rw-r--r-- 1 cristian cristian      39 may 17 00:14 classic_p2_balanced_c6_001_pqc_client_4_summary.txt
-rw-r--r-- 1 cristian cristian     301 may 17 00:14 classic_p2_balanced_c6_001_pqc_client_5_client_err.txt
-rw-r--r-- 1 cristian cristian       0 may 17 00:14 classic_p2_balanced_c6_001_pqc_client_5_client.txt
-rw-r--r-- 1 cristian cristian      39 may 17 00:14 classic_p2_balanced_c6_001_pqc_client_5_summary.txt
-rw-r--r-- 1 cristian cristian     301 may 17 00:14 classic_p2_balanced_c6_001_pqc_client_6_client_err.txt
-rw-r--r-- 1 cristian cristian       0 may 17 00:14 classic_p2_balanced_c6_001_pqc_client_6_client.txt
-rw-r--r-- 1 cristian cristian      39 may 17 00:14 classic_p2_balanced_c6_001_pqc_client_6_summary.txt
-rw-r--r-- 1 cristian cristian     301 may 17 00:14 classic_p2_balanced_c6_001_pqc_client_client_err.txt
-rw-r--r-- 1 cristian cristian       0 may 17 00:14 classic_p2_balanced_c6_001_pqc_client_client.txt
-rw-r--r-- 1 cristian cristian      37 may 17 00:14 classic_p2_balanced_c6_001_pqc_client_summary.txt
-rw-r--r-- 1 cristian cristian     743 may 15 18:29 classic_p2_balanced_c6_001_resource_summary.txt
=== resumen por cliente ===
[*] Perfil poisson_jitter: llegadas no sincronizadas con Poisson+jitter
[*] pqc_client <= plan: 1:0.127343
[*] pqc_client_2 <= plan: 2:0.127343
[*] pqc_client_3 <= plan: 3:0.127343
[*] pqc_client_4 <= plan: 4:0.127343
[*] pqc_client_5 <= plan: 5:0.127343
[*] pqc_client_6 <= plan: 6:0.127343
client=pqc_client total=1 ok=1 err=0
client=pqc_client_2 total=1 ok=1 err=0
client=pqc_client_3 total=1 ok=1 err=0
client=pqc_client_4 total=1 ok=1 err=0
client=pqc_client_5 total=1 ok=1 err=0
client=pqc_client_6 total=1 ok=1 err=0
[*] Resumen guardado en: results/classic_p2_balanced_c6_001_resource_summary.txt
RUN_ID: classic_p2_balanced_c6_001
CSV: results/classic_p2_balanced_c6_001_docker_stats.csv

=== Resumen CPU% y MEM% (avg / max) por contenedor ===
pqc_client_2 -> CPU avg=0.00%, CPU max=0.00%, MEM avg=0.09%, MEM max=0.09%
pqc_client_3 -> CPU avg=0.00%, CPU max=0.00%, MEM avg=0.09%, MEM max=0.09%
pqc_monitor -> CPU avg=0.07%, CPU max=0.08%, MEM avg=0.12%, MEM max=0.12%
pqc_client_4 -> CPU avg=0.00%, CPU max=0.00%, MEM avg=0.08%, MEM max=0.08%
pqc_client_5 -> CPU avg=0.00%, CPU max=0.00%, MEM avg=0.09%, MEM max=0.09%
pqc_server -> CPU avg=0.00%, CPU max=0.00%, MEM avg=0.11%, MEM max=0.11%
pqc_client_6 -> CPU avg=0.00%, CPU max=0.00%, MEM avg=0.14%, MEM max=0.14%
pqc_client -> CPU avg=0.00%, CPU max=0.00%, MEM avg=0.12%, MEM max=0.12%
[2026-05-17 00:14:27] [*] Parando captura en pqc_monitor para classic_p2_balanced_c6_001
[*] Métricas TXT guardadas en results/classic_p2_balanced_c6_001_metrics.txt
[*] Métricas CSV guardadas en results/classic_p2_balanced_c6_001_metrics.csv
[2026-05-17 00:14:51] === RUN END: classic_p2_balanced_c6_001 ===

[2026-05-17 00:14:51] === RUN START: classic_p2_balanced_c6_002 ===
[2026-05-17 00:14:51] [*] Arrancando captura en pqc_monitor (eth0) para classic_p2_balanced_c6_002
[*] Guardando muestras en: results/classic_p2_balanced_c6_002_docker_stats.csv
[*] Ejecutando comando medido: bash -lc ./scripts/run_client_once_rafaga.sh classic_p2_balanced_c6_002 6; sleep 3
[*] Ráfaga clásica completada: 6 conexiones en 6 clientes (poisson_jitter)
=== host results ===
-rw-rw-r-- 1 cristian cristian    1806 may 17 00:14 classic_p2_balanced_c6_002_client_err.txt
-rw-rw-r-- 1 cristian cristian     524 may 17 00:14 classic_p2_balanced_c6_002_client.txt
-rwxr-xr-x 1 cristian cristian      69 may 17 00:14 classic_p2_balanced_c6_002_docker_stats.csv
-rwxr-xr-x 1 cristian cristian    1702 may 15 18:29 classic_p2_balanced_c6_002_metrics.csv
-rw-r--r-- 1 cristian cristian    8772 may 15 18:29 classic_p2_balanced_c6_002_metrics.txt
-rw-r--r-- 1 cristian cristian     301 may 17 00:14 classic_p2_balanced_c6_002_pqc_client_2_client_err.txt
-rw-r--r-- 1 cristian cristian       0 may 17 00:14 classic_p2_balanced_c6_002_pqc_client_2_client.txt
-rw-r--r-- 1 cristian cristian      39 may 17 00:14 classic_p2_balanced_c6_002_pqc_client_2_summary.txt
-rw-r--r-- 1 cristian cristian     301 may 17 00:14 classic_p2_balanced_c6_002_pqc_client_3_client_err.txt
-rw-r--r-- 1 cristian cristian       0 may 17 00:14 classic_p2_balanced_c6_002_pqc_client_3_client.txt
-rw-r--r-- 1 cristian cristian      39 may 17 00:14 classic_p2_balanced_c6_002_pqc_client_3_summary.txt
-rw-r--r-- 1 cristian cristian     301 may 17 00:14 classic_p2_balanced_c6_002_pqc_client_4_client_err.txt
-rw-r--r-- 1 cristian cristian       0 may 17 00:14 classic_p2_balanced_c6_002_pqc_client_4_client.txt
-rw-r--r-- 1 cristian cristian      39 may 17 00:14 classic_p2_balanced_c6_002_pqc_client_4_summary.txt
-rw-r--r-- 1 cristian cristian     301 may 17 00:14 classic_p2_balanced_c6_002_pqc_client_5_client_err.txt
-rw-r--r-- 1 cristian cristian       0 may 17 00:14 classic_p2_balanced_c6_002_pqc_client_5_client.txt
-rw-r--r-- 1 cristian cristian      39 may 17 00:14 classic_p2_balanced_c6_002_pqc_client_5_summary.txt
-rw-r--r-- 1 cristian cristian     301 may 17 00:14 classic_p2_balanced_c6_002_pqc_client_6_client_err.txt
-rw-r--r-- 1 cristian cristian       0 may 17 00:14 classic_p2_balanced_c6_002_pqc_client_6_client.txt
-rw-r--r-- 1 cristian cristian      39 may 17 00:14 classic_p2_balanced_c6_002_pqc_client_6_summary.txt
-rw-r--r-- 1 cristian cristian     301 may 17 00:14 classic_p2_balanced_c6_002_pqc_client_client_err.txt
-rw-r--r-- 1 cristian cristian       0 may 17 00:14 classic_p2_balanced_c6_002_pqc_client_client.txt
-rw-r--r-- 1 cristian cristian      37 may 17 00:14 classic_p2_balanced_c6_002_pqc_client_summary.txt
-rw-r--r-- 1 cristian cristian     743 may 15 18:29 classic_p2_balanced_c6_002_resource_summary.txt
=== resumen por cliente ===
[*] Perfil poisson_jitter: llegadas no sincronizadas con Poisson+jitter
[*] pqc_client <= plan: 1:0.015733
[*] pqc_client_2 <= plan: 2:0.015733
[*] pqc_client_3 <= plan: 3:0.015733
[*] pqc_client_4 <= plan: 4:0.015733
[*] pqc_client_5 <= plan: 5:0.015733
[*] pqc_client_6 <= plan: 6:0.015733
client=pqc_client total=1 ok=1 err=0
client=pqc_client_2 total=1 ok=1 err=0
client=pqc_client_3 total=1 ok=1 err=0
client=pqc_client_4 total=1 ok=1 err=0
client=pqc_client_5 total=1 ok=1 err=0
client=pqc_client_6 total=1 ok=1 err=0
[*] Resumen guardado en: results/classic_p2_balanced_c6_002_resource_summary.txt
RUN_ID: classic_p2_balanced_c6_002
CSV: results/classic_p2_balanced_c6_002_docker_stats.csv

=== Resumen CPU% y MEM% (avg / max) por contenedor ===
pqc_client_2 -> CPU avg=0.00%, CPU max=0.00%, MEM avg=0.09%, MEM max=0.09%
pqc_client_3 -> CPU avg=0.00%, CPU max=0.00%, MEM avg=0.09%, MEM max=0.09%
pqc_monitor -> CPU avg=0.08%, CPU max=0.08%, MEM avg=0.12%, MEM max=0.12%
pqc_client_4 -> CPU avg=0.00%, CPU max=0.00%, MEM avg=0.08%, MEM max=0.08%
pqc_client_5 -> CPU avg=0.00%, CPU max=0.00%, MEM avg=0.09%, MEM max=0.09%
pqc_server -> CPU avg=0.00%, CPU max=0.00%, MEM avg=0.11%, MEM max=0.11%
pqc_client_6 -> CPU avg=0.00%, CPU max=0.00%, MEM avg=0.14%, MEM max=0.14%
pqc_client -> CPU avg=0.00%, CPU max=0.00%, MEM avg=0.12%, MEM max=0.12%
[2026-05-17 00:15:02] [*] Parando captura en pqc_monitor para classic_p2_balanced_c6_002
[*] Métricas TXT guardadas en results/classic_p2_balanced_c6_002_metrics.txt
[*] Métricas CSV guardadas en results/classic_p2_balanced_c6_002_metrics.csv
[2026-05-17 00:15:26] === RUN END: classic_p2_balanced_c6_002 ===

[2026-05-17 00:15:26] === RUN START: classic_p2_balanced_c6_003 ===
[2026-05-17 00:15:26] [*] Arrancando captura en pqc_monitor (eth0) para classic_p2_balanced_c6_003
[*] Guardando muestras en: results/classic_p2_balanced_c6_003_docker_stats.csv
[*] Ejecutando comando medido: bash -lc ./scripts/run_client_once_rafaga.sh classic_p2_balanced_c6_003 6; sleep 3
[*] Ráfaga clásica completada: 6 conexiones en 6 clientes (poisson_jitter)
=== host results ===
-rw-rw-r-- 1 cristian cristian    1806 may 17 00:15 classic_p2_balanced_c6_003_client_err.txt
-rw-rw-r-- 1 cristian cristian     524 may 17 00:15 classic_p2_balanced_c6_003_client.txt
-rwxr-xr-x 1 cristian cristian      69 may 17 00:15 classic_p2_balanced_c6_003_docker_stats.csv
-rwxr-xr-x 1 cristian cristian    1702 may 15 18:30 classic_p2_balanced_c6_003_metrics.csv
-rw-r--r-- 1 cristian cristian    8772 may 15 18:30 classic_p2_balanced_c6_003_metrics.txt
-rw-r--r-- 1 cristian cristian     301 may 17 00:15 classic_p2_balanced_c6_003_pqc_client_2_client_err.txt
-rw-r--r-- 1 cristian cristian       0 may 17 00:15 classic_p2_balanced_c6_003_pqc_client_2_client.txt
-rw-r--r-- 1 cristian cristian      39 may 17 00:15 classic_p2_balanced_c6_003_pqc_client_2_summary.txt
-rw-r--r-- 1 cristian cristian     301 may 17 00:15 classic_p2_balanced_c6_003_pqc_client_3_client_err.txt
-rw-r--r-- 1 cristian cristian       0 may 17 00:15 classic_p2_balanced_c6_003_pqc_client_3_client.txt
-rw-r--r-- 1 cristian cristian      39 may 17 00:15 classic_p2_balanced_c6_003_pqc_client_3_summary.txt
-rw-r--r-- 1 cristian cristian     301 may 17 00:15 classic_p2_balanced_c6_003_pqc_client_4_client_err.txt
-rw-r--r-- 1 cristian cristian       0 may 17 00:15 classic_p2_balanced_c6_003_pqc_client_4_client.txt
-rw-r--r-- 1 cristian cristian      39 may 17 00:15 classic_p2_balanced_c6_003_pqc_client_4_summary.txt
-rw-r--r-- 1 cristian cristian     301 may 17 00:15 classic_p2_balanced_c6_003_pqc_client_5_client_err.txt
-rw-r--r-- 1 cristian cristian       0 may 17 00:15 classic_p2_balanced_c6_003_pqc_client_5_client.txt
-rw-r--r-- 1 cristian cristian      39 may 17 00:15 classic_p2_balanced_c6_003_pqc_client_5_summary.txt
-rw-r--r-- 1 cristian cristian     301 may 17 00:15 classic_p2_balanced_c6_003_pqc_client_6_client_err.txt
-rw-r--r-- 1 cristian cristian       0 may 17 00:15 classic_p2_balanced_c6_003_pqc_client_6_client.txt
-rw-r--r-- 1 cristian cristian      39 may 17 00:15 classic_p2_balanced_c6_003_pqc_client_6_summary.txt
-rw-r--r-- 1 cristian cristian     301 may 17 00:15 classic_p2_balanced_c6_003_pqc_client_client_err.txt
-rw-r--r-- 1 cristian cristian       0 may 17 00:15 classic_p2_balanced_c6_003_pqc_client_client.txt
-rw-r--r-- 1 cristian cristian      37 may 17 00:15 classic_p2_balanced_c6_003_pqc_client_summary.txt
-rw-r--r-- 1 cristian cristian     743 may 15 18:30 classic_p2_balanced_c6_003_resource_summary.txt
=== resumen por cliente ===
[*] Perfil poisson_jitter: llegadas no sincronizadas con Poisson+jitter
[*] pqc_client <= plan: 1:0.025172
[*] pqc_client_2 <= plan: 2:0.025172
[*] pqc_client_3 <= plan: 3:0.025172
[*] pqc_client_4 <= plan: 4:0.025172
[*] pqc_client_5 <= plan: 5:0.025172
[*] pqc_client_6 <= plan: 6:0.025172
client=pqc_client total=1 ok=1 err=0
client=pqc_client_2 total=1 ok=1 err=0
client=pqc_client_3 total=1 ok=1 err=0
client=pqc_client_4 total=1 ok=1 err=0
client=pqc_client_5 total=1 ok=1 err=0
client=pqc_client_6 total=1 ok=1 err=0
[*] Resumen guardado en: results/classic_p2_balanced_c6_003_resource_summary.txt
RUN_ID: classic_p2_balanced_c6_003
CSV: results/classic_p2_balanced_c6_003_docker_stats.csv

=== Resumen CPU% y MEM% (avg / max) por contenedor ===
pqc_client_2 -> CPU avg=0.00%, CPU max=0.00%, MEM avg=0.09%, MEM max=0.09%
pqc_client_3 -> CPU avg=4.03%, CPU max=12.08%, MEM avg=0.09%, MEM max=0.09%
pqc_monitor -> CPU avg=0.06%, CPU max=0.08%, MEM avg=0.12%, MEM max=0.12%
pqc_client_4 -> CPU avg=0.00%, CPU max=0.00%, MEM avg=0.08%, MEM max=0.08%
pqc_client_5 -> CPU avg=0.00%, CPU max=0.00%, MEM avg=0.09%, MEM max=0.09%
pqc_server -> CPU avg=0.00%, CPU max=0.00%, MEM avg=0.11%, MEM max=0.11%
pqc_client_6 -> CPU avg=0.00%, CPU max=0.00%, MEM avg=0.14%, MEM max=0.14%
pqc_client -> CPU avg=0.00%, CPU max=0.00%, MEM avg=0.12%, MEM max=0.12%
[2026-05-17 00:15:39] [*] Parando captura en pqc_monitor para classic_p2_balanced_c6_003
[*] Métricas TXT guardadas en results/classic_p2_balanced_c6_003_metrics.txt
[*] Métricas CSV guardadas en results/classic_p2_balanced_c6_003_metrics.csv
[2026-05-17 00:16:03] === RUN END: classic_p2_balanced_c6_003 ===

[2026-05-17 00:16:03] === RUN START: classic_p2_balanced_c6_004 ===
[2026-05-17 00:16:03] [*] Arrancando captura en pqc_monitor (eth0) para classic_p2_balanced_c6_004
[*] Guardando muestras en: results/classic_p2_balanced_c6_004_docker_stats.csv
[*] Ejecutando comando medido: bash -lc ./scripts/run_client_once_rafaga.sh classic_p2_balanced_c6_004 6; sleep 3
[*] Ráfaga clásica completada: 6 conexiones en 6 clientes (poisson_jitter)
=== host results ===
-rw-rw-r-- 1 cristian cristian    1806 may 17 00:16 classic_p2_balanced_c6_004_client_err.txt
-rw-rw-r-- 1 cristian cristian     524 may 17 00:16 classic_p2_balanced_c6_004_client.txt
-rwxr-xr-x 1 cristian cristian      69 may 17 00:16 classic_p2_balanced_c6_004_docker_stats.csv
-rwxr-xr-x 1 cristian cristian    1699 may 15 18:30 classic_p2_balanced_c6_004_metrics.csv
-rw-r--r-- 1 cristian cristian    8746 may 15 18:30 classic_p2_balanced_c6_004_metrics.txt
-rw-r--r-- 1 cristian cristian     301 may 17 00:16 classic_p2_balanced_c6_004_pqc_client_2_client_err.txt
-rw-r--r-- 1 cristian cristian       0 may 17 00:16 classic_p2_balanced_c6_004_pqc_client_2_client.txt
-rw-r--r-- 1 cristian cristian      39 may 17 00:16 classic_p2_balanced_c6_004_pqc_client_2_summary.txt
-rw-r--r-- 1 cristian cristian     301 may 17 00:16 classic_p2_balanced_c6_004_pqc_client_3_client_err.txt
-rw-r--r-- 1 cristian cristian       0 may 17 00:16 classic_p2_balanced_c6_004_pqc_client_3_client.txt
-rw-r--r-- 1 cristian cristian      39 may 17 00:16 classic_p2_balanced_c6_004_pqc_client_3_summary.txt
-rw-r--r-- 1 cristian cristian     301 may 17 00:16 classic_p2_balanced_c6_004_pqc_client_4_client_err.txt
-rw-r--r-- 1 cristian cristian       0 may 17 00:16 classic_p2_balanced_c6_004_pqc_client_4_client.txt
-rw-r--r-- 1 cristian cristian      39 may 17 00:16 classic_p2_balanced_c6_004_pqc_client_4_summary.txt
-rw-r--r-- 1 cristian cristian     301 may 17 00:16 classic_p2_balanced_c6_004_pqc_client_5_client_err.txt
-rw-r--r-- 1 cristian cristian       0 may 17 00:16 classic_p2_balanced_c6_004_pqc_client_5_client.txt
-rw-r--r-- 1 cristian cristian      39 may 17 00:16 classic_p2_balanced_c6_004_pqc_client_5_summary.txt
-rw-r--r-- 1 cristian cristian     301 may 17 00:16 classic_p2_balanced_c6_004_pqc_client_6_client_err.txt
-rw-r--r-- 1 cristian cristian       0 may 17 00:16 classic_p2_balanced_c6_004_pqc_client_6_client.txt
-rw-r--r-- 1 cristian cristian      39 may 17 00:16 classic_p2_balanced_c6_004_pqc_client_6_summary.txt
-rw-r--r-- 1 cristian cristian     301 may 17 00:16 classic_p2_balanced_c6_004_pqc_client_client_err.txt
-rw-r--r-- 1 cristian cristian       0 may 17 00:16 classic_p2_balanced_c6_004_pqc_client_client.txt
-rw-r--r-- 1 cristian cristian      37 may 17 00:16 classic_p2_balanced_c6_004_pqc_client_summary.txt
-rw-r--r-- 1 cristian cristian     744 may 15 18:30 classic_p2_balanced_c6_004_resource_summary.txt
=== resumen por cliente ===
[*] Perfil poisson_jitter: llegadas no sincronizadas con Poisson+jitter
[*] pqc_client <= plan: 1:0.000000
[*] pqc_client_2 <= plan: 2:0.000000
[*] pqc_client_3 <= plan: 3:0.000000
[*] pqc_client_4 <= plan: 4:0.000000
[*] pqc_client_5 <= plan: 5:0.000000
[*] pqc_client_6 <= plan: 6:0.000000
client=pqc_client total=1 ok=1 err=0
client=pqc_client_2 total=1 ok=1 err=0
client=pqc_client_3 total=1 ok=1 err=0
client=pqc_client_4 total=1 ok=1 err=0
client=pqc_client_5 total=1 ok=1 err=0
client=pqc_client_6 total=1 ok=1 err=0
[*] Resumen guardado en: results/classic_p2_balanced_c6_004_resource_summary.txt
RUN_ID: classic_p2_balanced_c6_004
CSV: results/classic_p2_balanced_c6_004_docker_stats.csv

=== Resumen CPU% y MEM% (avg / max) por contenedor ===
pqc_client_2 -> CPU avg=0.00%, CPU max=0.00%, MEM avg=0.09%, MEM max=0.09%
pqc_client_3 -> CPU avg=0.00%, CPU max=0.00%, MEM avg=0.09%, MEM max=0.09%
pqc_monitor -> CPU avg=0.07%, CPU max=0.13%, MEM avg=0.12%, MEM max=0.12%
pqc_client_4 -> CPU avg=0.00%, CPU max=0.00%, MEM avg=0.08%, MEM max=0.08%
pqc_client_5 -> CPU avg=0.00%, CPU max=0.00%, MEM avg=0.09%, MEM max=0.09%
pqc_server -> CPU avg=0.00%, CPU max=0.00%, MEM avg=0.11%, MEM max=0.11%
pqc_client_6 -> CPU avg=0.00%, CPU max=0.00%, MEM avg=0.14%, MEM max=0.14%
pqc_client -> CPU avg=0.00%, CPU max=0.00%, MEM avg=0.12%, MEM max=0.12%
[2026-05-17 00:16:16] [*] Parando captura en pqc_monitor para classic_p2_balanced_c6_004
[*] Métricas TXT guardadas en results/classic_p2_balanced_c6_004_metrics.txt
[*] Métricas CSV guardadas en results/classic_p2_balanced_c6_004_metrics.csv
[2026-05-17 00:16:39] === RUN END: classic_p2_balanced_c6_004 ===

[2026-05-17 00:16:39] === RUN START: classic_p2_balanced_c6_005 ===
[2026-05-17 00:16:39] [*] Arrancando captura en pqc_monitor (eth0) para classic_p2_balanced_c6_005
[*] Guardando muestras en: results/classic_p2_balanced_c6_005_docker_stats.csv
[*] Ejecutando comando medido: bash -lc ./scripts/run_client_once_rafaga.sh classic_p2_balanced_c6_005 6; sleep 3
[*] Ráfaga clásica completada: 6 conexiones en 6 clientes (poisson_jitter)
=== host results ===
-rw-rw-r-- 1 cristian cristian    1806 may 17 00:16 classic_p2_balanced_c6_005_client_err.txt
-rw-rw-r-- 1 cristian cristian     524 may 17 00:16 classic_p2_balanced_c6_005_client.txt
-rwxr-xr-x 1 cristian cristian      69 may 17 00:16 classic_p2_balanced_c6_005_docker_stats.csv
-rwxr-xr-x 1 cristian cristian    1696 may 15 18:31 classic_p2_balanced_c6_005_metrics.csv
-rw-r--r-- 1 cristian cristian    8746 may 15 18:31 classic_p2_balanced_c6_005_metrics.txt
-rw-r--r-- 1 cristian cristian     301 may 17 00:16 classic_p2_balanced_c6_005_pqc_client_2_client_err.txt
-rw-r--r-- 1 cristian cristian       0 may 17 00:16 classic_p2_balanced_c6_005_pqc_client_2_client.txt
-rw-r--r-- 1 cristian cristian      39 may 17 00:16 classic_p2_balanced_c6_005_pqc_client_2_summary.txt
-rw-r--r-- 1 cristian cristian     301 may 17 00:16 classic_p2_balanced_c6_005_pqc_client_3_client_err.txt
-rw-r--r-- 1 cristian cristian       0 may 17 00:16 classic_p2_balanced_c6_005_pqc_client_3_client.txt
-rw-r--r-- 1 cristian cristian      39 may 17 00:16 classic_p2_balanced_c6_005_pqc_client_3_summary.txt
-rw-r--r-- 1 cristian cristian     301 may 17 00:16 classic_p2_balanced_c6_005_pqc_client_4_client_err.txt
-rw-r--r-- 1 cristian cristian       0 may 17 00:16 classic_p2_balanced_c6_005_pqc_client_4_client.txt
-rw-r--r-- 1 cristian cristian      39 may 17 00:16 classic_p2_balanced_c6_005_pqc_client_4_summary.txt
-rw-r--r-- 1 cristian cristian     301 may 17 00:16 classic_p2_balanced_c6_005_pqc_client_5_client_err.txt
-rw-r--r-- 1 cristian cristian       0 may 17 00:16 classic_p2_balanced_c6_005_pqc_client_5_client.txt
-rw-r--r-- 1 cristian cristian      39 may 17 00:16 classic_p2_balanced_c6_005_pqc_client_5_summary.txt
-rw-r--r-- 1 cristian cristian     301 may 17 00:16 classic_p2_balanced_c6_005_pqc_client_6_client_err.txt
-rw-r--r-- 1 cristian cristian       0 may 17 00:16 classic_p2_balanced_c6_005_pqc_client_6_client.txt
-rw-r--r-- 1 cristian cristian      39 may 17 00:16 classic_p2_balanced_c6_005_pqc_client_6_summary.txt
-rw-r--r-- 1 cristian cristian     301 may 17 00:16 classic_p2_balanced_c6_005_pqc_client_client_err.txt
-rw-r--r-- 1 cristian cristian       0 may 17 00:16 classic_p2_balanced_c6_005_pqc_client_client.txt
-rw-r--r-- 1 cristian cristian      37 may 17 00:16 classic_p2_balanced_c6_005_pqc_client_summary.txt
-rw-r--r-- 1 cristian cristian     743 may 15 18:31 classic_p2_balanced_c6_005_resource_summary.txt
=== resumen por cliente ===
[*] Perfil poisson_jitter: llegadas no sincronizadas con Poisson+jitter
[*] pqc_client <= plan: 1:0.012539
[*] pqc_client_2 <= plan: 2:0.012539
[*] pqc_client_3 <= plan: 3:0.012539
[*] pqc_client_4 <= plan: 4:0.012539
[*] pqc_client_5 <= plan: 5:0.012539
[*] pqc_client_6 <= plan: 6:0.012539
client=pqc_client total=1 ok=1 err=0
client=pqc_client_2 total=1 ok=1 err=0
client=pqc_client_3 total=1 ok=1 err=0
client=pqc_client_4 total=1 ok=1 err=0
client=pqc_client_5 total=1 ok=1 err=0
client=pqc_client_6 total=1 ok=1 err=0
[*] Resumen guardado en: results/classic_p2_balanced_c6_005_resource_summary.txt
RUN_ID: classic_p2_balanced_c6_005
CSV: results/classic_p2_balanced_c6_005_docker_stats.csv

=== Resumen CPU% y MEM% (avg / max) por contenedor ===
pqc_client_2 -> CPU avg=0.00%, CPU max=0.00%, MEM avg=0.09%, MEM max=0.09%
pqc_client_3 -> CPU avg=0.00%, CPU max=0.00%, MEM avg=0.09%, MEM max=0.09%
pqc_monitor -> CPU avg=0.05%, CPU max=0.07%, MEM avg=0.12%, MEM max=0.12%
pqc_client_4 -> CPU avg=0.00%, CPU max=0.00%, MEM avg=0.08%, MEM max=0.08%
pqc_client_5 -> CPU avg=3.98%, CPU max=11.94%, MEM avg=0.09%, MEM max=0.09%
pqc_server -> CPU avg=0.00%, CPU max=0.00%, MEM avg=0.11%, MEM max=0.11%
pqc_client_6 -> CPU avg=0.00%, CPU max=0.00%, MEM avg=0.14%, MEM max=0.14%
pqc_client -> CPU avg=0.00%, CPU max=0.00%, MEM avg=0.12%, MEM max=0.12%
[2026-05-17 00:16:52] [*] Parando captura en pqc_monitor para classic_p2_balanced_c6_005
[*] Métricas TXT guardadas en results/classic_p2_balanced_c6_005_metrics.txt
[*] Métricas CSV guardadas en results/classic_p2_balanced_c6_005_metrics.csv
[2026-05-17 00:17:16] === RUN END: classic_p2_balanced_c6_005 ===

[2026-05-17 00:17:16] === RUN START: classic_p2_aggressive_c6_001 ===
[2026-05-17 00:17:16] [*] Arrancando captura en pqc_monitor (eth0) para classic_p2_aggressive_c6_001
[*] Guardando muestras en: results/classic_p2_aggressive_c6_001_docker_stats.csv
[*] Ejecutando comando medido: bash -lc ./scripts/run_client_once_rafaga.sh classic_p2_aggressive_c6_001 6; sleep 3
[*] Ráfaga clásica completada: 6 conexiones en 6 clientes (poisson_jitter)
=== host results ===
-rw-rw-r-- 1 cristian cristian    1806 may 17 00:17 classic_p2_aggressive_c6_001_client_err.txt
-rw-rw-r-- 1 cristian cristian     524 may 17 00:17 classic_p2_aggressive_c6_001_client.txt
-rwxr-xr-x 1 cristian cristian      69 may 17 00:17 classic_p2_aggressive_c6_001_docker_stats.csv
-rwxr-xr-x 1 cristian cristian    1706 may 15 18:31 classic_p2_aggressive_c6_001_metrics.csv
-rw-r--r-- 1 cristian cristian    8784 may 15 18:31 classic_p2_aggressive_c6_001_metrics.txt
-rw-r--r-- 1 cristian cristian     301 may 17 00:17 classic_p2_aggressive_c6_001_pqc_client_2_client_err.txt
-rw-r--r-- 1 cristian cristian       0 may 17 00:17 classic_p2_aggressive_c6_001_pqc_client_2_client.txt
-rw-r--r-- 1 cristian cristian      39 may 17 00:17 classic_p2_aggressive_c6_001_pqc_client_2_summary.txt
-rw-r--r-- 1 cristian cristian     301 may 17 00:17 classic_p2_aggressive_c6_001_pqc_client_3_client_err.txt
-rw-r--r-- 1 cristian cristian       0 may 17 00:17 classic_p2_aggressive_c6_001_pqc_client_3_client.txt
-rw-r--r-- 1 cristian cristian      39 may 17 00:17 classic_p2_aggressive_c6_001_pqc_client_3_summary.txt
-rw-r--r-- 1 cristian cristian     301 may 17 00:17 classic_p2_aggressive_c6_001_pqc_client_4_client_err.txt
-rw-r--r-- 1 cristian cristian       0 may 17 00:17 classic_p2_aggressive_c6_001_pqc_client_4_client.txt
-rw-r--r-- 1 cristian cristian      39 may 17 00:17 classic_p2_aggressive_c6_001_pqc_client_4_summary.txt
-rw-r--r-- 1 cristian cristian     301 may 17 00:17 classic_p2_aggressive_c6_001_pqc_client_5_client_err.txt
-rw-r--r-- 1 cristian cristian       0 may 17 00:17 classic_p2_aggressive_c6_001_pqc_client_5_client.txt
-rw-r--r-- 1 cristian cristian      39 may 17 00:17 classic_p2_aggressive_c6_001_pqc_client_5_summary.txt
-rw-r--r-- 1 cristian cristian     301 may 17 00:17 classic_p2_aggressive_c6_001_pqc_client_6_client_err.txt
-rw-r--r-- 1 cristian cristian       0 may 17 00:17 classic_p2_aggressive_c6_001_pqc_client_6_client.txt
-rw-r--r-- 1 cristian cristian      39 may 17 00:17 classic_p2_aggressive_c6_001_pqc_client_6_summary.txt
-rw-r--r-- 1 cristian cristian     301 may 17 00:17 classic_p2_aggressive_c6_001_pqc_client_client_err.txt
-rw-r--r-- 1 cristian cristian       0 may 17 00:17 classic_p2_aggressive_c6_001_pqc_client_client.txt
-rw-r--r-- 1 cristian cristian      37 may 17 00:17 classic_p2_aggressive_c6_001_pqc_client_summary.txt
-rw-r--r-- 1 cristian cristian     748 may 15 18:31 classic_p2_aggressive_c6_001_resource_summary.txt
=== resumen por cliente ===
[*] Perfil poisson_jitter: llegadas no sincronizadas con Poisson+jitter
[*] pqc_client <= plan: 1:0.047036
[*] pqc_client_2 <= plan: 2:0.047036
[*] pqc_client_3 <= plan: 3:0.047036
[*] pqc_client_4 <= plan: 4:0.047036
[*] pqc_client_5 <= plan: 5:0.047036
[*] pqc_client_6 <= plan: 6:0.047036
client=pqc_client total=1 ok=1 err=0
client=pqc_client_2 total=1 ok=1 err=0
client=pqc_client_3 total=1 ok=1 err=0
client=pqc_client_4 total=1 ok=1 err=0
client=pqc_client_5 total=1 ok=1 err=0
client=pqc_client_6 total=1 ok=1 err=0
[*] Resumen guardado en: results/classic_p2_aggressive_c6_001_resource_summary.txt
RUN_ID: classic_p2_aggressive_c6_001
CSV: results/classic_p2_aggressive_c6_001_docker_stats.csv

=== Resumen CPU% y MEM% (avg / max) por contenedor ===
pqc_client_2 -> CPU avg=0.00%, CPU max=0.00%, MEM avg=0.09%, MEM max=0.09%
pqc_client_3 -> CPU avg=0.00%, CPU max=0.00%, MEM avg=0.09%, MEM max=0.09%
pqc_monitor -> CPU avg=0.07%, CPU max=0.11%, MEM avg=0.12%, MEM max=0.12%
pqc_client_4 -> CPU avg=0.00%, CPU max=0.00%, MEM avg=0.08%, MEM max=0.08%
pqc_client_5 -> CPU avg=0.00%, CPU max=0.00%, MEM avg=0.09%, MEM max=0.09%
pqc_server -> CPU avg=0.52%, CPU max=1.57%, MEM avg=0.11%, MEM max=0.11%
pqc_client_6 -> CPU avg=0.00%, CPU max=0.00%, MEM avg=0.14%, MEM max=0.14%
pqc_client -> CPU avg=0.00%, CPU max=0.00%, MEM avg=0.12%, MEM max=0.12%
[2026-05-17 00:17:29] [*] Parando captura en pqc_monitor para classic_p2_aggressive_c6_001
[*] Métricas TXT guardadas en results/classic_p2_aggressive_c6_001_metrics.txt
[*] Métricas CSV guardadas en results/classic_p2_aggressive_c6_001_metrics.csv
[2026-05-17 00:17:53] === RUN END: classic_p2_aggressive_c6_001 ===

[2026-05-17 00:17:53] === RUN START: classic_p2_aggressive_c6_002 ===
[2026-05-17 00:17:53] [*] Arrancando captura en pqc_monitor (eth0) para classic_p2_aggressive_c6_002
[*] Guardando muestras en: results/classic_p2_aggressive_c6_002_docker_stats.csv
[*] Ejecutando comando medido: bash -lc ./scripts/run_client_once_rafaga.sh classic_p2_aggressive_c6_002 6; sleep 3
[*] Ráfaga clásica completada: 6 conexiones en 6 clientes (poisson_jitter)
=== host results ===
-rw-rw-r-- 1 cristian cristian    1806 may 17 00:17 classic_p2_aggressive_c6_002_client_err.txt
-rw-rw-r-- 1 cristian cristian     524 may 17 00:17 classic_p2_aggressive_c6_002_client.txt
-rwxr-xr-x 1 cristian cristian      69 may 17 00:17 classic_p2_aggressive_c6_002_docker_stats.csv
-rwxr-xr-x 1 cristian cristian    1701 may 15 18:32 classic_p2_aggressive_c6_002_metrics.csv
-rw-r--r-- 1 cristian cristian    8765 may 15 18:32 classic_p2_aggressive_c6_002_metrics.txt
-rw-r--r-- 1 cristian cristian     301 may 17 00:17 classic_p2_aggressive_c6_002_pqc_client_2_client_err.txt
-rw-r--r-- 1 cristian cristian       0 may 17 00:17 classic_p2_aggressive_c6_002_pqc_client_2_client.txt
-rw-r--r-- 1 cristian cristian      39 may 17 00:17 classic_p2_aggressive_c6_002_pqc_client_2_summary.txt
-rw-r--r-- 1 cristian cristian     301 may 17 00:17 classic_p2_aggressive_c6_002_pqc_client_3_client_err.txt
-rw-r--r-- 1 cristian cristian       0 may 17 00:17 classic_p2_aggressive_c6_002_pqc_client_3_client.txt
-rw-r--r-- 1 cristian cristian      39 may 17 00:17 classic_p2_aggressive_c6_002_pqc_client_3_summary.txt
-rw-r--r-- 1 cristian cristian     301 may 17 00:17 classic_p2_aggressive_c6_002_pqc_client_4_client_err.txt
-rw-r--r-- 1 cristian cristian       0 may 17 00:17 classic_p2_aggressive_c6_002_pqc_client_4_client.txt
-rw-r--r-- 1 cristian cristian      39 may 17 00:17 classic_p2_aggressive_c6_002_pqc_client_4_summary.txt
-rw-r--r-- 1 cristian cristian     301 may 17 00:17 classic_p2_aggressive_c6_002_pqc_client_5_client_err.txt
-rw-r--r-- 1 cristian cristian       0 may 17 00:17 classic_p2_aggressive_c6_002_pqc_client_5_client.txt
-rw-r--r-- 1 cristian cristian      39 may 17 00:17 classic_p2_aggressive_c6_002_pqc_client_5_summary.txt
-rw-r--r-- 1 cristian cristian     301 may 17 00:17 classic_p2_aggressive_c6_002_pqc_client_6_client_err.txt
-rw-r--r-- 1 cristian cristian       0 may 17 00:17 classic_p2_aggressive_c6_002_pqc_client_6_client.txt
-rw-r--r-- 1 cristian cristian      39 may 17 00:17 classic_p2_aggressive_c6_002_pqc_client_6_summary.txt
-rw-r--r-- 1 cristian cristian     301 may 17 00:17 classic_p2_aggressive_c6_002_pqc_client_client_err.txt
-rw-r--r-- 1 cristian cristian       0 may 17 00:17 classic_p2_aggressive_c6_002_pqc_client_client.txt
-rw-r--r-- 1 cristian cristian      37 may 17 00:17 classic_p2_aggressive_c6_002_pqc_client_summary.txt
-rw-r--r-- 1 cristian cristian     749 may 15 18:32 classic_p2_aggressive_c6_002_resource_summary.txt
=== resumen por cliente ===
[*] Perfil poisson_jitter: llegadas no sincronizadas con Poisson+jitter
[*] pqc_client <= plan: 1:0.000000
[*] pqc_client_2 <= plan: 2:0.000000
[*] pqc_client_3 <= plan: 3:0.000000
[*] pqc_client_4 <= plan: 4:0.000000
[*] pqc_client_5 <= plan: 5:0.000000
[*] pqc_client_6 <= plan: 6:0.000000
client=pqc_client total=1 ok=1 err=0
client=pqc_client_2 total=1 ok=1 err=0
client=pqc_client_3 total=1 ok=1 err=0
client=pqc_client_4 total=1 ok=1 err=0
client=pqc_client_5 total=1 ok=1 err=0
client=pqc_client_6 total=1 ok=1 err=0
[*] Resumen guardado en: results/classic_p2_aggressive_c6_002_resource_summary.txt
RUN_ID: classic_p2_aggressive_c6_002
CSV: results/classic_p2_aggressive_c6_002_docker_stats.csv

=== Resumen CPU% y MEM% (avg / max) por contenedor ===
pqc_client_2 -> CPU avg=0.00%, CPU max=0.00%, MEM avg=0.09%, MEM max=0.09%
pqc_client_3 -> CPU avg=0.00%, CPU max=0.00%, MEM avg=0.09%, MEM max=0.09%
pqc_monitor -> CPU avg=0.10%, CPU max=0.11%, MEM avg=0.12%, MEM max=0.12%
pqc_client_4 -> CPU avg=0.00%, CPU max=0.00%, MEM avg=0.08%, MEM max=0.08%
pqc_client_5 -> CPU avg=0.00%, CPU max=0.00%, MEM avg=0.09%, MEM max=0.09%
pqc_server -> CPU avg=0.00%, CPU max=0.00%, MEM avg=0.11%, MEM max=0.11%
pqc_client_6 -> CPU avg=0.00%, CPU max=0.00%, MEM avg=0.14%, MEM max=0.14%
pqc_client -> CPU avg=0.00%, CPU max=0.00%, MEM avg=0.12%, MEM max=0.12%
[2026-05-17 00:18:06] [*] Parando captura en pqc_monitor para classic_p2_aggressive_c6_002
[*] Métricas TXT guardadas en results/classic_p2_aggressive_c6_002_metrics.txt
[*] Métricas CSV guardadas en results/classic_p2_aggressive_c6_002_metrics.csv
[2026-05-17 00:18:30] === RUN END: classic_p2_aggressive_c6_002 ===

[2026-05-17 00:18:30] === RUN START: classic_p2_aggressive_c6_003 ===
[2026-05-17 00:18:30] [*] Arrancando captura en pqc_monitor (eth0) para classic_p2_aggressive_c6_003
[*] Guardando muestras en: results/classic_p2_aggressive_c6_003_docker_stats.csv
[*] Ejecutando comando medido: bash -lc ./scripts/run_client_once_rafaga.sh classic_p2_aggressive_c6_003 6; sleep 3
[*] Ráfaga clásica completada: 6 conexiones en 6 clientes (poisson_jitter)
=== host results ===
-rw-rw-r-- 1 cristian cristian    1806 may 17 00:18 classic_p2_aggressive_c6_003_client_err.txt
-rw-rw-r-- 1 cristian cristian     524 may 17 00:18 classic_p2_aggressive_c6_003_client.txt
-rwxr-xr-x 1 cristian cristian      69 may 17 00:18 classic_p2_aggressive_c6_003_docker_stats.csv
-rwxr-xr-x 1 cristian cristian    1708 may 15 18:32 classic_p2_aggressive_c6_003_metrics.csv
-rw-r--r-- 1 cristian cristian    8785 may 15 18:32 classic_p2_aggressive_c6_003_metrics.txt
-rw-r--r-- 1 cristian cristian     301 may 17 00:18 classic_p2_aggressive_c6_003_pqc_client_2_client_err.txt
-rw-r--r-- 1 cristian cristian       0 may 17 00:18 classic_p2_aggressive_c6_003_pqc_client_2_client.txt
-rw-r--r-- 1 cristian cristian      39 may 17 00:18 classic_p2_aggressive_c6_003_pqc_client_2_summary.txt
-rw-r--r-- 1 cristian cristian     301 may 17 00:18 classic_p2_aggressive_c6_003_pqc_client_3_client_err.txt
-rw-r--r-- 1 cristian cristian       0 may 17 00:18 classic_p2_aggressive_c6_003_pqc_client_3_client.txt
-rw-r--r-- 1 cristian cristian      39 may 17 00:18 classic_p2_aggressive_c6_003_pqc_client_3_summary.txt
-rw-r--r-- 1 cristian cristian     301 may 17 00:18 classic_p2_aggressive_c6_003_pqc_client_4_client_err.txt
-rw-r--r-- 1 cristian cristian       0 may 17 00:18 classic_p2_aggressive_c6_003_pqc_client_4_client.txt
-rw-r--r-- 1 cristian cristian      39 may 17 00:18 classic_p2_aggressive_c6_003_pqc_client_4_summary.txt
-rw-r--r-- 1 cristian cristian     301 may 17 00:18 classic_p2_aggressive_c6_003_pqc_client_5_client_err.txt
-rw-r--r-- 1 cristian cristian       0 may 17 00:18 classic_p2_aggressive_c6_003_pqc_client_5_client.txt
-rw-r--r-- 1 cristian cristian      39 may 17 00:18 classic_p2_aggressive_c6_003_pqc_client_5_summary.txt
-rw-r--r-- 1 cristian cristian     301 may 17 00:18 classic_p2_aggressive_c6_003_pqc_client_6_client_err.txt
-rw-r--r-- 1 cristian cristian       0 may 17 00:18 classic_p2_aggressive_c6_003_pqc_client_6_client.txt
-rw-r--r-- 1 cristian cristian      39 may 17 00:18 classic_p2_aggressive_c6_003_pqc_client_6_summary.txt
-rw-r--r-- 1 cristian cristian     301 may 17 00:18 classic_p2_aggressive_c6_003_pqc_client_client_err.txt
-rw-r--r-- 1 cristian cristian       0 may 17 00:18 classic_p2_aggressive_c6_003_pqc_client_client.txt
-rw-r--r-- 1 cristian cristian      37 may 17 00:18 classic_p2_aggressive_c6_003_pqc_client_summary.txt
-rw-r--r-- 1 cristian cristian     748 may 15 18:32 classic_p2_aggressive_c6_003_resource_summary.txt
=== resumen por cliente ===
[*] Perfil poisson_jitter: llegadas no sincronizadas con Poisson+jitter
[*] pqc_client <= plan: 1:0.003204
[*] pqc_client_2 <= plan: 2:0.003204
[*] pqc_client_3 <= plan: 3:0.003204
[*] pqc_client_4 <= plan: 4:0.003204
[*] pqc_client_5 <= plan: 5:0.003204
[*] pqc_client_6 <= plan: 6:0.003204
client=pqc_client total=1 ok=1 err=0
client=pqc_client_2 total=1 ok=1 err=0
client=pqc_client_3 total=1 ok=1 err=0
client=pqc_client_4 total=1 ok=1 err=0
client=pqc_client_5 total=1 ok=1 err=0
client=pqc_client_6 total=1 ok=1 err=0
[*] Resumen guardado en: results/classic_p2_aggressive_c6_003_resource_summary.txt
RUN_ID: classic_p2_aggressive_c6_003
CSV: results/classic_p2_aggressive_c6_003_docker_stats.csv

=== Resumen CPU% y MEM% (avg / max) por contenedor ===
pqc_client_2 -> CPU avg=0.00%, CPU max=0.00%, MEM avg=0.09%, MEM max=0.09%
pqc_client_3 -> CPU avg=0.00%, CPU max=0.00%, MEM avg=0.09%, MEM max=0.09%
pqc_monitor -> CPU avg=0.05%, CPU max=0.10%, MEM avg=0.12%, MEM max=0.12%
pqc_client_4 -> CPU avg=0.00%, CPU max=0.00%, MEM avg=0.08%, MEM max=0.08%
pqc_client_5 -> CPU avg=0.00%, CPU max=0.00%, MEM avg=0.09%, MEM max=0.09%
pqc_server -> CPU avg=0.00%, CPU max=0.00%, MEM avg=0.11%, MEM max=0.11%
pqc_client_6 -> CPU avg=0.00%, CPU max=0.00%, MEM avg=0.14%, MEM max=0.14%
pqc_client -> CPU avg=0.00%, CPU max=0.00%, MEM avg=0.12%, MEM max=0.12%
[2026-05-17 00:18:43] [*] Parando captura en pqc_monitor para classic_p2_aggressive_c6_003
[*] Métricas TXT guardadas en results/classic_p2_aggressive_c6_003_metrics.txt
[*] Métricas CSV guardadas en results/classic_p2_aggressive_c6_003_metrics.csv
[2026-05-17 00:19:07] === RUN END: classic_p2_aggressive_c6_003 ===

[2026-05-17 00:19:07] === RUN START: classic_p2_aggressive_c6_004 ===
[2026-05-17 00:19:07] [*] Arrancando captura en pqc_monitor (eth0) para classic_p2_aggressive_c6_004
[*] Guardando muestras en: results/classic_p2_aggressive_c6_004_docker_stats.csv
[*] Ejecutando comando medido: bash -lc ./scripts/run_client_once_rafaga.sh classic_p2_aggressive_c6_004 6; sleep 3
[*] Ráfaga clásica completada: 6 conexiones en 6 clientes (poisson_jitter)
=== host results ===
-rw-rw-r-- 1 cristian cristian    1806 may 17 00:19 classic_p2_aggressive_c6_004_client_err.txt
-rw-rw-r-- 1 cristian cristian     524 may 17 00:19 classic_p2_aggressive_c6_004_client.txt
-rwxr-xr-x 1 cristian cristian      69 may 17 00:19 classic_p2_aggressive_c6_004_docker_stats.csv
-rwxr-xr-x 1 cristian cristian    1704 may 15 18:33 classic_p2_aggressive_c6_004_metrics.csv
-rw-r--r-- 1 cristian cristian    8780 may 15 18:33 classic_p2_aggressive_c6_004_metrics.txt
-rw-r--r-- 1 cristian cristian     301 may 17 00:19 classic_p2_aggressive_c6_004_pqc_client_2_client_err.txt
-rw-r--r-- 1 cristian cristian       0 may 17 00:19 classic_p2_aggressive_c6_004_pqc_client_2_client.txt
-rw-r--r-- 1 cristian cristian      39 may 17 00:19 classic_p2_aggressive_c6_004_pqc_client_2_summary.txt
-rw-r--r-- 1 cristian cristian     301 may 17 00:19 classic_p2_aggressive_c6_004_pqc_client_3_client_err.txt
-rw-r--r-- 1 cristian cristian       0 may 17 00:19 classic_p2_aggressive_c6_004_pqc_client_3_client.txt
-rw-r--r-- 1 cristian cristian      39 may 17 00:19 classic_p2_aggressive_c6_004_pqc_client_3_summary.txt
-rw-r--r-- 1 cristian cristian     301 may 17 00:19 classic_p2_aggressive_c6_004_pqc_client_4_client_err.txt
-rw-r--r-- 1 cristian cristian       0 may 17 00:19 classic_p2_aggressive_c6_004_pqc_client_4_client.txt
-rw-r--r-- 1 cristian cristian      39 may 17 00:19 classic_p2_aggressive_c6_004_pqc_client_4_summary.txt
-rw-r--r-- 1 cristian cristian     301 may 17 00:19 classic_p2_aggressive_c6_004_pqc_client_5_client_err.txt
-rw-r--r-- 1 cristian cristian       0 may 17 00:19 classic_p2_aggressive_c6_004_pqc_client_5_client.txt
-rw-r--r-- 1 cristian cristian      39 may 17 00:19 classic_p2_aggressive_c6_004_pqc_client_5_summary.txt
-rw-r--r-- 1 cristian cristian     301 may 17 00:19 classic_p2_aggressive_c6_004_pqc_client_6_client_err.txt
-rw-r--r-- 1 cristian cristian       0 may 17 00:19 classic_p2_aggressive_c6_004_pqc_client_6_client.txt
-rw-r--r-- 1 cristian cristian      39 may 17 00:19 classic_p2_aggressive_c6_004_pqc_client_6_summary.txt
-rw-r--r-- 1 cristian cristian     301 may 17 00:19 classic_p2_aggressive_c6_004_pqc_client_client_err.txt
-rw-r--r-- 1 cristian cristian       0 may 17 00:19 classic_p2_aggressive_c6_004_pqc_client_client.txt
-rw-r--r-- 1 cristian cristian      37 may 17 00:19 classic_p2_aggressive_c6_004_pqc_client_summary.txt
-rw-r--r-- 1 cristian cristian     747 may 15 18:33 classic_p2_aggressive_c6_004_resource_summary.txt
=== resumen por cliente ===
[*] Perfil poisson_jitter: llegadas no sincronizadas con Poisson+jitter
[*] pqc_client <= plan: 1:0.030866
[*] pqc_client_2 <= plan: 2:0.030866
[*] pqc_client_3 <= plan: 3:0.030866
[*] pqc_client_4 <= plan: 4:0.030866
[*] pqc_client_5 <= plan: 5:0.030866
[*] pqc_client_6 <= plan: 6:0.030866
client=pqc_client total=1 ok=1 err=0
client=pqc_client_2 total=1 ok=1 err=0
client=pqc_client_3 total=1 ok=1 err=0
client=pqc_client_4 total=1 ok=1 err=0
client=pqc_client_5 total=1 ok=1 err=0
client=pqc_client_6 total=1 ok=1 err=0
[*] Resumen guardado en: results/classic_p2_aggressive_c6_004_resource_summary.txt
RUN_ID: classic_p2_aggressive_c6_004
CSV: results/classic_p2_aggressive_c6_004_docker_stats.csv

=== Resumen CPU% y MEM% (avg / max) por contenedor ===
pqc_client_2 -> CPU avg=0.00%, CPU max=0.00%, MEM avg=0.09%, MEM max=0.09%
pqc_client_3 -> CPU avg=0.00%, CPU max=0.00%, MEM avg=0.09%, MEM max=0.09%
pqc_monitor -> CPU avg=0.05%, CPU max=0.06%, MEM avg=0.12%, MEM max=0.12%
pqc_client_4 -> CPU avg=4.46%, CPU max=13.38%, MEM avg=0.08%, MEM max=0.08%
pqc_client_5 -> CPU avg=0.00%, CPU max=0.00%, MEM avg=0.09%, MEM max=0.09%
pqc_server -> CPU avg=0.00%, CPU max=0.00%, MEM avg=0.11%, MEM max=0.11%
pqc_client_6 -> CPU avg=0.00%, CPU max=0.00%, MEM avg=0.14%, MEM max=0.14%
pqc_client -> CPU avg=0.00%, CPU max=0.00%, MEM avg=0.12%, MEM max=0.12%
[2026-05-17 00:19:20] [*] Parando captura en pqc_monitor para classic_p2_aggressive_c6_004
[*] Métricas TXT guardadas en results/classic_p2_aggressive_c6_004_metrics.txt
[*] Métricas CSV guardadas en results/classic_p2_aggressive_c6_004_metrics.csv
[2026-05-17 00:19:43] === RUN END: classic_p2_aggressive_c6_004 ===

[2026-05-17 00:19:43] === RUN START: classic_p2_aggressive_c6_005 ===
[2026-05-17 00:19:43] [*] Arrancando captura en pqc_monitor (eth0) para classic_p2_aggressive_c6_005
[*] Guardando muestras en: results/classic_p2_aggressive_c6_005_docker_stats.csv
[*] Ejecutando comando medido: bash -lc ./scripts/run_client_once_rafaga.sh classic_p2_aggressive_c6_005 6; sleep 3
[*] Ráfaga clásica completada: 6 conexiones en 6 clientes (poisson_jitter)
=== host results ===
-rw-rw-r-- 1 cristian cristian    1806 may 17 00:19 classic_p2_aggressive_c6_005_client_err.txt
-rw-rw-r-- 1 cristian cristian     524 may 17 00:19 classic_p2_aggressive_c6_005_client.txt
-rwxr-xr-x 1 cristian cristian      69 may 17 00:19 classic_p2_aggressive_c6_005_docker_stats.csv
-rwxr-xr-x 1 cristian cristian    1702 may 15 18:33 classic_p2_aggressive_c6_005_metrics.csv
-rw-r--r-- 1 cristian cristian    8768 may 15 18:33 classic_p2_aggressive_c6_005_metrics.txt
-rw-r--r-- 1 cristian cristian     301 may 17 00:19 classic_p2_aggressive_c6_005_pqc_client_2_client_err.txt
-rw-r--r-- 1 cristian cristian       0 may 17 00:19 classic_p2_aggressive_c6_005_pqc_client_2_client.txt
-rw-r--r-- 1 cristian cristian      39 may 17 00:19 classic_p2_aggressive_c6_005_pqc_client_2_summary.txt
-rw-r--r-- 1 cristian cristian     301 may 17 00:19 classic_p2_aggressive_c6_005_pqc_client_3_client_err.txt
-rw-r--r-- 1 cristian cristian       0 may 17 00:19 classic_p2_aggressive_c6_005_pqc_client_3_client.txt
-rw-r--r-- 1 cristian cristian      39 may 17 00:19 classic_p2_aggressive_c6_005_pqc_client_3_summary.txt
-rw-r--r-- 1 cristian cristian     301 may 17 00:19 classic_p2_aggressive_c6_005_pqc_client_4_client_err.txt
-rw-r--r-- 1 cristian cristian       0 may 17 00:19 classic_p2_aggressive_c6_005_pqc_client_4_client.txt
-rw-r--r-- 1 cristian cristian      39 may 17 00:19 classic_p2_aggressive_c6_005_pqc_client_4_summary.txt
-rw-r--r-- 1 cristian cristian     301 may 17 00:19 classic_p2_aggressive_c6_005_pqc_client_5_client_err.txt
-rw-r--r-- 1 cristian cristian       0 may 17 00:19 classic_p2_aggressive_c6_005_pqc_client_5_client.txt
-rw-r--r-- 1 cristian cristian      39 may 17 00:19 classic_p2_aggressive_c6_005_pqc_client_5_summary.txt
-rw-r--r-- 1 cristian cristian     301 may 17 00:19 classic_p2_aggressive_c6_005_pqc_client_6_client_err.txt
-rw-r--r-- 1 cristian cristian       0 may 17 00:19 classic_p2_aggressive_c6_005_pqc_client_6_client.txt
-rw-r--r-- 1 cristian cristian      39 may 17 00:19 classic_p2_aggressive_c6_005_pqc_client_6_summary.txt
-rw-r--r-- 1 cristian cristian     301 may 17 00:19 classic_p2_aggressive_c6_005_pqc_client_client_err.txt
-rw-r--r-- 1 cristian cristian       0 may 17 00:19 classic_p2_aggressive_c6_005_pqc_client_client.txt
-rw-r--r-- 1 cristian cristian      37 may 17 00:19 classic_p2_aggressive_c6_005_pqc_client_summary.txt
-rw-r--r-- 1 cristian cristian     751 may 15 18:33 classic_p2_aggressive_c6_005_resource_summary.txt
=== resumen por cliente ===
[*] Perfil poisson_jitter: llegadas no sincronizadas con Poisson+jitter
[*] pqc_client <= plan: 1:0.017835
[*] pqc_client_2 <= plan: 2:0.017835
[*] pqc_client_3 <= plan: 3:0.017835
[*] pqc_client_4 <= plan: 4:0.017835
[*] pqc_client_5 <= plan: 5:0.017835
[*] pqc_client_6 <= plan: 6:0.017835
client=pqc_client total=1 ok=1 err=0
client=pqc_client_2 total=1 ok=1 err=0
client=pqc_client_3 total=1 ok=1 err=0
client=pqc_client_4 total=1 ok=1 err=0
client=pqc_client_5 total=1 ok=1 err=0
client=pqc_client_6 total=1 ok=1 err=0
[*] Resumen guardado en: results/classic_p2_aggressive_c6_005_resource_summary.txt
RUN_ID: classic_p2_aggressive_c6_005
CSV: results/classic_p2_aggressive_c6_005_docker_stats.csv

=== Resumen CPU% y MEM% (avg / max) por contenedor ===
pqc_client_2 -> CPU avg=0.00%, CPU max=0.00%, MEM avg=0.09%, MEM max=0.09%
pqc_client_3 -> CPU avg=0.00%, CPU max=0.00%, MEM avg=0.09%, MEM max=0.09%
pqc_monitor -> CPU avg=0.07%, CPU max=0.13%, MEM avg=0.12%, MEM max=0.12%
pqc_client_4 -> CPU avg=0.00%, CPU max=0.00%, MEM avg=0.08%, MEM max=0.08%
pqc_client_5 -> CPU avg=0.00%, CPU max=0.00%, MEM avg=0.09%, MEM max=0.09%
pqc_server -> CPU avg=0.00%, CPU max=0.00%, MEM avg=0.11%, MEM max=0.11%
pqc_client_6 -> CPU avg=0.00%, CPU max=0.00%, MEM avg=0.14%, MEM max=0.14%
pqc_client -> CPU avg=0.00%, CPU max=0.00%, MEM avg=0.12%, MEM max=0.12%
[2026-05-17 00:19:56] [*] Parando captura en pqc_monitor para classic_p2_aggressive_c6_005
[*] Métricas TXT guardadas en results/classic_p2_aggressive_c6_005_metrics.txt
[*] Métricas CSV guardadas en results/classic_p2_aggressive_c6_005_metrics.csv
[2026-05-17 00:20:20] === RUN END: classic_p2_aggressive_c6_005 ===

[2026-05-17 00:20:21] === RUN START: classic_p2_soft_c6_001 ===
[2026-05-17 00:20:21] [*] Arrancando captura en pqc_monitor (eth0) para classic_p2_soft_c6_001
[*] Guardando muestras en: results/classic_p2_soft_c6_001_docker_stats.csv
[*] Ejecutando comando medido: bash -lc ./scripts/run_client_once_rafaga.sh classic_p2_soft_c6_001 6; sleep 3
[*] Ráfaga clásica completada: 6 conexiones en 6 clientes (poisson_jitter)
=== host results ===
-rw-rw-r-- 1 cristian cristian    1806 may 17 00:20 classic_p2_soft_c6_001_client_err.txt
-rw-rw-r-- 1 cristian cristian     524 may 17 00:20 classic_p2_soft_c6_001_client.txt
-rwxr-xr-x 1 cristian cristian      69 may 17 00:20 classic_p2_soft_c6_001_docker_stats.csv
-rwxr-xr-x 1 cristian cristian    1693 may 15 18:34 classic_p2_soft_c6_001_metrics.csv
-rw-r--r-- 1 cristian cristian    8718 may 15 18:34 classic_p2_soft_c6_001_metrics.txt
-rw-r--r-- 1 cristian cristian     301 may 17 00:20 classic_p2_soft_c6_001_pqc_client_2_client_err.txt
-rw-r--r-- 1 cristian cristian       0 may 17 00:20 classic_p2_soft_c6_001_pqc_client_2_client.txt
-rw-r--r-- 1 cristian cristian      39 may 17 00:20 classic_p2_soft_c6_001_pqc_client_2_summary.txt
-rw-r--r-- 1 cristian cristian     301 may 17 00:20 classic_p2_soft_c6_001_pqc_client_3_client_err.txt
-rw-r--r-- 1 cristian cristian       0 may 17 00:20 classic_p2_soft_c6_001_pqc_client_3_client.txt
-rw-r--r-- 1 cristian cristian      39 may 17 00:20 classic_p2_soft_c6_001_pqc_client_3_summary.txt
-rw-r--r-- 1 cristian cristian     301 may 17 00:20 classic_p2_soft_c6_001_pqc_client_4_client_err.txt
-rw-r--r-- 1 cristian cristian       0 may 17 00:20 classic_p2_soft_c6_001_pqc_client_4_client.txt
-rw-r--r-- 1 cristian cristian      39 may 17 00:20 classic_p2_soft_c6_001_pqc_client_4_summary.txt
-rw-r--r-- 1 cristian cristian     301 may 17 00:20 classic_p2_soft_c6_001_pqc_client_5_client_err.txt
-rw-r--r-- 1 cristian cristian       0 may 17 00:20 classic_p2_soft_c6_001_pqc_client_5_client.txt
-rw-r--r-- 1 cristian cristian      39 may 17 00:20 classic_p2_soft_c6_001_pqc_client_5_summary.txt
-rw-r--r-- 1 cristian cristian     301 may 17 00:20 classic_p2_soft_c6_001_pqc_client_6_client_err.txt
-rw-r--r-- 1 cristian cristian       0 may 17 00:20 classic_p2_soft_c6_001_pqc_client_6_client.txt
-rw-r--r-- 1 cristian cristian      39 may 17 00:20 classic_p2_soft_c6_001_pqc_client_6_summary.txt
-rw-r--r-- 1 cristian cristian     301 may 17 00:20 classic_p2_soft_c6_001_pqc_client_client_err.txt
-rw-r--r-- 1 cristian cristian       0 may 17 00:20 classic_p2_soft_c6_001_pqc_client_client.txt
-rw-r--r-- 1 cristian cristian      37 may 17 00:20 classic_p2_soft_c6_001_pqc_client_summary.txt
-rw-r--r-- 1 cristian cristian     736 may 15 18:34 classic_p2_soft_c6_001_resource_summary.txt
=== resumen por cliente ===
[*] Perfil poisson_jitter: llegadas no sincronizadas con Poisson+jitter
[*] pqc_client <= plan: 1:0.069431
[*] pqc_client_2 <= plan: 2:0.069431
[*] pqc_client_3 <= plan: 3:0.069431
[*] pqc_client_4 <= plan: 4:0.069431
[*] pqc_client_5 <= plan: 5:0.069431
[*] pqc_client_6 <= plan: 6:0.069431
client=pqc_client total=1 ok=1 err=0
client=pqc_client_2 total=1 ok=1 err=0
client=pqc_client_3 total=1 ok=1 err=0
client=pqc_client_4 total=1 ok=1 err=0
client=pqc_client_5 total=1 ok=1 err=0
client=pqc_client_6 total=1 ok=1 err=0
[*] Resumen guardado en: results/classic_p2_soft_c6_001_resource_summary.txt
RUN_ID: classic_p2_soft_c6_001
CSV: results/classic_p2_soft_c6_001_docker_stats.csv

=== Resumen CPU% y MEM% (avg / max) por contenedor ===
pqc_client_2 -> CPU avg=0.00%, CPU max=0.00%, MEM avg=0.09%, MEM max=0.09%
pqc_client_3 -> CPU avg=0.00%, CPU max=0.00%, MEM avg=0.09%, MEM max=0.09%
pqc_monitor -> CPU avg=0.06%, CPU max=0.10%, MEM avg=0.12%, MEM max=0.12%
pqc_client_4 -> CPU avg=0.00%, CPU max=0.00%, MEM avg=0.08%, MEM max=0.08%
pqc_client_5 -> CPU avg=0.00%, CPU max=0.00%, MEM avg=0.09%, MEM max=0.09%
pqc_server -> CPU avg=0.00%, CPU max=0.00%, MEM avg=0.11%, MEM max=0.11%
pqc_client_6 -> CPU avg=0.00%, CPU max=0.00%, MEM avg=0.14%, MEM max=0.14%
pqc_client -> CPU avg=0.00%, CPU max=0.00%, MEM avg=0.12%, MEM max=0.12%
[2026-05-17 00:20:33] [*] Parando captura en pqc_monitor para classic_p2_soft_c6_001
[*] Métricas TXT guardadas en results/classic_p2_soft_c6_001_metrics.txt
[*] Métricas CSV guardadas en results/classic_p2_soft_c6_001_metrics.csv
[2026-05-17 00:20:57] === RUN END: classic_p2_soft_c6_001 ===

[2026-05-17 00:20:57] === RUN START: classic_p2_soft_c6_002 ===
[2026-05-17 00:20:57] [*] Arrancando captura en pqc_monitor (eth0) para classic_p2_soft_c6_002
[*] Guardando muestras en: results/classic_p2_soft_c6_002_docker_stats.csv
[*] Ejecutando comando medido: bash -lc ./scripts/run_client_once_rafaga.sh classic_p2_soft_c6_002 6; sleep 3
[*] Ráfaga clásica completada: 6 conexiones en 6 clientes (poisson_jitter)
=== host results ===
-rw-rw-r-- 1 cristian cristian    1806 may 17 00:20 classic_p2_soft_c6_002_client_err.txt
-rw-rw-r-- 1 cristian cristian     524 may 17 00:20 classic_p2_soft_c6_002_client.txt
-rwxr-xr-x 1 cristian cristian      69 may 17 00:20 classic_p2_soft_c6_002_docker_stats.csv
-rwxr-xr-x 1 cristian cristian    1694 may 15 18:34 classic_p2_soft_c6_002_metrics.csv
-rw-r--r-- 1 cristian cristian    8720 may 15 18:34 classic_p2_soft_c6_002_metrics.txt
-rw-r--r-- 1 cristian cristian     301 may 17 00:20 classic_p2_soft_c6_002_pqc_client_2_client_err.txt
-rw-r--r-- 1 cristian cristian       0 may 17 00:20 classic_p2_soft_c6_002_pqc_client_2_client.txt
-rw-r--r-- 1 cristian cristian      39 may 17 00:20 classic_p2_soft_c6_002_pqc_client_2_summary.txt
-rw-r--r-- 1 cristian cristian     301 may 17 00:20 classic_p2_soft_c6_002_pqc_client_3_client_err.txt
-rw-r--r-- 1 cristian cristian       0 may 17 00:20 classic_p2_soft_c6_002_pqc_client_3_client.txt
-rw-r--r-- 1 cristian cristian      39 may 17 00:20 classic_p2_soft_c6_002_pqc_client_3_summary.txt
-rw-r--r-- 1 cristian cristian     301 may 17 00:20 classic_p2_soft_c6_002_pqc_client_4_client_err.txt
-rw-r--r-- 1 cristian cristian       0 may 17 00:20 classic_p2_soft_c6_002_pqc_client_4_client.txt
-rw-r--r-- 1 cristian cristian      39 may 17 00:20 classic_p2_soft_c6_002_pqc_client_4_summary.txt
-rw-r--r-- 1 cristian cristian     301 may 17 00:20 classic_p2_soft_c6_002_pqc_client_5_client_err.txt
-rw-r--r-- 1 cristian cristian       0 may 17 00:20 classic_p2_soft_c6_002_pqc_client_5_client.txt
-rw-r--r-- 1 cristian cristian      39 may 17 00:20 classic_p2_soft_c6_002_pqc_client_5_summary.txt
-rw-r--r-- 1 cristian cristian     301 may 17 00:20 classic_p2_soft_c6_002_pqc_client_6_client_err.txt
-rw-r--r-- 1 cristian cristian       0 may 17 00:20 classic_p2_soft_c6_002_pqc_client_6_client.txt
-rw-r--r-- 1 cristian cristian      39 may 17 00:20 classic_p2_soft_c6_002_pqc_client_6_summary.txt
-rw-r--r-- 1 cristian cristian     301 may 17 00:20 classic_p2_soft_c6_002_pqc_client_client_err.txt
-rw-r--r-- 1 cristian cristian       0 may 17 00:20 classic_p2_soft_c6_002_pqc_client_client.txt
-rw-r--r-- 1 cristian cristian      37 may 17 00:20 classic_p2_soft_c6_002_pqc_client_summary.txt
-rw-r--r-- 1 cristian cristian     735 may 15 18:34 classic_p2_soft_c6_002_resource_summary.txt
=== resumen por cliente ===
[*] Perfil poisson_jitter: llegadas no sincronizadas con Poisson+jitter
[*] pqc_client <= plan: 1:0.075775
[*] pqc_client_2 <= plan: 2:0.075775
[*] pqc_client_3 <= plan: 3:0.075775
[*] pqc_client_4 <= plan: 4:0.075775
[*] pqc_client_5 <= plan: 5:0.075775
[*] pqc_client_6 <= plan: 6:0.075775
client=pqc_client total=1 ok=1 err=0
client=pqc_client_2 total=1 ok=1 err=0
client=pqc_client_3 total=1 ok=1 err=0
client=pqc_client_4 total=1 ok=1 err=0
client=pqc_client_5 total=1 ok=1 err=0
client=pqc_client_6 total=1 ok=1 err=0
[*] Resumen guardado en: results/classic_p2_soft_c6_002_resource_summary.txt
RUN_ID: classic_p2_soft_c6_002
CSV: results/classic_p2_soft_c6_002_docker_stats.csv

=== Resumen CPU% y MEM% (avg / max) por contenedor ===
pqc_client_2 -> CPU avg=0.00%, CPU max=0.00%, MEM avg=0.09%, MEM max=0.09%
pqc_client_3 -> CPU avg=0.00%, CPU max=0.00%, MEM avg=0.09%, MEM max=0.09%
pqc_monitor -> CPU avg=0.07%, CPU max=0.08%, MEM avg=0.12%, MEM max=0.12%
pqc_client_4 -> CPU avg=0.00%, CPU max=0.00%, MEM avg=0.08%, MEM max=0.08%
pqc_client_5 -> CPU avg=0.00%, CPU max=0.00%, MEM avg=0.09%, MEM max=0.09%
pqc_server -> CPU avg=0.00%, CPU max=0.00%, MEM avg=0.11%, MEM max=0.11%
pqc_client_6 -> CPU avg=0.00%, CPU max=0.00%, MEM avg=0.14%, MEM max=0.14%
pqc_client -> CPU avg=0.00%, CPU max=0.00%, MEM avg=0.12%, MEM max=0.12%
[2026-05-17 00:21:10] [*] Parando captura en pqc_monitor para classic_p2_soft_c6_002
[*] Métricas TXT guardadas en results/classic_p2_soft_c6_002_metrics.txt
[*] Métricas CSV guardadas en results/classic_p2_soft_c6_002_metrics.csv
[2026-05-17 00:21:33] === RUN END: classic_p2_soft_c6_002 ===

[2026-05-17 00:21:33] === RUN START: classic_p2_soft_c6_003 ===
[2026-05-17 00:21:33] [*] Arrancando captura en pqc_monitor (eth0) para classic_p2_soft_c6_003
[*] Guardando muestras en: results/classic_p2_soft_c6_003_docker_stats.csv
[*] Ejecutando comando medido: bash -lc ./scripts/run_client_once_rafaga.sh classic_p2_soft_c6_003 6; sleep 3
[*] Ráfaga clásica completada: 6 conexiones en 6 clientes (poisson_jitter)
=== host results ===
-rw-rw-r-- 1 cristian cristian    1806 may 17 00:21 classic_p2_soft_c6_003_client_err.txt
-rw-rw-r-- 1 cristian cristian     524 may 17 00:21 classic_p2_soft_c6_003_client.txt
-rwxr-xr-x 1 cristian cristian      69 may 17 00:21 classic_p2_soft_c6_003_docker_stats.csv
-rwxr-xr-x 1 cristian cristian    1695 may 15 18:35 classic_p2_soft_c6_003_metrics.csv
-rw-r--r-- 1 cristian cristian    8608 may 15 18:35 classic_p2_soft_c6_003_metrics.txt
-rw-r--r-- 1 cristian cristian     301 may 17 00:21 classic_p2_soft_c6_003_pqc_client_2_client_err.txt
-rw-r--r-- 1 cristian cristian       0 may 17 00:21 classic_p2_soft_c6_003_pqc_client_2_client.txt
-rw-r--r-- 1 cristian cristian      39 may 17 00:21 classic_p2_soft_c6_003_pqc_client_2_summary.txt
-rw-r--r-- 1 cristian cristian     301 may 17 00:21 classic_p2_soft_c6_003_pqc_client_3_client_err.txt
-rw-r--r-- 1 cristian cristian       0 may 17 00:21 classic_p2_soft_c6_003_pqc_client_3_client.txt
-rw-r--r-- 1 cristian cristian      39 may 17 00:21 classic_p2_soft_c6_003_pqc_client_3_summary.txt
-rw-r--r-- 1 cristian cristian     301 may 17 00:21 classic_p2_soft_c6_003_pqc_client_4_client_err.txt
-rw-r--r-- 1 cristian cristian       0 may 17 00:21 classic_p2_soft_c6_003_pqc_client_4_client.txt
-rw-r--r-- 1 cristian cristian      39 may 17 00:21 classic_p2_soft_c6_003_pqc_client_4_summary.txt
-rw-r--r-- 1 cristian cristian     301 may 17 00:21 classic_p2_soft_c6_003_pqc_client_5_client_err.txt
-rw-r--r-- 1 cristian cristian       0 may 17 00:21 classic_p2_soft_c6_003_pqc_client_5_client.txt
-rw-r--r-- 1 cristian cristian      39 may 17 00:21 classic_p2_soft_c6_003_pqc_client_5_summary.txt
-rw-r--r-- 1 cristian cristian     301 may 17 00:21 classic_p2_soft_c6_003_pqc_client_6_client_err.txt
-rw-r--r-- 1 cristian cristian       0 may 17 00:21 classic_p2_soft_c6_003_pqc_client_6_client.txt
-rw-r--r-- 1 cristian cristian      39 may 17 00:21 classic_p2_soft_c6_003_pqc_client_6_summary.txt
-rw-r--r-- 1 cristian cristian     301 may 17 00:21 classic_p2_soft_c6_003_pqc_client_client_err.txt
-rw-r--r-- 1 cristian cristian       0 may 17 00:21 classic_p2_soft_c6_003_pqc_client_client.txt
-rw-r--r-- 1 cristian cristian      37 may 17 00:21 classic_p2_soft_c6_003_pqc_client_summary.txt
-rw-r--r-- 1 cristian cristian     735 may 15 18:35 classic_p2_soft_c6_003_resource_summary.txt
=== resumen por cliente ===
[*] Perfil poisson_jitter: llegadas no sincronizadas con Poisson+jitter
[*] pqc_client <= plan: 1:0.031815
[*] pqc_client_2 <= plan: 2:0.031815
[*] pqc_client_3 <= plan: 3:0.031815
[*] pqc_client_4 <= plan: 4:0.031815
[*] pqc_client_5 <= plan: 5:0.031815
[*] pqc_client_6 <= plan: 6:0.031815
client=pqc_client total=1 ok=1 err=0
client=pqc_client_2 total=1 ok=1 err=0
client=pqc_client_3 total=1 ok=1 err=0
client=pqc_client_4 total=1 ok=1 err=0
client=pqc_client_5 total=1 ok=1 err=0
client=pqc_client_6 total=1 ok=1 err=0
[*] Resumen guardado en: results/classic_p2_soft_c6_003_resource_summary.txt
RUN_ID: classic_p2_soft_c6_003
CSV: results/classic_p2_soft_c6_003_docker_stats.csv

=== Resumen CPU% y MEM% (avg / max) por contenedor ===
pqc_client_2 -> CPU avg=0.00%, CPU max=0.00%, MEM avg=0.09%, MEM max=0.09%
pqc_client_3 -> CPU avg=0.00%, CPU max=0.00%, MEM avg=0.09%, MEM max=0.09%
pqc_monitor -> CPU avg=0.06%, CPU max=0.07%, MEM avg=0.12%, MEM max=0.12%
pqc_client_4 -> CPU avg=0.00%, CPU max=0.00%, MEM avg=0.08%, MEM max=0.08%
pqc_client_5 -> CPU avg=0.00%, CPU max=0.00%, MEM avg=0.09%, MEM max=0.09%
pqc_server -> CPU avg=0.00%, CPU max=0.00%, MEM avg=0.11%, MEM max=0.11%
pqc_client_6 -> CPU avg=0.00%, CPU max=0.00%, MEM avg=0.14%, MEM max=0.14%
pqc_client -> CPU avg=0.00%, CPU max=0.00%, MEM avg=0.12%, MEM max=0.12%
[2026-05-17 00:21:46] [*] Parando captura en pqc_monitor para classic_p2_soft_c6_003
[*] Métricas TXT guardadas en results/classic_p2_soft_c6_003_metrics.txt
[*] Métricas CSV guardadas en results/classic_p2_soft_c6_003_metrics.csv
[2026-05-17 00:22:10] === RUN END: classic_p2_soft_c6_003 ===

[2026-05-17 00:22:10] === RUN START: classic_p2_soft_c6_004 ===
[2026-05-17 00:22:10] [*] Arrancando captura en pqc_monitor (eth0) para classic_p2_soft_c6_004
[*] Guardando muestras en: results/classic_p2_soft_c6_004_docker_stats.csv
[*] Ejecutando comando medido: bash -lc ./scripts/run_client_once_rafaga.sh classic_p2_soft_c6_004 6; sleep 3
[*] Ráfaga clásica completada: 6 conexiones en 6 clientes (poisson_jitter)
=== host results ===
-rw-rw-r-- 1 cristian cristian    1806 may 17 00:22 classic_p2_soft_c6_004_client_err.txt
-rw-rw-r-- 1 cristian cristian     524 may 17 00:22 classic_p2_soft_c6_004_client.txt
-rwxr-xr-x 1 cristian cristian      69 may 17 00:22 classic_p2_soft_c6_004_docker_stats.csv
-rwxr-xr-x 1 cristian cristian    1693 may 15 18:35 classic_p2_soft_c6_004_metrics.csv
-rw-r--r-- 1 cristian cristian    8716 may 15 18:35 classic_p2_soft_c6_004_metrics.txt
-rw-r--r-- 1 cristian cristian     301 may 17 00:22 classic_p2_soft_c6_004_pqc_client_2_client_err.txt
-rw-r--r-- 1 cristian cristian       0 may 17 00:22 classic_p2_soft_c6_004_pqc_client_2_client.txt
-rw-r--r-- 1 cristian cristian      39 may 17 00:22 classic_p2_soft_c6_004_pqc_client_2_summary.txt
-rw-r--r-- 1 cristian cristian     301 may 17 00:22 classic_p2_soft_c6_004_pqc_client_3_client_err.txt
-rw-r--r-- 1 cristian cristian       0 may 17 00:22 classic_p2_soft_c6_004_pqc_client_3_client.txt
-rw-r--r-- 1 cristian cristian      39 may 17 00:22 classic_p2_soft_c6_004_pqc_client_3_summary.txt
-rw-r--r-- 1 cristian cristian     301 may 17 00:22 classic_p2_soft_c6_004_pqc_client_4_client_err.txt
-rw-r--r-- 1 cristian cristian       0 may 17 00:22 classic_p2_soft_c6_004_pqc_client_4_client.txt
-rw-r--r-- 1 cristian cristian      39 may 17 00:22 classic_p2_soft_c6_004_pqc_client_4_summary.txt
-rw-r--r-- 1 cristian cristian     301 may 17 00:22 classic_p2_soft_c6_004_pqc_client_5_client_err.txt
-rw-r--r-- 1 cristian cristian       0 may 17 00:22 classic_p2_soft_c6_004_pqc_client_5_client.txt
-rw-r--r-- 1 cristian cristian      39 may 17 00:22 classic_p2_soft_c6_004_pqc_client_5_summary.txt
-rw-r--r-- 1 cristian cristian     301 may 17 00:22 classic_p2_soft_c6_004_pqc_client_6_client_err.txt
-rw-r--r-- 1 cristian cristian       0 may 17 00:22 classic_p2_soft_c6_004_pqc_client_6_client.txt
-rw-r--r-- 1 cristian cristian      39 may 17 00:22 classic_p2_soft_c6_004_pqc_client_6_summary.txt
-rw-r--r-- 1 cristian cristian     301 may 17 00:22 classic_p2_soft_c6_004_pqc_client_client_err.txt
-rw-r--r-- 1 cristian cristian       0 may 17 00:22 classic_p2_soft_c6_004_pqc_client_client.txt
-rw-r--r-- 1 cristian cristian      37 may 17 00:22 classic_p2_soft_c6_004_pqc_client_summary.txt
-rw-r--r-- 1 cristian cristian     738 may 15 18:35 classic_p2_soft_c6_004_resource_summary.txt
=== resumen por cliente ===
[*] Perfil poisson_jitter: llegadas no sincronizadas con Poisson+jitter
[*] pqc_client <= plan: 1:0.036012
[*] pqc_client_2 <= plan: 2:0.036012
[*] pqc_client_3 <= plan: 3:0.036012
[*] pqc_client_4 <= plan: 4:0.036012
[*] pqc_client_5 <= plan: 5:0.036012
[*] pqc_client_6 <= plan: 6:0.036012
client=pqc_client total=1 ok=1 err=0
client=pqc_client_2 total=1 ok=1 err=0
client=pqc_client_3 total=1 ok=1 err=0
client=pqc_client_4 total=1 ok=1 err=0
client=pqc_client_5 total=1 ok=1 err=0
client=pqc_client_6 total=1 ok=1 err=0
[*] Resumen guardado en: results/classic_p2_soft_c6_004_resource_summary.txt
RUN_ID: classic_p2_soft_c6_004
CSV: results/classic_p2_soft_c6_004_docker_stats.csv

=== Resumen CPU% y MEM% (avg / max) por contenedor ===
pqc_client_2 -> CPU avg=0.00%, CPU max=0.00%, MEM avg=0.09%, MEM max=0.09%
pqc_client_3 -> CPU avg=0.00%, CPU max=0.00%, MEM avg=0.09%, MEM max=0.09%
pqc_monitor -> CPU avg=0.07%, CPU max=0.08%, MEM avg=0.12%, MEM max=0.12%
pqc_client_4 -> CPU avg=0.00%, CPU max=0.00%, MEM avg=0.08%, MEM max=0.08%
pqc_client_5 -> CPU avg=0.00%, CPU max=0.00%, MEM avg=0.09%, MEM max=0.09%
pqc_server -> CPU avg=0.00%, CPU max=0.00%, MEM avg=0.11%, MEM max=0.11%
pqc_client_6 -> CPU avg=0.00%, CPU max=0.00%, MEM avg=0.14%, MEM max=0.14%
pqc_client -> CPU avg=0.00%, CPU max=0.00%, MEM avg=0.12%, MEM max=0.12%
[2026-05-17 00:22:23] [*] Parando captura en pqc_monitor para classic_p2_soft_c6_004
[*] Métricas TXT guardadas en results/classic_p2_soft_c6_004_metrics.txt
[*] Métricas CSV guardadas en results/classic_p2_soft_c6_004_metrics.csv
[2026-05-17 00:22:47] === RUN END: classic_p2_soft_c6_004 ===

[2026-05-17 00:22:47] === RUN START: classic_p2_soft_c6_005 ===
[2026-05-17 00:22:47] [*] Arrancando captura en pqc_monitor (eth0) para classic_p2_soft_c6_005
[*] Guardando muestras en: results/classic_p2_soft_c6_005_docker_stats.csv
[*] Ejecutando comando medido: bash -lc ./scripts/run_client_once_rafaga.sh classic_p2_soft_c6_005 6; sleep 3
[*] Ráfaga clásica completada: 6 conexiones en 6 clientes (poisson_jitter)
=== host results ===
-rw-rw-r-- 1 cristian cristian    1806 may 17 00:22 classic_p2_soft_c6_005_client_err.txt
-rw-rw-r-- 1 cristian cristian     524 may 17 00:22 classic_p2_soft_c6_005_client.txt
-rwxr-xr-x 1 cristian cristian      69 may 17 00:22 classic_p2_soft_c6_005_docker_stats.csv
-rwxr-xr-x 1 cristian cristian    1701 may 15 18:36 classic_p2_soft_c6_005_metrics.csv
-rw-r--r-- 1 cristian cristian    8746 may 15 18:36 classic_p2_soft_c6_005_metrics.txt
-rw-r--r-- 1 cristian cristian     301 may 17 00:22 classic_p2_soft_c6_005_pqc_client_2_client_err.txt
-rw-r--r-- 1 cristian cristian       0 may 17 00:22 classic_p2_soft_c6_005_pqc_client_2_client.txt
-rw-r--r-- 1 cristian cristian      39 may 17 00:22 classic_p2_soft_c6_005_pqc_client_2_summary.txt
-rw-r--r-- 1 cristian cristian     301 may 17 00:22 classic_p2_soft_c6_005_pqc_client_3_client_err.txt
-rw-r--r-- 1 cristian cristian       0 may 17 00:22 classic_p2_soft_c6_005_pqc_client_3_client.txt
-rw-r--r-- 1 cristian cristian      39 may 17 00:22 classic_p2_soft_c6_005_pqc_client_3_summary.txt
-rw-r--r-- 1 cristian cristian     301 may 17 00:22 classic_p2_soft_c6_005_pqc_client_4_client_err.txt
-rw-r--r-- 1 cristian cristian       0 may 17 00:22 classic_p2_soft_c6_005_pqc_client_4_client.txt
-rw-r--r-- 1 cristian cristian      39 may 17 00:22 classic_p2_soft_c6_005_pqc_client_4_summary.txt
-rw-r--r-- 1 cristian cristian     301 may 17 00:22 classic_p2_soft_c6_005_pqc_client_5_client_err.txt
-rw-r--r-- 1 cristian cristian       0 may 17 00:22 classic_p2_soft_c6_005_pqc_client_5_client.txt
-rw-r--r-- 1 cristian cristian      39 may 17 00:22 classic_p2_soft_c6_005_pqc_client_5_summary.txt
-rw-r--r-- 1 cristian cristian     301 may 17 00:22 classic_p2_soft_c6_005_pqc_client_6_client_err.txt
-rw-r--r-- 1 cristian cristian       0 may 17 00:22 classic_p2_soft_c6_005_pqc_client_6_client.txt
-rw-r--r-- 1 cristian cristian      39 may 17 00:22 classic_p2_soft_c6_005_pqc_client_6_summary.txt
-rw-r--r-- 1 cristian cristian     301 may 17 00:22 classic_p2_soft_c6_005_pqc_client_client_err.txt
-rw-r--r-- 1 cristian cristian       0 may 17 00:22 classic_p2_soft_c6_005_pqc_client_client.txt
-rw-r--r-- 1 cristian cristian      37 may 17 00:22 classic_p2_soft_c6_005_pqc_client_summary.txt
-rw-r--r-- 1 cristian cristian     738 may 15 18:36 classic_p2_soft_c6_005_resource_summary.txt
=== resumen por cliente ===
[*] Perfil poisson_jitter: llegadas no sincronizadas con Poisson+jitter
[*] pqc_client <= plan: 1:0.000000
[*] pqc_client_2 <= plan: 2:0.000000
[*] pqc_client_3 <= plan: 3:0.000000
[*] pqc_client_4 <= plan: 4:0.000000
[*] pqc_client_5 <= plan: 5:0.000000
[*] pqc_client_6 <= plan: 6:0.000000
client=pqc_client total=1 ok=1 err=0
client=pqc_client_2 total=1 ok=1 err=0
client=pqc_client_3 total=1 ok=1 err=0
client=pqc_client_4 total=1 ok=1 err=0
client=pqc_client_5 total=1 ok=1 err=0
client=pqc_client_6 total=1 ok=1 err=0
[*] Resumen guardado en: results/classic_p2_soft_c6_005_resource_summary.txt
RUN_ID: classic_p2_soft_c6_005
CSV: results/classic_p2_soft_c6_005_docker_stats.csv

=== Resumen CPU% y MEM% (avg / max) por contenedor ===
pqc_client_2 -> CPU avg=0.00%, CPU max=0.00%, MEM avg=0.09%, MEM max=0.09%
pqc_client_3 -> CPU avg=0.00%, CPU max=0.00%, MEM avg=0.09%, MEM max=0.09%
pqc_monitor -> CPU avg=0.07%, CPU max=0.10%, MEM avg=0.12%, MEM max=0.12%
pqc_client_4 -> CPU avg=0.00%, CPU max=0.00%, MEM avg=0.08%, MEM max=0.08%
pqc_client_5 -> CPU avg=0.00%, CPU max=0.00%, MEM avg=0.09%, MEM max=0.09%
pqc_server -> CPU avg=0.00%, CPU max=0.00%, MEM avg=0.11%, MEM max=0.11%
pqc_client_6 -> CPU avg=0.00%, CPU max=0.00%, MEM avg=0.14%, MEM max=0.14%
pqc_client -> CPU avg=0.00%, CPU max=0.00%, MEM avg=0.12%, MEM max=0.12%
[2026-05-17 00:23:00] [*] Parando captura en pqc_monitor para classic_p2_soft_c6_005
[*] Métricas TXT guardadas en results/classic_p2_soft_c6_005_metrics.txt
[*] Métricas CSV guardadas en results/classic_p2_soft_c6_005_metrics.csv
[2026-05-17 00:23:23] === RUN END: classic_p2_soft_c6_005 ===

[2026-05-17 00:23:23] === RUN START: classic_p2_stress_c6_001 ===
[2026-05-17 00:23:23] [*] Arrancando captura en pqc_monitor (eth0) para classic_p2_stress_c6_001
[*] Guardando muestras en: results/classic_p2_stress_c6_001_docker_stats.csv
[*] Ejecutando comando medido: bash -lc ./scripts/run_client_once_rafaga.sh classic_p2_stress_c6_001 6; sleep 3
[*] Ráfaga clásica completada: 6 conexiones en 6 clientes (stress)
=== host results ===
-rw-rw-r-- 1 cristian cristian    1806 may 17 00:23 classic_p2_stress_c6_001_client_err.txt
-rw-rw-r-- 1 cristian cristian     473 may 17 00:23 classic_p2_stress_c6_001_client.txt
-rwxr-xr-x 1 cristian cristian      69 may 17 00:23 classic_p2_stress_c6_001_docker_stats.csv
-rwxr-xr-x 1 cristian cristian    1702 may 15 18:36 classic_p2_stress_c6_001_metrics.csv
-rw-r--r-- 1 cristian cristian    8754 may 15 18:36 classic_p2_stress_c6_001_metrics.txt
-rw-r--r-- 1 cristian cristian     301 may 17 00:23 classic_p2_stress_c6_001_pqc_client_2_client_err.txt
-rw-r--r-- 1 cristian cristian       0 may 17 00:23 classic_p2_stress_c6_001_pqc_client_2_client.txt
-rw-r--r-- 1 cristian cristian      39 may 17 00:23 classic_p2_stress_c6_001_pqc_client_2_summary.txt
-rw-r--r-- 1 cristian cristian     301 may 17 00:23 classic_p2_stress_c6_001_pqc_client_3_client_err.txt
-rw-r--r-- 1 cristian cristian       0 may 17 00:23 classic_p2_stress_c6_001_pqc_client_3_client.txt
-rw-r--r-- 1 cristian cristian      39 may 17 00:23 classic_p2_stress_c6_001_pqc_client_3_summary.txt
-rw-r--r-- 1 cristian cristian     301 may 17 00:23 classic_p2_stress_c6_001_pqc_client_4_client_err.txt
-rw-r--r-- 1 cristian cristian       0 may 17 00:23 classic_p2_stress_c6_001_pqc_client_4_client.txt
-rw-r--r-- 1 cristian cristian      39 may 17 00:23 classic_p2_stress_c6_001_pqc_client_4_summary.txt
-rw-r--r-- 1 cristian cristian     301 may 17 00:23 classic_p2_stress_c6_001_pqc_client_5_client_err.txt
-rw-r--r-- 1 cristian cristian       0 may 17 00:23 classic_p2_stress_c6_001_pqc_client_5_client.txt
-rw-r--r-- 1 cristian cristian      39 may 17 00:23 classic_p2_stress_c6_001_pqc_client_5_summary.txt
-rw-r--r-- 1 cristian cristian     301 may 17 00:23 classic_p2_stress_c6_001_pqc_client_6_client_err.txt
-rw-r--r-- 1 cristian cristian       0 may 17 00:23 classic_p2_stress_c6_001_pqc_client_6_client.txt
-rw-r--r-- 1 cristian cristian      39 may 17 00:23 classic_p2_stress_c6_001_pqc_client_6_summary.txt
-rw-r--r-- 1 cristian cristian     301 may 17 00:23 classic_p2_stress_c6_001_pqc_client_client_err.txt
-rw-r--r-- 1 cristian cristian       0 may 17 00:23 classic_p2_stress_c6_001_pqc_client_client.txt
-rw-r--r-- 1 cristian cristian      37 may 17 00:23 classic_p2_stress_c6_001_pqc_client_summary.txt
-rw-r--r-- 1 cristian cristian     739 may 15 18:36 classic_p2_stress_c6_001_resource_summary.txt
=== resumen por cliente ===
[*] Perfil stress: conexiones totalmente paralelas por cliente
[*] pqc_client <= plan: 1:0
[*] pqc_client_2 <= plan: 2:0
[*] pqc_client_3 <= plan: 3:0
[*] pqc_client_4 <= plan: 4:0
[*] pqc_client_5 <= plan: 5:0
[*] pqc_client_6 <= plan: 6:0
client=pqc_client total=1 ok=1 err=0
client=pqc_client_2 total=1 ok=1 err=0
client=pqc_client_3 total=1 ok=1 err=0
client=pqc_client_4 total=1 ok=1 err=0
client=pqc_client_5 total=1 ok=1 err=0
client=pqc_client_6 total=1 ok=1 err=0
[*] Resumen guardado en: results/classic_p2_stress_c6_001_resource_summary.txt
RUN_ID: classic_p2_stress_c6_001
CSV: results/classic_p2_stress_c6_001_docker_stats.csv

=== Resumen CPU% y MEM% (avg / max) por contenedor ===
pqc_client_2 -> CPU avg=0.00%, CPU max=0.00%, MEM avg=0.09%, MEM max=0.09%
pqc_client_3 -> CPU avg=0.00%, CPU max=0.00%, MEM avg=0.09%, MEM max=0.09%
pqc_monitor -> CPU avg=0.07%, CPU max=0.08%, MEM avg=0.12%, MEM max=0.12%
pqc_client_4 -> CPU avg=0.00%, CPU max=0.00%, MEM avg=0.08%, MEM max=0.08%
pqc_client_5 -> CPU avg=0.00%, CPU max=0.00%, MEM avg=0.09%, MEM max=0.09%
pqc_server -> CPU avg=0.59%, CPU max=1.78%, MEM avg=0.11%, MEM max=0.11%
pqc_client_6 -> CPU avg=0.00%, CPU max=0.00%, MEM avg=0.14%, MEM max=0.14%
pqc_client -> CPU avg=0.00%, CPU max=0.00%, MEM avg=0.12%, MEM max=0.12%
[2026-05-17 00:23:37] [*] Parando captura en pqc_monitor para classic_p2_stress_c6_001
[*] Métricas TXT guardadas en results/classic_p2_stress_c6_001_metrics.txt
[*] Métricas CSV guardadas en results/classic_p2_stress_c6_001_metrics.csv
[2026-05-17 00:24:00] === RUN END: classic_p2_stress_c6_001 ===

[2026-05-17 00:24:00] === RUN START: classic_p2_stress_c6_002 ===
[2026-05-17 00:24:00] [*] Arrancando captura en pqc_monitor (eth0) para classic_p2_stress_c6_002
[*] Guardando muestras en: results/classic_p2_stress_c6_002_docker_stats.csv
[*] Ejecutando comando medido: bash -lc ./scripts/run_client_once_rafaga.sh classic_p2_stress_c6_002 6; sleep 3
[*] Ráfaga clásica completada: 6 conexiones en 6 clientes (stress)
=== host results ===
-rw-rw-r-- 1 cristian cristian    1806 may 17 00:24 classic_p2_stress_c6_002_client_err.txt
-rw-rw-r-- 1 cristian cristian     473 may 17 00:24 classic_p2_stress_c6_002_client.txt
-rwxr-xr-x 1 cristian cristian      69 may 17 00:24 classic_p2_stress_c6_002_docker_stats.csv
-rwxr-xr-x 1 cristian cristian    1695 may 15 18:37 classic_p2_stress_c6_002_metrics.csv
-rw-r--r-- 1 cristian cristian    8728 may 15 18:37 classic_p2_stress_c6_002_metrics.txt
-rw-r--r-- 1 cristian cristian     301 may 17 00:24 classic_p2_stress_c6_002_pqc_client_2_client_err.txt
-rw-r--r-- 1 cristian cristian       0 may 17 00:24 classic_p2_stress_c6_002_pqc_client_2_client.txt
-rw-r--r-- 1 cristian cristian      39 may 17 00:24 classic_p2_stress_c6_002_pqc_client_2_summary.txt
-rw-r--r-- 1 cristian cristian     301 may 17 00:24 classic_p2_stress_c6_002_pqc_client_3_client_err.txt
-rw-r--r-- 1 cristian cristian       0 may 17 00:24 classic_p2_stress_c6_002_pqc_client_3_client.txt
-rw-r--r-- 1 cristian cristian      39 may 17 00:24 classic_p2_stress_c6_002_pqc_client_3_summary.txt
-rw-r--r-- 1 cristian cristian     301 may 17 00:24 classic_p2_stress_c6_002_pqc_client_4_client_err.txt
-rw-r--r-- 1 cristian cristian       0 may 17 00:24 classic_p2_stress_c6_002_pqc_client_4_client.txt
-rw-r--r-- 1 cristian cristian      39 may 17 00:24 classic_p2_stress_c6_002_pqc_client_4_summary.txt
-rw-r--r-- 1 cristian cristian     301 may 17 00:24 classic_p2_stress_c6_002_pqc_client_5_client_err.txt
-rw-r--r-- 1 cristian cristian       0 may 17 00:24 classic_p2_stress_c6_002_pqc_client_5_client.txt
-rw-r--r-- 1 cristian cristian      39 may 17 00:24 classic_p2_stress_c6_002_pqc_client_5_summary.txt
-rw-r--r-- 1 cristian cristian     301 may 17 00:24 classic_p2_stress_c6_002_pqc_client_6_client_err.txt
-rw-r--r-- 1 cristian cristian       0 may 17 00:24 classic_p2_stress_c6_002_pqc_client_6_client.txt
-rw-r--r-- 1 cristian cristian      39 may 17 00:24 classic_p2_stress_c6_002_pqc_client_6_summary.txt
-rw-r--r-- 1 cristian cristian     301 may 17 00:24 classic_p2_stress_c6_002_pqc_client_client_err.txt
-rw-r--r-- 1 cristian cristian       0 may 17 00:24 classic_p2_stress_c6_002_pqc_client_client.txt
-rw-r--r-- 1 cristian cristian      37 may 17 00:24 classic_p2_stress_c6_002_pqc_client_summary.txt
-rw-r--r-- 1 cristian cristian     740 may 15 18:37 classic_p2_stress_c6_002_resource_summary.txt
=== resumen por cliente ===
[*] Perfil stress: conexiones totalmente paralelas por cliente
[*] pqc_client <= plan: 1:0
[*] pqc_client_2 <= plan: 2:0
[*] pqc_client_3 <= plan: 3:0
[*] pqc_client_4 <= plan: 4:0
[*] pqc_client_5 <= plan: 5:0
[*] pqc_client_6 <= plan: 6:0
client=pqc_client total=1 ok=1 err=0
client=pqc_client_2 total=1 ok=1 err=0
client=pqc_client_3 total=1 ok=1 err=0
client=pqc_client_4 total=1 ok=1 err=0
client=pqc_client_5 total=1 ok=1 err=0
client=pqc_client_6 total=1 ok=1 err=0
[*] Resumen guardado en: results/classic_p2_stress_c6_002_resource_summary.txt
RUN_ID: classic_p2_stress_c6_002
CSV: results/classic_p2_stress_c6_002_docker_stats.csv

=== Resumen CPU% y MEM% (avg / max) por contenedor ===
pqc_client_2 -> CPU avg=0.00%, CPU max=0.00%, MEM avg=0.09%, MEM max=0.09%
pqc_client_3 -> CPU avg=0.00%, CPU max=0.00%, MEM avg=0.09%, MEM max=0.09%
pqc_monitor -> CPU avg=0.04%, CPU max=0.07%, MEM avg=0.12%, MEM max=0.12%
pqc_client_4 -> CPU avg=0.00%, CPU max=0.00%, MEM avg=0.08%, MEM max=0.08%
pqc_client_5 -> CPU avg=0.00%, CPU max=0.00%, MEM avg=0.09%, MEM max=0.09%
pqc_server -> CPU avg=0.00%, CPU max=0.00%, MEM avg=0.11%, MEM max=0.11%
pqc_client_6 -> CPU avg=0.00%, CPU max=0.00%, MEM avg=0.14%, MEM max=0.14%
pqc_client -> CPU avg=0.00%, CPU max=0.00%, MEM avg=0.12%, MEM max=0.12%
[2026-05-17 00:24:13] [*] Parando captura en pqc_monitor para classic_p2_stress_c6_002
[*] Métricas TXT guardadas en results/classic_p2_stress_c6_002_metrics.txt
[*] Métricas CSV guardadas en results/classic_p2_stress_c6_002_metrics.csv
[2026-05-17 00:24:37] === RUN END: classic_p2_stress_c6_002 ===

[2026-05-17 00:24:37] === RUN START: classic_p2_stress_c6_003 ===
[2026-05-17 00:24:37] [*] Arrancando captura en pqc_monitor (eth0) para classic_p2_stress_c6_003
[*] Guardando muestras en: results/classic_p2_stress_c6_003_docker_stats.csv
[*] Ejecutando comando medido: bash -lc ./scripts/run_client_once_rafaga.sh classic_p2_stress_c6_003 6; sleep 3
[*] Ráfaga clásica completada: 6 conexiones en 6 clientes (stress)
=== host results ===
-rw-rw-r-- 1 cristian cristian    1806 may 17 00:24 classic_p2_stress_c6_003_client_err.txt
-rw-rw-r-- 1 cristian cristian     473 may 17 00:24 classic_p2_stress_c6_003_client.txt
-rwxr-xr-x 1 cristian cristian      69 may 17 00:24 classic_p2_stress_c6_003_docker_stats.csv
-rwxr-xr-x 1 cristian cristian    1697 may 15 18:37 classic_p2_stress_c6_003_metrics.csv
-rw-r--r-- 1 cristian cristian    8731 may 15 18:37 classic_p2_stress_c6_003_metrics.txt
-rw-r--r-- 1 cristian cristian     301 may 17 00:24 classic_p2_stress_c6_003_pqc_client_2_client_err.txt
-rw-r--r-- 1 cristian cristian       0 may 17 00:24 classic_p2_stress_c6_003_pqc_client_2_client.txt
-rw-r--r-- 1 cristian cristian      39 may 17 00:24 classic_p2_stress_c6_003_pqc_client_2_summary.txt
-rw-r--r-- 1 cristian cristian     301 may 17 00:24 classic_p2_stress_c6_003_pqc_client_3_client_err.txt
-rw-r--r-- 1 cristian cristian       0 may 17 00:24 classic_p2_stress_c6_003_pqc_client_3_client.txt
-rw-r--r-- 1 cristian cristian      39 may 17 00:24 classic_p2_stress_c6_003_pqc_client_3_summary.txt
-rw-r--r-- 1 cristian cristian     301 may 17 00:24 classic_p2_stress_c6_003_pqc_client_4_client_err.txt
-rw-r--r-- 1 cristian cristian       0 may 17 00:24 classic_p2_stress_c6_003_pqc_client_4_client.txt
-rw-r--r-- 1 cristian cristian      39 may 17 00:24 classic_p2_stress_c6_003_pqc_client_4_summary.txt
-rw-r--r-- 1 cristian cristian     301 may 17 00:24 classic_p2_stress_c6_003_pqc_client_5_client_err.txt
-rw-r--r-- 1 cristian cristian       0 may 17 00:24 classic_p2_stress_c6_003_pqc_client_5_client.txt
-rw-r--r-- 1 cristian cristian      39 may 17 00:24 classic_p2_stress_c6_003_pqc_client_5_summary.txt
-rw-r--r-- 1 cristian cristian     301 may 17 00:24 classic_p2_stress_c6_003_pqc_client_6_client_err.txt
-rw-r--r-- 1 cristian cristian       0 may 17 00:24 classic_p2_stress_c6_003_pqc_client_6_client.txt
-rw-r--r-- 1 cristian cristian      39 may 17 00:24 classic_p2_stress_c6_003_pqc_client_6_summary.txt
-rw-r--r-- 1 cristian cristian     301 may 17 00:24 classic_p2_stress_c6_003_pqc_client_client_err.txt
-rw-r--r-- 1 cristian cristian       0 may 17 00:24 classic_p2_stress_c6_003_pqc_client_client.txt
-rw-r--r-- 1 cristian cristian      37 may 17 00:24 classic_p2_stress_c6_003_pqc_client_summary.txt
-rw-r--r-- 1 cristian cristian     741 may 15 18:37 classic_p2_stress_c6_003_resource_summary.txt
=== resumen por cliente ===
[*] Perfil stress: conexiones totalmente paralelas por cliente
[*] pqc_client <= plan: 1:0
[*] pqc_client_2 <= plan: 2:0
[*] pqc_client_3 <= plan: 3:0
[*] pqc_client_4 <= plan: 4:0
[*] pqc_client_5 <= plan: 5:0
[*] pqc_client_6 <= plan: 6:0
client=pqc_client total=1 ok=1 err=0
client=pqc_client_2 total=1 ok=1 err=0
client=pqc_client_3 total=1 ok=1 err=0
client=pqc_client_4 total=1 ok=1 err=0
client=pqc_client_5 total=1 ok=1 err=0
client=pqc_client_6 total=1 ok=1 err=0
[*] Resumen guardado en: results/classic_p2_stress_c6_003_resource_summary.txt
RUN_ID: classic_p2_stress_c6_003
CSV: results/classic_p2_stress_c6_003_docker_stats.csv

=== Resumen CPU% y MEM% (avg / max) por contenedor ===
pqc_client_2 -> CPU avg=0.00%, CPU max=0.00%, MEM avg=0.09%, MEM max=0.09%
pqc_client_3 -> CPU avg=0.00%, CPU max=0.00%, MEM avg=0.10%, MEM max=0.10%
pqc_monitor -> CPU avg=0.05%, CPU max=0.10%, MEM avg=0.12%, MEM max=0.12%
pqc_client_4 -> CPU avg=0.00%, CPU max=0.00%, MEM avg=0.08%, MEM max=0.08%
pqc_client_5 -> CPU avg=0.00%, CPU max=0.00%, MEM avg=0.09%, MEM max=0.09%
pqc_server -> CPU avg=0.00%, CPU max=0.00%, MEM avg=0.11%, MEM max=0.11%
pqc_client_6 -> CPU avg=0.00%, CPU max=0.00%, MEM avg=0.14%, MEM max=0.14%
pqc_client -> CPU avg=0.00%, CPU max=0.00%, MEM avg=0.12%, MEM max=0.12%
[2026-05-17 00:24:51] [*] Parando captura en pqc_monitor para classic_p2_stress_c6_003
[*] Métricas TXT guardadas en results/classic_p2_stress_c6_003_metrics.txt
[*] Métricas CSV guardadas en results/classic_p2_stress_c6_003_metrics.csv
[2026-05-17 00:25:14] === RUN END: classic_p2_stress_c6_003 ===

[2026-05-17 00:25:14] === RUN START: classic_p2_stress_c6_004 ===
[2026-05-17 00:25:14] [*] Arrancando captura en pqc_monitor (eth0) para classic_p2_stress_c6_004
[*] Guardando muestras en: results/classic_p2_stress_c6_004_docker_stats.csv
[*] Ejecutando comando medido: bash -lc ./scripts/run_client_once_rafaga.sh classic_p2_stress_c6_004 6; sleep 3
[*] Ráfaga clásica completada: 6 conexiones en 6 clientes (stress)
=== host results ===
-rw-rw-r-- 1 cristian cristian    1806 may 17 00:25 classic_p2_stress_c6_004_client_err.txt
-rw-rw-r-- 1 cristian cristian     473 may 17 00:25 classic_p2_stress_c6_004_client.txt
-rwxr-xr-x 1 cristian cristian      69 may 17 00:25 classic_p2_stress_c6_004_docker_stats.csv
-rwxr-xr-x 1 cristian cristian    1703 may 15 18:38 classic_p2_stress_c6_004_metrics.csv
-rw-r--r-- 1 cristian cristian    8757 may 15 18:38 classic_p2_stress_c6_004_metrics.txt
-rw-r--r-- 1 cristian cristian     301 may 17 00:25 classic_p2_stress_c6_004_pqc_client_2_client_err.txt
-rw-r--r-- 1 cristian cristian       0 may 17 00:25 classic_p2_stress_c6_004_pqc_client_2_client.txt
-rw-r--r-- 1 cristian cristian      39 may 17 00:25 classic_p2_stress_c6_004_pqc_client_2_summary.txt
-rw-r--r-- 1 cristian cristian     301 may 17 00:25 classic_p2_stress_c6_004_pqc_client_3_client_err.txt
-rw-r--r-- 1 cristian cristian       0 may 17 00:25 classic_p2_stress_c6_004_pqc_client_3_client.txt
-rw-r--r-- 1 cristian cristian      39 may 17 00:25 classic_p2_stress_c6_004_pqc_client_3_summary.txt
-rw-r--r-- 1 cristian cristian     301 may 17 00:25 classic_p2_stress_c6_004_pqc_client_4_client_err.txt
-rw-r--r-- 1 cristian cristian       0 may 17 00:25 classic_p2_stress_c6_004_pqc_client_4_client.txt
-rw-r--r-- 1 cristian cristian      39 may 17 00:25 classic_p2_stress_c6_004_pqc_client_4_summary.txt
-rw-r--r-- 1 cristian cristian     301 may 17 00:25 classic_p2_stress_c6_004_pqc_client_5_client_err.txt
-rw-r--r-- 1 cristian cristian       0 may 17 00:25 classic_p2_stress_c6_004_pqc_client_5_client.txt
-rw-r--r-- 1 cristian cristian      39 may 17 00:25 classic_p2_stress_c6_004_pqc_client_5_summary.txt
-rw-r--r-- 1 cristian cristian     301 may 17 00:25 classic_p2_stress_c6_004_pqc_client_6_client_err.txt
-rw-r--r-- 1 cristian cristian       0 may 17 00:25 classic_p2_stress_c6_004_pqc_client_6_client.txt
-rw-r--r-- 1 cristian cristian      39 may 17 00:25 classic_p2_stress_c6_004_pqc_client_6_summary.txt
-rw-r--r-- 1 cristian cristian     301 may 17 00:25 classic_p2_stress_c6_004_pqc_client_client_err.txt
-rw-r--r-- 1 cristian cristian       0 may 17 00:25 classic_p2_stress_c6_004_pqc_client_client.txt
-rw-r--r-- 1 cristian cristian      37 may 17 00:25 classic_p2_stress_c6_004_pqc_client_summary.txt
-rw-r--r-- 1 cristian cristian     741 may 15 18:38 classic_p2_stress_c6_004_resource_summary.txt
=== resumen por cliente ===
[*] Perfil stress: conexiones totalmente paralelas por cliente
[*] pqc_client <= plan: 1:0
[*] pqc_client_2 <= plan: 2:0
[*] pqc_client_3 <= plan: 3:0
[*] pqc_client_4 <= plan: 4:0
[*] pqc_client_5 <= plan: 5:0
[*] pqc_client_6 <= plan: 6:0
client=pqc_client total=1 ok=1 err=0
client=pqc_client_2 total=1 ok=1 err=0
client=pqc_client_3 total=1 ok=1 err=0
client=pqc_client_4 total=1 ok=1 err=0
client=pqc_client_5 total=1 ok=1 err=0
client=pqc_client_6 total=1 ok=1 err=0
[*] Resumen guardado en: results/classic_p2_stress_c6_004_resource_summary.txt
RUN_ID: classic_p2_stress_c6_004
CSV: results/classic_p2_stress_c6_004_docker_stats.csv

=== Resumen CPU% y MEM% (avg / max) por contenedor ===
pqc_client_2 -> CPU avg=0.00%, CPU max=0.00%, MEM avg=0.09%, MEM max=0.09%
pqc_client_3 -> CPU avg=0.00%, CPU max=0.00%, MEM avg=0.10%, MEM max=0.10%
pqc_monitor -> CPU avg=0.07%, CPU max=0.15%, MEM avg=0.12%, MEM max=0.12%
pqc_client_4 -> CPU avg=0.00%, CPU max=0.00%, MEM avg=0.08%, MEM max=0.08%
pqc_client_5 -> CPU avg=0.00%, CPU max=0.00%, MEM avg=0.09%, MEM max=0.09%
pqc_server -> CPU avg=0.00%, CPU max=0.00%, MEM avg=0.11%, MEM max=0.11%
pqc_client_6 -> CPU avg=0.00%, CPU max=0.00%, MEM avg=0.14%, MEM max=0.14%
pqc_client -> CPU avg=0.00%, CPU max=0.00%, MEM avg=0.12%, MEM max=0.12%
[2026-05-17 00:25:29] [*] Parando captura en pqc_monitor para classic_p2_stress_c6_004
[*] Métricas TXT guardadas en results/classic_p2_stress_c6_004_metrics.txt
[*] Métricas CSV guardadas en results/classic_p2_stress_c6_004_metrics.csv
[2026-05-17 00:25:53] === RUN END: classic_p2_stress_c6_004 ===

[2026-05-17 00:25:53] === RUN START: classic_p2_stress_c6_005 ===
[2026-05-17 00:25:53] [*] Arrancando captura en pqc_monitor (eth0) para classic_p2_stress_c6_005
[*] Guardando muestras en: results/classic_p2_stress_c6_005_docker_stats.csv
[*] Ejecutando comando medido: bash -lc ./scripts/run_client_once_rafaga.sh classic_p2_stress_c6_005 6; sleep 3
[*] Ráfaga clásica completada: 6 conexiones en 6 clientes (stress)
=== host results ===
-rw-rw-r-- 1 cristian cristian    1806 may 17 00:25 classic_p2_stress_c6_005_client_err.txt
-rw-rw-r-- 1 cristian cristian     473 may 17 00:25 classic_p2_stress_c6_005_client.txt
-rwxr-xr-x 1 cristian cristian      69 may 17 00:25 classic_p2_stress_c6_005_docker_stats.csv
-rwxr-xr-x 1 cristian cristian    1698 may 15 18:38 classic_p2_stress_c6_005_metrics.csv
-rw-r--r-- 1 cristian cristian    8734 may 15 18:38 classic_p2_stress_c6_005_metrics.txt
-rw-r--r-- 1 cristian cristian     301 may 17 00:25 classic_p2_stress_c6_005_pqc_client_2_client_err.txt
-rw-r--r-- 1 cristian cristian       0 may 17 00:25 classic_p2_stress_c6_005_pqc_client_2_client.txt
-rw-r--r-- 1 cristian cristian      39 may 17 00:25 classic_p2_stress_c6_005_pqc_client_2_summary.txt
-rw-r--r-- 1 cristian cristian     301 may 17 00:25 classic_p2_stress_c6_005_pqc_client_3_client_err.txt
-rw-r--r-- 1 cristian cristian       0 may 17 00:25 classic_p2_stress_c6_005_pqc_client_3_client.txt
-rw-r--r-- 1 cristian cristian      39 may 17 00:25 classic_p2_stress_c6_005_pqc_client_3_summary.txt
-rw-r--r-- 1 cristian cristian     301 may 17 00:25 classic_p2_stress_c6_005_pqc_client_4_client_err.txt
-rw-r--r-- 1 cristian cristian       0 may 17 00:25 classic_p2_stress_c6_005_pqc_client_4_client.txt
-rw-r--r-- 1 cristian cristian      39 may 17 00:25 classic_p2_stress_c6_005_pqc_client_4_summary.txt
-rw-r--r-- 1 cristian cristian     301 may 17 00:25 classic_p2_stress_c6_005_pqc_client_5_client_err.txt
-rw-r--r-- 1 cristian cristian       0 may 17 00:25 classic_p2_stress_c6_005_pqc_client_5_client.txt
-rw-r--r-- 1 cristian cristian      39 may 17 00:25 classic_p2_stress_c6_005_pqc_client_5_summary.txt
-rw-r--r-- 1 cristian cristian     301 may 17 00:25 classic_p2_stress_c6_005_pqc_client_6_client_err.txt
-rw-r--r-- 1 cristian cristian       0 may 17 00:25 classic_p2_stress_c6_005_pqc_client_6_client.txt
-rw-r--r-- 1 cristian cristian      39 may 17 00:25 classic_p2_stress_c6_005_pqc_client_6_summary.txt
-rw-r--r-- 1 cristian cristian     301 may 17 00:25 classic_p2_stress_c6_005_pqc_client_client_err.txt
-rw-r--r-- 1 cristian cristian       0 may 17 00:25 classic_p2_stress_c6_005_pqc_client_client.txt
-rw-r--r-- 1 cristian cristian      37 may 17 00:25 classic_p2_stress_c6_005_pqc_client_summary.txt
-rw-r--r-- 1 cristian cristian     743 may 15 18:38 classic_p2_stress_c6_005_resource_summary.txt
=== resumen por cliente ===
[*] Perfil stress: conexiones totalmente paralelas por cliente
[*] pqc_client <= plan: 1:0
[*] pqc_client_2 <= plan: 2:0
[*] pqc_client_3 <= plan: 3:0
[*] pqc_client_4 <= plan: 4:0
[*] pqc_client_5 <= plan: 5:0
[*] pqc_client_6 <= plan: 6:0
client=pqc_client total=1 ok=1 err=0
client=pqc_client_2 total=1 ok=1 err=0
client=pqc_client_3 total=1 ok=1 err=0
client=pqc_client_4 total=1 ok=1 err=0
client=pqc_client_5 total=1 ok=1 err=0
client=pqc_client_6 total=1 ok=1 err=0
[*] Resumen guardado en: results/classic_p2_stress_c6_005_resource_summary.txt
RUN_ID: classic_p2_stress_c6_005
CSV: results/classic_p2_stress_c6_005_docker_stats.csv

=== Resumen CPU% y MEM% (avg / max) por contenedor ===
pqc_client_2 -> CPU avg=0.00%, CPU max=0.00%, MEM avg=0.09%, MEM max=0.09%
pqc_client_3 -> CPU avg=0.00%, CPU max=0.00%, MEM avg=0.10%, MEM max=0.10%
pqc_monitor -> CPU avg=0.09%, CPU max=0.11%, MEM avg=0.12%, MEM max=0.12%
pqc_client_4 -> CPU avg=0.00%, CPU max=0.00%, MEM avg=0.08%, MEM max=0.08%
pqc_client_5 -> CPU avg=0.00%, CPU max=0.00%, MEM avg=0.09%, MEM max=0.09%
pqc_server -> CPU avg=0.00%, CPU max=0.00%, MEM avg=0.11%, MEM max=0.11%
pqc_client_6 -> CPU avg=0.00%, CPU max=0.00%, MEM avg=0.14%, MEM max=0.14%
pqc_client -> CPU avg=0.00%, CPU max=0.00%, MEM avg=0.12%, MEM max=0.12%
[2026-05-17 00:26:06] [*] Parando captura en pqc_monitor para classic_p2_stress_c6_005
[*] Métricas TXT guardadas en results/classic_p2_stress_c6_005_metrics.txt
[*] Métricas CSV guardadas en results/classic_p2_stress_c6_005_metrics.csv
[2026-05-17 00:26:30] === RUN END: classic_p2_stress_c6_005 ===

[2026-05-17 00:26:30] ---- Aplicando perfil de red P3 ----
[*] Aplicando perfil P3

[*] Estado qdisc en monitor:
qdisc netem 8011: root refcnt 5 limit 1000 delay 50ms loss 1%
qdisc netem 8012: root refcnt 5 limit 1000 delay 50ms loss 1%
[2026-05-17 00:26:31] === RUN START: classic_p3_balanced_c6_001 ===
[2026-05-17 00:26:31] [*] Arrancando captura en pqc_monitor (eth0) para classic_p3_balanced_c6_001
[*] Guardando muestras en: results/classic_p3_balanced_c6_001_docker_stats.csv
[*] Ejecutando comando medido: bash -lc ./scripts/run_client_once_rafaga.sh classic_p3_balanced_c6_001 6; sleep 3
[*] Ráfaga clásica completada: 6 conexiones en 6 clientes (poisson_jitter)
=== host results ===
-rw-rw-r-- 1 cristian cristian    1806 may 17 00:26 classic_p3_balanced_c6_001_client_err.txt
-rw-rw-r-- 1 cristian cristian     524 may 17 00:26 classic_p3_balanced_c6_001_client.txt
-rwxr-xr-x 1 cristian cristian      69 may 17 00:26 classic_p3_balanced_c6_001_docker_stats.csv
-rwxr-xr-x 1 cristian cristian    1708 may 15 18:39 classic_p3_balanced_c6_001_metrics.csv
-rw-r--r-- 1 cristian cristian    8775 may 15 18:39 classic_p3_balanced_c6_001_metrics.txt
-rw-r--r-- 1 cristian cristian     301 may 17 00:26 classic_p3_balanced_c6_001_pqc_client_2_client_err.txt
-rw-r--r-- 1 cristian cristian       0 may 17 00:26 classic_p3_balanced_c6_001_pqc_client_2_client.txt
-rw-r--r-- 1 cristian cristian      39 may 17 00:26 classic_p3_balanced_c6_001_pqc_client_2_summary.txt
-rw-r--r-- 1 cristian cristian     301 may 17 00:26 classic_p3_balanced_c6_001_pqc_client_3_client_err.txt
-rw-r--r-- 1 cristian cristian       0 may 17 00:26 classic_p3_balanced_c6_001_pqc_client_3_client.txt
-rw-r--r-- 1 cristian cristian      39 may 17 00:26 classic_p3_balanced_c6_001_pqc_client_3_summary.txt
-rw-r--r-- 1 cristian cristian     301 may 17 00:26 classic_p3_balanced_c6_001_pqc_client_4_client_err.txt
-rw-r--r-- 1 cristian cristian       0 may 17 00:26 classic_p3_balanced_c6_001_pqc_client_4_client.txt
-rw-r--r-- 1 cristian cristian      39 may 17 00:26 classic_p3_balanced_c6_001_pqc_client_4_summary.txt
-rw-r--r-- 1 cristian cristian     301 may 17 00:26 classic_p3_balanced_c6_001_pqc_client_5_client_err.txt
-rw-r--r-- 1 cristian cristian       0 may 17 00:26 classic_p3_balanced_c6_001_pqc_client_5_client.txt
-rw-r--r-- 1 cristian cristian      39 may 17 00:26 classic_p3_balanced_c6_001_pqc_client_5_summary.txt
-rw-r--r-- 1 cristian cristian     301 may 17 00:26 classic_p3_balanced_c6_001_pqc_client_6_client_err.txt
-rw-r--r-- 1 cristian cristian       0 may 17 00:26 classic_p3_balanced_c6_001_pqc_client_6_client.txt
-rw-r--r-- 1 cristian cristian      39 may 17 00:26 classic_p3_balanced_c6_001_pqc_client_6_summary.txt
-rw-r--r-- 1 cristian cristian     301 may 17 00:26 classic_p3_balanced_c6_001_pqc_client_client_err.txt
-rw-r--r-- 1 cristian cristian       0 may 17 00:26 classic_p3_balanced_c6_001_pqc_client_client.txt
-rw-r--r-- 1 cristian cristian      37 may 17 00:26 classic_p3_balanced_c6_001_pqc_client_summary.txt
-rw-r--r-- 1 cristian cristian     744 may 15 18:39 classic_p3_balanced_c6_001_resource_summary.txt
=== resumen por cliente ===
[*] Perfil poisson_jitter: llegadas no sincronizadas con Poisson+jitter
[*] pqc_client <= plan: 1:0.017195
[*] pqc_client_2 <= plan: 2:0.017195
[*] pqc_client_3 <= plan: 3:0.017195
[*] pqc_client_4 <= plan: 4:0.017195
[*] pqc_client_5 <= plan: 5:0.017195
[*] pqc_client_6 <= plan: 6:0.017195
client=pqc_client total=1 ok=1 err=0
client=pqc_client_2 total=1 ok=1 err=0
client=pqc_client_3 total=1 ok=1 err=0
client=pqc_client_4 total=1 ok=1 err=0
client=pqc_client_5 total=1 ok=1 err=0
client=pqc_client_6 total=1 ok=1 err=0
[*] Resumen guardado en: results/classic_p3_balanced_c6_001_resource_summary.txt
RUN_ID: classic_p3_balanced_c6_001
CSV: results/classic_p3_balanced_c6_001_docker_stats.csv

=== Resumen CPU% y MEM% (avg / max) por contenedor ===
pqc_client_2 -> CPU avg=0.00%, CPU max=0.00%, MEM avg=0.09%, MEM max=0.09%
pqc_client_3 -> CPU avg=0.11%, CPU max=0.34%, MEM avg=0.10%, MEM max=0.10%
pqc_monitor -> CPU avg=0.07%, CPU max=0.11%, MEM avg=0.12%, MEM max=0.12%
pqc_client_4 -> CPU avg=5.00%, CPU max=14.99%, MEM avg=0.09%, MEM max=0.09%
pqc_client_5 -> CPU avg=0.61%, CPU max=1.84%, MEM avg=0.09%, MEM max=0.09%
pqc_server -> CPU avg=0.19%, CPU max=0.56%, MEM avg=0.11%, MEM max=0.11%
pqc_client_6 -> CPU avg=0.58%, CPU max=1.75%, MEM avg=0.14%, MEM max=0.14%
pqc_client -> CPU avg=0.00%, CPU max=0.00%, MEM avg=0.12%, MEM max=0.12%
[2026-05-17 00:26:44] [*] Parando captura en pqc_monitor para classic_p3_balanced_c6_001
[*] Métricas TXT guardadas en results/classic_p3_balanced_c6_001_metrics.txt
[*] Métricas CSV guardadas en results/classic_p3_balanced_c6_001_metrics.csv
[2026-05-17 00:27:08] === RUN END: classic_p3_balanced_c6_001 ===

[2026-05-17 00:27:08] === RUN START: classic_p3_balanced_c6_002 ===
[2026-05-17 00:27:08] [*] Arrancando captura en pqc_monitor (eth0) para classic_p3_balanced_c6_002
[*] Guardando muestras en: results/classic_p3_balanced_c6_002_docker_stats.csv
[*] Ejecutando comando medido: bash -lc ./scripts/run_client_once_rafaga.sh classic_p3_balanced_c6_002 6; sleep 3
[*] Ráfaga clásica completada: 6 conexiones en 6 clientes (poisson_jitter)
=== host results ===
-rw-rw-r-- 1 cristian cristian    1806 may 17 00:27 classic_p3_balanced_c6_002_client_err.txt
-rw-rw-r-- 1 cristian cristian     524 may 17 00:27 classic_p3_balanced_c6_002_client.txt
-rwxr-xr-x 1 cristian cristian      69 may 17 00:27 classic_p3_balanced_c6_002_docker_stats.csv
-rwxr-xr-x 1 cristian cristian    1707 may 15 18:39 classic_p3_balanced_c6_002_metrics.csv
-rw-r--r-- 1 cristian cristian    8773 may 15 18:39 classic_p3_balanced_c6_002_metrics.txt
-rw-r--r-- 1 cristian cristian     301 may 17 00:27 classic_p3_balanced_c6_002_pqc_client_2_client_err.txt
-rw-r--r-- 1 cristian cristian       0 may 17 00:27 classic_p3_balanced_c6_002_pqc_client_2_client.txt
-rw-r--r-- 1 cristian cristian      39 may 17 00:27 classic_p3_balanced_c6_002_pqc_client_2_summary.txt
-rw-r--r-- 1 cristian cristian     301 may 17 00:27 classic_p3_balanced_c6_002_pqc_client_3_client_err.txt
-rw-r--r-- 1 cristian cristian       0 may 17 00:27 classic_p3_balanced_c6_002_pqc_client_3_client.txt
-rw-r--r-- 1 cristian cristian      39 may 17 00:27 classic_p3_balanced_c6_002_pqc_client_3_summary.txt
-rw-r--r-- 1 cristian cristian     301 may 17 00:27 classic_p3_balanced_c6_002_pqc_client_4_client_err.txt
-rw-r--r-- 1 cristian cristian       0 may 17 00:27 classic_p3_balanced_c6_002_pqc_client_4_client.txt
-rw-r--r-- 1 cristian cristian      39 may 17 00:27 classic_p3_balanced_c6_002_pqc_client_4_summary.txt
-rw-r--r-- 1 cristian cristian     301 may 17 00:27 classic_p3_balanced_c6_002_pqc_client_5_client_err.txt
-rw-r--r-- 1 cristian cristian       0 may 17 00:27 classic_p3_balanced_c6_002_pqc_client_5_client.txt
-rw-r--r-- 1 cristian cristian      39 may 17 00:27 classic_p3_balanced_c6_002_pqc_client_5_summary.txt
-rw-r--r-- 1 cristian cristian     301 may 17 00:27 classic_p3_balanced_c6_002_pqc_client_6_client_err.txt
-rw-r--r-- 1 cristian cristian       0 may 17 00:27 classic_p3_balanced_c6_002_pqc_client_6_client.txt
-rw-r--r-- 1 cristian cristian      39 may 17 00:27 classic_p3_balanced_c6_002_pqc_client_6_summary.txt
-rw-r--r-- 1 cristian cristian     301 may 17 00:27 classic_p3_balanced_c6_002_pqc_client_client_err.txt
-rw-r--r-- 1 cristian cristian       0 may 17 00:27 classic_p3_balanced_c6_002_pqc_client_client.txt
-rw-r--r-- 1 cristian cristian      37 may 17 00:27 classic_p3_balanced_c6_002_pqc_client_summary.txt
-rw-r--r-- 1 cristian cristian     745 may 15 18:39 classic_p3_balanced_c6_002_resource_summary.txt
=== resumen por cliente ===
[*] Perfil poisson_jitter: llegadas no sincronizadas con Poisson+jitter
[*] pqc_client <= plan: 1:0.050902
[*] pqc_client_2 <= plan: 2:0.050902
[*] pqc_client_3 <= plan: 3:0.050902
[*] pqc_client_4 <= plan: 4:0.050902
[*] pqc_client_5 <= plan: 5:0.050902
[*] pqc_client_6 <= plan: 6:0.050902
client=pqc_client total=1 ok=1 err=0
client=pqc_client_2 total=1 ok=1 err=0
client=pqc_client_3 total=1 ok=1 err=0
client=pqc_client_4 total=1 ok=1 err=0
client=pqc_client_5 total=1 ok=1 err=0
client=pqc_client_6 total=1 ok=1 err=0
[*] Resumen guardado en: results/classic_p3_balanced_c6_002_resource_summary.txt
RUN_ID: classic_p3_balanced_c6_002
CSV: results/classic_p3_balanced_c6_002_docker_stats.csv

=== Resumen CPU% y MEM% (avg / max) por contenedor ===
pqc_client_2 -> CPU avg=0.00%, CPU max=0.00%, MEM avg=0.09%, MEM max=0.09%
pqc_client_3 -> CPU avg=0.56%, CPU max=1.67%, MEM avg=0.10%, MEM max=0.10%
pqc_monitor -> CPU avg=0.07%, CPU max=0.11%, MEM avg=0.12%, MEM max=0.12%
pqc_client_4 -> CPU avg=0.00%, CPU max=0.00%, MEM avg=0.09%, MEM max=0.09%
pqc_client_5 -> CPU avg=0.74%, CPU max=2.21%, MEM avg=0.09%, MEM max=0.09%
pqc_server -> CPU avg=0.09%, CPU max=0.26%, MEM avg=0.11%, MEM max=0.11%
pqc_client_6 -> CPU avg=0.65%, CPU max=1.94%, MEM avg=0.14%, MEM max=0.14%
pqc_client -> CPU avg=0.00%, CPU max=0.00%, MEM avg=0.12%, MEM max=0.12%
[2026-05-17 00:27:21] [*] Parando captura en pqc_monitor para classic_p3_balanced_c6_002
[*] Métricas TXT guardadas en results/classic_p3_balanced_c6_002_metrics.txt
[*] Métricas CSV guardadas en results/classic_p3_balanced_c6_002_metrics.csv
[2026-05-17 00:27:46] === RUN END: classic_p3_balanced_c6_002 ===

[2026-05-17 00:27:46] === RUN START: classic_p3_balanced_c6_003 ===
[2026-05-17 00:27:46] [*] Arrancando captura en pqc_monitor (eth0) para classic_p3_balanced_c6_003
[*] Guardando muestras en: results/classic_p3_balanced_c6_003_docker_stats.csv
[*] Ejecutando comando medido: bash -lc ./scripts/run_client_once_rafaga.sh classic_p3_balanced_c6_003 6; sleep 3
[*] Ráfaga clásica completada: 6 conexiones en 6 clientes (poisson_jitter)
=== host results ===
-rw-rw-r-- 1 cristian cristian    1806 may 17 00:27 classic_p3_balanced_c6_003_client_err.txt
-rw-rw-r-- 1 cristian cristian     524 may 17 00:27 classic_p3_balanced_c6_003_client.txt
-rwxr-xr-x 1 cristian cristian      69 may 17 00:27 classic_p3_balanced_c6_003_docker_stats.csv
-rwxr-xr-x 1 cristian cristian    1707 may 15 18:40 classic_p3_balanced_c6_003_metrics.csv
-rw-r--r-- 1 cristian cristian    8773 may 15 18:40 classic_p3_balanced_c6_003_metrics.txt
-rw-r--r-- 1 cristian cristian     301 may 17 00:27 classic_p3_balanced_c6_003_pqc_client_2_client_err.txt
-rw-r--r-- 1 cristian cristian       0 may 17 00:27 classic_p3_balanced_c6_003_pqc_client_2_client.txt
-rw-r--r-- 1 cristian cristian      39 may 17 00:27 classic_p3_balanced_c6_003_pqc_client_2_summary.txt
-rw-r--r-- 1 cristian cristian     301 may 17 00:27 classic_p3_balanced_c6_003_pqc_client_3_client_err.txt
-rw-r--r-- 1 cristian cristian       0 may 17 00:27 classic_p3_balanced_c6_003_pqc_client_3_client.txt
-rw-r--r-- 1 cristian cristian      39 may 17 00:27 classic_p3_balanced_c6_003_pqc_client_3_summary.txt
-rw-r--r-- 1 cristian cristian     301 may 17 00:27 classic_p3_balanced_c6_003_pqc_client_4_client_err.txt
-rw-r--r-- 1 cristian cristian       0 may 17 00:27 classic_p3_balanced_c6_003_pqc_client_4_client.txt
-rw-r--r-- 1 cristian cristian      39 may 17 00:27 classic_p3_balanced_c6_003_pqc_client_4_summary.txt
-rw-r--r-- 1 cristian cristian     301 may 17 00:27 classic_p3_balanced_c6_003_pqc_client_5_client_err.txt
-rw-r--r-- 1 cristian cristian       0 may 17 00:27 classic_p3_balanced_c6_003_pqc_client_5_client.txt
-rw-r--r-- 1 cristian cristian      39 may 17 00:27 classic_p3_balanced_c6_003_pqc_client_5_summary.txt
-rw-r--r-- 1 cristian cristian     301 may 17 00:27 classic_p3_balanced_c6_003_pqc_client_6_client_err.txt
-rw-r--r-- 1 cristian cristian       0 may 17 00:27 classic_p3_balanced_c6_003_pqc_client_6_client.txt
-rw-r--r-- 1 cristian cristian      39 may 17 00:27 classic_p3_balanced_c6_003_pqc_client_6_summary.txt
-rw-r--r-- 1 cristian cristian     301 may 17 00:27 classic_p3_balanced_c6_003_pqc_client_client_err.txt
-rw-r--r-- 1 cristian cristian       0 may 17 00:27 classic_p3_balanced_c6_003_pqc_client_client.txt
-rw-r--r-- 1 cristian cristian      37 may 17 00:27 classic_p3_balanced_c6_003_pqc_client_summary.txt
-rw-r--r-- 1 cristian cristian     745 may 15 18:40 classic_p3_balanced_c6_003_resource_summary.txt
=== resumen por cliente ===
[*] Perfil poisson_jitter: llegadas no sincronizadas con Poisson+jitter
[*] pqc_client <= plan: 1:0.054255
[*] pqc_client_2 <= plan: 2:0.054255
[*] pqc_client_3 <= plan: 3:0.054255
[*] pqc_client_4 <= plan: 4:0.054255
[*] pqc_client_5 <= plan: 5:0.054255
[*] pqc_client_6 <= plan: 6:0.054255
client=pqc_client total=1 ok=1 err=0
client=pqc_client_2 total=1 ok=1 err=0
client=pqc_client_3 total=1 ok=1 err=0
client=pqc_client_4 total=1 ok=1 err=0
client=pqc_client_5 total=1 ok=1 err=0
client=pqc_client_6 total=1 ok=1 err=0
[*] Resumen guardado en: results/classic_p3_balanced_c6_003_resource_summary.txt
RUN_ID: classic_p3_balanced_c6_003
CSV: results/classic_p3_balanced_c6_003_docker_stats.csv

=== Resumen CPU% y MEM% (avg / max) por contenedor ===
pqc_client_2 -> CPU avg=0.00%, CPU max=0.00%, MEM avg=0.09%, MEM max=0.09%
pqc_client_3 -> CPU avg=0.00%, CPU max=0.00%, MEM avg=0.10%, MEM max=0.10%
pqc_monitor -> CPU avg=0.08%, CPU max=0.13%, MEM avg=0.12%, MEM max=0.12%
pqc_client_4 -> CPU avg=0.51%, CPU max=1.54%, MEM avg=0.09%, MEM max=0.09%
pqc_client_5 -> CPU avg=0.57%, CPU max=1.71%, MEM avg=0.09%, MEM max=0.09%
pqc_server -> CPU avg=0.12%, CPU max=0.35%, MEM avg=0.11%, MEM max=0.11%
pqc_client_6 -> CPU avg=3.16%, CPU max=9.49%, MEM avg=0.15%, MEM max=0.17%
pqc_client -> CPU avg=0.00%, CPU max=0.00%, MEM avg=0.12%, MEM max=0.12%
[2026-05-17 00:27:59] [*] Parando captura en pqc_monitor para classic_p3_balanced_c6_003
[*] Métricas TXT guardadas en results/classic_p3_balanced_c6_003_metrics.txt
[*] Métricas CSV guardadas en results/classic_p3_balanced_c6_003_metrics.csv
[2026-05-17 00:28:24] === RUN END: classic_p3_balanced_c6_003 ===

[2026-05-17 00:28:24] === RUN START: classic_p3_balanced_c6_004 ===
[2026-05-17 00:28:24] [*] Arrancando captura en pqc_monitor (eth0) para classic_p3_balanced_c6_004
[*] Guardando muestras en: results/classic_p3_balanced_c6_004_docker_stats.csv
[*] Ejecutando comando medido: bash -lc ./scripts/run_client_once_rafaga.sh classic_p3_balanced_c6_004 6; sleep 3
[*] Ráfaga clásica completada: 6 conexiones en 6 clientes (poisson_jitter)
=== host results ===
-rw-rw-r-- 1 cristian cristian    1806 may 17 00:28 classic_p3_balanced_c6_004_client_err.txt
-rw-rw-r-- 1 cristian cristian     524 may 17 00:28 classic_p3_balanced_c6_004_client.txt
-rwxr-xr-x 1 cristian cristian      69 may 17 00:28 classic_p3_balanced_c6_004_docker_stats.csv
-rwxr-xr-x 1 cristian cristian    1701 may 15 18:40 classic_p3_balanced_c6_004_metrics.csv
-rw-r--r-- 1 cristian cristian    8752 may 15 18:40 classic_p3_balanced_c6_004_metrics.txt
-rw-r--r-- 1 cristian cristian     301 may 17 00:28 classic_p3_balanced_c6_004_pqc_client_2_client_err.txt
-rw-r--r-- 1 cristian cristian       0 may 17 00:28 classic_p3_balanced_c6_004_pqc_client_2_client.txt
-rw-r--r-- 1 cristian cristian      39 may 17 00:28 classic_p3_balanced_c6_004_pqc_client_2_summary.txt
-rw-r--r-- 1 cristian cristian     301 may 17 00:28 classic_p3_balanced_c6_004_pqc_client_3_client_err.txt
-rw-r--r-- 1 cristian cristian       0 may 17 00:28 classic_p3_balanced_c6_004_pqc_client_3_client.txt
-rw-r--r-- 1 cristian cristian      39 may 17 00:28 classic_p3_balanced_c6_004_pqc_client_3_summary.txt
-rw-r--r-- 1 cristian cristian     301 may 17 00:28 classic_p3_balanced_c6_004_pqc_client_4_client_err.txt
-rw-r--r-- 1 cristian cristian       0 may 17 00:28 classic_p3_balanced_c6_004_pqc_client_4_client.txt
-rw-r--r-- 1 cristian cristian      39 may 17 00:28 classic_p3_balanced_c6_004_pqc_client_4_summary.txt
-rw-r--r-- 1 cristian cristian     301 may 17 00:28 classic_p3_balanced_c6_004_pqc_client_5_client_err.txt
-rw-r--r-- 1 cristian cristian       0 may 17 00:28 classic_p3_balanced_c6_004_pqc_client_5_client.txt
-rw-r--r-- 1 cristian cristian      39 may 17 00:28 classic_p3_balanced_c6_004_pqc_client_5_summary.txt
-rw-r--r-- 1 cristian cristian     301 may 17 00:28 classic_p3_balanced_c6_004_pqc_client_6_client_err.txt
-rw-r--r-- 1 cristian cristian       0 may 17 00:28 classic_p3_balanced_c6_004_pqc_client_6_client.txt
-rw-r--r-- 1 cristian cristian      39 may 17 00:28 classic_p3_balanced_c6_004_pqc_client_6_summary.txt
-rw-r--r-- 1 cristian cristian     301 may 17 00:28 classic_p3_balanced_c6_004_pqc_client_client_err.txt
-rw-r--r-- 1 cristian cristian       0 may 17 00:28 classic_p3_balanced_c6_004_pqc_client_client.txt
-rw-r--r-- 1 cristian cristian      37 may 17 00:28 classic_p3_balanced_c6_004_pqc_client_summary.txt
-rw-r--r-- 1 cristian cristian     748 may 15 18:40 classic_p3_balanced_c6_004_resource_summary.txt
=== resumen por cliente ===
[*] Perfil poisson_jitter: llegadas no sincronizadas con Poisson+jitter
[*] pqc_client <= plan: 1:0.031644
[*] pqc_client_2 <= plan: 2:0.031644
[*] pqc_client_3 <= plan: 3:0.031644
[*] pqc_client_4 <= plan: 4:0.031644
[*] pqc_client_5 <= plan: 5:0.031644
[*] pqc_client_6 <= plan: 6:0.031644
client=pqc_client total=1 ok=1 err=0
client=pqc_client_2 total=1 ok=1 err=0
client=pqc_client_3 total=1 ok=1 err=0
client=pqc_client_4 total=1 ok=1 err=0
client=pqc_client_5 total=1 ok=1 err=0
client=pqc_client_6 total=1 ok=1 err=0
[*] Resumen guardado en: results/classic_p3_balanced_c6_004_resource_summary.txt
RUN_ID: classic_p3_balanced_c6_004
CSV: results/classic_p3_balanced_c6_004_docker_stats.csv

=== Resumen CPU% y MEM% (avg / max) por contenedor ===
pqc_client_2 -> CPU avg=0.00%, CPU max=0.00%, MEM avg=0.09%, MEM max=0.09%
pqc_client_3 -> CPU avg=0.00%, CPU max=0.00%, MEM avg=0.10%, MEM max=0.10%
pqc_monitor -> CPU avg=0.09%, CPU max=0.19%, MEM avg=0.12%, MEM max=0.12%
pqc_client_4 -> CPU avg=0.00%, CPU max=0.00%, MEM avg=0.09%, MEM max=0.09%
pqc_client_5 -> CPU avg=0.47%, CPU max=1.42%, MEM avg=0.09%, MEM max=0.09%
pqc_server -> CPU avg=0.11%, CPU max=0.32%, MEM avg=0.11%, MEM max=0.11%
pqc_client_6 -> CPU avg=0.51%, CPU max=1.52%, MEM avg=0.14%, MEM max=0.14%
pqc_client -> CPU avg=0.00%, CPU max=0.00%, MEM avg=0.12%, MEM max=0.12%
[2026-05-17 00:28:37] [*] Parando captura en pqc_monitor para classic_p3_balanced_c6_004
[*] Métricas TXT guardadas en results/classic_p3_balanced_c6_004_metrics.txt
[*] Métricas CSV guardadas en results/classic_p3_balanced_c6_004_metrics.csv
[2026-05-17 00:29:01] === RUN END: classic_p3_balanced_c6_004 ===

[2026-05-17 00:29:01] === RUN START: classic_p3_balanced_c6_005 ===
[2026-05-17 00:29:01] [*] Arrancando captura en pqc_monitor (eth0) para classic_p3_balanced_c6_005
[*] Guardando muestras en: results/classic_p3_balanced_c6_005_docker_stats.csv
[*] Ejecutando comando medido: bash -lc ./scripts/run_client_once_rafaga.sh classic_p3_balanced_c6_005 6; sleep 3
[*] Ráfaga clásica completada: 6 conexiones en 6 clientes (poisson_jitter)
=== host results ===
-rw-rw-r-- 1 cristian cristian    1806 may 17 00:29 classic_p3_balanced_c6_005_client_err.txt
-rw-rw-r-- 1 cristian cristian     524 may 17 00:29 classic_p3_balanced_c6_005_client.txt
-rwxr-xr-x 1 cristian cristian      69 may 17 00:29 classic_p3_balanced_c6_005_docker_stats.csv
-rwxr-xr-x 1 cristian cristian    1707 may 15 18:41 classic_p3_balanced_c6_005_metrics.csv
-rw-r--r-- 1 cristian cristian    8773 may 15 18:41 classic_p3_balanced_c6_005_metrics.txt
-rw-r--r-- 1 cristian cristian     301 may 17 00:29 classic_p3_balanced_c6_005_pqc_client_2_client_err.txt
-rw-r--r-- 1 cristian cristian       0 may 17 00:29 classic_p3_balanced_c6_005_pqc_client_2_client.txt
-rw-r--r-- 1 cristian cristian      39 may 17 00:29 classic_p3_balanced_c6_005_pqc_client_2_summary.txt
-rw-r--r-- 1 cristian cristian     301 may 17 00:29 classic_p3_balanced_c6_005_pqc_client_3_client_err.txt
-rw-r--r-- 1 cristian cristian       0 may 17 00:29 classic_p3_balanced_c6_005_pqc_client_3_client.txt
-rw-r--r-- 1 cristian cristian      39 may 17 00:29 classic_p3_balanced_c6_005_pqc_client_3_summary.txt
-rw-r--r-- 1 cristian cristian     301 may 17 00:29 classic_p3_balanced_c6_005_pqc_client_4_client_err.txt
-rw-r--r-- 1 cristian cristian       0 may 17 00:29 classic_p3_balanced_c6_005_pqc_client_4_client.txt
-rw-r--r-- 1 cristian cristian      39 may 17 00:29 classic_p3_balanced_c6_005_pqc_client_4_summary.txt
-rw-r--r-- 1 cristian cristian     301 may 17 00:29 classic_p3_balanced_c6_005_pqc_client_5_client_err.txt
-rw-r--r-- 1 cristian cristian       0 may 17 00:29 classic_p3_balanced_c6_005_pqc_client_5_client.txt
-rw-r--r-- 1 cristian cristian      39 may 17 00:29 classic_p3_balanced_c6_005_pqc_client_5_summary.txt
-rw-r--r-- 1 cristian cristian     301 may 17 00:29 classic_p3_balanced_c6_005_pqc_client_6_client_err.txt
-rw-r--r-- 1 cristian cristian       0 may 17 00:29 classic_p3_balanced_c6_005_pqc_client_6_client.txt
-rw-r--r-- 1 cristian cristian      39 may 17 00:29 classic_p3_balanced_c6_005_pqc_client_6_summary.txt
-rw-r--r-- 1 cristian cristian     301 may 17 00:29 classic_p3_balanced_c6_005_pqc_client_client_err.txt
-rw-r--r-- 1 cristian cristian       0 may 17 00:29 classic_p3_balanced_c6_005_pqc_client_client.txt
-rw-r--r-- 1 cristian cristian      37 may 17 00:29 classic_p3_balanced_c6_005_pqc_client_summary.txt
-rw-r--r-- 1 cristian cristian     745 may 15 18:41 classic_p3_balanced_c6_005_resource_summary.txt
=== resumen por cliente ===
[*] Perfil poisson_jitter: llegadas no sincronizadas con Poisson+jitter
[*] pqc_client <= plan: 1:0.007718
[*] pqc_client_2 <= plan: 2:0.007718
[*] pqc_client_3 <= plan: 3:0.007718
[*] pqc_client_4 <= plan: 4:0.007718
[*] pqc_client_5 <= plan: 5:0.007718
[*] pqc_client_6 <= plan: 6:0.007718
client=pqc_client total=1 ok=1 err=0
client=pqc_client_2 total=1 ok=1 err=0
client=pqc_client_3 total=1 ok=1 err=0
client=pqc_client_4 total=1 ok=1 err=0
client=pqc_client_5 total=1 ok=1 err=0
client=pqc_client_6 total=1 ok=1 err=0
[*] Resumen guardado en: results/classic_p3_balanced_c6_005_resource_summary.txt
RUN_ID: classic_p3_balanced_c6_005
CSV: results/classic_p3_balanced_c6_005_docker_stats.csv

=== Resumen CPU% y MEM% (avg / max) por contenedor ===
pqc_client_2 -> CPU avg=0.00%, CPU max=0.00%, MEM avg=0.09%, MEM max=0.09%
pqc_client_3 -> CPU avg=0.64%, CPU max=1.91%, MEM avg=0.10%, MEM max=0.10%
pqc_monitor -> CPU avg=0.05%, CPU max=0.09%, MEM avg=0.12%, MEM max=0.12%
pqc_client_4 -> CPU avg=0.00%, CPU max=0.00%, MEM avg=0.09%, MEM max=0.09%
pqc_client_5 -> CPU avg=0.00%, CPU max=0.00%, MEM avg=0.09%, MEM max=0.09%
pqc_server -> CPU avg=0.08%, CPU max=0.24%, MEM avg=0.11%, MEM max=0.11%
pqc_client_6 -> CPU avg=0.55%, CPU max=1.65%, MEM avg=0.14%, MEM max=0.14%
pqc_client -> CPU avg=0.00%, CPU max=0.00%, MEM avg=0.12%, MEM max=0.12%
[2026-05-17 00:29:14] [*] Parando captura en pqc_monitor para classic_p3_balanced_c6_005
[*] Métricas TXT guardadas en results/classic_p3_balanced_c6_005_metrics.txt
[*] Métricas CSV guardadas en results/classic_p3_balanced_c6_005_metrics.csv
[2026-05-17 00:29:37] === RUN END: classic_p3_balanced_c6_005 ===

[2026-05-17 00:29:37] === RUN START: classic_p3_aggressive_c6_001 ===
[2026-05-17 00:29:37] [*] Arrancando captura en pqc_monitor (eth0) para classic_p3_aggressive_c6_001
[*] Guardando muestras en: results/classic_p3_aggressive_c6_001_docker_stats.csv
[*] Ejecutando comando medido: bash -lc ./scripts/run_client_once_rafaga.sh classic_p3_aggressive_c6_001 6; sleep 3
[*] Ráfaga clásica completada: 6 conexiones en 6 clientes (poisson_jitter)
=== host results ===
-rw-rw-r-- 1 cristian cristian    1806 may 17 00:29 classic_p3_aggressive_c6_001_client_err.txt
-rw-rw-r-- 1 cristian cristian     524 may 17 00:29 classic_p3_aggressive_c6_001_client.txt
-rwxr-xr-x 1 cristian cristian      69 may 17 00:29 classic_p3_aggressive_c6_001_docker_stats.csv
-rwxr-xr-x 1 cristian cristian    1703 may 15 18:41 classic_p3_aggressive_c6_001_metrics.csv
-rw-r--r-- 1 cristian cristian    8767 may 15 18:41 classic_p3_aggressive_c6_001_metrics.txt
-rw-r--r-- 1 cristian cristian     301 may 17 00:29 classic_p3_aggressive_c6_001_pqc_client_2_client_err.txt
-rw-r--r-- 1 cristian cristian       0 may 17 00:29 classic_p3_aggressive_c6_001_pqc_client_2_client.txt
-rw-r--r-- 1 cristian cristian      39 may 17 00:29 classic_p3_aggressive_c6_001_pqc_client_2_summary.txt
-rw-r--r-- 1 cristian cristian     301 may 17 00:29 classic_p3_aggressive_c6_001_pqc_client_3_client_err.txt
-rw-r--r-- 1 cristian cristian       0 may 17 00:29 classic_p3_aggressive_c6_001_pqc_client_3_client.txt
-rw-r--r-- 1 cristian cristian      39 may 17 00:29 classic_p3_aggressive_c6_001_pqc_client_3_summary.txt
-rw-r--r-- 1 cristian cristian     301 may 17 00:29 classic_p3_aggressive_c6_001_pqc_client_4_client_err.txt
-rw-r--r-- 1 cristian cristian       0 may 17 00:29 classic_p3_aggressive_c6_001_pqc_client_4_client.txt
-rw-r--r-- 1 cristian cristian      39 may 17 00:29 classic_p3_aggressive_c6_001_pqc_client_4_summary.txt
-rw-r--r-- 1 cristian cristian     301 may 17 00:29 classic_p3_aggressive_c6_001_pqc_client_5_client_err.txt
-rw-r--r-- 1 cristian cristian       0 may 17 00:29 classic_p3_aggressive_c6_001_pqc_client_5_client.txt
-rw-r--r-- 1 cristian cristian      39 may 17 00:29 classic_p3_aggressive_c6_001_pqc_client_5_summary.txt
-rw-r--r-- 1 cristian cristian     301 may 17 00:29 classic_p3_aggressive_c6_001_pqc_client_6_client_err.txt
-rw-r--r-- 1 cristian cristian       0 may 17 00:29 classic_p3_aggressive_c6_001_pqc_client_6_client.txt
-rw-r--r-- 1 cristian cristian      39 may 17 00:29 classic_p3_aggressive_c6_001_pqc_client_6_summary.txt
-rw-r--r-- 1 cristian cristian     301 may 17 00:29 classic_p3_aggressive_c6_001_pqc_client_client_err.txt
-rw-r--r-- 1 cristian cristian       0 may 17 00:29 classic_p3_aggressive_c6_001_pqc_client_client.txt
-rw-r--r-- 1 cristian cristian      37 may 17 00:29 classic_p3_aggressive_c6_001_pqc_client_summary.txt
-rw-r--r-- 1 cristian cristian     749 may 15 18:41 classic_p3_aggressive_c6_001_resource_summary.txt
=== resumen por cliente ===
[*] Perfil poisson_jitter: llegadas no sincronizadas con Poisson+jitter
[*] pqc_client <= plan: 1:0.018184
[*] pqc_client_2 <= plan: 2:0.018184
[*] pqc_client_3 <= plan: 3:0.018184
[*] pqc_client_4 <= plan: 4:0.018184
[*] pqc_client_5 <= plan: 5:0.018184
[*] pqc_client_6 <= plan: 6:0.018184
client=pqc_client total=1 ok=1 err=0
client=pqc_client_2 total=1 ok=1 err=0
client=pqc_client_3 total=1 ok=1 err=0
client=pqc_client_4 total=1 ok=1 err=0
client=pqc_client_5 total=1 ok=1 err=0
client=pqc_client_6 total=1 ok=1 err=0
[*] Resumen guardado en: results/classic_p3_aggressive_c6_001_resource_summary.txt
RUN_ID: classic_p3_aggressive_c6_001
CSV: results/classic_p3_aggressive_c6_001_docker_stats.csv

=== Resumen CPU% y MEM% (avg / max) por contenedor ===
pqc_client_2 -> CPU avg=0.00%, CPU max=0.00%, MEM avg=0.09%, MEM max=0.09%
pqc_client_3 -> CPU avg=0.00%, CPU max=0.00%, MEM avg=0.10%, MEM max=0.10%
pqc_monitor -> CPU avg=0.06%, CPU max=0.08%, MEM avg=0.12%, MEM max=0.12%
pqc_client_4 -> CPU avg=0.00%, CPU max=0.00%, MEM avg=0.09%, MEM max=0.09%
pqc_client_5 -> CPU avg=0.48%, CPU max=1.43%, MEM avg=0.09%, MEM max=0.09%
pqc_server -> CPU avg=0.08%, CPU max=0.24%, MEM avg=0.11%, MEM max=0.11%
pqc_client_6 -> CPU avg=0.64%, CPU max=1.92%, MEM avg=0.14%, MEM max=0.14%
pqc_client -> CPU avg=0.00%, CPU max=0.00%, MEM avg=0.12%, MEM max=0.12%
[2026-05-17 00:29:50] [*] Parando captura en pqc_monitor para classic_p3_aggressive_c6_001
[*] Métricas TXT guardadas en results/classic_p3_aggressive_c6_001_metrics.txt
[*] Métricas CSV guardadas en results/classic_p3_aggressive_c6_001_metrics.csv
[2026-05-17 00:30:08] === RUN END: classic_p3_aggressive_c6_001 ===

[2026-05-17 00:30:08] === RUN START: classic_p3_aggressive_c6_002 ===
[2026-05-17 00:30:08] [*] Arrancando captura en pqc_monitor (eth0) para classic_p3_aggressive_c6_002
[*] Guardando muestras en: results/classic_p3_aggressive_c6_002_docker_stats.csv
[*] Ejecutando comando medido: bash -lc ./scripts/run_client_once_rafaga.sh classic_p3_aggressive_c6_002 6; sleep 3
[*] Ráfaga clásica completada: 6 conexiones en 6 clientes (poisson_jitter)
=== host results ===
-rw-rw-r-- 1 cristian cristian    1806 may 17 00:30 classic_p3_aggressive_c6_002_client_err.txt
-rw-rw-r-- 1 cristian cristian     524 may 17 00:30 classic_p3_aggressive_c6_002_client.txt
-rwxr-xr-x 1 cristian cristian      69 may 17 00:30 classic_p3_aggressive_c6_002_docker_stats.csv
-rwxr-xr-x 1 cristian cristian    1710 may 15 18:42 classic_p3_aggressive_c6_002_metrics.csv
-rw-r--r-- 1 cristian cristian    8789 may 15 18:42 classic_p3_aggressive_c6_002_metrics.txt
-rw-r--r-- 1 cristian cristian     301 may 17 00:30 classic_p3_aggressive_c6_002_pqc_client_2_client_err.txt
-rw-r--r-- 1 cristian cristian       0 may 17 00:30 classic_p3_aggressive_c6_002_pqc_client_2_client.txt
-rw-r--r-- 1 cristian cristian      39 may 17 00:30 classic_p3_aggressive_c6_002_pqc_client_2_summary.txt
-rw-r--r-- 1 cristian cristian     301 may 17 00:30 classic_p3_aggressive_c6_002_pqc_client_3_client_err.txt
-rw-r--r-- 1 cristian cristian       0 may 17 00:30 classic_p3_aggressive_c6_002_pqc_client_3_client.txt
-rw-r--r-- 1 cristian cristian      39 may 17 00:30 classic_p3_aggressive_c6_002_pqc_client_3_summary.txt
-rw-r--r-- 1 cristian cristian     301 may 17 00:30 classic_p3_aggressive_c6_002_pqc_client_4_client_err.txt
-rw-r--r-- 1 cristian cristian       0 may 17 00:30 classic_p3_aggressive_c6_002_pqc_client_4_client.txt
-rw-r--r-- 1 cristian cristian      39 may 17 00:30 classic_p3_aggressive_c6_002_pqc_client_4_summary.txt
-rw-r--r-- 1 cristian cristian     301 may 17 00:30 classic_p3_aggressive_c6_002_pqc_client_5_client_err.txt
-rw-r--r-- 1 cristian cristian       0 may 17 00:30 classic_p3_aggressive_c6_002_pqc_client_5_client.txt
-rw-r--r-- 1 cristian cristian      39 may 17 00:30 classic_p3_aggressive_c6_002_pqc_client_5_summary.txt
-rw-r--r-- 1 cristian cristian     301 may 17 00:30 classic_p3_aggressive_c6_002_pqc_client_6_client_err.txt
-rw-r--r-- 1 cristian cristian       0 may 17 00:30 classic_p3_aggressive_c6_002_pqc_client_6_client.txt
-rw-r--r-- 1 cristian cristian      39 may 17 00:30 classic_p3_aggressive_c6_002_pqc_client_6_summary.txt
-rw-r--r-- 1 cristian cristian     301 may 17 00:30 classic_p3_aggressive_c6_002_pqc_client_client_err.txt
-rw-r--r-- 1 cristian cristian       0 may 17 00:30 classic_p3_aggressive_c6_002_pqc_client_client.txt
-rw-r--r-- 1 cristian cristian      37 may 17 00:30 classic_p3_aggressive_c6_002_pqc_client_summary.txt
-rw-r--r-- 1 cristian cristian     748 may 15 18:42 classic_p3_aggressive_c6_002_resource_summary.txt
=== resumen por cliente ===
[*] Perfil poisson_jitter: llegadas no sincronizadas con Poisson+jitter
[*] pqc_client <= plan: 1:0.018665
[*] pqc_client_2 <= plan: 2:0.018665
[*] pqc_client_3 <= plan: 3:0.018665
[*] pqc_client_4 <= plan: 4:0.018665
[*] pqc_client_5 <= plan: 5:0.018665
[*] pqc_client_6 <= plan: 6:0.018665
client=pqc_client total=1 ok=1 err=0
client=pqc_client_2 total=1 ok=1 err=0
client=pqc_client_3 total=1 ok=1 err=0
client=pqc_client_4 total=1 ok=1 err=0
client=pqc_client_5 total=1 ok=1 err=0
client=pqc_client_6 total=1 ok=1 err=0
[*] Resumen guardado en: results/classic_p3_aggressive_c6_002_resource_summary.txt
RUN_ID: classic_p3_aggressive_c6_002
CSV: results/classic_p3_aggressive_c6_002_docker_stats.csv

=== Resumen CPU% y MEM% (avg / max) por contenedor ===
pqc_client_2 -> CPU avg=0.00%, CPU max=0.00%, MEM avg=0.09%, MEM max=0.09%
pqc_client_3 -> CPU avg=0.00%, CPU max=0.00%, MEM avg=0.10%, MEM max=0.10%
pqc_monitor -> CPU avg=0.07%, CPU max=0.08%, MEM avg=0.12%, MEM max=0.12%
pqc_client_4 -> CPU avg=0.00%, CPU max=0.00%, MEM avg=0.09%, MEM max=0.09%
pqc_client_5 -> CPU avg=0.50%, CPU max=1.51%, MEM avg=0.09%, MEM max=0.09%
pqc_server -> CPU avg=0.13%, CPU max=0.38%, MEM avg=0.11%, MEM max=0.11%
pqc_client_6 -> CPU avg=0.53%, CPU max=1.60%, MEM avg=0.14%, MEM max=0.14%
pqc_client -> CPU avg=0.00%, CPU max=0.00%, MEM avg=0.12%, MEM max=0.12%
[2026-05-17 00:30:20] [*] Parando captura en pqc_monitor para classic_p3_aggressive_c6_002
[*] Métricas TXT guardadas en results/classic_p3_aggressive_c6_002_metrics.txt
[*] Métricas CSV guardadas en results/classic_p3_aggressive_c6_002_metrics.csv
[2026-05-17 00:30:38] === RUN END: classic_p3_aggressive_c6_002 ===

[2026-05-17 00:30:38] === RUN START: classic_p3_aggressive_c6_003 ===
[2026-05-17 00:30:38] [*] Arrancando captura en pqc_monitor (eth0) para classic_p3_aggressive_c6_003
[*] Guardando muestras en: results/classic_p3_aggressive_c6_003_docker_stats.csv
[*] Ejecutando comando medido: bash -lc ./scripts/run_client_once_rafaga.sh classic_p3_aggressive_c6_003 6; sleep 3
[*] Ráfaga clásica completada: 6 conexiones en 6 clientes (poisson_jitter)
=== host results ===
-rw-rw-r-- 1 cristian cristian    1806 may 17 00:30 classic_p3_aggressive_c6_003_client_err.txt
-rw-rw-r-- 1 cristian cristian     524 may 17 00:30 classic_p3_aggressive_c6_003_client.txt
-rwxr-xr-x 1 cristian cristian      69 may 17 00:30 classic_p3_aggressive_c6_003_docker_stats.csv
-rwxr-xr-x 1 cristian cristian    1703 may 15 18:42 classic_p3_aggressive_c6_003_metrics.csv
-rw-r--r-- 1 cristian cristian    8765 may 15 18:42 classic_p3_aggressive_c6_003_metrics.txt
-rw-r--r-- 1 cristian cristian     301 may 17 00:30 classic_p3_aggressive_c6_003_pqc_client_2_client_err.txt
-rw-r--r-- 1 cristian cristian       0 may 17 00:30 classic_p3_aggressive_c6_003_pqc_client_2_client.txt
-rw-r--r-- 1 cristian cristian      39 may 17 00:30 classic_p3_aggressive_c6_003_pqc_client_2_summary.txt
-rw-r--r-- 1 cristian cristian     301 may 17 00:30 classic_p3_aggressive_c6_003_pqc_client_3_client_err.txt
-rw-r--r-- 1 cristian cristian       0 may 17 00:30 classic_p3_aggressive_c6_003_pqc_client_3_client.txt
-rw-r--r-- 1 cristian cristian      39 may 17 00:30 classic_p3_aggressive_c6_003_pqc_client_3_summary.txt
-rw-r--r-- 1 cristian cristian     301 may 17 00:30 classic_p3_aggressive_c6_003_pqc_client_4_client_err.txt
-rw-r--r-- 1 cristian cristian       0 may 17 00:30 classic_p3_aggressive_c6_003_pqc_client_4_client.txt
-rw-r--r-- 1 cristian cristian      39 may 17 00:30 classic_p3_aggressive_c6_003_pqc_client_4_summary.txt
-rw-r--r-- 1 cristian cristian     301 may 17 00:30 classic_p3_aggressive_c6_003_pqc_client_5_client_err.txt
-rw-r--r-- 1 cristian cristian       0 may 17 00:30 classic_p3_aggressive_c6_003_pqc_client_5_client.txt
-rw-r--r-- 1 cristian cristian      39 may 17 00:30 classic_p3_aggressive_c6_003_pqc_client_5_summary.txt
-rw-r--r-- 1 cristian cristian     301 may 17 00:30 classic_p3_aggressive_c6_003_pqc_client_6_client_err.txt
-rw-r--r-- 1 cristian cristian       0 may 17 00:30 classic_p3_aggressive_c6_003_pqc_client_6_client.txt
-rw-r--r-- 1 cristian cristian      39 may 17 00:30 classic_p3_aggressive_c6_003_pqc_client_6_summary.txt
-rw-r--r-- 1 cristian cristian     301 may 17 00:30 classic_p3_aggressive_c6_003_pqc_client_client_err.txt
-rw-r--r-- 1 cristian cristian       0 may 17 00:30 classic_p3_aggressive_c6_003_pqc_client_client.txt
-rw-r--r-- 1 cristian cristian      37 may 17 00:30 classic_p3_aggressive_c6_003_pqc_client_summary.txt
-rw-r--r-- 1 cristian cristian     750 may 15 18:42 classic_p3_aggressive_c6_003_resource_summary.txt
=== resumen por cliente ===
[*] Perfil poisson_jitter: llegadas no sincronizadas con Poisson+jitter
[*] pqc_client <= plan: 1:0.000000
[*] pqc_client_2 <= plan: 2:0.000000
[*] pqc_client_3 <= plan: 3:0.000000
[*] pqc_client_4 <= plan: 4:0.000000
[*] pqc_client_5 <= plan: 5:0.000000
[*] pqc_client_6 <= plan: 6:0.000000
client=pqc_client total=1 ok=1 err=0
client=pqc_client_2 total=1 ok=1 err=0
client=pqc_client_3 total=1 ok=1 err=0
client=pqc_client_4 total=1 ok=1 err=0
client=pqc_client_5 total=1 ok=1 err=0
client=pqc_client_6 total=1 ok=1 err=0
[*] Resumen guardado en: results/classic_p3_aggressive_c6_003_resource_summary.txt
RUN_ID: classic_p3_aggressive_c6_003
CSV: results/classic_p3_aggressive_c6_003_docker_stats.csv

=== Resumen CPU% y MEM% (avg / max) por contenedor ===
pqc_client_2 -> CPU avg=0.00%, CPU max=0.00%, MEM avg=0.09%, MEM max=0.09%
pqc_client_3 -> CPU avg=0.00%, CPU max=0.00%, MEM avg=0.10%, MEM max=0.10%
pqc_monitor -> CPU avg=0.05%, CPU max=0.07%, MEM avg=0.12%, MEM max=0.12%
pqc_client_4 -> CPU avg=3.82%, CPU max=11.45%, MEM avg=0.09%, MEM max=0.09%
pqc_client_5 -> CPU avg=0.00%, CPU max=0.00%, MEM avg=0.09%, MEM max=0.09%
pqc_server -> CPU avg=0.02%, CPU max=0.06%, MEM avg=0.11%, MEM max=0.11%
pqc_client_6 -> CPU avg=0.42%, CPU max=1.25%, MEM avg=0.14%, MEM max=0.14%
pqc_client -> CPU avg=0.00%, CPU max=0.00%, MEM avg=0.12%, MEM max=0.12%
[2026-05-17 00:30:51] [*] Parando captura en pqc_monitor para classic_p3_aggressive_c6_003
[*] Métricas TXT guardadas en results/classic_p3_aggressive_c6_003_metrics.txt
[*] Métricas CSV guardadas en results/classic_p3_aggressive_c6_003_metrics.csv
[2026-05-17 00:31:08] === RUN END: classic_p3_aggressive_c6_003 ===

[2026-05-17 00:31:08] === RUN START: classic_p3_aggressive_c6_004 ===
[2026-05-17 00:31:08] [*] Arrancando captura en pqc_monitor (eth0) para classic_p3_aggressive_c6_004
[*] Guardando muestras en: results/classic_p3_aggressive_c6_004_docker_stats.csv
[*] Ejecutando comando medido: bash -lc ./scripts/run_client_once_rafaga.sh classic_p3_aggressive_c6_004 6; sleep 3
[*] Ráfaga clásica completada: 6 conexiones en 6 clientes (poisson_jitter)
=== host results ===
-rw-rw-r-- 1 cristian cristian    1806 may 17 00:31 classic_p3_aggressive_c6_004_client_err.txt
-rw-rw-r-- 1 cristian cristian     524 may 17 00:31 classic_p3_aggressive_c6_004_client.txt
-rwxr-xr-x 1 cristian cristian      69 may 17 00:31 classic_p3_aggressive_c6_004_docker_stats.csv
-rwxr-xr-x 1 cristian cristian    1710 may 15 18:43 classic_p3_aggressive_c6_004_metrics.csv
-rw-r--r-- 1 cristian cristian    8795 may 15 18:43 classic_p3_aggressive_c6_004_metrics.txt
-rw-r--r-- 1 cristian cristian     301 may 17 00:31 classic_p3_aggressive_c6_004_pqc_client_2_client_err.txt
-rw-r--r-- 1 cristian cristian       0 may 17 00:31 classic_p3_aggressive_c6_004_pqc_client_2_client.txt
-rw-r--r-- 1 cristian cristian      39 may 17 00:31 classic_p3_aggressive_c6_004_pqc_client_2_summary.txt
-rw-r--r-- 1 cristian cristian     301 may 17 00:31 classic_p3_aggressive_c6_004_pqc_client_3_client_err.txt
-rw-r--r-- 1 cristian cristian       0 may 17 00:31 classic_p3_aggressive_c6_004_pqc_client_3_client.txt
-rw-r--r-- 1 cristian cristian      39 may 17 00:31 classic_p3_aggressive_c6_004_pqc_client_3_summary.txt
-rw-r--r-- 1 cristian cristian     301 may 17 00:31 classic_p3_aggressive_c6_004_pqc_client_4_client_err.txt
-rw-r--r-- 1 cristian cristian       0 may 17 00:31 classic_p3_aggressive_c6_004_pqc_client_4_client.txt
-rw-r--r-- 1 cristian cristian      39 may 17 00:31 classic_p3_aggressive_c6_004_pqc_client_4_summary.txt
-rw-r--r-- 1 cristian cristian     301 may 17 00:31 classic_p3_aggressive_c6_004_pqc_client_5_client_err.txt
-rw-r--r-- 1 cristian cristian       0 may 17 00:31 classic_p3_aggressive_c6_004_pqc_client_5_client.txt
-rw-r--r-- 1 cristian cristian      39 may 17 00:31 classic_p3_aggressive_c6_004_pqc_client_5_summary.txt
-rw-r--r-- 1 cristian cristian     301 may 17 00:31 classic_p3_aggressive_c6_004_pqc_client_6_client_err.txt
-rw-r--r-- 1 cristian cristian       0 may 17 00:31 classic_p3_aggressive_c6_004_pqc_client_6_client.txt
-rw-r--r-- 1 cristian cristian      39 may 17 00:31 classic_p3_aggressive_c6_004_pqc_client_6_summary.txt
-rw-r--r-- 1 cristian cristian     301 may 17 00:31 classic_p3_aggressive_c6_004_pqc_client_client_err.txt
-rw-r--r-- 1 cristian cristian       0 may 17 00:31 classic_p3_aggressive_c6_004_pqc_client_client.txt
-rw-r--r-- 1 cristian cristian      37 may 17 00:31 classic_p3_aggressive_c6_004_pqc_client_summary.txt
-rw-r--r-- 1 cristian cristian     750 may 15 18:43 classic_p3_aggressive_c6_004_resource_summary.txt
=== resumen por cliente ===
[*] Perfil poisson_jitter: llegadas no sincronizadas con Poisson+jitter
[*] pqc_client <= plan: 1:0.032334
[*] pqc_client_2 <= plan: 2:0.032334
[*] pqc_client_3 <= plan: 3:0.032334
[*] pqc_client_4 <= plan: 4:0.032334
[*] pqc_client_5 <= plan: 5:0.032334
[*] pqc_client_6 <= plan: 6:0.032334
client=pqc_client total=1 ok=1 err=0
client=pqc_client_2 total=1 ok=1 err=0
client=pqc_client_3 total=1 ok=1 err=0
client=pqc_client_4 total=1 ok=1 err=0
client=pqc_client_5 total=1 ok=1 err=0
client=pqc_client_6 total=1 ok=1 err=0
[*] Resumen guardado en: results/classic_p3_aggressive_c6_004_resource_summary.txt
RUN_ID: classic_p3_aggressive_c6_004
CSV: results/classic_p3_aggressive_c6_004_docker_stats.csv

=== Resumen CPU% y MEM% (avg / max) por contenedor ===
pqc_client_2 -> CPU avg=0.00%, CPU max=0.00%, MEM avg=0.09%, MEM max=0.09%
pqc_client_3 -> CPU avg=0.00%, CPU max=0.00%, MEM avg=0.10%, MEM max=0.10%
pqc_monitor -> CPU avg=0.08%, CPU max=0.11%, MEM avg=0.12%, MEM max=0.12%
pqc_client_4 -> CPU avg=0.00%, CPU max=0.00%, MEM avg=0.09%, MEM max=0.09%
pqc_client_5 -> CPU avg=0.44%, CPU max=1.31%, MEM avg=0.09%, MEM max=0.09%
pqc_server -> CPU avg=0.11%, CPU max=0.34%, MEM avg=0.11%, MEM max=0.11%
pqc_client_6 -> CPU avg=0.53%, CPU max=1.59%, MEM avg=0.14%, MEM max=0.14%
pqc_client -> CPU avg=0.00%, CPU max=0.00%, MEM avg=0.12%, MEM max=0.12%
[2026-05-17 00:31:21] [*] Parando captura en pqc_monitor para classic_p3_aggressive_c6_004
[*] Métricas TXT guardadas en results/classic_p3_aggressive_c6_004_metrics.txt
[*] Métricas CSV guardadas en results/classic_p3_aggressive_c6_004_metrics.csv
[2026-05-17 00:31:39] === RUN END: classic_p3_aggressive_c6_004 ===

[2026-05-17 00:31:39] === RUN START: classic_p3_aggressive_c6_005 ===
[2026-05-17 00:31:39] [*] Arrancando captura en pqc_monitor (eth0) para classic_p3_aggressive_c6_005
[*] Guardando muestras en: results/classic_p3_aggressive_c6_005_docker_stats.csv
[*] Ejecutando comando medido: bash -lc ./scripts/run_client_once_rafaga.sh classic_p3_aggressive_c6_005 6; sleep 3
[*] Ráfaga clásica completada: 6 conexiones en 6 clientes (poisson_jitter)
=== host results ===
-rw-rw-r-- 1 cristian cristian    1806 may 17 00:31 classic_p3_aggressive_c6_005_client_err.txt
-rw-rw-r-- 1 cristian cristian     524 may 17 00:31 classic_p3_aggressive_c6_005_client.txt
-rwxr-xr-x 1 cristian cristian      69 may 17 00:31 classic_p3_aggressive_c6_005_docker_stats.csv
-rwxr-xr-x 1 cristian cristian    1702 may 15 18:43 classic_p3_aggressive_c6_005_metrics.csv
-rw-r--r-- 1 cristian cristian    8760 may 15 18:43 classic_p3_aggressive_c6_005_metrics.txt
-rw-r--r-- 1 cristian cristian     301 may 17 00:31 classic_p3_aggressive_c6_005_pqc_client_2_client_err.txt
-rw-r--r-- 1 cristian cristian       0 may 17 00:31 classic_p3_aggressive_c6_005_pqc_client_2_client.txt
-rw-r--r-- 1 cristian cristian      39 may 17 00:31 classic_p3_aggressive_c6_005_pqc_client_2_summary.txt
-rw-r--r-- 1 cristian cristian     301 may 17 00:31 classic_p3_aggressive_c6_005_pqc_client_3_client_err.txt
-rw-r--r-- 1 cristian cristian       0 may 17 00:31 classic_p3_aggressive_c6_005_pqc_client_3_client.txt
-rw-r--r-- 1 cristian cristian      39 may 17 00:31 classic_p3_aggressive_c6_005_pqc_client_3_summary.txt
-rw-r--r-- 1 cristian cristian     301 may 17 00:31 classic_p3_aggressive_c6_005_pqc_client_4_client_err.txt
-rw-r--r-- 1 cristian cristian       0 may 17 00:31 classic_p3_aggressive_c6_005_pqc_client_4_client.txt
-rw-r--r-- 1 cristian cristian      39 may 17 00:31 classic_p3_aggressive_c6_005_pqc_client_4_summary.txt
-rw-r--r-- 1 cristian cristian     301 may 17 00:31 classic_p3_aggressive_c6_005_pqc_client_5_client_err.txt
-rw-r--r-- 1 cristian cristian       0 may 17 00:31 classic_p3_aggressive_c6_005_pqc_client_5_client.txt
-rw-r--r-- 1 cristian cristian      39 may 17 00:31 classic_p3_aggressive_c6_005_pqc_client_5_summary.txt
-rw-r--r-- 1 cristian cristian     301 may 17 00:31 classic_p3_aggressive_c6_005_pqc_client_6_client_err.txt
-rw-r--r-- 1 cristian cristian       0 may 17 00:31 classic_p3_aggressive_c6_005_pqc_client_6_client.txt
-rw-r--r-- 1 cristian cristian      39 may 17 00:31 classic_p3_aggressive_c6_005_pqc_client_6_summary.txt
-rw-r--r-- 1 cristian cristian     301 may 17 00:31 classic_p3_aggressive_c6_005_pqc_client_client_err.txt
-rw-r--r-- 1 cristian cristian       0 may 17 00:31 classic_p3_aggressive_c6_005_pqc_client_client.txt
-rw-r--r-- 1 cristian cristian      37 may 17 00:31 classic_p3_aggressive_c6_005_pqc_client_summary.txt
-rw-r--r-- 1 cristian cristian     749 may 15 18:43 classic_p3_aggressive_c6_005_resource_summary.txt
=== resumen por cliente ===
[*] Perfil poisson_jitter: llegadas no sincronizadas con Poisson+jitter
[*] pqc_client <= plan: 1:0.014033
[*] pqc_client_2 <= plan: 2:0.014033
[*] pqc_client_3 <= plan: 3:0.014033
[*] pqc_client_4 <= plan: 4:0.014033
[*] pqc_client_5 <= plan: 5:0.014033
[*] pqc_client_6 <= plan: 6:0.014033
client=pqc_client total=1 ok=1 err=0
client=pqc_client_2 total=1 ok=1 err=0
client=pqc_client_3 total=1 ok=1 err=0
client=pqc_client_4 total=1 ok=1 err=0
client=pqc_client_5 total=1 ok=1 err=0
client=pqc_client_6 total=1 ok=1 err=0
[*] Resumen guardado en: results/classic_p3_aggressive_c6_005_resource_summary.txt
RUN_ID: classic_p3_aggressive_c6_005
CSV: results/classic_p3_aggressive_c6_005_docker_stats.csv

=== Resumen CPU% y MEM% (avg / max) por contenedor ===
pqc_client_2 -> CPU avg=0.00%, CPU max=0.00%, MEM avg=0.10%, MEM max=0.10%
pqc_client_3 -> CPU avg=0.00%, CPU max=0.00%, MEM avg=0.10%, MEM max=0.10%
pqc_monitor -> CPU avg=0.06%, CPU max=0.07%, MEM avg=0.12%, MEM max=0.12%
pqc_client_4 -> CPU avg=0.00%, CPU max=0.00%, MEM avg=0.09%, MEM max=0.09%
pqc_client_5 -> CPU avg=0.44%, CPU max=1.33%, MEM avg=0.09%, MEM max=0.09%
pqc_server -> CPU avg=0.13%, CPU max=0.38%, MEM avg=0.11%, MEM max=0.11%
pqc_client_6 -> CPU avg=0.52%, CPU max=1.56%, MEM avg=0.14%, MEM max=0.14%
pqc_client -> CPU avg=0.00%, CPU max=0.00%, MEM avg=0.12%, MEM max=0.12%
[2026-05-17 00:31:52] [*] Parando captura en pqc_monitor para classic_p3_aggressive_c6_005
[*] Métricas TXT guardadas en results/classic_p3_aggressive_c6_005_metrics.txt
[*] Métricas CSV guardadas en results/classic_p3_aggressive_c6_005_metrics.csv
[2026-05-17 00:32:10] === RUN END: classic_p3_aggressive_c6_005 ===

[2026-05-17 00:32:10] === RUN START: classic_p3_soft_c6_001 ===
[2026-05-17 00:32:10] [*] Arrancando captura en pqc_monitor (eth0) para classic_p3_soft_c6_001
[*] Guardando muestras en: results/classic_p3_soft_c6_001_docker_stats.csv
[*] Ejecutando comando medido: bash -lc ./scripts/run_client_once_rafaga.sh classic_p3_soft_c6_001 6; sleep 3
[*] Ráfaga clásica completada: 6 conexiones en 6 clientes (poisson_jitter)
=== host results ===
-rw-rw-r-- 1 cristian cristian    1806 may 17 00:32 classic_p3_soft_c6_001_client_err.txt
-rw-rw-r-- 1 cristian cristian     524 may 17 00:32 classic_p3_soft_c6_001_client.txt
-rwxr-xr-x 1 cristian cristian      69 may 17 00:32 classic_p3_soft_c6_001_docker_stats.csv
-rwxr-xr-x 1 cristian cristian    1703 may 15 18:44 classic_p3_soft_c6_001_metrics.csv
-rw-r--r-- 1 cristian cristian    8749 may 15 18:44 classic_p3_soft_c6_001_metrics.txt
-rw-r--r-- 1 cristian cristian     301 may 17 00:32 classic_p3_soft_c6_001_pqc_client_2_client_err.txt
-rw-r--r-- 1 cristian cristian       0 may 17 00:32 classic_p3_soft_c6_001_pqc_client_2_client.txt
-rw-r--r-- 1 cristian cristian      39 may 17 00:32 classic_p3_soft_c6_001_pqc_client_2_summary.txt
-rw-r--r-- 1 cristian cristian     301 may 17 00:32 classic_p3_soft_c6_001_pqc_client_3_client_err.txt
-rw-r--r-- 1 cristian cristian       0 may 17 00:32 classic_p3_soft_c6_001_pqc_client_3_client.txt
-rw-r--r-- 1 cristian cristian      39 may 17 00:32 classic_p3_soft_c6_001_pqc_client_3_summary.txt
-rw-r--r-- 1 cristian cristian     301 may 17 00:32 classic_p3_soft_c6_001_pqc_client_4_client_err.txt
-rw-r--r-- 1 cristian cristian       0 may 17 00:32 classic_p3_soft_c6_001_pqc_client_4_client.txt
-rw-r--r-- 1 cristian cristian      39 may 17 00:32 classic_p3_soft_c6_001_pqc_client_4_summary.txt
-rw-r--r-- 1 cristian cristian     301 may 17 00:32 classic_p3_soft_c6_001_pqc_client_5_client_err.txt
-rw-r--r-- 1 cristian cristian       0 may 17 00:32 classic_p3_soft_c6_001_pqc_client_5_client.txt
-rw-r--r-- 1 cristian cristian      39 may 17 00:32 classic_p3_soft_c6_001_pqc_client_5_summary.txt
-rw-r--r-- 1 cristian cristian     301 may 17 00:32 classic_p3_soft_c6_001_pqc_client_6_client_err.txt
-rw-r--r-- 1 cristian cristian       0 may 17 00:32 classic_p3_soft_c6_001_pqc_client_6_client.txt
-rw-r--r-- 1 cristian cristian      39 may 17 00:32 classic_p3_soft_c6_001_pqc_client_6_summary.txt
-rw-r--r-- 1 cristian cristian     301 may 17 00:32 classic_p3_soft_c6_001_pqc_client_client_err.txt
-rw-r--r-- 1 cristian cristian       0 may 17 00:32 classic_p3_soft_c6_001_pqc_client_client.txt
-rw-r--r-- 1 cristian cristian      37 may 17 00:32 classic_p3_soft_c6_001_pqc_client_summary.txt
-rw-r--r-- 1 cristian cristian     735 may 15 18:44 classic_p3_soft_c6_001_resource_summary.txt
=== resumen por cliente ===
[*] Perfil poisson_jitter: llegadas no sincronizadas con Poisson+jitter
[*] pqc_client <= plan: 1:0.084638
[*] pqc_client_2 <= plan: 2:0.084638
[*] pqc_client_3 <= plan: 3:0.084638
[*] pqc_client_4 <= plan: 4:0.084638
[*] pqc_client_5 <= plan: 5:0.084638
[*] pqc_client_6 <= plan: 6:0.084638
client=pqc_client total=1 ok=1 err=0
client=pqc_client_2 total=1 ok=1 err=0
client=pqc_client_3 total=1 ok=1 err=0
client=pqc_client_4 total=1 ok=1 err=0
client=pqc_client_5 total=1 ok=1 err=0
client=pqc_client_6 total=1 ok=1 err=0
[*] Resumen guardado en: results/classic_p3_soft_c6_001_resource_summary.txt
RUN_ID: classic_p3_soft_c6_001
CSV: results/classic_p3_soft_c6_001_docker_stats.csv

=== Resumen CPU% y MEM% (avg / max) por contenedor ===
pqc_client_2 -> CPU avg=0.00%, CPU max=0.00%, MEM avg=0.10%, MEM max=0.10%
pqc_client_3 -> CPU avg=0.46%, CPU max=1.39%, MEM avg=0.10%, MEM max=0.10%
pqc_monitor -> CPU avg=0.07%, CPU max=0.08%, MEM avg=0.12%, MEM max=0.12%
pqc_client_4 -> CPU avg=0.55%, CPU max=1.66%, MEM avg=0.09%, MEM max=0.09%
pqc_client_5 -> CPU avg=0.00%, CPU max=0.00%, MEM avg=0.09%, MEM max=0.09%
pqc_server -> CPU avg=0.14%, CPU max=0.41%, MEM avg=0.11%, MEM max=0.11%
pqc_client_6 -> CPU avg=0.54%, CPU max=1.61%, MEM avg=0.14%, MEM max=0.14%
pqc_client -> CPU avg=0.00%, CPU max=0.00%, MEM avg=0.12%, MEM max=0.12%
[2026-05-17 00:32:23] [*] Parando captura en pqc_monitor para classic_p3_soft_c6_001
[*] Métricas TXT guardadas en results/classic_p3_soft_c6_001_metrics.txt
[*] Métricas CSV guardadas en results/classic_p3_soft_c6_001_metrics.csv
[2026-05-17 00:32:41] === RUN END: classic_p3_soft_c6_001 ===

[2026-05-17 00:32:41] === RUN START: classic_p3_soft_c6_002 ===
[2026-05-17 00:32:41] [*] Arrancando captura en pqc_monitor (eth0) para classic_p3_soft_c6_002
[*] Guardando muestras en: results/classic_p3_soft_c6_002_docker_stats.csv
[*] Ejecutando comando medido: bash -lc ./scripts/run_client_once_rafaga.sh classic_p3_soft_c6_002 6; sleep 3
[*] Ráfaga clásica completada: 6 conexiones en 6 clientes (poisson_jitter)
=== host results ===
-rw-rw-r-- 1 cristian cristian    1806 may 17 00:32 classic_p3_soft_c6_002_client_err.txt
-rw-rw-r-- 1 cristian cristian     524 may 17 00:32 classic_p3_soft_c6_002_client.txt
-rwxr-xr-x 1 cristian cristian      69 may 17 00:32 classic_p3_soft_c6_002_docker_stats.csv
-rwxr-xr-x 1 cristian cristian    1703 may 15 18:44 classic_p3_soft_c6_002_metrics.csv
-rw-r--r-- 1 cristian cristian    8746 may 15 18:44 classic_p3_soft_c6_002_metrics.txt
-rw-r--r-- 1 cristian cristian     301 may 17 00:32 classic_p3_soft_c6_002_pqc_client_2_client_err.txt
-rw-r--r-- 1 cristian cristian       0 may 17 00:32 classic_p3_soft_c6_002_pqc_client_2_client.txt
-rw-r--r-- 1 cristian cristian      39 may 17 00:32 classic_p3_soft_c6_002_pqc_client_2_summary.txt
-rw-r--r-- 1 cristian cristian     301 may 17 00:32 classic_p3_soft_c6_002_pqc_client_3_client_err.txt
-rw-r--r-- 1 cristian cristian       0 may 17 00:32 classic_p3_soft_c6_002_pqc_client_3_client.txt
-rw-r--r-- 1 cristian cristian      39 may 17 00:32 classic_p3_soft_c6_002_pqc_client_3_summary.txt
-rw-r--r-- 1 cristian cristian     301 may 17 00:32 classic_p3_soft_c6_002_pqc_client_4_client_err.txt
-rw-r--r-- 1 cristian cristian       0 may 17 00:32 classic_p3_soft_c6_002_pqc_client_4_client.txt
-rw-r--r-- 1 cristian cristian      39 may 17 00:32 classic_p3_soft_c6_002_pqc_client_4_summary.txt
-rw-r--r-- 1 cristian cristian     301 may 17 00:32 classic_p3_soft_c6_002_pqc_client_5_client_err.txt
-rw-r--r-- 1 cristian cristian       0 may 17 00:32 classic_p3_soft_c6_002_pqc_client_5_client.txt
-rw-r--r-- 1 cristian cristian      39 may 17 00:32 classic_p3_soft_c6_002_pqc_client_5_summary.txt
-rw-r--r-- 1 cristian cristian     301 may 17 00:32 classic_p3_soft_c6_002_pqc_client_6_client_err.txt
-rw-r--r-- 1 cristian cristian       0 may 17 00:32 classic_p3_soft_c6_002_pqc_client_6_client.txt
-rw-r--r-- 1 cristian cristian      39 may 17 00:32 classic_p3_soft_c6_002_pqc_client_6_summary.txt
-rw-r--r-- 1 cristian cristian     301 may 17 00:32 classic_p3_soft_c6_002_pqc_client_client_err.txt
-rw-r--r-- 1 cristian cristian       0 may 17 00:32 classic_p3_soft_c6_002_pqc_client_client.txt
-rw-r--r-- 1 cristian cristian      37 may 17 00:32 classic_p3_soft_c6_002_pqc_client_summary.txt
-rw-r--r-- 1 cristian cristian     735 may 15 18:44 classic_p3_soft_c6_002_resource_summary.txt
=== resumen por cliente ===
[*] Perfil poisson_jitter: llegadas no sincronizadas con Poisson+jitter
[*] pqc_client <= plan: 1:0.001424
[*] pqc_client_2 <= plan: 2:0.001424
[*] pqc_client_3 <= plan: 3:0.001424
[*] pqc_client_4 <= plan: 4:0.001424
[*] pqc_client_5 <= plan: 5:0.001424
[*] pqc_client_6 <= plan: 6:0.001424
client=pqc_client total=1 ok=1 err=0
client=pqc_client_2 total=1 ok=1 err=0
client=pqc_client_3 total=1 ok=1 err=0
client=pqc_client_4 total=1 ok=1 err=0
client=pqc_client_5 total=1 ok=1 err=0
client=pqc_client_6 total=1 ok=1 err=0
[*] Resumen guardado en: results/classic_p3_soft_c6_002_resource_summary.txt
RUN_ID: classic_p3_soft_c6_002
CSV: results/classic_p3_soft_c6_002_docker_stats.csv

=== Resumen CPU% y MEM% (avg / max) por contenedor ===
pqc_client_2 -> CPU avg=0.00%, CPU max=0.00%, MEM avg=0.10%, MEM max=0.10%
pqc_client_3 -> CPU avg=0.00%, CPU max=0.00%, MEM avg=0.10%, MEM max=0.10%
pqc_monitor -> CPU avg=0.03%, CPU max=0.05%, MEM avg=0.12%, MEM max=0.12%
pqc_client_4 -> CPU avg=0.00%, CPU max=0.00%, MEM avg=0.09%, MEM max=0.09%
pqc_client_5 -> CPU avg=0.49%, CPU max=1.48%, MEM avg=0.09%, MEM max=0.09%
pqc_server -> CPU avg=0.09%, CPU max=0.26%, MEM avg=0.11%, MEM max=0.11%
pqc_client_6 -> CPU avg=0.60%, CPU max=1.81%, MEM avg=0.14%, MEM max=0.14%
pqc_client -> CPU avg=0.00%, CPU max=0.00%, MEM avg=0.12%, MEM max=0.12%
[2026-05-17 00:32:55] [*] Parando captura en pqc_monitor para classic_p3_soft_c6_002
[*] Métricas TXT guardadas en results/classic_p3_soft_c6_002_metrics.txt
[*] Métricas CSV guardadas en results/classic_p3_soft_c6_002_metrics.csv
[2026-05-17 00:33:18] === RUN END: classic_p3_soft_c6_002 ===

[2026-05-17 00:33:18] === RUN START: classic_p3_soft_c6_003 ===
[2026-05-17 00:33:18] [*] Arrancando captura en pqc_monitor (eth0) para classic_p3_soft_c6_003
[*] Guardando muestras en: results/classic_p3_soft_c6_003_docker_stats.csv
[*] Ejecutando comando medido: bash -lc ./scripts/run_client_once_rafaga.sh classic_p3_soft_c6_003 6; sleep 3
[*] Ráfaga clásica completada: 6 conexiones en 6 clientes (poisson_jitter)
=== host results ===
-rw-rw-r-- 1 cristian cristian    1806 may 17 00:33 classic_p3_soft_c6_003_client_err.txt
-rw-rw-r-- 1 cristian cristian     524 may 17 00:33 classic_p3_soft_c6_003_client.txt
-rwxr-xr-x 1 cristian cristian      69 may 17 00:33 classic_p3_soft_c6_003_docker_stats.csv
-rwxr-xr-x 1 cristian cristian    1697 may 15 18:45 classic_p3_soft_c6_003_metrics.csv
-rw-r--r-- 1 cristian cristian    8721 may 15 18:45 classic_p3_soft_c6_003_metrics.txt
-rw-r--r-- 1 cristian cristian     301 may 17 00:33 classic_p3_soft_c6_003_pqc_client_2_client_err.txt
-rw-r--r-- 1 cristian cristian       0 may 17 00:33 classic_p3_soft_c6_003_pqc_client_2_client.txt
-rw-r--r-- 1 cristian cristian      39 may 17 00:33 classic_p3_soft_c6_003_pqc_client_2_summary.txt
-rw-r--r-- 1 cristian cristian     301 may 17 00:33 classic_p3_soft_c6_003_pqc_client_3_client_err.txt
-rw-r--r-- 1 cristian cristian       0 may 17 00:33 classic_p3_soft_c6_003_pqc_client_3_client.txt
-rw-r--r-- 1 cristian cristian      39 may 17 00:33 classic_p3_soft_c6_003_pqc_client_3_summary.txt
-rw-r--r-- 1 cristian cristian     301 may 17 00:33 classic_p3_soft_c6_003_pqc_client_4_client_err.txt
-rw-r--r-- 1 cristian cristian       0 may 17 00:33 classic_p3_soft_c6_003_pqc_client_4_client.txt
-rw-r--r-- 1 cristian cristian      39 may 17 00:33 classic_p3_soft_c6_003_pqc_client_4_summary.txt
-rw-r--r-- 1 cristian cristian     301 may 17 00:33 classic_p3_soft_c6_003_pqc_client_5_client_err.txt
-rw-r--r-- 1 cristian cristian       0 may 17 00:33 classic_p3_soft_c6_003_pqc_client_5_client.txt
-rw-r--r-- 1 cristian cristian      39 may 17 00:33 classic_p3_soft_c6_003_pqc_client_5_summary.txt
-rw-r--r-- 1 cristian cristian     301 may 17 00:33 classic_p3_soft_c6_003_pqc_client_6_client_err.txt
-rw-r--r-- 1 cristian cristian       0 may 17 00:33 classic_p3_soft_c6_003_pqc_client_6_client.txt
-rw-r--r-- 1 cristian cristian      39 may 17 00:33 classic_p3_soft_c6_003_pqc_client_6_summary.txt
-rw-r--r-- 1 cristian cristian     301 may 17 00:33 classic_p3_soft_c6_003_pqc_client_client_err.txt
-rw-r--r-- 1 cristian cristian       0 may 17 00:33 classic_p3_soft_c6_003_pqc_client_client.txt
-rw-r--r-- 1 cristian cristian      37 may 17 00:33 classic_p3_soft_c6_003_pqc_client_summary.txt
-rw-r--r-- 1 cristian cristian     736 may 15 18:45 classic_p3_soft_c6_003_resource_summary.txt
=== resumen por cliente ===
[*] Perfil poisson_jitter: llegadas no sincronizadas con Poisson+jitter
[*] pqc_client <= plan: 1:0.090610
[*] pqc_client_2 <= plan: 2:0.090610
[*] pqc_client_3 <= plan: 3:0.090610
[*] pqc_client_4 <= plan: 4:0.090610
[*] pqc_client_5 <= plan: 5:0.090610
[*] pqc_client_6 <= plan: 6:0.090610
client=pqc_client total=1 ok=1 err=0
client=pqc_client_2 total=1 ok=1 err=0
client=pqc_client_3 total=1 ok=1 err=0
client=pqc_client_4 total=1 ok=1 err=0
client=pqc_client_5 total=1 ok=1 err=0
client=pqc_client_6 total=1 ok=1 err=0
[*] Resumen guardado en: results/classic_p3_soft_c6_003_resource_summary.txt
RUN_ID: classic_p3_soft_c6_003
CSV: results/classic_p3_soft_c6_003_docker_stats.csv

=== Resumen CPU% y MEM% (avg / max) por contenedor ===
pqc_client_2 -> CPU avg=0.00%, CPU max=0.00%, MEM avg=0.10%, MEM max=0.10%
pqc_client_3 -> CPU avg=0.00%, CPU max=0.00%, MEM avg=0.10%, MEM max=0.10%
pqc_monitor -> CPU avg=0.08%, CPU max=0.10%, MEM avg=0.12%, MEM max=0.12%
pqc_client_4 -> CPU avg=3.18%, CPU max=9.53%, MEM avg=0.10%, MEM max=0.11%
pqc_client_5 -> CPU avg=0.74%, CPU max=2.21%, MEM avg=0.09%, MEM max=0.09%
pqc_server -> CPU avg=0.14%, CPU max=0.42%, MEM avg=0.11%, MEM max=0.11%
pqc_client_6 -> CPU avg=0.63%, CPU max=1.88%, MEM avg=0.14%, MEM max=0.14%
pqc_client -> CPU avg=0.00%, CPU max=0.00%, MEM avg=0.12%, MEM max=0.12%
[2026-05-17 00:33:31] [*] Parando captura en pqc_monitor para classic_p3_soft_c6_003
[*] Métricas TXT guardadas en results/classic_p3_soft_c6_003_metrics.txt
[*] Métricas CSV guardadas en results/classic_p3_soft_c6_003_metrics.csv
[2026-05-17 00:33:54] === RUN END: classic_p3_soft_c6_003 ===

[2026-05-17 00:33:54] === RUN START: classic_p3_soft_c6_004 ===
[2026-05-17 00:33:54] [*] Arrancando captura en pqc_monitor (eth0) para classic_p3_soft_c6_004
[*] Guardando muestras en: results/classic_p3_soft_c6_004_docker_stats.csv
[*] Ejecutando comando medido: bash -lc ./scripts/run_client_once_rafaga.sh classic_p3_soft_c6_004 6; sleep 3
[*] Ráfaga clásica completada: 6 conexiones en 6 clientes (poisson_jitter)
=== host results ===
-rw-rw-r-- 1 cristian cristian    1806 may 17 00:33 classic_p3_soft_c6_004_client_err.txt
-rw-rw-r-- 1 cristian cristian     524 may 17 00:33 classic_p3_soft_c6_004_client.txt
-rwxr-xr-x 1 cristian cristian      69 may 17 00:33 classic_p3_soft_c6_004_docker_stats.csv
-rwxr-xr-x 1 cristian cristian    1704 may 15 18:45 classic_p3_soft_c6_004_metrics.csv
-rw-r--r-- 1 cristian cristian    8415 may 15 18:45 classic_p3_soft_c6_004_metrics.txt
-rw-r--r-- 1 cristian cristian     301 may 17 00:33 classic_p3_soft_c6_004_pqc_client_2_client_err.txt
-rw-r--r-- 1 cristian cristian       0 may 17 00:33 classic_p3_soft_c6_004_pqc_client_2_client.txt
-rw-r--r-- 1 cristian cristian      39 may 17 00:33 classic_p3_soft_c6_004_pqc_client_2_summary.txt
-rw-r--r-- 1 cristian cristian     301 may 17 00:33 classic_p3_soft_c6_004_pqc_client_3_client_err.txt
-rw-r--r-- 1 cristian cristian       0 may 17 00:33 classic_p3_soft_c6_004_pqc_client_3_client.txt
-rw-r--r-- 1 cristian cristian      39 may 17 00:33 classic_p3_soft_c6_004_pqc_client_3_summary.txt
-rw-r--r-- 1 cristian cristian     301 may 17 00:33 classic_p3_soft_c6_004_pqc_client_4_client_err.txt
-rw-r--r-- 1 cristian cristian       0 may 17 00:33 classic_p3_soft_c6_004_pqc_client_4_client.txt
-rw-r--r-- 1 cristian cristian      39 may 17 00:33 classic_p3_soft_c6_004_pqc_client_4_summary.txt
-rw-r--r-- 1 cristian cristian     301 may 17 00:33 classic_p3_soft_c6_004_pqc_client_5_client_err.txt
-rw-r--r-- 1 cristian cristian       0 may 17 00:33 classic_p3_soft_c6_004_pqc_client_5_client.txt
-rw-r--r-- 1 cristian cristian      39 may 17 00:33 classic_p3_soft_c6_004_pqc_client_5_summary.txt
-rw-r--r-- 1 cristian cristian     301 may 17 00:33 classic_p3_soft_c6_004_pqc_client_6_client_err.txt
-rw-r--r-- 1 cristian cristian       0 may 17 00:33 classic_p3_soft_c6_004_pqc_client_6_client.txt
-rw-r--r-- 1 cristian cristian      39 may 17 00:33 classic_p3_soft_c6_004_pqc_client_6_summary.txt
-rw-r--r-- 1 cristian cristian     301 may 17 00:33 classic_p3_soft_c6_004_pqc_client_client_err.txt
-rw-r--r-- 1 cristian cristian       0 may 17 00:33 classic_p3_soft_c6_004_pqc_client_client.txt
-rw-r--r-- 1 cristian cristian      37 may 17 00:33 classic_p3_soft_c6_004_pqc_client_summary.txt
-rw-r--r-- 1 cristian cristian     737 may 15 18:45 classic_p3_soft_c6_004_resource_summary.txt
=== resumen por cliente ===
[*] Perfil poisson_jitter: llegadas no sincronizadas con Poisson+jitter
[*] pqc_client <= plan: 1:0.035194
[*] pqc_client_2 <= plan: 2:0.035194
[*] pqc_client_3 <= plan: 3:0.035194
[*] pqc_client_4 <= plan: 4:0.035194
[*] pqc_client_5 <= plan: 5:0.035194
[*] pqc_client_6 <= plan: 6:0.035194
client=pqc_client total=1 ok=1 err=0
client=pqc_client_2 total=1 ok=1 err=0
client=pqc_client_3 total=1 ok=1 err=0
client=pqc_client_4 total=1 ok=1 err=0
client=pqc_client_5 total=1 ok=1 err=0
client=pqc_client_6 total=1 ok=1 err=0
[*] Resumen guardado en: results/classic_p3_soft_c6_004_resource_summary.txt
RUN_ID: classic_p3_soft_c6_004
CSV: results/classic_p3_soft_c6_004_docker_stats.csv

=== Resumen CPU% y MEM% (avg / max) por contenedor ===
pqc_client_2 -> CPU avg=0.00%, CPU max=0.00%, MEM avg=0.10%, MEM max=0.10%
pqc_client_3 -> CPU avg=0.00%, CPU max=0.00%, MEM avg=0.10%, MEM max=0.10%
pqc_monitor -> CPU avg=0.09%, CPU max=0.13%, MEM avg=0.12%, MEM max=0.12%
pqc_client_4 -> CPU avg=0.00%, CPU max=0.00%, MEM avg=0.09%, MEM max=0.09%
pqc_client_5 -> CPU avg=0.56%, CPU max=1.69%, MEM avg=0.09%, MEM max=0.09%
pqc_server -> CPU avg=0.02%, CPU max=0.06%, MEM avg=0.11%, MEM max=0.11%
pqc_client_6 -> CPU avg=0.57%, CPU max=1.72%, MEM avg=0.14%, MEM max=0.14%
pqc_client -> CPU avg=0.00%, CPU max=0.00%, MEM avg=0.12%, MEM max=0.12%
[2026-05-17 00:34:07] [*] Parando captura en pqc_monitor para classic_p3_soft_c6_004
[*] Métricas TXT guardadas en results/classic_p3_soft_c6_004_metrics.txt
[*] Métricas CSV guardadas en results/classic_p3_soft_c6_004_metrics.csv
[2026-05-17 00:34:29] === RUN END: classic_p3_soft_c6_004 ===

[2026-05-17 00:34:29] === RUN START: classic_p3_soft_c6_005 ===
[2026-05-17 00:34:29] [*] Arrancando captura en pqc_monitor (eth0) para classic_p3_soft_c6_005
[*] Guardando muestras en: results/classic_p3_soft_c6_005_docker_stats.csv
[*] Ejecutando comando medido: bash -lc ./scripts/run_client_once_rafaga.sh classic_p3_soft_c6_005 6; sleep 3
[*] Ráfaga clásica completada: 6 conexiones en 6 clientes (poisson_jitter)
=== host results ===
-rw-rw-r-- 1 cristian cristian    1806 may 17 00:34 classic_p3_soft_c6_005_client_err.txt
-rw-rw-r-- 1 cristian cristian     524 may 17 00:34 classic_p3_soft_c6_005_client.txt
-rwxr-xr-x 1 cristian cristian      69 may 17 00:34 classic_p3_soft_c6_005_docker_stats.csv
-rwxr-xr-x 1 cristian cristian    1697 may 15 18:46 classic_p3_soft_c6_005_metrics.csv
-rw-r--r-- 1 cristian cristian    8389 may 15 18:46 classic_p3_soft_c6_005_metrics.txt
-rw-r--r-- 1 cristian cristian     301 may 17 00:34 classic_p3_soft_c6_005_pqc_client_2_client_err.txt
-rw-r--r-- 1 cristian cristian       0 may 17 00:34 classic_p3_soft_c6_005_pqc_client_2_client.txt
-rw-r--r-- 1 cristian cristian      39 may 17 00:34 classic_p3_soft_c6_005_pqc_client_2_summary.txt
-rw-r--r-- 1 cristian cristian     301 may 17 00:34 classic_p3_soft_c6_005_pqc_client_3_client_err.txt
-rw-r--r-- 1 cristian cristian       0 may 17 00:34 classic_p3_soft_c6_005_pqc_client_3_client.txt
-rw-r--r-- 1 cristian cristian      39 may 17 00:34 classic_p3_soft_c6_005_pqc_client_3_summary.txt
-rw-r--r-- 1 cristian cristian     301 may 17 00:34 classic_p3_soft_c6_005_pqc_client_4_client_err.txt
-rw-r--r-- 1 cristian cristian       0 may 17 00:34 classic_p3_soft_c6_005_pqc_client_4_client.txt
-rw-r--r-- 1 cristian cristian      39 may 17 00:34 classic_p3_soft_c6_005_pqc_client_4_summary.txt
-rw-r--r-- 1 cristian cristian     301 may 17 00:34 classic_p3_soft_c6_005_pqc_client_5_client_err.txt
-rw-r--r-- 1 cristian cristian       0 may 17 00:34 classic_p3_soft_c6_005_pqc_client_5_client.txt
-rw-r--r-- 1 cristian cristian      39 may 17 00:34 classic_p3_soft_c6_005_pqc_client_5_summary.txt
-rw-r--r-- 1 cristian cristian     301 may 17 00:34 classic_p3_soft_c6_005_pqc_client_6_client_err.txt
-rw-r--r-- 1 cristian cristian       0 may 17 00:34 classic_p3_soft_c6_005_pqc_client_6_client.txt
-rw-r--r-- 1 cristian cristian      39 may 17 00:34 classic_p3_soft_c6_005_pqc_client_6_summary.txt
-rw-r--r-- 1 cristian cristian     301 may 17 00:34 classic_p3_soft_c6_005_pqc_client_client_err.txt
-rw-r--r-- 1 cristian cristian       0 may 17 00:34 classic_p3_soft_c6_005_pqc_client_client.txt
-rw-r--r-- 1 cristian cristian      37 may 17 00:34 classic_p3_soft_c6_005_pqc_client_summary.txt
-rw-r--r-- 1 cristian cristian     738 may 15 18:46 classic_p3_soft_c6_005_resource_summary.txt
=== resumen por cliente ===
[*] Perfil poisson_jitter: llegadas no sincronizadas con Poisson+jitter
[*] pqc_client <= plan: 1:0.073246
[*] pqc_client_2 <= plan: 2:0.073246
[*] pqc_client_3 <= plan: 3:0.073246
[*] pqc_client_4 <= plan: 4:0.073246
[*] pqc_client_5 <= plan: 5:0.073246
[*] pqc_client_6 <= plan: 6:0.073246
client=pqc_client total=1 ok=1 err=0
client=pqc_client_2 total=1 ok=1 err=0
client=pqc_client_3 total=1 ok=1 err=0
client=pqc_client_4 total=1 ok=1 err=0
client=pqc_client_5 total=1 ok=1 err=0
client=pqc_client_6 total=1 ok=1 err=0
[*] Resumen guardado en: results/classic_p3_soft_c6_005_resource_summary.txt
RUN_ID: classic_p3_soft_c6_005
CSV: results/classic_p3_soft_c6_005_docker_stats.csv

=== Resumen CPU% y MEM% (avg / max) por contenedor ===
pqc_client_2 -> CPU avg=0.65%, CPU max=1.96%, MEM avg=0.10%, MEM max=0.10%
pqc_client_3 -> CPU avg=0.72%, CPU max=2.15%, MEM avg=0.10%, MEM max=0.10%
pqc_monitor -> CPU avg=0.07%, CPU max=0.08%, MEM avg=0.12%, MEM max=0.12%
pqc_client_4 -> CPU avg=0.67%, CPU max=2.02%, MEM avg=0.09%, MEM max=0.09%
pqc_client_5 -> CPU avg=0.68%, CPU max=2.03%, MEM avg=0.09%, MEM max=0.09%
pqc_server -> CPU avg=0.39%, CPU max=1.18%, MEM avg=0.11%, MEM max=0.11%
pqc_client_6 -> CPU avg=0.70%, CPU max=2.09%, MEM avg=0.14%, MEM max=0.14%
pqc_client -> CPU avg=0.53%, CPU max=1.60%, MEM avg=0.12%, MEM max=0.12%
[2026-05-17 00:34:42] [*] Parando captura en pqc_monitor para classic_p3_soft_c6_005
[*] Métricas TXT guardadas en results/classic_p3_soft_c6_005_metrics.txt
[*] Métricas CSV guardadas en results/classic_p3_soft_c6_005_metrics.csv
[2026-05-17 00:35:05] === RUN END: classic_p3_soft_c6_005 ===

[2026-05-17 00:35:05] === RUN START: classic_p3_stress_c6_001 ===
[2026-05-17 00:35:05] [*] Arrancando captura en pqc_monitor (eth0) para classic_p3_stress_c6_001
[*] Guardando muestras en: results/classic_p3_stress_c6_001_docker_stats.csv
[*] Ejecutando comando medido: bash -lc ./scripts/run_client_once_rafaga.sh classic_p3_stress_c6_001 6; sleep 3
[*] Ráfaga clásica completada: 6 conexiones en 6 clientes (stress)
=== host results ===
-rw-rw-r-- 1 cristian cristian    1806 may 17 00:35 classic_p3_stress_c6_001_client_err.txt
-rw-rw-r-- 1 cristian cristian     473 may 17 00:35 classic_p3_stress_c6_001_client.txt
-rwxr-xr-x 1 cristian cristian      69 may 17 00:35 classic_p3_stress_c6_001_docker_stats.csv
-rwxr-xr-x 1 cristian cristian    1699 may 15 18:46 classic_p3_stress_c6_001_metrics.csv
-rw-r--r-- 1 cristian cristian    8292 may 15 18:46 classic_p3_stress_c6_001_metrics.txt
-rw-r--r-- 1 cristian cristian     301 may 17 00:35 classic_p3_stress_c6_001_pqc_client_2_client_err.txt
-rw-r--r-- 1 cristian cristian       0 may 17 00:35 classic_p3_stress_c6_001_pqc_client_2_client.txt
-rw-r--r-- 1 cristian cristian      39 may 17 00:35 classic_p3_stress_c6_001_pqc_client_2_summary.txt
-rw-r--r-- 1 cristian cristian     301 may 17 00:35 classic_p3_stress_c6_001_pqc_client_3_client_err.txt
-rw-r--r-- 1 cristian cristian       0 may 17 00:35 classic_p3_stress_c6_001_pqc_client_3_client.txt
-rw-r--r-- 1 cristian cristian      39 may 17 00:35 classic_p3_stress_c6_001_pqc_client_3_summary.txt
-rw-r--r-- 1 cristian cristian     301 may 17 00:35 classic_p3_stress_c6_001_pqc_client_4_client_err.txt
-rw-r--r-- 1 cristian cristian       0 may 17 00:35 classic_p3_stress_c6_001_pqc_client_4_client.txt
-rw-r--r-- 1 cristian cristian      39 may 17 00:35 classic_p3_stress_c6_001_pqc_client_4_summary.txt
-rw-r--r-- 1 cristian cristian     301 may 17 00:35 classic_p3_stress_c6_001_pqc_client_5_client_err.txt
-rw-r--r-- 1 cristian cristian       0 may 17 00:35 classic_p3_stress_c6_001_pqc_client_5_client.txt
-rw-r--r-- 1 cristian cristian      39 may 17 00:35 classic_p3_stress_c6_001_pqc_client_5_summary.txt
-rw-r--r-- 1 cristian cristian     301 may 17 00:35 classic_p3_stress_c6_001_pqc_client_6_client_err.txt
-rw-r--r-- 1 cristian cristian       0 may 17 00:35 classic_p3_stress_c6_001_pqc_client_6_client.txt
-rw-r--r-- 1 cristian cristian      39 may 17 00:35 classic_p3_stress_c6_001_pqc_client_6_summary.txt
-rw-r--r-- 1 cristian cristian     301 may 17 00:35 classic_p3_stress_c6_001_pqc_client_client_err.txt
-rw-r--r-- 1 cristian cristian       0 may 17 00:35 classic_p3_stress_c6_001_pqc_client_client.txt
-rw-r--r-- 1 cristian cristian      37 may 17 00:35 classic_p3_stress_c6_001_pqc_client_summary.txt
-rw-r--r-- 1 cristian cristian     739 may 15 18:46 classic_p3_stress_c6_001_resource_summary.txt
=== resumen por cliente ===
[*] Perfil stress: conexiones totalmente paralelas por cliente
[*] pqc_client <= plan: 1:0
[*] pqc_client_2 <= plan: 2:0
[*] pqc_client_3 <= plan: 3:0
[*] pqc_client_4 <= plan: 4:0
[*] pqc_client_5 <= plan: 5:0
[*] pqc_client_6 <= plan: 6:0
client=pqc_client total=1 ok=1 err=0
client=pqc_client_2 total=1 ok=1 err=0
client=pqc_client_3 total=1 ok=1 err=0
client=pqc_client_4 total=1 ok=1 err=0
client=pqc_client_5 total=1 ok=1 err=0
client=pqc_client_6 total=1 ok=1 err=0
[*] Resumen guardado en: results/classic_p3_stress_c6_001_resource_summary.txt
RUN_ID: classic_p3_stress_c6_001
CSV: results/classic_p3_stress_c6_001_docker_stats.csv

=== Resumen CPU% y MEM% (avg / max) por contenedor ===
pqc_client_2 -> CPU avg=0.00%, CPU max=0.00%, MEM avg=0.10%, MEM max=0.10%
pqc_client_3 -> CPU avg=0.00%, CPU max=0.00%, MEM avg=0.10%, MEM max=0.10%
pqc_monitor -> CPU avg=0.04%, CPU max=0.08%, MEM avg=0.12%, MEM max=0.12%
pqc_client_4 -> CPU avg=0.00%, CPU max=0.00%, MEM avg=0.09%, MEM max=0.09%
pqc_client_5 -> CPU avg=4.65%, CPU max=13.95%, MEM avg=0.09%, MEM max=0.09%
pqc_server -> CPU avg=0.02%, CPU max=0.07%, MEM avg=0.11%, MEM max=0.11%
pqc_client_6 -> CPU avg=0.46%, CPU max=1.37%, MEM avg=0.14%, MEM max=0.14%
pqc_client -> CPU avg=0.53%, CPU max=1.59%, MEM avg=0.12%, MEM max=0.12%
[2026-05-17 00:35:18] [*] Parando captura en pqc_monitor para classic_p3_stress_c6_001
[*] Métricas TXT guardadas en results/classic_p3_stress_c6_001_metrics.txt
[*] Métricas CSV guardadas en results/classic_p3_stress_c6_001_metrics.csv
[2026-05-17 00:35:41] === RUN END: classic_p3_stress_c6_001 ===

[2026-05-17 00:35:41] === RUN START: classic_p3_stress_c6_002 ===
[2026-05-17 00:35:41] [*] Arrancando captura en pqc_monitor (eth0) para classic_p3_stress_c6_002
[*] Guardando muestras en: results/classic_p3_stress_c6_002_docker_stats.csv
[*] Ejecutando comando medido: bash -lc ./scripts/run_client_once_rafaga.sh classic_p3_stress_c6_002 6; sleep 3
[*] Ráfaga clásica completada: 6 conexiones en 6 clientes (stress)
=== host results ===
-rw-rw-r-- 1 cristian cristian    1806 may 17 00:35 classic_p3_stress_c6_002_client_err.txt
-rw-rw-r-- 1 cristian cristian     473 may 17 00:35 classic_p3_stress_c6_002_client.txt
-rwxr-xr-x 1 cristian cristian      69 may 17 00:35 classic_p3_stress_c6_002_docker_stats.csv
-rwxr-xr-x 1 cristian cristian    1706 may 15 18:47 classic_p3_stress_c6_002_metrics.csv
-rw-r--r-- 1 cristian cristian    8760 may 15 18:47 classic_p3_stress_c6_002_metrics.txt
-rw-r--r-- 1 cristian cristian     301 may 17 00:35 classic_p3_stress_c6_002_pqc_client_2_client_err.txt
-rw-r--r-- 1 cristian cristian       0 may 17 00:35 classic_p3_stress_c6_002_pqc_client_2_client.txt
-rw-r--r-- 1 cristian cristian      39 may 17 00:35 classic_p3_stress_c6_002_pqc_client_2_summary.txt
-rw-r--r-- 1 cristian cristian     301 may 17 00:35 classic_p3_stress_c6_002_pqc_client_3_client_err.txt
-rw-r--r-- 1 cristian cristian       0 may 17 00:35 classic_p3_stress_c6_002_pqc_client_3_client.txt
-rw-r--r-- 1 cristian cristian      39 may 17 00:35 classic_p3_stress_c6_002_pqc_client_3_summary.txt
-rw-r--r-- 1 cristian cristian     301 may 17 00:35 classic_p3_stress_c6_002_pqc_client_4_client_err.txt
-rw-r--r-- 1 cristian cristian       0 may 17 00:35 classic_p3_stress_c6_002_pqc_client_4_client.txt
-rw-r--r-- 1 cristian cristian      39 may 17 00:35 classic_p3_stress_c6_002_pqc_client_4_summary.txt
-rw-r--r-- 1 cristian cristian     301 may 17 00:35 classic_p3_stress_c6_002_pqc_client_5_client_err.txt
-rw-r--r-- 1 cristian cristian       0 may 17 00:35 classic_p3_stress_c6_002_pqc_client_5_client.txt
-rw-r--r-- 1 cristian cristian      39 may 17 00:35 classic_p3_stress_c6_002_pqc_client_5_summary.txt
-rw-r--r-- 1 cristian cristian     301 may 17 00:35 classic_p3_stress_c6_002_pqc_client_6_client_err.txt
-rw-r--r-- 1 cristian cristian       0 may 17 00:35 classic_p3_stress_c6_002_pqc_client_6_client.txt
-rw-r--r-- 1 cristian cristian      39 may 17 00:35 classic_p3_stress_c6_002_pqc_client_6_summary.txt
-rw-r--r-- 1 cristian cristian     301 may 17 00:35 classic_p3_stress_c6_002_pqc_client_client_err.txt
-rw-r--r-- 1 cristian cristian       0 may 17 00:35 classic_p3_stress_c6_002_pqc_client_client.txt
-rw-r--r-- 1 cristian cristian      37 may 17 00:35 classic_p3_stress_c6_002_pqc_client_summary.txt
-rw-r--r-- 1 cristian cristian     740 may 15 18:47 classic_p3_stress_c6_002_resource_summary.txt
=== resumen por cliente ===
[*] Perfil stress: conexiones totalmente paralelas por cliente
[*] pqc_client <= plan: 1:0
[*] pqc_client_2 <= plan: 2:0
[*] pqc_client_3 <= plan: 3:0
[*] pqc_client_4 <= plan: 4:0
[*] pqc_client_5 <= plan: 5:0
[*] pqc_client_6 <= plan: 6:0
client=pqc_client total=1 ok=1 err=0
client=pqc_client_2 total=1 ok=1 err=0
client=pqc_client_3 total=1 ok=1 err=0
client=pqc_client_4 total=1 ok=1 err=0
client=pqc_client_5 total=1 ok=1 err=0
client=pqc_client_6 total=1 ok=1 err=0
[*] Resumen guardado en: results/classic_p3_stress_c6_002_resource_summary.txt
RUN_ID: classic_p3_stress_c6_002
CSV: results/classic_p3_stress_c6_002_docker_stats.csv

=== Resumen CPU% y MEM% (avg / max) por contenedor ===
pqc_client_2 -> CPU avg=0.00%, CPU max=0.00%, MEM avg=0.10%, MEM max=0.10%
pqc_client_3 -> CPU avg=0.00%, CPU max=0.00%, MEM avg=0.10%, MEM max=0.10%
pqc_monitor -> CPU avg=0.08%, CPU max=0.11%, MEM avg=0.12%, MEM max=0.12%
pqc_client_4 -> CPU avg=0.00%, CPU max=0.00%, MEM avg=0.09%, MEM max=0.09%
pqc_client_5 -> CPU avg=0.55%, CPU max=1.66%, MEM avg=0.09%, MEM max=0.09%
pqc_server -> CPU avg=0.02%, CPU max=0.06%, MEM avg=0.11%, MEM max=0.11%
pqc_client_6 -> CPU avg=0.47%, CPU max=1.41%, MEM avg=0.14%, MEM max=0.14%
pqc_client -> CPU avg=0.00%, CPU max=0.00%, MEM avg=0.12%, MEM max=0.12%
[2026-05-17 00:35:54] [*] Parando captura en pqc_monitor para classic_p3_stress_c6_002
[*] Métricas TXT guardadas en results/classic_p3_stress_c6_002_metrics.txt
[*] Métricas CSV guardadas en results/classic_p3_stress_c6_002_metrics.csv
[2026-05-17 00:36:17] === RUN END: classic_p3_stress_c6_002 ===

[2026-05-17 00:36:17] === RUN START: classic_p3_stress_c6_003 ===
[2026-05-17 00:36:17] [*] Arrancando captura en pqc_monitor (eth0) para classic_p3_stress_c6_003
[*] Guardando muestras en: results/classic_p3_stress_c6_003_docker_stats.csv
[*] Ejecutando comando medido: bash -lc ./scripts/run_client_once_rafaga.sh classic_p3_stress_c6_003 6; sleep 3
[*] Ráfaga clásica completada: 6 conexiones en 6 clientes (stress)
=== host results ===
-rw-rw-r-- 1 cristian cristian    1806 may 17 00:36 classic_p3_stress_c6_003_client_err.txt
-rw-rw-r-- 1 cristian cristian     473 may 17 00:36 classic_p3_stress_c6_003_client.txt
-rwxr-xr-x 1 cristian cristian      69 may 17 00:36 classic_p3_stress_c6_003_docker_stats.csv
-rwxr-xr-x 1 cristian cristian    1706 may 15 18:47 classic_p3_stress_c6_003_metrics.csv
-rw-r--r-- 1 cristian cristian    8760 may 15 18:47 classic_p3_stress_c6_003_metrics.txt
-rw-r--r-- 1 cristian cristian     301 may 17 00:36 classic_p3_stress_c6_003_pqc_client_2_client_err.txt
-rw-r--r-- 1 cristian cristian       0 may 17 00:36 classic_p3_stress_c6_003_pqc_client_2_client.txt
-rw-r--r-- 1 cristian cristian      39 may 17 00:36 classic_p3_stress_c6_003_pqc_client_2_summary.txt
-rw-r--r-- 1 cristian cristian     301 may 17 00:36 classic_p3_stress_c6_003_pqc_client_3_client_err.txt
-rw-r--r-- 1 cristian cristian       0 may 17 00:36 classic_p3_stress_c6_003_pqc_client_3_client.txt
-rw-r--r-- 1 cristian cristian      39 may 17 00:36 classic_p3_stress_c6_003_pqc_client_3_summary.txt
-rw-r--r-- 1 cristian cristian     301 may 17 00:36 classic_p3_stress_c6_003_pqc_client_4_client_err.txt
-rw-r--r-- 1 cristian cristian       0 may 17 00:36 classic_p3_stress_c6_003_pqc_client_4_client.txt
-rw-r--r-- 1 cristian cristian      39 may 17 00:36 classic_p3_stress_c6_003_pqc_client_4_summary.txt
-rw-r--r-- 1 cristian cristian     301 may 17 00:36 classic_p3_stress_c6_003_pqc_client_5_client_err.txt
-rw-r--r-- 1 cristian cristian       0 may 17 00:36 classic_p3_stress_c6_003_pqc_client_5_client.txt
-rw-r--r-- 1 cristian cristian      39 may 17 00:36 classic_p3_stress_c6_003_pqc_client_5_summary.txt
-rw-r--r-- 1 cristian cristian     301 may 17 00:36 classic_p3_stress_c6_003_pqc_client_6_client_err.txt
-rw-r--r-- 1 cristian cristian       0 may 17 00:36 classic_p3_stress_c6_003_pqc_client_6_client.txt
-rw-r--r-- 1 cristian cristian      39 may 17 00:36 classic_p3_stress_c6_003_pqc_client_6_summary.txt
-rw-r--r-- 1 cristian cristian     301 may 17 00:36 classic_p3_stress_c6_003_pqc_client_client_err.txt
-rw-r--r-- 1 cristian cristian       0 may 17 00:36 classic_p3_stress_c6_003_pqc_client_client.txt
-rw-r--r-- 1 cristian cristian      37 may 17 00:36 classic_p3_stress_c6_003_pqc_client_summary.txt
-rw-r--r-- 1 cristian cristian     740 may 15 18:47 classic_p3_stress_c6_003_resource_summary.txt
=== resumen por cliente ===
[*] Perfil stress: conexiones totalmente paralelas por cliente
[*] pqc_client <= plan: 1:0
[*] pqc_client_2 <= plan: 2:0
[*] pqc_client_3 <= plan: 3:0
[*] pqc_client_4 <= plan: 4:0
[*] pqc_client_5 <= plan: 5:0
[*] pqc_client_6 <= plan: 6:0
client=pqc_client total=1 ok=1 err=0
client=pqc_client_2 total=1 ok=1 err=0
client=pqc_client_3 total=1 ok=1 err=0
client=pqc_client_4 total=1 ok=1 err=0
client=pqc_client_5 total=1 ok=1 err=0
client=pqc_client_6 total=1 ok=1 err=0
[*] Resumen guardado en: results/classic_p3_stress_c6_003_resource_summary.txt
RUN_ID: classic_p3_stress_c6_003
CSV: results/classic_p3_stress_c6_003_docker_stats.csv

=== Resumen CPU% y MEM% (avg / max) por contenedor ===
pqc_client_2 -> CPU avg=0.00%, CPU max=0.00%, MEM avg=0.10%, MEM max=0.10%
pqc_client_3 -> CPU avg=0.00%, CPU max=0.00%, MEM avg=0.10%, MEM max=0.10%
pqc_monitor -> CPU avg=0.08%, CPU max=0.11%, MEM avg=0.12%, MEM max=0.12%
pqc_client_4 -> CPU avg=0.00%, CPU max=0.00%, MEM avg=0.09%, MEM max=0.09%
pqc_client_5 -> CPU avg=0.59%, CPU max=1.76%, MEM avg=0.09%, MEM max=0.09%
pqc_server -> CPU avg=0.02%, CPU max=0.06%, MEM avg=0.11%, MEM max=0.11%
pqc_client_6 -> CPU avg=0.66%, CPU max=1.97%, MEM avg=0.14%, MEM max=0.14%
pqc_client -> CPU avg=0.00%, CPU max=0.00%, MEM avg=0.12%, MEM max=0.12%
[2026-05-17 00:36:30] [*] Parando captura en pqc_monitor para classic_p3_stress_c6_003
[*] Métricas TXT guardadas en results/classic_p3_stress_c6_003_metrics.txt
[*] Métricas CSV guardadas en results/classic_p3_stress_c6_003_metrics.csv
[2026-05-17 00:36:52] === RUN END: classic_p3_stress_c6_003 ===

[2026-05-17 00:36:52] === RUN START: classic_p3_stress_c6_004 ===
[2026-05-17 00:36:52] [*] Arrancando captura en pqc_monitor (eth0) para classic_p3_stress_c6_004
[*] Guardando muestras en: results/classic_p3_stress_c6_004_docker_stats.csv
[*] Ejecutando comando medido: bash -lc ./scripts/run_client_once_rafaga.sh classic_p3_stress_c6_004 6; sleep 3
[*] Ráfaga clásica completada: 6 conexiones en 6 clientes (stress)
=== host results ===
-rw-rw-r-- 1 cristian cristian    1806 may 17 00:36 classic_p3_stress_c6_004_client_err.txt
-rw-rw-r-- 1 cristian cristian     473 may 17 00:36 classic_p3_stress_c6_004_client.txt
-rwxr-xr-x 1 cristian cristian      69 may 17 00:36 classic_p3_stress_c6_004_docker_stats.csv
-rwxr-xr-x 1 cristian cristian    1705 may 15 18:48 classic_p3_stress_c6_004_metrics.csv
-rw-r--r-- 1 cristian cristian    8759 may 15 18:48 classic_p3_stress_c6_004_metrics.txt
-rw-r--r-- 1 cristian cristian     301 may 17 00:36 classic_p3_stress_c6_004_pqc_client_2_client_err.txt
-rw-r--r-- 1 cristian cristian       0 may 17 00:36 classic_p3_stress_c6_004_pqc_client_2_client.txt
-rw-r--r-- 1 cristian cristian      39 may 17 00:36 classic_p3_stress_c6_004_pqc_client_2_summary.txt
-rw-r--r-- 1 cristian cristian     301 may 17 00:36 classic_p3_stress_c6_004_pqc_client_3_client_err.txt
-rw-r--r-- 1 cristian cristian       0 may 17 00:36 classic_p3_stress_c6_004_pqc_client_3_client.txt
-rw-r--r-- 1 cristian cristian      39 may 17 00:36 classic_p3_stress_c6_004_pqc_client_3_summary.txt
-rw-r--r-- 1 cristian cristian     301 may 17 00:36 classic_p3_stress_c6_004_pqc_client_4_client_err.txt
-rw-r--r-- 1 cristian cristian       0 may 17 00:36 classic_p3_stress_c6_004_pqc_client_4_client.txt
-rw-r--r-- 1 cristian cristian      39 may 17 00:36 classic_p3_stress_c6_004_pqc_client_4_summary.txt
-rw-r--r-- 1 cristian cristian     301 may 17 00:36 classic_p3_stress_c6_004_pqc_client_5_client_err.txt
-rw-r--r-- 1 cristian cristian       0 may 17 00:36 classic_p3_stress_c6_004_pqc_client_5_client.txt
-rw-r--r-- 1 cristian cristian      39 may 17 00:36 classic_p3_stress_c6_004_pqc_client_5_summary.txt
-rw-r--r-- 1 cristian cristian     301 may 17 00:36 classic_p3_stress_c6_004_pqc_client_6_client_err.txt
-rw-r--r-- 1 cristian cristian       0 may 17 00:36 classic_p3_stress_c6_004_pqc_client_6_client.txt
-rw-r--r-- 1 cristian cristian      39 may 17 00:36 classic_p3_stress_c6_004_pqc_client_6_summary.txt
-rw-r--r-- 1 cristian cristian     301 may 17 00:36 classic_p3_stress_c6_004_pqc_client_client_err.txt
-rw-r--r-- 1 cristian cristian       0 may 17 00:36 classic_p3_stress_c6_004_pqc_client_client.txt
-rw-r--r-- 1 cristian cristian      37 may 17 00:36 classic_p3_stress_c6_004_pqc_client_summary.txt
-rw-r--r-- 1 cristian cristian     739 may 15 18:48 classic_p3_stress_c6_004_resource_summary.txt
=== resumen por cliente ===
[*] Perfil stress: conexiones totalmente paralelas por cliente
[*] pqc_client <= plan: 1:0
[*] pqc_client_2 <= plan: 2:0
[*] pqc_client_3 <= plan: 3:0
[*] pqc_client_4 <= plan: 4:0
[*] pqc_client_5 <= plan: 5:0
[*] pqc_client_6 <= plan: 6:0
client=pqc_client total=1 ok=1 err=0
client=pqc_client_2 total=1 ok=1 err=0
client=pqc_client_3 total=1 ok=1 err=0
client=pqc_client_4 total=1 ok=1 err=0
client=pqc_client_5 total=1 ok=1 err=0
client=pqc_client_6 total=1 ok=1 err=0
[*] Resumen guardado en: results/classic_p3_stress_c6_004_resource_summary.txt
RUN_ID: classic_p3_stress_c6_004
CSV: results/classic_p3_stress_c6_004_docker_stats.csv

=== Resumen CPU% y MEM% (avg / max) por contenedor ===
pqc_client_2 -> CPU avg=0.00%, CPU max=0.00%, MEM avg=0.10%, MEM max=0.10%
pqc_client_3 -> CPU avg=0.00%, CPU max=0.00%, MEM avg=0.10%, MEM max=0.10%
pqc_monitor -> CPU avg=0.07%, CPU max=0.11%, MEM avg=0.12%, MEM max=0.12%
pqc_client_4 -> CPU avg=0.00%, CPU max=0.00%, MEM avg=0.09%, MEM max=0.09%
pqc_client_5 -> CPU avg=0.53%, CPU max=1.59%, MEM avg=0.09%, MEM max=0.09%
pqc_server -> CPU avg=0.02%, CPU max=0.07%, MEM avg=0.11%, MEM max=0.11%
pqc_client_6 -> CPU avg=0.50%, CPU max=1.50%, MEM avg=0.14%, MEM max=0.14%
pqc_client -> CPU avg=0.00%, CPU max=0.00%, MEM avg=0.12%, MEM max=0.12%
[2026-05-17 00:37:05] [*] Parando captura en pqc_monitor para classic_p3_stress_c6_004
[*] Métricas TXT guardadas en results/classic_p3_stress_c6_004_metrics.txt
[*] Métricas CSV guardadas en results/classic_p3_stress_c6_004_metrics.csv
[2026-05-17 00:37:28] === RUN END: classic_p3_stress_c6_004 ===

[2026-05-17 00:37:28] === RUN START: classic_p3_stress_c6_005 ===
[2026-05-17 00:37:28] [*] Arrancando captura en pqc_monitor (eth0) para classic_p3_stress_c6_005
[*] Guardando muestras en: results/classic_p3_stress_c6_005_docker_stats.csv
[*] Ejecutando comando medido: bash -lc ./scripts/run_client_once_rafaga.sh classic_p3_stress_c6_005 6; sleep 3
[*] Ráfaga clásica completada: 6 conexiones en 6 clientes (stress)
=== host results ===
-rw-rw-r-- 1 cristian cristian    1806 may 17 00:37 classic_p3_stress_c6_005_client_err.txt
-rw-rw-r-- 1 cristian cristian     473 may 17 00:37 classic_p3_stress_c6_005_client.txt
-rwxr-xr-x 1 cristian cristian      69 may 17 00:37 classic_p3_stress_c6_005_docker_stats.csv
-rwxr-xr-x 1 cristian cristian    1705 may 15 18:48 classic_p3_stress_c6_005_metrics.csv
-rw-r--r-- 1 cristian cristian    8760 may 15 18:48 classic_p3_stress_c6_005_metrics.txt
-rw-r--r-- 1 cristian cristian     301 may 17 00:37 classic_p3_stress_c6_005_pqc_client_2_client_err.txt
-rw-r--r-- 1 cristian cristian       0 may 17 00:37 classic_p3_stress_c6_005_pqc_client_2_client.txt
-rw-r--r-- 1 cristian cristian      39 may 17 00:37 classic_p3_stress_c6_005_pqc_client_2_summary.txt
-rw-r--r-- 1 cristian cristian     301 may 17 00:37 classic_p3_stress_c6_005_pqc_client_3_client_err.txt
-rw-r--r-- 1 cristian cristian       0 may 17 00:37 classic_p3_stress_c6_005_pqc_client_3_client.txt
-rw-r--r-- 1 cristian cristian      39 may 17 00:37 classic_p3_stress_c6_005_pqc_client_3_summary.txt
-rw-r--r-- 1 cristian cristian     301 may 17 00:37 classic_p3_stress_c6_005_pqc_client_4_client_err.txt
-rw-r--r-- 1 cristian cristian       0 may 17 00:37 classic_p3_stress_c6_005_pqc_client_4_client.txt
-rw-r--r-- 1 cristian cristian      39 may 17 00:37 classic_p3_stress_c6_005_pqc_client_4_summary.txt
-rw-r--r-- 1 cristian cristian     301 may 17 00:37 classic_p3_stress_c6_005_pqc_client_5_client_err.txt
-rw-r--r-- 1 cristian cristian       0 may 17 00:37 classic_p3_stress_c6_005_pqc_client_5_client.txt
-rw-r--r-- 1 cristian cristian      39 may 17 00:37 classic_p3_stress_c6_005_pqc_client_5_summary.txt
-rw-r--r-- 1 cristian cristian     301 may 17 00:37 classic_p3_stress_c6_005_pqc_client_6_client_err.txt
-rw-r--r-- 1 cristian cristian       0 may 17 00:37 classic_p3_stress_c6_005_pqc_client_6_client.txt
-rw-r--r-- 1 cristian cristian      39 may 17 00:37 classic_p3_stress_c6_005_pqc_client_6_summary.txt
-rw-r--r-- 1 cristian cristian     301 may 17 00:37 classic_p3_stress_c6_005_pqc_client_client_err.txt
-rw-r--r-- 1 cristian cristian       0 may 17 00:37 classic_p3_stress_c6_005_pqc_client_client.txt
-rw-r--r-- 1 cristian cristian      37 may 17 00:37 classic_p3_stress_c6_005_pqc_client_summary.txt
-rw-r--r-- 1 cristian cristian     742 may 15 18:48 classic_p3_stress_c6_005_resource_summary.txt
=== resumen por cliente ===
[*] Perfil stress: conexiones totalmente paralelas por cliente
[*] pqc_client <= plan: 1:0
[*] pqc_client_2 <= plan: 2:0
[*] pqc_client_3 <= plan: 3:0
[*] pqc_client_4 <= plan: 4:0
[*] pqc_client_5 <= plan: 5:0
[*] pqc_client_6 <= plan: 6:0
client=pqc_client total=1 ok=1 err=0
client=pqc_client_2 total=1 ok=1 err=0
client=pqc_client_3 total=1 ok=1 err=0
client=pqc_client_4 total=1 ok=1 err=0
client=pqc_client_5 total=1 ok=1 err=0
client=pqc_client_6 total=1 ok=1 err=0
[*] Resumen guardado en: results/classic_p3_stress_c6_005_resource_summary.txt
RUN_ID: classic_p3_stress_c6_005
CSV: results/classic_p3_stress_c6_005_docker_stats.csv

=== Resumen CPU% y MEM% (avg / max) por contenedor ===
pqc_client_2 -> CPU avg=0.71%, CPU max=2.13%, MEM avg=0.10%, MEM max=0.10%
pqc_client_3 -> CPU avg=0.00%, CPU max=0.00%, MEM avg=0.10%, MEM max=0.10%
pqc_monitor -> CPU avg=0.07%, CPU max=0.13%, MEM avg=0.12%, MEM max=0.12%
pqc_client_4 -> CPU avg=0.00%, CPU max=0.00%, MEM avg=0.09%, MEM max=0.09%
pqc_client_5 -> CPU avg=0.00%, CPU max=0.00%, MEM avg=0.09%, MEM max=0.09%
pqc_server -> CPU avg=0.08%, CPU max=0.23%, MEM avg=0.11%, MEM max=0.11%
pqc_client_6 -> CPU avg=0.55%, CPU max=1.64%, MEM avg=0.14%, MEM max=0.14%
pqc_client -> CPU avg=0.00%, CPU max=0.00%, MEM avg=0.12%, MEM max=0.12%
[2026-05-17 00:37:40] [*] Parando captura en pqc_monitor para classic_p3_stress_c6_005
[*] Métricas TXT guardadas en results/classic_p3_stress_c6_005_metrics.txt
[*] Métricas CSV guardadas en results/classic_p3_stress_c6_005_metrics.csv
[2026-05-17 00:38:03] === RUN END: classic_p3_stress_c6_005 ===

[2026-05-17 00:38:03] ==== Bloque TOTAL_CONN=6 completado ====
[2026-05-17 00:38:03] ==== Iniciando bloque TOTAL_CONN=50 ====
[2026-05-17 00:38:03] ---- Aplicando perfil de red P0 ----
[*] Aplicando perfil P0
[*] Perfil P0 (sin degradación)

[*] Estado qdisc en monitor:
qdisc noqueue 0: root refcnt 2 
qdisc noqueue 0: root refcnt 2 
[2026-05-17 00:38:04] === RUN START: classic_p0_balanced_c50_001 ===
[2026-05-17 00:38:04] [*] Arrancando captura en pqc_monitor (eth0) para classic_p0_balanced_c50_001
[*] Guardando muestras en: results/classic_p0_balanced_c50_001_docker_stats.csv
[*] Ejecutando comando medido: bash -lc ./scripts/run_client_once_rafaga.sh classic_p0_balanced_c50_001 50; sleep 3
[*] Ráfaga clásica completada: 50 conexiones en 6 clientes (poisson_jitter)
=== host results ===
-rw-rw-r-- 1 cristian cristian   15050 may 17 00:38 classic_p0_balanced_c50_001_client_err.txt
-rw-rw-r-- 1 cristian cristian    1049 may 17 00:38 classic_p0_balanced_c50_001_client.txt
-rwxr-xr-x 1 cristian cristian      69 may 17 00:38 classic_p0_balanced_c50_001_docker_stats.csv
-rwxr-xr-x 1 cristian cristian    1714 may 15 18:49 classic_p0_balanced_c50_001_metrics.csv
-rw-r--r-- 1 cristian cristian   29648 may 15 18:49 classic_p0_balanced_c50_001_metrics.txt
-rw-r--r-- 1 cristian cristian    2709 may 17 00:38 classic_p0_balanced_c50_001_pqc_client_2_client_err.txt
-rw-r--r-- 1 cristian cristian       0 may 17 00:38 classic_p0_balanced_c50_001_pqc_client_2_client.txt
-rw-r--r-- 1 cristian cristian      39 may 17 00:38 classic_p0_balanced_c50_001_pqc_client_2_summary.txt
-rw-r--r-- 1 cristian cristian    2408 may 17 00:38 classic_p0_balanced_c50_001_pqc_client_3_client_err.txt
-rw-r--r-- 1 cristian cristian       0 may 17 00:38 classic_p0_balanced_c50_001_pqc_client_3_client.txt
-rw-r--r-- 1 cristian cristian      39 may 17 00:38 classic_p0_balanced_c50_001_pqc_client_3_summary.txt
-rw-r--r-- 1 cristian cristian    2408 may 17 00:38 classic_p0_balanced_c50_001_pqc_client_4_client_err.txt
-rw-r--r-- 1 cristian cristian       0 may 17 00:38 classic_p0_balanced_c50_001_pqc_client_4_client.txt
-rw-r--r-- 1 cristian cristian      39 may 17 00:38 classic_p0_balanced_c50_001_pqc_client_4_summary.txt
-rw-r--r-- 1 cristian cristian    2408 may 17 00:38 classic_p0_balanced_c50_001_pqc_client_5_client_err.txt
-rw-r--r-- 1 cristian cristian       0 may 17 00:38 classic_p0_balanced_c50_001_pqc_client_5_client.txt
-rw-r--r-- 1 cristian cristian      39 may 17 00:38 classic_p0_balanced_c50_001_pqc_client_5_summary.txt
-rw-r--r-- 1 cristian cristian    2408 may 17 00:38 classic_p0_balanced_c50_001_pqc_client_6_client_err.txt
-rw-r--r-- 1 cristian cristian       0 may 17 00:38 classic_p0_balanced_c50_001_pqc_client_6_client.txt
-rw-r--r-- 1 cristian cristian      39 may 17 00:38 classic_p0_balanced_c50_001_pqc_client_6_summary.txt
-rw-r--r-- 1 cristian cristian    2709 may 17 00:38 classic_p0_balanced_c50_001_pqc_client_client_err.txt
-rw-r--r-- 1 cristian cristian       0 may 17 00:38 classic_p0_balanced_c50_001_pqc_client_client.txt
-rw-r--r-- 1 cristian cristian      37 may 17 00:38 classic_p0_balanced_c50_001_pqc_client_summary.txt
-rw-r--r-- 1 cristian cristian     751 may 15 18:48 classic_p0_balanced_c50_001_resource_summary.txt
=== resumen por cliente ===
[*] Perfil poisson_jitter: llegadas no sincronizadas con Poisson+jitter
[*] pqc_client <= plan: 1:0.016060 7:0.016060 13:0.016060 19:0.016060 25:0.016060 31:0.016060 37:0.016060 43:0.016060 49:0.016060
[*] pqc_client_2 <= plan: 2:0.016060 8:0.016060 14:0.016060 20:0.016060 26:0.016060 32:0.016060 38:0.016060 44:0.016060 50:0.016060
[*] pqc_client_3 <= plan: 3:0.016060 9:0.016060 15:0.016060 21:0.016060 27:0.016060 33:0.016060 39:0.016060 45:0.016060
[*] pqc_client_4 <= plan: 4:0.016060 10:0.016060 16:0.016060 22:0.016060 28:0.016060 34:0.016060 40:0.016060 46:0.016060
[*] pqc_client_5 <= plan: 5:0.016060 11:0.016060 17:0.016060 23:0.016060 29:0.016060 35:0.016060 41:0.016060 47:0.016060
[*] pqc_client_6 <= plan: 6:0.016060 12:0.016060 18:0.016060 24:0.016060 30:0.016060 36:0.016060 42:0.016060 48:0.016060
client=pqc_client total=9 ok=9 err=0
client=pqc_client_2 total=9 ok=9 err=0
client=pqc_client_3 total=8 ok=8 err=0
client=pqc_client_4 total=8 ok=8 err=0
client=pqc_client_5 total=8 ok=8 err=0
client=pqc_client_6 total=8 ok=8 err=0
[*] Resumen guardado en: results/classic_p0_balanced_c50_001_resource_summary.txt
RUN_ID: classic_p0_balanced_c50_001
CSV: results/classic_p0_balanced_c50_001_docker_stats.csv

=== Resumen CPU% y MEM% (avg / max) por contenedor ===
pqc_client_2 -> CPU avg=0.00%, CPU max=0.00%, MEM avg=0.10%, MEM max=0.10%
pqc_client_3 -> CPU avg=0.00%, CPU max=0.00%, MEM avg=0.10%, MEM max=0.10%
pqc_monitor -> CPU avg=0.11%, CPU max=0.22%, MEM avg=0.12%, MEM max=0.12%
pqc_client_4 -> CPU avg=0.78%, CPU max=2.34%, MEM avg=0.09%, MEM max=0.09%
pqc_client_5 -> CPU avg=2.20%, CPU max=6.59%, MEM avg=0.09%, MEM max=0.09%
pqc_server -> CPU avg=1.82%, CPU max=5.45%, MEM avg=0.11%, MEM max=0.11%
pqc_client_6 -> CPU avg=2.12%, CPU max=6.35%, MEM avg=0.14%, MEM max=0.14%
pqc_client -> CPU avg=0.00%, CPU max=0.00%, MEM avg=0.12%, MEM max=0.12%
[2026-05-17 00:38:18] [*] Parando captura en pqc_monitor para classic_p0_balanced_c50_001
[*] Métricas TXT guardadas en results/classic_p0_balanced_c50_001_metrics.txt
[*] Métricas CSV guardadas en results/classic_p0_balanced_c50_001_metrics.csv
[2026-05-17 00:38:44] === RUN END: classic_p0_balanced_c50_001 ===

[2026-05-17 00:38:44] === RUN START: classic_p0_balanced_c50_002 ===
[2026-05-17 00:38:44] [*] Arrancando captura en pqc_monitor (eth0) para classic_p0_balanced_c50_002
[*] Guardando muestras en: results/classic_p0_balanced_c50_002_docker_stats.csv
[*] Ejecutando comando medido: bash -lc ./scripts/run_client_once_rafaga.sh classic_p0_balanced_c50_002 50; sleep 3
[*] Ráfaga clásica completada: 50 conexiones en 6 clientes (poisson_jitter)
=== host results ===
-rw-rw-r-- 1 cristian cristian   15050 may 17 00:38 classic_p0_balanced_c50_002_client_err.txt
-rw-rw-r-- 1 cristian cristian    1049 may 17 00:38 classic_p0_balanced_c50_002_client.txt
-rwxr-xr-x 1 cristian cristian      69 may 17 00:38 classic_p0_balanced_c50_002_docker_stats.csv
-rwxr-xr-x 1 cristian cristian    1715 may 15 18:49 classic_p0_balanced_c50_002_metrics.csv
-rw-r--r-- 1 cristian cristian   29650 may 15 18:49 classic_p0_balanced_c50_002_metrics.txt
-rw-r--r-- 1 cristian cristian    2709 may 17 00:38 classic_p0_balanced_c50_002_pqc_client_2_client_err.txt
-rw-r--r-- 1 cristian cristian       0 may 17 00:38 classic_p0_balanced_c50_002_pqc_client_2_client.txt
-rw-r--r-- 1 cristian cristian      39 may 17 00:38 classic_p0_balanced_c50_002_pqc_client_2_summary.txt
-rw-r--r-- 1 cristian cristian    2408 may 17 00:38 classic_p0_balanced_c50_002_pqc_client_3_client_err.txt
-rw-r--r-- 1 cristian cristian       0 may 17 00:38 classic_p0_balanced_c50_002_pqc_client_3_client.txt
-rw-r--r-- 1 cristian cristian      39 may 17 00:38 classic_p0_balanced_c50_002_pqc_client_3_summary.txt
-rw-r--r-- 1 cristian cristian    2408 may 17 00:38 classic_p0_balanced_c50_002_pqc_client_4_client_err.txt
-rw-r--r-- 1 cristian cristian       0 may 17 00:38 classic_p0_balanced_c50_002_pqc_client_4_client.txt
-rw-r--r-- 1 cristian cristian      39 may 17 00:38 classic_p0_balanced_c50_002_pqc_client_4_summary.txt
-rw-r--r-- 1 cristian cristian    2408 may 17 00:38 classic_p0_balanced_c50_002_pqc_client_5_client_err.txt
-rw-r--r-- 1 cristian cristian       0 may 17 00:38 classic_p0_balanced_c50_002_pqc_client_5_client.txt
-rw-r--r-- 1 cristian cristian      39 may 17 00:38 classic_p0_balanced_c50_002_pqc_client_5_summary.txt
-rw-r--r-- 1 cristian cristian    2408 may 17 00:38 classic_p0_balanced_c50_002_pqc_client_6_client_err.txt
-rw-r--r-- 1 cristian cristian       0 may 17 00:38 classic_p0_balanced_c50_002_pqc_client_6_client.txt
-rw-r--r-- 1 cristian cristian      39 may 17 00:38 classic_p0_balanced_c50_002_pqc_client_6_summary.txt
-rw-r--r-- 1 cristian cristian    2709 may 17 00:38 classic_p0_balanced_c50_002_pqc_client_client_err.txt
-rw-r--r-- 1 cristian cristian       0 may 17 00:38 classic_p0_balanced_c50_002_pqc_client_client.txt
-rw-r--r-- 1 cristian cristian      37 may 17 00:38 classic_p0_balanced_c50_002_pqc_client_summary.txt
-rw-r--r-- 1 cristian cristian     751 may 15 18:49 classic_p0_balanced_c50_002_resource_summary.txt
=== resumen por cliente ===
[*] Perfil poisson_jitter: llegadas no sincronizadas con Poisson+jitter
[*] pqc_client <= plan: 1:0.071389 7:0.071389 13:0.071389 19:0.071389 25:0.071389 31:0.071389 37:0.071389 43:0.071389 49:0.071389
[*] pqc_client_2 <= plan: 2:0.071389 8:0.071389 14:0.071389 20:0.071389 26:0.071389 32:0.071389 38:0.071389 44:0.071389 50:0.071389
[*] pqc_client_3 <= plan: 3:0.071389 9:0.071389 15:0.071389 21:0.071389 27:0.071389 33:0.071389 39:0.071389 45:0.071389
[*] pqc_client_4 <= plan: 4:0.071389 10:0.071389 16:0.071389 22:0.071389 28:0.071389 34:0.071389 40:0.071389 46:0.071389
[*] pqc_client_5 <= plan: 5:0.071389 11:0.071389 17:0.071389 23:0.071389 29:0.071389 35:0.071389 41:0.071389 47:0.071389
[*] pqc_client_6 <= plan: 6:0.071389 12:0.071389 18:0.071389 24:0.071389 30:0.071389 36:0.071389 42:0.071389 48:0.071389
client=pqc_client total=9 ok=9 err=0
client=pqc_client_2 total=9 ok=9 err=0
client=pqc_client_3 total=8 ok=8 err=0
client=pqc_client_4 total=8 ok=8 err=0
client=pqc_client_5 total=8 ok=8 err=0
client=pqc_client_6 total=8 ok=8 err=0
[*] Resumen guardado en: results/classic_p0_balanced_c50_002_resource_summary.txt
RUN_ID: classic_p0_balanced_c50_002
CSV: results/classic_p0_balanced_c50_002_docker_stats.csv

=== Resumen CPU% y MEM% (avg / max) por contenedor ===
pqc_client_2 -> CPU avg=0.00%, CPU max=0.00%, MEM avg=0.10%, MEM max=0.10%
pqc_client_3 -> CPU avg=0.00%, CPU max=0.00%, MEM avg=0.10%, MEM max=0.10%
pqc_monitor -> CPU avg=0.07%, CPU max=0.10%, MEM avg=0.12%, MEM max=0.12%
pqc_client_4 -> CPU avg=1.03%, CPU max=3.08%, MEM avg=0.09%, MEM max=0.09%
pqc_client_5 -> CPU avg=1.79%, CPU max=5.38%, MEM avg=0.09%, MEM max=0.09%
pqc_server -> CPU avg=1.87%, CPU max=5.61%, MEM avg=0.11%, MEM max=0.11%
pqc_client_6 -> CPU avg=1.96%, CPU max=5.89%, MEM avg=0.15%, MEM max=0.15%
pqc_client -> CPU avg=0.79%, CPU max=2.37%, MEM avg=0.12%, MEM max=0.12%
[2026-05-17 00:38:57] [*] Parando captura en pqc_monitor para classic_p0_balanced_c50_002
[*] Métricas TXT guardadas en results/classic_p0_balanced_c50_002_metrics.txt
[*] Métricas CSV guardadas en results/classic_p0_balanced_c50_002_metrics.csv
[2026-05-17 00:39:23] === RUN END: classic_p0_balanced_c50_002 ===

[2026-05-17 00:39:23] === RUN START: classic_p0_balanced_c50_003 ===
[2026-05-17 00:39:23] [*] Arrancando captura en pqc_monitor (eth0) para classic_p0_balanced_c50_003
[*] Guardando muestras en: results/classic_p0_balanced_c50_003_docker_stats.csv
[*] Ejecutando comando medido: bash -lc ./scripts/run_client_once_rafaga.sh classic_p0_balanced_c50_003 50; sleep 3
[*] Ráfaga clásica completada: 50 conexiones en 6 clientes (poisson_jitter)
=== host results ===
-rw-rw-r-- 1 cristian cristian   15050 may 17 00:39 classic_p0_balanced_c50_003_client_err.txt
-rw-rw-r-- 1 cristian cristian    1049 may 17 00:39 classic_p0_balanced_c50_003_client.txt
-rwxr-xr-x 1 cristian cristian      69 may 17 00:39 classic_p0_balanced_c50_003_docker_stats.csv
-rwxr-xr-x 1 cristian cristian    1719 may 15 18:50 classic_p0_balanced_c50_003_metrics.csv
-rw-r--r-- 1 cristian cristian   29671 may 15 18:50 classic_p0_balanced_c50_003_metrics.txt
-rw-r--r-- 1 cristian cristian    2709 may 17 00:39 classic_p0_balanced_c50_003_pqc_client_2_client_err.txt
-rw-r--r-- 1 cristian cristian       0 may 17 00:39 classic_p0_balanced_c50_003_pqc_client_2_client.txt
-rw-r--r-- 1 cristian cristian      39 may 17 00:39 classic_p0_balanced_c50_003_pqc_client_2_summary.txt
-rw-r--r-- 1 cristian cristian    2408 may 17 00:39 classic_p0_balanced_c50_003_pqc_client_3_client_err.txt
-rw-r--r-- 1 cristian cristian       0 may 17 00:39 classic_p0_balanced_c50_003_pqc_client_3_client.txt
-rw-r--r-- 1 cristian cristian      39 may 17 00:39 classic_p0_balanced_c50_003_pqc_client_3_summary.txt
-rw-r--r-- 1 cristian cristian    2408 may 17 00:39 classic_p0_balanced_c50_003_pqc_client_4_client_err.txt
-rw-r--r-- 1 cristian cristian       0 may 17 00:39 classic_p0_balanced_c50_003_pqc_client_4_client.txt
-rw-r--r-- 1 cristian cristian      39 may 17 00:39 classic_p0_balanced_c50_003_pqc_client_4_summary.txt
-rw-r--r-- 1 cristian cristian    2408 may 17 00:39 classic_p0_balanced_c50_003_pqc_client_5_client_err.txt
-rw-r--r-- 1 cristian cristian       0 may 17 00:39 classic_p0_balanced_c50_003_pqc_client_5_client.txt
-rw-r--r-- 1 cristian cristian      39 may 17 00:39 classic_p0_balanced_c50_003_pqc_client_5_summary.txt
-rw-r--r-- 1 cristian cristian    2408 may 17 00:39 classic_p0_balanced_c50_003_pqc_client_6_client_err.txt
-rw-r--r-- 1 cristian cristian       0 may 17 00:39 classic_p0_balanced_c50_003_pqc_client_6_client.txt
-rw-r--r-- 1 cristian cristian      39 may 17 00:39 classic_p0_balanced_c50_003_pqc_client_6_summary.txt
-rw-r--r-- 1 cristian cristian    2709 may 17 00:39 classic_p0_balanced_c50_003_pqc_client_client_err.txt
-rw-r--r-- 1 cristian cristian       0 may 17 00:39 classic_p0_balanced_c50_003_pqc_client_client.txt
-rw-r--r-- 1 cristian cristian      37 may 17 00:39 classic_p0_balanced_c50_003_pqc_client_summary.txt
-rw-r--r-- 1 cristian cristian     749 may 15 18:50 classic_p0_balanced_c50_003_resource_summary.txt
=== resumen por cliente ===
[*] Perfil poisson_jitter: llegadas no sincronizadas con Poisson+jitter
[*] pqc_client <= plan: 1:0.133604 7:0.133604 13:0.133604 19:0.133604 25:0.133604 31:0.133604 37:0.133604 43:0.133604 49:0.133604
[*] pqc_client_2 <= plan: 2:0.133604 8:0.133604 14:0.133604 20:0.133604 26:0.133604 32:0.133604 38:0.133604 44:0.133604 50:0.133604
[*] pqc_client_3 <= plan: 3:0.133604 9:0.133604 15:0.133604 21:0.133604 27:0.133604 33:0.133604 39:0.133604 45:0.133604
[*] pqc_client_4 <= plan: 4:0.133604 10:0.133604 16:0.133604 22:0.133604 28:0.133604 34:0.133604 40:0.133604 46:0.133604
[*] pqc_client_5 <= plan: 5:0.133604 11:0.133604 17:0.133604 23:0.133604 29:0.133604 35:0.133604 41:0.133604 47:0.133604
[*] pqc_client_6 <= plan: 6:0.133604 12:0.133604 18:0.133604 24:0.133604 30:0.133604 36:0.133604 42:0.133604 48:0.133604
client=pqc_client total=9 ok=9 err=0
client=pqc_client_2 total=9 ok=9 err=0
client=pqc_client_3 total=8 ok=8 err=0
client=pqc_client_4 total=8 ok=8 err=0
client=pqc_client_5 total=8 ok=8 err=0
client=pqc_client_6 total=8 ok=8 err=0
[*] Resumen guardado en: results/classic_p0_balanced_c50_003_resource_summary.txt
RUN_ID: classic_p0_balanced_c50_003
CSV: results/classic_p0_balanced_c50_003_docker_stats.csv

=== Resumen CPU% y MEM% (avg / max) por contenedor ===
pqc_client_2 -> CPU avg=10.90%, CPU max=32.71%, MEM avg=0.10%, MEM max=0.10%
pqc_client_3 -> CPU avg=1.05%, CPU max=3.14%, MEM avg=0.10%, MEM max=0.10%
pqc_monitor -> CPU avg=0.09%, CPU max=0.16%, MEM avg=0.12%, MEM max=0.13%
pqc_client_4 -> CPU avg=2.09%, CPU max=6.27%, MEM avg=0.09%, MEM max=0.09%
pqc_client_5 -> CPU avg=2.26%, CPU max=6.77%, MEM avg=0.09%, MEM max=0.09%
pqc_server -> CPU avg=2.67%, CPU max=8.00%, MEM avg=0.11%, MEM max=0.11%
pqc_client_6 -> CPU avg=2.13%, CPU max=6.38%, MEM avg=0.15%, MEM max=0.15%
pqc_client -> CPU avg=0.00%, CPU max=0.00%, MEM avg=0.12%, MEM max=0.12%
[2026-05-17 00:39:36] [*] Parando captura en pqc_monitor para classic_p0_balanced_c50_003
[*] Métricas TXT guardadas en results/classic_p0_balanced_c50_003_metrics.txt
[*] Métricas CSV guardadas en results/classic_p0_balanced_c50_003_metrics.csv
[2026-05-17 00:40:01] === RUN END: classic_p0_balanced_c50_003 ===

[2026-05-17 00:40:01] === RUN START: classic_p0_balanced_c50_004 ===
[2026-05-17 00:40:01] [*] Arrancando captura en pqc_monitor (eth0) para classic_p0_balanced_c50_004
[*] Guardando muestras en: results/classic_p0_balanced_c50_004_docker_stats.csv
[*] Ejecutando comando medido: bash -lc ./scripts/run_client_once_rafaga.sh classic_p0_balanced_c50_004 50; sleep 3
[*] Ráfaga clásica completada: 50 conexiones en 6 clientes (poisson_jitter)
=== host results ===
-rw-rw-r-- 1 cristian cristian   15050 may 17 00:40 classic_p0_balanced_c50_004_client_err.txt
-rw-rw-r-- 1 cristian cristian    1049 may 17 00:40 classic_p0_balanced_c50_004_client.txt
-rwxr-xr-x 1 cristian cristian      69 may 17 00:40 classic_p0_balanced_c50_004_docker_stats.csv
-rwxr-xr-x 1 cristian cristian    1726 may 15 18:51 classic_p0_balanced_c50_004_metrics.csv
-rw-r--r-- 1 cristian cristian   29685 may 15 18:51 classic_p0_balanced_c50_004_metrics.txt
-rw-r--r-- 1 cristian cristian    2709 may 17 00:40 classic_p0_balanced_c50_004_pqc_client_2_client_err.txt
-rw-r--r-- 1 cristian cristian       0 may 17 00:40 classic_p0_balanced_c50_004_pqc_client_2_client.txt
-rw-r--r-- 1 cristian cristian      39 may 17 00:40 classic_p0_balanced_c50_004_pqc_client_2_summary.txt
-rw-r--r-- 1 cristian cristian    2408 may 17 00:40 classic_p0_balanced_c50_004_pqc_client_3_client_err.txt
-rw-r--r-- 1 cristian cristian       0 may 17 00:40 classic_p0_balanced_c50_004_pqc_client_3_client.txt
-rw-r--r-- 1 cristian cristian      39 may 17 00:40 classic_p0_balanced_c50_004_pqc_client_3_summary.txt
-rw-r--r-- 1 cristian cristian    2408 may 17 00:40 classic_p0_balanced_c50_004_pqc_client_4_client_err.txt
-rw-r--r-- 1 cristian cristian       0 may 17 00:40 classic_p0_balanced_c50_004_pqc_client_4_client.txt
-rw-r--r-- 1 cristian cristian      39 may 17 00:40 classic_p0_balanced_c50_004_pqc_client_4_summary.txt
-rw-r--r-- 1 cristian cristian    2408 may 17 00:40 classic_p0_balanced_c50_004_pqc_client_5_client_err.txt
-rw-r--r-- 1 cristian cristian       0 may 17 00:40 classic_p0_balanced_c50_004_pqc_client_5_client.txt
-rw-r--r-- 1 cristian cristian      39 may 17 00:40 classic_p0_balanced_c50_004_pqc_client_5_summary.txt
-rw-r--r-- 1 cristian cristian    2408 may 17 00:40 classic_p0_balanced_c50_004_pqc_client_6_client_err.txt
-rw-r--r-- 1 cristian cristian       0 may 17 00:40 classic_p0_balanced_c50_004_pqc_client_6_client.txt
-rw-r--r-- 1 cristian cristian      39 may 17 00:40 classic_p0_balanced_c50_004_pqc_client_6_summary.txt
-rw-r--r-- 1 cristian cristian    2709 may 17 00:40 classic_p0_balanced_c50_004_pqc_client_client_err.txt
-rw-r--r-- 1 cristian cristian       0 may 17 00:40 classic_p0_balanced_c50_004_pqc_client_client.txt
-rw-r--r-- 1 cristian cristian      37 may 17 00:40 classic_p0_balanced_c50_004_pqc_client_summary.txt
-rw-r--r-- 1 cristian cristian     755 may 15 18:50 classic_p0_balanced_c50_004_resource_summary.txt
=== resumen por cliente ===
[*] Perfil poisson_jitter: llegadas no sincronizadas con Poisson+jitter
[*] pqc_client <= plan: 1:0.000000 7:0.000000 13:0.000000 19:0.019472 25:0.019472 31:0.019472 37:0.019472 43:0.019472 49:0.019472
[*] pqc_client_2 <= plan: 2:0.000000 8:0.000000 14:0.000000 20:0.019472 26:0.019472 32:0.019472 38:0.019472 44:0.019472 50:0.019472
[*] pqc_client_3 <= plan: 3:0.000000 9:0.000000 15:0.019472 21:0.019472 27:0.019472 33:0.019472 39:0.019472 45:0.019472
[*] pqc_client_4 <= plan: 4:0.000000 10:0.000000 16:0.019472 22:0.019472 28:0.019472 34:0.019472 40:0.019472 46:0.019472
[*] pqc_client_5 <= plan: 5:0.000000 11:0.000000 17:0.019472 23:0.019472 29:0.019472 35:0.019472 41:0.019472 47:0.019472
[*] pqc_client_6 <= plan: 6:0.000000 12:0.000000 18:0.019472 24:0.019472 30:0.019472 36:0.019472 42:0.019472 48:0.019472
client=pqc_client total=9 ok=9 err=0
client=pqc_client_2 total=9 ok=9 err=0
client=pqc_client_3 total=8 ok=8 err=0
client=pqc_client_4 total=8 ok=8 err=0
client=pqc_client_5 total=8 ok=8 err=0
client=pqc_client_6 total=8 ok=8 err=0
[*] Resumen guardado en: results/classic_p0_balanced_c50_004_resource_summary.txt
RUN_ID: classic_p0_balanced_c50_004
CSV: results/classic_p0_balanced_c50_004_docker_stats.csv

=== Resumen CPU% y MEM% (avg / max) por contenedor ===
pqc_client_2 -> CPU avg=0.00%, CPU max=0.00%, MEM avg=0.10%, MEM max=0.10%
pqc_client_3 -> CPU avg=0.28%, CPU max=0.84%, MEM avg=0.10%, MEM max=0.10%
pqc_monitor -> CPU avg=0.11%, CPU max=0.19%, MEM avg=0.12%, MEM max=0.12%
pqc_client_4 -> CPU avg=9.50%, CPU max=28.51%, MEM avg=0.10%, MEM max=0.11%
pqc_client_5 -> CPU avg=1.78%, CPU max=5.34%, MEM avg=0.09%, MEM max=0.09%
pqc_server -> CPU avg=1.36%, CPU max=4.08%, MEM avg=0.11%, MEM max=0.11%
pqc_client_6 -> CPU avg=1.84%, CPU max=5.53%, MEM avg=0.15%, MEM max=0.15%
pqc_client -> CPU avg=0.00%, CPU max=0.00%, MEM avg=0.13%, MEM max=0.13%
[2026-05-17 00:40:14] [*] Parando captura en pqc_monitor para classic_p0_balanced_c50_004
[*] Métricas TXT guardadas en results/classic_p0_balanced_c50_004_metrics.txt
[*] Métricas CSV guardadas en results/classic_p0_balanced_c50_004_metrics.csv
[2026-05-17 00:40:39] === RUN END: classic_p0_balanced_c50_004 ===

[2026-05-17 00:40:39] === RUN START: classic_p0_balanced_c50_005 ===
[2026-05-17 00:40:39] [*] Arrancando captura en pqc_monitor (eth0) para classic_p0_balanced_c50_005
[*] Guardando muestras en: results/classic_p0_balanced_c50_005_docker_stats.csv
[*] Ejecutando comando medido: bash -lc ./scripts/run_client_once_rafaga.sh classic_p0_balanced_c50_005 50; sleep 3
[*] Ráfaga clásica completada: 50 conexiones en 6 clientes (poisson_jitter)
=== host results ===
-rw-rw-r-- 1 cristian cristian   15050 may 17 00:40 classic_p0_balanced_c50_005_client_err.txt
-rw-rw-r-- 1 cristian cristian    1049 may 17 00:40 classic_p0_balanced_c50_005_client.txt
-rwxr-xr-x 1 cristian cristian      69 may 17 00:40 classic_p0_balanced_c50_005_docker_stats.csv
-rwxr-xr-x 1 cristian cristian    1715 may 15 18:51 classic_p0_balanced_c50_005_metrics.csv
-rw-r--r-- 1 cristian cristian   29647 may 15 18:51 classic_p0_balanced_c50_005_metrics.txt
-rw-r--r-- 1 cristian cristian    2709 may 17 00:40 classic_p0_balanced_c50_005_pqc_client_2_client_err.txt
-rw-r--r-- 1 cristian cristian       0 may 17 00:40 classic_p0_balanced_c50_005_pqc_client_2_client.txt
-rw-r--r-- 1 cristian cristian      39 may 17 00:40 classic_p0_balanced_c50_005_pqc_client_2_summary.txt
-rw-r--r-- 1 cristian cristian    2408 may 17 00:40 classic_p0_balanced_c50_005_pqc_client_3_client_err.txt
-rw-r--r-- 1 cristian cristian       0 may 17 00:40 classic_p0_balanced_c50_005_pqc_client_3_client.txt
-rw-r--r-- 1 cristian cristian      39 may 17 00:40 classic_p0_balanced_c50_005_pqc_client_3_summary.txt
-rw-r--r-- 1 cristian cristian    2408 may 17 00:40 classic_p0_balanced_c50_005_pqc_client_4_client_err.txt
-rw-r--r-- 1 cristian cristian       0 may 17 00:40 classic_p0_balanced_c50_005_pqc_client_4_client.txt
-rw-r--r-- 1 cristian cristian      39 may 17 00:40 classic_p0_balanced_c50_005_pqc_client_4_summary.txt
-rw-r--r-- 1 cristian cristian    2408 may 17 00:40 classic_p0_balanced_c50_005_pqc_client_5_client_err.txt
-rw-r--r-- 1 cristian cristian       0 may 17 00:40 classic_p0_balanced_c50_005_pqc_client_5_client.txt
-rw-r--r-- 1 cristian cristian      39 may 17 00:40 classic_p0_balanced_c50_005_pqc_client_5_summary.txt
-rw-r--r-- 1 cristian cristian    2408 may 17 00:40 classic_p0_balanced_c50_005_pqc_client_6_client_err.txt
-rw-r--r-- 1 cristian cristian       0 may 17 00:40 classic_p0_balanced_c50_005_pqc_client_6_client.txt
-rw-r--r-- 1 cristian cristian      39 may 17 00:40 classic_p0_balanced_c50_005_pqc_client_6_summary.txt
-rw-r--r-- 1 cristian cristian    2709 may 17 00:40 classic_p0_balanced_c50_005_pqc_client_client_err.txt
-rw-r--r-- 1 cristian cristian       0 may 17 00:40 classic_p0_balanced_c50_005_pqc_client_client.txt
-rw-r--r-- 1 cristian cristian      37 may 17 00:40 classic_p0_balanced_c50_005_pqc_client_summary.txt
-rw-r--r-- 1 cristian cristian     753 may 15 18:51 classic_p0_balanced_c50_005_resource_summary.txt
=== resumen por cliente ===
[*] Perfil poisson_jitter: llegadas no sincronizadas con Poisson+jitter
[*] pqc_client <= plan: 1:0.007524 7:0.007524 13:0.007524 19:0.007524 25:0.007524 31:0.007524 37:0.007524 43:0.007524 49:0.007524
[*] pqc_client_2 <= plan: 2:0.007524 8:0.007524 14:0.007524 20:0.007524 26:0.007524 32:0.007524 38:0.007524 44:0.007524 50:0.007524
[*] pqc_client_3 <= plan: 3:0.007524 9:0.007524 15:0.007524 21:0.007524 27:0.007524 33:0.007524 39:0.007524 45:0.007524
[*] pqc_client_4 <= plan: 4:0.007524 10:0.007524 16:0.007524 22:0.007524 28:0.007524 34:0.007524 40:0.007524 46:0.007524
[*] pqc_client_5 <= plan: 5:0.007524 11:0.007524 17:0.007524 23:0.007524 29:0.007524 35:0.007524 41:0.007524 47:0.007524
[*] pqc_client_6 <= plan: 6:0.007524 12:0.007524 18:0.007524 24:0.007524 30:0.007524 36:0.007524 42:0.007524 48:0.007524
client=pqc_client total=9 ok=9 err=0
client=pqc_client_2 total=9 ok=9 err=0
client=pqc_client_3 total=8 ok=8 err=0
client=pqc_client_4 total=8 ok=8 err=0
client=pqc_client_5 total=8 ok=8 err=0
client=pqc_client_6 total=8 ok=8 err=0
[*] Resumen guardado en: results/classic_p0_balanced_c50_005_resource_summary.txt
RUN_ID: classic_p0_balanced_c50_005
CSV: results/classic_p0_balanced_c50_005_docker_stats.csv

=== Resumen CPU% y MEM% (avg / max) por contenedor ===
pqc_client_2 -> CPU avg=0.61%, CPU max=1.83%, MEM avg=0.10%, MEM max=0.10%
pqc_client_3 -> CPU avg=1.29%, CPU max=3.87%, MEM avg=0.10%, MEM max=0.10%
pqc_monitor -> CPU avg=0.08%, CPU max=0.17%, MEM avg=0.12%, MEM max=0.12%
pqc_client_4 -> CPU avg=1.21%, CPU max=3.63%, MEM avg=0.09%, MEM max=0.09%
pqc_client_5 -> CPU avg=1.75%, CPU max=5.24%, MEM avg=0.09%, MEM max=0.09%
pqc_server -> CPU avg=2.09%, CPU max=6.27%, MEM avg=0.11%, MEM max=0.11%
pqc_client_6 -> CPU avg=1.70%, CPU max=5.10%, MEM avg=0.15%, MEM max=0.15%
pqc_client -> CPU avg=0.00%, CPU max=0.00%, MEM avg=0.13%, MEM max=0.13%
[2026-05-17 00:40:52] [*] Parando captura en pqc_monitor para classic_p0_balanced_c50_005
[*] Métricas TXT guardadas en results/classic_p0_balanced_c50_005_metrics.txt
[*] Métricas CSV guardadas en results/classic_p0_balanced_c50_005_metrics.csv
[2026-05-17 00:41:17] === RUN END: classic_p0_balanced_c50_005 ===

[2026-05-17 00:41:17] === RUN START: classic_p0_aggressive_c50_001 ===
[2026-05-17 00:41:17] [*] Arrancando captura en pqc_monitor (eth0) para classic_p0_aggressive_c50_001
[*] Guardando muestras en: results/classic_p0_aggressive_c50_001_docker_stats.csv
[*] Ejecutando comando medido: bash -lc ./scripts/run_client_once_rafaga.sh classic_p0_aggressive_c50_001 50; sleep 3
[*] Ráfaga clásica completada: 50 conexiones en 6 clientes (poisson_jitter)
=== host results ===
-rw-rw-r-- 1 cristian cristian   15050 may 17 00:41 classic_p0_aggressive_c50_001_client_err.txt
-rw-rw-r-- 1 cristian cristian    1049 may 17 00:41 classic_p0_aggressive_c50_001_client.txt
-rwxr-xr-x 1 cristian cristian      69 may 17 00:41 classic_p0_aggressive_c50_001_docker_stats.csv
-rwxr-xr-x 1 cristian cristian    1717 may 15 18:52 classic_p0_aggressive_c50_001_metrics.csv
-rw-r--r-- 1 cristian cristian   29660 may 15 18:52 classic_p0_aggressive_c50_001_metrics.txt
-rw-r--r-- 1 cristian cristian    2709 may 17 00:41 classic_p0_aggressive_c50_001_pqc_client_2_client_err.txt
-rw-r--r-- 1 cristian cristian       0 may 17 00:41 classic_p0_aggressive_c50_001_pqc_client_2_client.txt
-rw-r--r-- 1 cristian cristian      39 may 17 00:41 classic_p0_aggressive_c50_001_pqc_client_2_summary.txt
-rw-r--r-- 1 cristian cristian    2408 may 17 00:41 classic_p0_aggressive_c50_001_pqc_client_3_client_err.txt
-rw-r--r-- 1 cristian cristian       0 may 17 00:41 classic_p0_aggressive_c50_001_pqc_client_3_client.txt
-rw-r--r-- 1 cristian cristian      39 may 17 00:41 classic_p0_aggressive_c50_001_pqc_client_3_summary.txt
-rw-r--r-- 1 cristian cristian    2408 may 17 00:41 classic_p0_aggressive_c50_001_pqc_client_4_client_err.txt
-rw-r--r-- 1 cristian cristian       0 may 17 00:41 classic_p0_aggressive_c50_001_pqc_client_4_client.txt
-rw-r--r-- 1 cristian cristian      39 may 17 00:41 classic_p0_aggressive_c50_001_pqc_client_4_summary.txt
-rw-r--r-- 1 cristian cristian    2408 may 17 00:41 classic_p0_aggressive_c50_001_pqc_client_5_client_err.txt
-rw-r--r-- 1 cristian cristian       0 may 17 00:41 classic_p0_aggressive_c50_001_pqc_client_5_client.txt
-rw-r--r-- 1 cristian cristian      39 may 17 00:41 classic_p0_aggressive_c50_001_pqc_client_5_summary.txt
-rw-r--r-- 1 cristian cristian    2408 may 17 00:41 classic_p0_aggressive_c50_001_pqc_client_6_client_err.txt
-rw-r--r-- 1 cristian cristian       0 may 17 00:41 classic_p0_aggressive_c50_001_pqc_client_6_client.txt
-rw-r--r-- 1 cristian cristian      39 may 17 00:41 classic_p0_aggressive_c50_001_pqc_client_6_summary.txt
-rw-r--r-- 1 cristian cristian    2709 may 17 00:41 classic_p0_aggressive_c50_001_pqc_client_client_err.txt
-rw-r--r-- 1 cristian cristian       0 may 17 00:41 classic_p0_aggressive_c50_001_pqc_client_client.txt
-rw-r--r-- 1 cristian cristian      37 may 17 00:41 classic_p0_aggressive_c50_001_pqc_client_summary.txt
-rw-r--r-- 1 cristian cristian     757 may 15 18:51 classic_p0_aggressive_c50_001_resource_summary.txt
=== resumen por cliente ===
[*] Perfil poisson_jitter: llegadas no sincronizadas con Poisson+jitter
[*] pqc_client <= plan: 1:0.000000 7:0.009957 13:0.009957 19:0.009957 25:0.009957 31:0.009957 37:0.009957 43:0.009957 49:0.009957
[*] pqc_client_2 <= plan: 2:0.000000 8:0.009957 14:0.009957 20:0.009957 26:0.009957 32:0.009957 38:0.009957 44:0.009957 50:0.009957
[*] pqc_client_3 <= plan: 3:0.000000 9:0.009957 15:0.009957 21:0.009957 27:0.009957 33:0.009957 39:0.009957 45:0.009957
[*] pqc_client_4 <= plan: 4:0.009957 10:0.009957 16:0.009957 22:0.009957 28:0.009957 34:0.009957 40:0.009957 46:0.009957
[*] pqc_client_5 <= plan: 5:0.009957 11:0.009957 17:0.009957 23:0.009957 29:0.009957 35:0.009957 41:0.009957 47:0.009957
[*] pqc_client_6 <= plan: 6:0.009957 12:0.009957 18:0.009957 24:0.009957 30:0.009957 36:0.009957 42:0.009957 48:0.009957
client=pqc_client total=9 ok=9 err=0
client=pqc_client_2 total=9 ok=9 err=0
client=pqc_client_3 total=8 ok=8 err=0
client=pqc_client_4 total=8 ok=8 err=0
client=pqc_client_5 total=8 ok=8 err=0
client=pqc_client_6 total=8 ok=8 err=0
[*] Resumen guardado en: results/classic_p0_aggressive_c50_001_resource_summary.txt
RUN_ID: classic_p0_aggressive_c50_001
CSV: results/classic_p0_aggressive_c50_001_docker_stats.csv

=== Resumen CPU% y MEM% (avg / max) por contenedor ===
pqc_client_2 -> CPU avg=0.00%, CPU max=0.00%, MEM avg=0.10%, MEM max=0.10%
pqc_client_3 -> CPU avg=0.21%, CPU max=0.63%, MEM avg=0.10%, MEM max=0.10%
pqc_monitor -> CPU avg=0.10%, CPU max=0.20%, MEM avg=0.12%, MEM max=0.12%
pqc_client_4 -> CPU avg=4.08%, CPU max=12.24%, MEM avg=0.09%, MEM max=0.09%
pqc_client_5 -> CPU avg=2.65%, CPU max=7.96%, MEM avg=0.09%, MEM max=0.09%
pqc_server -> CPU avg=2.01%, CPU max=6.04%, MEM avg=0.11%, MEM max=0.11%
pqc_client_6 -> CPU avg=5.03%, CPU max=15.09%, MEM avg=0.15%, MEM max=0.15%
pqc_client -> CPU avg=12.72%, CPU max=38.16%, MEM avg=0.13%, MEM max=0.13%
[2026-05-17 00:41:31] [*] Parando captura en pqc_monitor para classic_p0_aggressive_c50_001
[*] Métricas TXT guardadas en results/classic_p0_aggressive_c50_001_metrics.txt
[*] Métricas CSV guardadas en results/classic_p0_aggressive_c50_001_metrics.csv
[2026-05-17 00:41:56] === RUN END: classic_p0_aggressive_c50_001 ===

[2026-05-17 00:41:56] === RUN START: classic_p0_aggressive_c50_002 ===
[2026-05-17 00:41:56] [*] Arrancando captura en pqc_monitor (eth0) para classic_p0_aggressive_c50_002
[*] Guardando muestras en: results/classic_p0_aggressive_c50_002_docker_stats.csv
[*] Ejecutando comando medido: bash -lc ./scripts/run_client_once_rafaga.sh classic_p0_aggressive_c50_002 50; sleep 3
[*] Ráfaga clásica completada: 50 conexiones en 6 clientes (poisson_jitter)
=== host results ===
-rw-rw-r-- 1 cristian cristian   15050 may 17 00:41 classic_p0_aggressive_c50_002_client_err.txt
-rw-rw-r-- 1 cristian cristian    1049 may 17 00:41 classic_p0_aggressive_c50_002_client.txt
-rwxr-xr-x 1 cristian cristian      69 may 17 00:41 classic_p0_aggressive_c50_002_docker_stats.csv
-rwxr-xr-x 1 cristian cristian    1727 may 15 18:53 classic_p0_aggressive_c50_002_metrics.csv
-rw-r--r-- 1 cristian cristian   29698 may 15 18:53 classic_p0_aggressive_c50_002_metrics.txt
-rw-r--r-- 1 cristian cristian    2709 may 17 00:41 classic_p0_aggressive_c50_002_pqc_client_2_client_err.txt
-rw-r--r-- 1 cristian cristian       0 may 17 00:41 classic_p0_aggressive_c50_002_pqc_client_2_client.txt
-rw-r--r-- 1 cristian cristian      39 may 17 00:41 classic_p0_aggressive_c50_002_pqc_client_2_summary.txt
-rw-r--r-- 1 cristian cristian    2408 may 17 00:41 classic_p0_aggressive_c50_002_pqc_client_3_client_err.txt
-rw-r--r-- 1 cristian cristian       0 may 17 00:41 classic_p0_aggressive_c50_002_pqc_client_3_client.txt
-rw-r--r-- 1 cristian cristian      39 may 17 00:41 classic_p0_aggressive_c50_002_pqc_client_3_summary.txt
-rw-r--r-- 1 cristian cristian    2408 may 17 00:41 classic_p0_aggressive_c50_002_pqc_client_4_client_err.txt
-rw-r--r-- 1 cristian cristian       0 may 17 00:41 classic_p0_aggressive_c50_002_pqc_client_4_client.txt
-rw-r--r-- 1 cristian cristian      39 may 17 00:41 classic_p0_aggressive_c50_002_pqc_client_4_summary.txt
-rw-r--r-- 1 cristian cristian    2408 may 17 00:41 classic_p0_aggressive_c50_002_pqc_client_5_client_err.txt
-rw-r--r-- 1 cristian cristian       0 may 17 00:41 classic_p0_aggressive_c50_002_pqc_client_5_client.txt
-rw-r--r-- 1 cristian cristian      39 may 17 00:41 classic_p0_aggressive_c50_002_pqc_client_5_summary.txt
-rw-r--r-- 1 cristian cristian    2408 may 17 00:41 classic_p0_aggressive_c50_002_pqc_client_6_client_err.txt
-rw-r--r-- 1 cristian cristian       0 may 17 00:41 classic_p0_aggressive_c50_002_pqc_client_6_client.txt
-rw-r--r-- 1 cristian cristian      39 may 17 00:41 classic_p0_aggressive_c50_002_pqc_client_6_summary.txt
-rw-r--r-- 1 cristian cristian    2709 may 17 00:41 classic_p0_aggressive_c50_002_pqc_client_client_err.txt
-rw-r--r-- 1 cristian cristian       0 may 17 00:41 classic_p0_aggressive_c50_002_pqc_client_client.txt
-rw-r--r-- 1 cristian cristian      37 may 17 00:41 classic_p0_aggressive_c50_002_pqc_client_summary.txt
-rw-r--r-- 1 cristian cristian     759 may 15 18:52 classic_p0_aggressive_c50_002_resource_summary.txt
=== resumen por cliente ===
[*] Perfil poisson_jitter: llegadas no sincronizadas con Poisson+jitter
[*] pqc_client <= plan: 1:0.005350 7:0.005350 13:0.060179 19:0.060179 25:0.060179 31:0.060179 37:0.060179 43:0.060179 49:0.060179
[*] pqc_client_2 <= plan: 2:0.005350 8:0.005350 14:0.060179 20:0.060179 26:0.060179 32:0.060179 38:0.060179 44:0.060179 50:0.060179
[*] pqc_client_3 <= plan: 3:0.005350 9:0.005350 15:0.060179 21:0.060179 27:0.060179 33:0.060179 39:0.060179 45:0.060179
[*] pqc_client_4 <= plan: 4:0.005350 10:0.005350 16:0.060179 22:0.060179 28:0.060179 34:0.060179 40:0.060179 46:0.060179
[*] pqc_client_5 <= plan: 5:0.005350 11:0.005350 17:0.060179 23:0.060179 29:0.060179 35:0.060179 41:0.060179 47:0.060179
[*] pqc_client_6 <= plan: 6:0.005350 12:0.005350 18:0.060179 24:0.060179 30:0.060179 36:0.060179 42:0.060179 48:0.060179
client=pqc_client total=9 ok=9 err=0
client=pqc_client_2 total=9 ok=9 err=0
client=pqc_client_3 total=8 ok=8 err=0
client=pqc_client_4 total=8 ok=8 err=0
client=pqc_client_5 total=8 ok=8 err=0
client=pqc_client_6 total=8 ok=8 err=0
[*] Resumen guardado en: results/classic_p0_aggressive_c50_002_resource_summary.txt
RUN_ID: classic_p0_aggressive_c50_002
CSV: results/classic_p0_aggressive_c50_002_docker_stats.csv

=== Resumen CPU% y MEM% (avg / max) por contenedor ===
pqc_client_2 -> CPU avg=0.64%, CPU max=1.93%, MEM avg=0.10%, MEM max=0.10%
pqc_client_3 -> CPU avg=1.08%, CPU max=3.25%, MEM avg=0.10%, MEM max=0.10%
pqc_monitor -> CPU avg=0.05%, CPU max=0.09%, MEM avg=0.12%, MEM max=0.12%
pqc_client_4 -> CPU avg=0.00%, CPU max=0.00%, MEM avg=0.09%, MEM max=0.09%
pqc_client_5 -> CPU avg=1.72%, CPU max=5.15%, MEM avg=0.09%, MEM max=0.09%
pqc_server -> CPU avg=1.64%, CPU max=4.91%, MEM avg=0.11%, MEM max=0.11%
pqc_client_6 -> CPU avg=1.90%, CPU max=5.69%, MEM avg=0.15%, MEM max=0.15%
pqc_client -> CPU avg=0.00%, CPU max=0.00%, MEM avg=0.13%, MEM max=0.13%
[2026-05-17 00:42:09] [*] Parando captura en pqc_monitor para classic_p0_aggressive_c50_002
[*] Métricas TXT guardadas en results/classic_p0_aggressive_c50_002_metrics.txt
[*] Métricas CSV guardadas en results/classic_p0_aggressive_c50_002_metrics.csv
[2026-05-17 00:42:33] === RUN END: classic_p0_aggressive_c50_002 ===

[2026-05-17 00:42:34] === RUN START: classic_p0_aggressive_c50_003 ===
[2026-05-17 00:42:34] [*] Arrancando captura en pqc_monitor (eth0) para classic_p0_aggressive_c50_003
[*] Guardando muestras en: results/classic_p0_aggressive_c50_003_docker_stats.csv
[*] Ejecutando comando medido: bash -lc ./scripts/run_client_once_rafaga.sh classic_p0_aggressive_c50_003 50; sleep 3
[*] Ráfaga clásica completada: 50 conexiones en 6 clientes (poisson_jitter)
=== host results ===
-rw-rw-r-- 1 cristian cristian   15050 may 17 00:42 classic_p0_aggressive_c50_003_client_err.txt
-rw-rw-r-- 1 cristian cristian    1049 may 17 00:42 classic_p0_aggressive_c50_003_client.txt
-rwxr-xr-x 1 cristian cristian      69 may 17 00:42 classic_p0_aggressive_c50_003_docker_stats.csv
-rwxr-xr-x 1 cristian cristian    1725 may 15 18:53 classic_p0_aggressive_c50_003_metrics.csv
-rw-r--r-- 1 cristian cristian   29694 may 15 18:53 classic_p0_aggressive_c50_003_metrics.txt
-rw-r--r-- 1 cristian cristian    2709 may 17 00:42 classic_p0_aggressive_c50_003_pqc_client_2_client_err.txt
-rw-r--r-- 1 cristian cristian       0 may 17 00:42 classic_p0_aggressive_c50_003_pqc_client_2_client.txt
-rw-r--r-- 1 cristian cristian      39 may 17 00:42 classic_p0_aggressive_c50_003_pqc_client_2_summary.txt
-rw-r--r-- 1 cristian cristian    2408 may 17 00:42 classic_p0_aggressive_c50_003_pqc_client_3_client_err.txt
-rw-r--r-- 1 cristian cristian       0 may 17 00:42 classic_p0_aggressive_c50_003_pqc_client_3_client.txt
-rw-r--r-- 1 cristian cristian      39 may 17 00:42 classic_p0_aggressive_c50_003_pqc_client_3_summary.txt
-rw-r--r-- 1 cristian cristian    2408 may 17 00:42 classic_p0_aggressive_c50_003_pqc_client_4_client_err.txt
-rw-r--r-- 1 cristian cristian       0 may 17 00:42 classic_p0_aggressive_c50_003_pqc_client_4_client.txt
-rw-r--r-- 1 cristian cristian      39 may 17 00:42 classic_p0_aggressive_c50_003_pqc_client_4_summary.txt
-rw-r--r-- 1 cristian cristian    2408 may 17 00:42 classic_p0_aggressive_c50_003_pqc_client_5_client_err.txt
-rw-r--r-- 1 cristian cristian       0 may 17 00:42 classic_p0_aggressive_c50_003_pqc_client_5_client.txt
-rw-r--r-- 1 cristian cristian      39 may 17 00:42 classic_p0_aggressive_c50_003_pqc_client_5_summary.txt
-rw-r--r-- 1 cristian cristian    2408 may 17 00:42 classic_p0_aggressive_c50_003_pqc_client_6_client_err.txt
-rw-r--r-- 1 cristian cristian       0 may 17 00:42 classic_p0_aggressive_c50_003_pqc_client_6_client.txt
-rw-r--r-- 1 cristian cristian      39 may 17 00:42 classic_p0_aggressive_c50_003_pqc_client_6_summary.txt
-rw-r--r-- 1 cristian cristian    2709 may 17 00:42 classic_p0_aggressive_c50_003_pqc_client_client_err.txt
-rw-r--r-- 1 cristian cristian       0 may 17 00:42 classic_p0_aggressive_c50_003_pqc_client_client.txt
-rw-r--r-- 1 cristian cristian      37 may 17 00:42 classic_p0_aggressive_c50_003_pqc_client_summary.txt
-rw-r--r-- 1 cristian cristian     758 may 15 18:53 classic_p0_aggressive_c50_003_resource_summary.txt
=== resumen por cliente ===
[*] Perfil poisson_jitter: llegadas no sincronizadas con Poisson+jitter
[*] pqc_client <= plan: 1:0.067084 7:0.067084 13:0.067084 19:0.067084 25:0.067084 31:0.000000 37:0.000000 43:0.000000 49:0.000000
[*] pqc_client_2 <= plan: 2:0.067084 8:0.067084 14:0.067084 20:0.067084 26:0.067084 32:0.000000 38:0.000000 44:0.000000 50:0.000000
[*] pqc_client_3 <= plan: 3:0.067084 9:0.067084 15:0.067084 21:0.067084 27:0.000000 33:0.000000 39:0.000000 45:0.000000
[*] pqc_client_4 <= plan: 4:0.067084 10:0.067084 16:0.067084 22:0.067084 28:0.000000 34:0.000000 40:0.000000 46:0.000000
[*] pqc_client_5 <= plan: 5:0.067084 11:0.067084 17:0.067084 23:0.067084 29:0.000000 35:0.000000 41:0.000000 47:0.000000
[*] pqc_client_6 <= plan: 6:0.067084 12:0.067084 18:0.067084 24:0.067084 30:0.000000 36:0.000000 42:0.000000 48:0.000000
client=pqc_client total=9 ok=9 err=0
client=pqc_client_2 total=9 ok=9 err=0
client=pqc_client_3 total=8 ok=8 err=0
client=pqc_client_4 total=8 ok=8 err=0
client=pqc_client_5 total=8 ok=8 err=0
client=pqc_client_6 total=8 ok=8 err=0
[*] Resumen guardado en: results/classic_p0_aggressive_c50_003_resource_summary.txt
RUN_ID: classic_p0_aggressive_c50_003
CSV: results/classic_p0_aggressive_c50_003_docker_stats.csv

=== Resumen CPU% y MEM% (avg / max) por contenedor ===
pqc_client_2 -> CPU avg=0.00%, CPU max=0.00%, MEM avg=0.10%, MEM max=0.10%
pqc_client_3 -> CPU avg=0.00%, CPU max=0.00%, MEM avg=0.10%, MEM max=0.10%
pqc_monitor -> CPU avg=0.11%, CPU max=0.28%, MEM avg=0.12%, MEM max=0.12%
pqc_client_4 -> CPU avg=8.37%, CPU max=25.12%, MEM avg=0.11%, MEM max=0.16%
pqc_client_5 -> CPU avg=1.63%, CPU max=4.88%, MEM avg=0.10%, MEM max=0.10%
pqc_server -> CPU avg=1.41%, CPU max=4.22%, MEM avg=0.11%, MEM max=0.11%
pqc_client_6 -> CPU avg=1.84%, CPU max=5.52%, MEM avg=0.15%, MEM max=0.15%
pqc_client -> CPU avg=0.00%, CPU max=0.00%, MEM avg=0.13%, MEM max=0.13%
[2026-05-17 00:42:47] [*] Parando captura en pqc_monitor para classic_p0_aggressive_c50_003
[*] Métricas TXT guardadas en results/classic_p0_aggressive_c50_003_metrics.txt
[*] Métricas CSV guardadas en results/classic_p0_aggressive_c50_003_metrics.csv
[2026-05-17 00:43:11] === RUN END: classic_p0_aggressive_c50_003 ===

[2026-05-17 00:43:11] === RUN START: classic_p0_aggressive_c50_004 ===
[2026-05-17 00:43:11] [*] Arrancando captura en pqc_monitor (eth0) para classic_p0_aggressive_c50_004
[*] Guardando muestras en: results/classic_p0_aggressive_c50_004_docker_stats.csv
[*] Ejecutando comando medido: bash -lc ./scripts/run_client_once_rafaga.sh classic_p0_aggressive_c50_004 50; sleep 3
[*] Ráfaga clásica completada: 50 conexiones en 6 clientes (poisson_jitter)
=== host results ===
-rw-rw-r-- 1 cristian cristian   15050 may 17 00:43 classic_p0_aggressive_c50_004_client_err.txt
-rw-rw-r-- 1 cristian cristian    1049 may 17 00:43 classic_p0_aggressive_c50_004_client.txt
-rwxr-xr-x 1 cristian cristian      69 may 17 00:43 classic_p0_aggressive_c50_004_docker_stats.csv
-rwxr-xr-x 1 cristian cristian    1717 may 15 18:54 classic_p0_aggressive_c50_004_metrics.csv
-rw-r--r-- 1 cristian cristian   29665 may 15 18:54 classic_p0_aggressive_c50_004_metrics.txt
-rw-r--r-- 1 cristian cristian    2709 may 17 00:43 classic_p0_aggressive_c50_004_pqc_client_2_client_err.txt
-rw-r--r-- 1 cristian cristian       0 may 17 00:43 classic_p0_aggressive_c50_004_pqc_client_2_client.txt
-rw-r--r-- 1 cristian cristian      39 may 17 00:43 classic_p0_aggressive_c50_004_pqc_client_2_summary.txt
-rw-r--r-- 1 cristian cristian    2408 may 17 00:43 classic_p0_aggressive_c50_004_pqc_client_3_client_err.txt
-rw-r--r-- 1 cristian cristian       0 may 17 00:43 classic_p0_aggressive_c50_004_pqc_client_3_client.txt
-rw-r--r-- 1 cristian cristian      39 may 17 00:43 classic_p0_aggressive_c50_004_pqc_client_3_summary.txt
-rw-r--r-- 1 cristian cristian    2408 may 17 00:43 classic_p0_aggressive_c50_004_pqc_client_4_client_err.txt
-rw-r--r-- 1 cristian cristian       0 may 17 00:43 classic_p0_aggressive_c50_004_pqc_client_4_client.txt
-rw-r--r-- 1 cristian cristian      39 may 17 00:43 classic_p0_aggressive_c50_004_pqc_client_4_summary.txt
-rw-r--r-- 1 cristian cristian    2408 may 17 00:43 classic_p0_aggressive_c50_004_pqc_client_5_client_err.txt
-rw-r--r-- 1 cristian cristian       0 may 17 00:43 classic_p0_aggressive_c50_004_pqc_client_5_client.txt
-rw-r--r-- 1 cristian cristian      39 may 17 00:43 classic_p0_aggressive_c50_004_pqc_client_5_summary.txt
-rw-r--r-- 1 cristian cristian    2408 may 17 00:43 classic_p0_aggressive_c50_004_pqc_client_6_client_err.txt
-rw-r--r-- 1 cristian cristian       0 may 17 00:43 classic_p0_aggressive_c50_004_pqc_client_6_client.txt
-rw-r--r-- 1 cristian cristian      39 may 17 00:43 classic_p0_aggressive_c50_004_pqc_client_6_summary.txt
-rw-r--r-- 1 cristian cristian    2709 may 17 00:43 classic_p0_aggressive_c50_004_pqc_client_client_err.txt
-rw-r--r-- 1 cristian cristian       0 may 17 00:43 classic_p0_aggressive_c50_004_pqc_client_client.txt
-rw-r--r-- 1 cristian cristian      37 may 17 00:43 classic_p0_aggressive_c50_004_pqc_client_summary.txt
-rw-r--r-- 1 cristian cristian     756 may 15 18:53 classic_p0_aggressive_c50_004_resource_summary.txt
=== resumen por cliente ===
[*] Perfil poisson_jitter: llegadas no sincronizadas con Poisson+jitter
[*] pqc_client <= plan: 1:0.045040 7:0.045040 13:0.045040 19:0.045040 25:0.045040 31:0.045040 37:0.045040 43:0.003307 49:0.003307
[*] pqc_client_2 <= plan: 2:0.045040 8:0.045040 14:0.045040 20:0.045040 26:0.045040 32:0.045040 38:0.045040 44:0.003307 50:0.003307
[*] pqc_client_3 <= plan: 3:0.045040 9:0.045040 15:0.045040 21:0.045040 27:0.045040 33:0.045040 39:0.045040 45:0.003307
[*] pqc_client_4 <= plan: 4:0.045040 10:0.045040 16:0.045040 22:0.045040 28:0.045040 34:0.045040 40:0.045040 46:0.003307
[*] pqc_client_5 <= plan: 5:0.045040 11:0.045040 17:0.045040 23:0.045040 29:0.045040 35:0.045040 41:0.003307 47:0.003307
[*] pqc_client_6 <= plan: 6:0.045040 12:0.045040 18:0.045040 24:0.045040 30:0.045040 36:0.045040 42:0.003307 48:0.003307
client=pqc_client total=9 ok=9 err=0
client=pqc_client_2 total=9 ok=9 err=0
client=pqc_client_3 total=8 ok=8 err=0
client=pqc_client_4 total=8 ok=8 err=0
client=pqc_client_5 total=8 ok=8 err=0
client=pqc_client_6 total=8 ok=8 err=0
[*] Resumen guardado en: results/classic_p0_aggressive_c50_004_resource_summary.txt
RUN_ID: classic_p0_aggressive_c50_004
CSV: results/classic_p0_aggressive_c50_004_docker_stats.csv

=== Resumen CPU% y MEM% (avg / max) por contenedor ===
pqc_client_2 -> CPU avg=0.00%, CPU max=0.00%, MEM avg=0.10%, MEM max=0.10%
pqc_client_3 -> CPU avg=0.00%, CPU max=0.00%, MEM avg=0.10%, MEM max=0.10%
pqc_monitor -> CPU avg=0.08%, CPU max=0.12%, MEM avg=0.12%, MEM max=0.12%
pqc_client_4 -> CPU avg=10.06%, CPU max=30.19%, MEM avg=0.09%, MEM max=0.09%
pqc_client_5 -> CPU avg=1.48%, CPU max=4.43%, MEM avg=0.10%, MEM max=0.10%
pqc_server -> CPU avg=1.09%, CPU max=3.28%, MEM avg=0.11%, MEM max=0.11%
pqc_client_6 -> CPU avg=1.79%, CPU max=5.37%, MEM avg=0.15%, MEM max=0.15%
pqc_client -> CPU avg=0.00%, CPU max=0.00%, MEM avg=0.13%, MEM max=0.13%
[2026-05-17 00:43:25] [*] Parando captura en pqc_monitor para classic_p0_aggressive_c50_004
[*] Métricas TXT guardadas en results/classic_p0_aggressive_c50_004_metrics.txt
[*] Métricas CSV guardadas en results/classic_p0_aggressive_c50_004_metrics.csv
[2026-05-17 00:43:49] === RUN END: classic_p0_aggressive_c50_004 ===

[2026-05-17 00:43:49] === RUN START: classic_p0_aggressive_c50_005 ===
[2026-05-17 00:43:49] [*] Arrancando captura en pqc_monitor (eth0) para classic_p0_aggressive_c50_005
[*] Guardando muestras en: results/classic_p0_aggressive_c50_005_docker_stats.csv
[*] Ejecutando comando medido: bash -lc ./scripts/run_client_once_rafaga.sh classic_p0_aggressive_c50_005 50; sleep 3
[*] Ráfaga clásica completada: 50 conexiones en 6 clientes (poisson_jitter)
=== host results ===
-rw-rw-r-- 1 cristian cristian   15050 may 17 00:43 classic_p0_aggressive_c50_005_client_err.txt
-rw-rw-r-- 1 cristian cristian    1049 may 17 00:43 classic_p0_aggressive_c50_005_client.txt
-rwxr-xr-x 1 cristian cristian      69 may 17 00:43 classic_p0_aggressive_c50_005_docker_stats.csv
-rwxr-xr-x 1 cristian cristian    1717 may 15 18:54 classic_p0_aggressive_c50_005_metrics.csv
-rw-r--r-- 1 cristian cristian   29664 may 15 18:54 classic_p0_aggressive_c50_005_metrics.txt
-rw-r--r-- 1 cristian cristian    2709 may 17 00:43 classic_p0_aggressive_c50_005_pqc_client_2_client_err.txt
-rw-r--r-- 1 cristian cristian       0 may 17 00:43 classic_p0_aggressive_c50_005_pqc_client_2_client.txt
-rw-r--r-- 1 cristian cristian      39 may 17 00:43 classic_p0_aggressive_c50_005_pqc_client_2_summary.txt
-rw-r--r-- 1 cristian cristian    2408 may 17 00:43 classic_p0_aggressive_c50_005_pqc_client_3_client_err.txt
-rw-r--r-- 1 cristian cristian       0 may 17 00:43 classic_p0_aggressive_c50_005_pqc_client_3_client.txt
-rw-r--r-- 1 cristian cristian      39 may 17 00:43 classic_p0_aggressive_c50_005_pqc_client_3_summary.txt
-rw-r--r-- 1 cristian cristian    2408 may 17 00:43 classic_p0_aggressive_c50_005_pqc_client_4_client_err.txt
-rw-r--r-- 1 cristian cristian       0 may 17 00:43 classic_p0_aggressive_c50_005_pqc_client_4_client.txt
-rw-r--r-- 1 cristian cristian      39 may 17 00:43 classic_p0_aggressive_c50_005_pqc_client_4_summary.txt
-rw-r--r-- 1 cristian cristian    2408 may 17 00:43 classic_p0_aggressive_c50_005_pqc_client_5_client_err.txt
-rw-r--r-- 1 cristian cristian       0 may 17 00:43 classic_p0_aggressive_c50_005_pqc_client_5_client.txt
-rw-r--r-- 1 cristian cristian      39 may 17 00:43 classic_p0_aggressive_c50_005_pqc_client_5_summary.txt
-rw-r--r-- 1 cristian cristian    2408 may 17 00:43 classic_p0_aggressive_c50_005_pqc_client_6_client_err.txt
-rw-r--r-- 1 cristian cristian       0 may 17 00:43 classic_p0_aggressive_c50_005_pqc_client_6_client.txt
-rw-r--r-- 1 cristian cristian      39 may 17 00:43 classic_p0_aggressive_c50_005_pqc_client_6_summary.txt
-rw-r--r-- 1 cristian cristian    2709 may 17 00:43 classic_p0_aggressive_c50_005_pqc_client_client_err.txt
-rw-r--r-- 1 cristian cristian       0 may 17 00:43 classic_p0_aggressive_c50_005_pqc_client_client.txt
-rw-r--r-- 1 cristian cristian      37 may 17 00:43 classic_p0_aggressive_c50_005_pqc_client_summary.txt
-rw-r--r-- 1 cristian cristian     756 may 15 18:54 classic_p0_aggressive_c50_005_resource_summary.txt
=== resumen por cliente ===
[*] Perfil poisson_jitter: llegadas no sincronizadas con Poisson+jitter
[*] pqc_client <= plan: 1:0.045356 7:0.045356 13:0.045356 19:0.045356 25:0.045356 31:0.045356 37:0.045356 43:0.045356 49:0.045356
[*] pqc_client_2 <= plan: 2:0.045356 8:0.045356 14:0.045356 20:0.045356 26:0.045356 32:0.045356 38:0.045356 44:0.045356 50:0.045356
[*] pqc_client_3 <= plan: 3:0.045356 9:0.045356 15:0.045356 21:0.045356 27:0.045356 33:0.045356 39:0.045356 45:0.045356
[*] pqc_client_4 <= plan: 4:0.045356 10:0.045356 16:0.045356 22:0.045356 28:0.045356 34:0.045356 40:0.045356 46:0.045356
[*] pqc_client_5 <= plan: 5:0.045356 11:0.045356 17:0.045356 23:0.045356 29:0.045356 35:0.045356 41:0.045356 47:0.045356
[*] pqc_client_6 <= plan: 6:0.045356 12:0.045356 18:0.045356 24:0.045356 30:0.045356 36:0.045356 42:0.045356 48:0.045356
client=pqc_client total=9 ok=9 err=0
client=pqc_client_2 total=9 ok=9 err=0
client=pqc_client_3 total=8 ok=8 err=0
client=pqc_client_4 total=8 ok=8 err=0
client=pqc_client_5 total=8 ok=8 err=0
client=pqc_client_6 total=8 ok=8 err=0
[*] Resumen guardado en: results/classic_p0_aggressive_c50_005_resource_summary.txt
RUN_ID: classic_p0_aggressive_c50_005
CSV: results/classic_p0_aggressive_c50_005_docker_stats.csv

=== Resumen CPU% y MEM% (avg / max) por contenedor ===
pqc_client_2 -> CPU avg=0.00%, CPU max=0.00%, MEM avg=0.10%, MEM max=0.10%
pqc_client_3 -> CPU avg=0.00%, CPU max=0.00%, MEM avg=0.10%, MEM max=0.10%
pqc_monitor -> CPU avg=0.08%, CPU max=0.14%, MEM avg=0.13%, MEM max=0.13%
pqc_client_4 -> CPU avg=0.65%, CPU max=1.94%, MEM avg=0.09%, MEM max=0.09%
pqc_client_5 -> CPU avg=1.91%, CPU max=5.73%, MEM avg=0.10%, MEM max=0.10%
pqc_server -> CPU avg=1.40%, CPU max=4.19%, MEM avg=0.11%, MEM max=0.11%
pqc_client_6 -> CPU avg=1.89%, CPU max=5.68%, MEM avg=0.15%, MEM max=0.15%
pqc_client -> CPU avg=0.00%, CPU max=0.00%, MEM avg=0.13%, MEM max=0.13%
[2026-05-17 00:44:02] [*] Parando captura en pqc_monitor para classic_p0_aggressive_c50_005
[*] Métricas TXT guardadas en results/classic_p0_aggressive_c50_005_metrics.txt
[*] Métricas CSV guardadas en results/classic_p0_aggressive_c50_005_metrics.csv
[2026-05-17 00:44:27] === RUN END: classic_p0_aggressive_c50_005 ===

[2026-05-17 00:44:27] === RUN START: classic_p0_soft_c50_001 ===
[2026-05-17 00:44:27] [*] Arrancando captura en pqc_monitor (eth0) para classic_p0_soft_c50_001
[*] Guardando muestras en: results/classic_p0_soft_c50_001_docker_stats.csv
[*] Ejecutando comando medido: bash -lc ./scripts/run_client_once_rafaga.sh classic_p0_soft_c50_001 50; sleep 3
[*] Ráfaga clásica completada: 50 conexiones en 6 clientes (poisson_jitter)
=== host results ===
-rw-rw-r-- 1 cristian cristian   15050 may 17 00:44 classic_p0_soft_c50_001_client_err.txt
-rw-rw-r-- 1 cristian cristian    1049 may 17 00:44 classic_p0_soft_c50_001_client.txt
-rwxr-xr-x 1 cristian cristian      69 may 17 00:44 classic_p0_soft_c50_001_docker_stats.csv
-rwxr-xr-x 1 cristian cristian    1712 may 15 18:55 classic_p0_soft_c50_001_metrics.csv
-rw-r--r-- 1 cristian cristian   29619 may 15 18:55 classic_p0_soft_c50_001_metrics.txt
-rw-r--r-- 1 cristian cristian    2709 may 17 00:44 classic_p0_soft_c50_001_pqc_client_2_client_err.txt
-rw-r--r-- 1 cristian cristian       0 may 17 00:44 classic_p0_soft_c50_001_pqc_client_2_client.txt
-rw-r--r-- 1 cristian cristian      39 may 17 00:44 classic_p0_soft_c50_001_pqc_client_2_summary.txt
-rw-r--r-- 1 cristian cristian    2408 may 17 00:44 classic_p0_soft_c50_001_pqc_client_3_client_err.txt
-rw-r--r-- 1 cristian cristian       0 may 17 00:44 classic_p0_soft_c50_001_pqc_client_3_client.txt
-rw-r--r-- 1 cristian cristian      39 may 17 00:44 classic_p0_soft_c50_001_pqc_client_3_summary.txt
-rw-r--r-- 1 cristian cristian    2408 may 17 00:44 classic_p0_soft_c50_001_pqc_client_4_client_err.txt
-rw-r--r-- 1 cristian cristian       0 may 17 00:44 classic_p0_soft_c50_001_pqc_client_4_client.txt
-rw-r--r-- 1 cristian cristian      39 may 17 00:44 classic_p0_soft_c50_001_pqc_client_4_summary.txt
-rw-r--r-- 1 cristian cristian    2408 may 17 00:44 classic_p0_soft_c50_001_pqc_client_5_client_err.txt
-rw-r--r-- 1 cristian cristian       0 may 17 00:44 classic_p0_soft_c50_001_pqc_client_5_client.txt
-rw-r--r-- 1 cristian cristian      39 may 17 00:44 classic_p0_soft_c50_001_pqc_client_5_summary.txt
-rw-r--r-- 1 cristian cristian    2408 may 17 00:44 classic_p0_soft_c50_001_pqc_client_6_client_err.txt
-rw-r--r-- 1 cristian cristian       0 may 17 00:44 classic_p0_soft_c50_001_pqc_client_6_client.txt
-rw-r--r-- 1 cristian cristian      39 may 17 00:44 classic_p0_soft_c50_001_pqc_client_6_summary.txt
-rw-r--r-- 1 cristian cristian    2709 may 17 00:44 classic_p0_soft_c50_001_pqc_client_client_err.txt
-rw-r--r-- 1 cristian cristian       0 may 17 00:44 classic_p0_soft_c50_001_pqc_client_client.txt
-rw-r--r-- 1 cristian cristian      37 may 17 00:44 classic_p0_soft_c50_001_pqc_client_summary.txt
-rw-r--r-- 1 cristian cristian     745 may 15 18:55 classic_p0_soft_c50_001_resource_summary.txt
=== resumen por cliente ===
[*] Perfil poisson_jitter: llegadas no sincronizadas con Poisson+jitter
[*] pqc_client <= plan: 1:0.158353 7:0.158353 13:0.158353 19:0.158353 25:0.158353 31:0.158353 37:0.158353 43:0.158353 49:0.158353
[*] pqc_client_2 <= plan: 2:0.158353 8:0.158353 14:0.158353 20:0.158353 26:0.158353 32:0.158353 38:0.158353 44:0.158353 50:0.158353
[*] pqc_client_3 <= plan: 3:0.158353 9:0.158353 15:0.158353 21:0.158353 27:0.158353 33:0.158353 39:0.158353 45:0.158353
[*] pqc_client_4 <= plan: 4:0.158353 10:0.158353 16:0.158353 22:0.158353 28:0.158353 34:0.158353 40:0.158353 46:0.158353
[*] pqc_client_5 <= plan: 5:0.158353 11:0.158353 17:0.158353 23:0.158353 29:0.158353 35:0.158353 41:0.158353 47:0.158353
[*] pqc_client_6 <= plan: 6:0.158353 12:0.158353 18:0.158353 24:0.158353 30:0.158353 36:0.158353 42:0.158353 48:0.158353
client=pqc_client total=9 ok=9 err=0
client=pqc_client_2 total=9 ok=9 err=0
client=pqc_client_3 total=8 ok=8 err=0
client=pqc_client_4 total=8 ok=8 err=0
client=pqc_client_5 total=8 ok=8 err=0
client=pqc_client_6 total=8 ok=8 err=0
[*] Resumen guardado en: results/classic_p0_soft_c50_001_resource_summary.txt
RUN_ID: classic_p0_soft_c50_001
CSV: results/classic_p0_soft_c50_001_docker_stats.csv

=== Resumen CPU% y MEM% (avg / max) por contenedor ===
pqc_client_2 -> CPU avg=0.00%, CPU max=0.00%, MEM avg=0.10%, MEM max=0.10%
pqc_client_3 -> CPU avg=0.00%, CPU max=0.00%, MEM avg=0.10%, MEM max=0.10%
pqc_monitor -> CPU avg=0.09%, CPU max=0.13%, MEM avg=0.13%, MEM max=0.13%
pqc_client_4 -> CPU avg=1.49%, CPU max=4.47%, MEM avg=0.09%, MEM max=0.09%
pqc_client_5 -> CPU avg=3.02%, CPU max=9.06%, MEM avg=0.10%, MEM max=0.10%
pqc_server -> CPU avg=1.58%, CPU max=4.75%, MEM avg=0.11%, MEM max=0.11%
pqc_client_6 -> CPU avg=2.81%, CPU max=8.44%, MEM avg=0.15%, MEM max=0.15%
pqc_client -> CPU avg=0.00%, CPU max=0.00%, MEM avg=0.13%, MEM max=0.13%
[2026-05-17 00:44:40] [*] Parando captura en pqc_monitor para classic_p0_soft_c50_001
[*] Métricas TXT guardadas en results/classic_p0_soft_c50_001_metrics.txt
[*] Métricas CSV guardadas en results/classic_p0_soft_c50_001_metrics.csv
[2026-05-17 00:45:05] === RUN END: classic_p0_soft_c50_001 ===

[2026-05-17 00:45:05] === RUN START: classic_p0_soft_c50_002 ===
[2026-05-17 00:45:05] [*] Arrancando captura en pqc_monitor (eth0) para classic_p0_soft_c50_002
[*] Guardando muestras en: results/classic_p0_soft_c50_002_docker_stats.csv
[*] Ejecutando comando medido: bash -lc ./scripts/run_client_once_rafaga.sh classic_p0_soft_c50_002 50; sleep 3
[*] Ráfaga clásica completada: 50 conexiones en 6 clientes (poisson_jitter)
=== host results ===
-rw-rw-r-- 1 cristian cristian   15050 may 17 00:45 classic_p0_soft_c50_002_client_err.txt
-rw-rw-r-- 1 cristian cristian    1049 may 17 00:45 classic_p0_soft_c50_002_client.txt
-rwxr-xr-x 1 cristian cristian      69 may 17 00:45 classic_p0_soft_c50_002_docker_stats.csv
-rwxr-xr-x 1 cristian cristian    1718 may 15 18:55 classic_p0_soft_c50_002_metrics.csv
-rw-r--r-- 1 cristian cristian   29642 may 15 18:55 classic_p0_soft_c50_002_metrics.txt
-rw-r--r-- 1 cristian cristian    2709 may 17 00:45 classic_p0_soft_c50_002_pqc_client_2_client_err.txt
-rw-r--r-- 1 cristian cristian       0 may 17 00:45 classic_p0_soft_c50_002_pqc_client_2_client.txt
-rw-r--r-- 1 cristian cristian      39 may 17 00:45 classic_p0_soft_c50_002_pqc_client_2_summary.txt
-rw-r--r-- 1 cristian cristian    2408 may 17 00:45 classic_p0_soft_c50_002_pqc_client_3_client_err.txt
-rw-r--r-- 1 cristian cristian       0 may 17 00:45 classic_p0_soft_c50_002_pqc_client_3_client.txt
-rw-r--r-- 1 cristian cristian      39 may 17 00:45 classic_p0_soft_c50_002_pqc_client_3_summary.txt
-rw-r--r-- 1 cristian cristian    2408 may 17 00:45 classic_p0_soft_c50_002_pqc_client_4_client_err.txt
-rw-r--r-- 1 cristian cristian       0 may 17 00:45 classic_p0_soft_c50_002_pqc_client_4_client.txt
-rw-r--r-- 1 cristian cristian      39 may 17 00:45 classic_p0_soft_c50_002_pqc_client_4_summary.txt
-rw-r--r-- 1 cristian cristian    2408 may 17 00:45 classic_p0_soft_c50_002_pqc_client_5_client_err.txt
-rw-r--r-- 1 cristian cristian       0 may 17 00:45 classic_p0_soft_c50_002_pqc_client_5_client.txt
-rw-r--r-- 1 cristian cristian      39 may 17 00:45 classic_p0_soft_c50_002_pqc_client_5_summary.txt
-rw-r--r-- 1 cristian cristian    2408 may 17 00:45 classic_p0_soft_c50_002_pqc_client_6_client_err.txt
-rw-r--r-- 1 cristian cristian       0 may 17 00:45 classic_p0_soft_c50_002_pqc_client_6_client.txt
-rw-r--r-- 1 cristian cristian      39 may 17 00:45 classic_p0_soft_c50_002_pqc_client_6_summary.txt
-rw-r--r-- 1 cristian cristian    2709 may 17 00:45 classic_p0_soft_c50_002_pqc_client_client_err.txt
-rw-r--r-- 1 cristian cristian       0 may 17 00:45 classic_p0_soft_c50_002_pqc_client_client.txt
-rw-r--r-- 1 cristian cristian      37 may 17 00:45 classic_p0_soft_c50_002_pqc_client_summary.txt
-rw-r--r-- 1 cristian cristian     742 may 15 18:55 classic_p0_soft_c50_002_resource_summary.txt
=== resumen por cliente ===
[*] Perfil poisson_jitter: llegadas no sincronizadas con Poisson+jitter
[*] pqc_client <= plan: 1:0.100235 7:0.100235 13:0.100235 19:0.100235 25:0.058597 31:0.058597 37:0.058597 43:0.058597 49:0.058597
[*] pqc_client_2 <= plan: 2:0.100235 8:0.100235 14:0.100235 20:0.100235 26:0.058597 32:0.058597 38:0.058597 44:0.058597 50:0.058597
[*] pqc_client_3 <= plan: 3:0.100235 9:0.100235 15:0.100235 21:0.100235 27:0.058597 33:0.058597 39:0.058597 45:0.058597
[*] pqc_client_4 <= plan: 4:0.100235 10:0.100235 16:0.100235 22:0.100235 28:0.058597 34:0.058597 40:0.058597 46:0.058597
[*] pqc_client_5 <= plan: 5:0.100235 11:0.100235 17:0.100235 23:0.100235 29:0.058597 35:0.058597 41:0.058597 47:0.058597
[*] pqc_client_6 <= plan: 6:0.100235 12:0.100235 18:0.100235 24:0.058597 30:0.058597 36:0.058597 42:0.058597 48:0.058597
client=pqc_client total=9 ok=9 err=0
client=pqc_client_2 total=9 ok=9 err=0
client=pqc_client_3 total=8 ok=8 err=0
client=pqc_client_4 total=8 ok=8 err=0
client=pqc_client_5 total=8 ok=8 err=0
client=pqc_client_6 total=8 ok=8 err=0
[*] Resumen guardado en: results/classic_p0_soft_c50_002_resource_summary.txt
RUN_ID: classic_p0_soft_c50_002
CSV: results/classic_p0_soft_c50_002_docker_stats.csv

=== Resumen CPU% y MEM% (avg / max) por contenedor ===
pqc_client_2 -> CPU avg=0.00%, CPU max=0.00%, MEM avg=0.10%, MEM max=0.10%
pqc_client_3 -> CPU avg=0.00%, CPU max=0.00%, MEM avg=0.10%, MEM max=0.10%
pqc_monitor -> CPU avg=0.10%, CPU max=0.21%, MEM avg=0.13%, MEM max=0.13%
pqc_client_4 -> CPU avg=1.53%, CPU max=4.58%, MEM avg=0.09%, MEM max=0.09%
pqc_client_5 -> CPU avg=2.00%, CPU max=6.00%, MEM avg=0.10%, MEM max=0.10%
pqc_server -> CPU avg=1.39%, CPU max=4.18%, MEM avg=0.11%, MEM max=0.11%
pqc_client_6 -> CPU avg=1.43%, CPU max=4.28%, MEM avg=0.15%, MEM max=0.15%
pqc_client -> CPU avg=0.00%, CPU max=0.00%, MEM avg=0.13%, MEM max=0.13%
[2026-05-17 00:45:18] [*] Parando captura en pqc_monitor para classic_p0_soft_c50_002
[*] Métricas TXT guardadas en results/classic_p0_soft_c50_002_metrics.txt
[*] Métricas CSV guardadas en results/classic_p0_soft_c50_002_metrics.csv
[2026-05-17 00:45:42] === RUN END: classic_p0_soft_c50_002 ===

[2026-05-17 00:45:42] === RUN START: classic_p0_soft_c50_003 ===
[2026-05-17 00:45:42] [*] Arrancando captura en pqc_monitor (eth0) para classic_p0_soft_c50_003
[*] Guardando muestras en: results/classic_p0_soft_c50_003_docker_stats.csv
[*] Ejecutando comando medido: bash -lc ./scripts/run_client_once_rafaga.sh classic_p0_soft_c50_003 50; sleep 3
[*] Ráfaga clásica completada: 50 conexiones en 6 clientes (poisson_jitter)
=== host results ===
-rw-rw-r-- 1 cristian cristian   15050 may 17 00:45 classic_p0_soft_c50_003_client_err.txt
-rw-rw-r-- 1 cristian cristian    1049 may 17 00:45 classic_p0_soft_c50_003_client.txt
-rwxr-xr-x 1 cristian cristian      69 may 17 00:45 classic_p0_soft_c50_003_docker_stats.csv
-rwxr-xr-x 1 cristian cristian    1712 may 15 18:56 classic_p0_soft_c50_003_metrics.csv
-rw-r--r-- 1 cristian cristian   29623 may 15 18:56 classic_p0_soft_c50_003_metrics.txt
-rw-r--r-- 1 cristian cristian    2709 may 17 00:45 classic_p0_soft_c50_003_pqc_client_2_client_err.txt
-rw-r--r-- 1 cristian cristian       0 may 17 00:45 classic_p0_soft_c50_003_pqc_client_2_client.txt
-rw-r--r-- 1 cristian cristian      39 may 17 00:45 classic_p0_soft_c50_003_pqc_client_2_summary.txt
-rw-r--r-- 1 cristian cristian    2408 may 17 00:45 classic_p0_soft_c50_003_pqc_client_3_client_err.txt
-rw-r--r-- 1 cristian cristian       0 may 17 00:45 classic_p0_soft_c50_003_pqc_client_3_client.txt
-rw-r--r-- 1 cristian cristian      39 may 17 00:45 classic_p0_soft_c50_003_pqc_client_3_summary.txt
-rw-r--r-- 1 cristian cristian    2408 may 17 00:45 classic_p0_soft_c50_003_pqc_client_4_client_err.txt
-rw-r--r-- 1 cristian cristian       0 may 17 00:45 classic_p0_soft_c50_003_pqc_client_4_client.txt
-rw-r--r-- 1 cristian cristian      39 may 17 00:45 classic_p0_soft_c50_003_pqc_client_4_summary.txt
-rw-r--r-- 1 cristian cristian    2408 may 17 00:45 classic_p0_soft_c50_003_pqc_client_5_client_err.txt
-rw-r--r-- 1 cristian cristian       0 may 17 00:45 classic_p0_soft_c50_003_pqc_client_5_client.txt
-rw-r--r-- 1 cristian cristian      39 may 17 00:45 classic_p0_soft_c50_003_pqc_client_5_summary.txt
-rw-r--r-- 1 cristian cristian    2408 may 17 00:45 classic_p0_soft_c50_003_pqc_client_6_client_err.txt
-rw-r--r-- 1 cristian cristian       0 may 17 00:45 classic_p0_soft_c50_003_pqc_client_6_client.txt
-rw-r--r-- 1 cristian cristian      39 may 17 00:45 classic_p0_soft_c50_003_pqc_client_6_summary.txt
-rw-r--r-- 1 cristian cristian    2709 may 17 00:45 classic_p0_soft_c50_003_pqc_client_client_err.txt
-rw-r--r-- 1 cristian cristian       0 may 17 00:45 classic_p0_soft_c50_003_pqc_client_client.txt
-rw-r--r-- 1 cristian cristian      37 may 17 00:45 classic_p0_soft_c50_003_pqc_client_summary.txt
-rw-r--r-- 1 cristian cristian     744 may 15 18:56 classic_p0_soft_c50_003_resource_summary.txt
=== resumen por cliente ===
[*] Perfil poisson_jitter: llegadas no sincronizadas con Poisson+jitter
[*] pqc_client <= plan: 1:0.066453 7:0.066453 13:0.066453 19:0.066453 25:0.066453 31:0.066453 37:0.066453 43:0.066453 49:0.066453
[*] pqc_client_2 <= plan: 2:0.066453 8:0.066453 14:0.066453 20:0.066453 26:0.066453 32:0.066453 38:0.066453 44:0.066453 50:0.066453
[*] pqc_client_3 <= plan: 3:0.066453 9:0.066453 15:0.066453 21:0.066453 27:0.066453 33:0.066453 39:0.066453 45:0.066453
[*] pqc_client_4 <= plan: 4:0.066453 10:0.066453 16:0.066453 22:0.066453 28:0.066453 34:0.066453 40:0.066453 46:0.066453
[*] pqc_client_5 <= plan: 5:0.066453 11:0.066453 17:0.066453 23:0.066453 29:0.066453 35:0.066453 41:0.066453 47:0.066453
[*] pqc_client_6 <= plan: 6:0.066453 12:0.066453 18:0.066453 24:0.066453 30:0.066453 36:0.066453 42:0.066453 48:0.066453
client=pqc_client total=9 ok=9 err=0
client=pqc_client_2 total=9 ok=9 err=0
client=pqc_client_3 total=8 ok=8 err=0
client=pqc_client_4 total=8 ok=8 err=0
client=pqc_client_5 total=8 ok=8 err=0
client=pqc_client_6 total=8 ok=8 err=0
[*] Resumen guardado en: results/classic_p0_soft_c50_003_resource_summary.txt
RUN_ID: classic_p0_soft_c50_003
CSV: results/classic_p0_soft_c50_003_docker_stats.csv

=== Resumen CPU% y MEM% (avg / max) por contenedor ===
pqc_client_2 -> CPU avg=0.00%, CPU max=0.00%, MEM avg=0.10%, MEM max=0.10%
pqc_client_3 -> CPU avg=0.42%, CPU max=1.26%, MEM avg=0.10%, MEM max=0.10%
pqc_monitor -> CPU avg=0.07%, CPU max=0.14%, MEM avg=0.13%, MEM max=0.13%
pqc_client_4 -> CPU avg=10.32%, CPU max=30.96%, MEM avg=0.09%, MEM max=0.09%
pqc_client_5 -> CPU avg=1.96%, CPU max=5.87%, MEM avg=0.10%, MEM max=0.10%
pqc_server -> CPU avg=1.48%, CPU max=4.45%, MEM avg=0.11%, MEM max=0.11%
pqc_client_6 -> CPU avg=2.01%, CPU max=6.04%, MEM avg=0.15%, MEM max=0.15%
pqc_client -> CPU avg=0.00%, CPU max=0.00%, MEM avg=0.13%, MEM max=0.13%
[2026-05-17 00:45:55] [*] Parando captura en pqc_monitor para classic_p0_soft_c50_003
[*] Métricas TXT guardadas en results/classic_p0_soft_c50_003_metrics.txt
[*] Métricas CSV guardadas en results/classic_p0_soft_c50_003_metrics.csv
[2026-05-17 00:46:20] === RUN END: classic_p0_soft_c50_003 ===

[2026-05-17 00:46:20] === RUN START: classic_p0_soft_c50_004 ===
[2026-05-17 00:46:20] [*] Arrancando captura en pqc_monitor (eth0) para classic_p0_soft_c50_004
[*] Guardando muestras en: results/classic_p0_soft_c50_004_docker_stats.csv
[*] Ejecutando comando medido: bash -lc ./scripts/run_client_once_rafaga.sh classic_p0_soft_c50_004 50; sleep 3
[*] Ráfaga clásica completada: 50 conexiones en 6 clientes (poisson_jitter)
=== host results ===
-rw-rw-r-- 1 cristian cristian   15050 may 17 00:46 classic_p0_soft_c50_004_client_err.txt
-rw-rw-r-- 1 cristian cristian    1049 may 17 00:46 classic_p0_soft_c50_004_client.txt
-rwxr-xr-x 1 cristian cristian      69 may 17 00:46 classic_p0_soft_c50_004_docker_stats.csv
-rwxr-xr-x 1 cristian cristian    1717 may 15 18:56 classic_p0_soft_c50_004_metrics.csv
-rw-r--r-- 1 cristian cristian   29645 may 15 18:56 classic_p0_soft_c50_004_metrics.txt
-rw-r--r-- 1 cristian cristian    2709 may 17 00:46 classic_p0_soft_c50_004_pqc_client_2_client_err.txt
-rw-r--r-- 1 cristian cristian       0 may 17 00:46 classic_p0_soft_c50_004_pqc_client_2_client.txt
-rw-r--r-- 1 cristian cristian      39 may 17 00:46 classic_p0_soft_c50_004_pqc_client_2_summary.txt
-rw-r--r-- 1 cristian cristian    2408 may 17 00:46 classic_p0_soft_c50_004_pqc_client_3_client_err.txt
-rw-r--r-- 1 cristian cristian       0 may 17 00:46 classic_p0_soft_c50_004_pqc_client_3_client.txt
-rw-r--r-- 1 cristian cristian      39 may 17 00:46 classic_p0_soft_c50_004_pqc_client_3_summary.txt
-rw-r--r-- 1 cristian cristian    2408 may 17 00:46 classic_p0_soft_c50_004_pqc_client_4_client_err.txt
-rw-r--r-- 1 cristian cristian       0 may 17 00:46 classic_p0_soft_c50_004_pqc_client_4_client.txt
-rw-r--r-- 1 cristian cristian      39 may 17 00:46 classic_p0_soft_c50_004_pqc_client_4_summary.txt
-rw-r--r-- 1 cristian cristian    2408 may 17 00:46 classic_p0_soft_c50_004_pqc_client_5_client_err.txt
-rw-r--r-- 1 cristian cristian       0 may 17 00:46 classic_p0_soft_c50_004_pqc_client_5_client.txt
-rw-r--r-- 1 cristian cristian      39 may 17 00:46 classic_p0_soft_c50_004_pqc_client_5_summary.txt
-rw-r--r-- 1 cristian cristian    2408 may 17 00:46 classic_p0_soft_c50_004_pqc_client_6_client_err.txt
-rw-r--r-- 1 cristian cristian       0 may 17 00:46 classic_p0_soft_c50_004_pqc_client_6_client.txt
-rw-r--r-- 1 cristian cristian      39 may 17 00:46 classic_p0_soft_c50_004_pqc_client_6_summary.txt
-rw-r--r-- 1 cristian cristian    2709 may 17 00:46 classic_p0_soft_c50_004_pqc_client_client_err.txt
-rw-r--r-- 1 cristian cristian       0 may 17 00:46 classic_p0_soft_c50_004_pqc_client_client.txt
-rw-r--r-- 1 cristian cristian      37 may 17 00:46 classic_p0_soft_c50_004_pqc_client_summary.txt
-rw-r--r-- 1 cristian cristian     740 may 15 18:56 classic_p0_soft_c50_004_resource_summary.txt
=== resumen por cliente ===
[*] Perfil poisson_jitter: llegadas no sincronizadas con Poisson+jitter
[*] pqc_client <= plan: 1:0.037606 7:0.037606 13:0.037606 19:0.037606 25:0.037606 31:0.333388 37:0.333388 43:0.333388 49:0.333388
[*] pqc_client_2 <= plan: 2:0.037606 8:0.037606 14:0.037606 20:0.037606 26:0.037606 32:0.333388 38:0.333388 44:0.333388 50:0.333388
[*] pqc_client_3 <= plan: 3:0.037606 9:0.037606 15:0.037606 21:0.037606 27:0.037606 33:0.333388 39:0.333388 45:0.333388
[*] pqc_client_4 <= plan: 4:0.037606 10:0.037606 16:0.037606 22:0.037606 28:0.037606 34:0.333388 40:0.333388 46:0.333388
[*] pqc_client_5 <= plan: 5:0.037606 11:0.037606 17:0.037606 23:0.037606 29:0.333388 35:0.333388 41:0.333388 47:0.333388
[*] pqc_client_6 <= plan: 6:0.037606 12:0.037606 18:0.037606 24:0.037606 30:0.333388 36:0.333388 42:0.333388 48:0.333388
client=pqc_client total=9 ok=9 err=0
client=pqc_client_2 total=9 ok=9 err=0
client=pqc_client_3 total=8 ok=8 err=0
client=pqc_client_4 total=8 ok=8 err=0
client=pqc_client_5 total=8 ok=8 err=0
client=pqc_client_6 total=8 ok=8 err=0
[*] Resumen guardado en: results/classic_p0_soft_c50_004_resource_summary.txt
RUN_ID: classic_p0_soft_c50_004
CSV: results/classic_p0_soft_c50_004_docker_stats.csv

=== Resumen CPU% y MEM% (avg / max) por contenedor ===
pqc_client_2 -> CPU avg=2.34%, CPU max=7.01%, MEM avg=0.11%, MEM max=0.11%
pqc_client_3 -> CPU avg=1.63%, CPU max=4.88%, MEM avg=0.11%, MEM max=0.11%
pqc_monitor -> CPU avg=0.09%, CPU max=0.15%, MEM avg=0.13%, MEM max=0.13%
pqc_client_4 -> CPU avg=2.43%, CPU max=7.30%, MEM avg=0.09%, MEM max=0.09%
pqc_client_5 -> CPU avg=2.80%, CPU max=8.41%, MEM avg=0.10%, MEM max=0.10%
pqc_server -> CPU avg=1.37%, CPU max=4.11%, MEM avg=0.11%, MEM max=0.11%
pqc_client_6 -> CPU avg=2.95%, CPU max=8.84%, MEM avg=0.15%, MEM max=0.15%
pqc_client -> CPU avg=0.00%, CPU max=0.00%, MEM avg=0.13%, MEM max=0.13%
[2026-05-17 00:46:32] [*] Parando captura en pqc_monitor para classic_p0_soft_c50_004
[*] Métricas TXT guardadas en results/classic_p0_soft_c50_004_metrics.txt
[*] Métricas CSV guardadas en results/classic_p0_soft_c50_004_metrics.csv
[2026-05-17 00:46:57] === RUN END: classic_p0_soft_c50_004 ===

[2026-05-17 00:46:57] === RUN START: classic_p0_soft_c50_005 ===
[2026-05-17 00:46:57] [*] Arrancando captura en pqc_monitor (eth0) para classic_p0_soft_c50_005
[*] Guardando muestras en: results/classic_p0_soft_c50_005_docker_stats.csv
[*] Ejecutando comando medido: bash -lc ./scripts/run_client_once_rafaga.sh classic_p0_soft_c50_005 50; sleep 3
[*] Ráfaga clásica completada: 50 conexiones en 6 clientes (poisson_jitter)
=== host results ===
-rw-rw-r-- 1 cristian cristian   15050 may 17 00:47 classic_p0_soft_c50_005_client_err.txt
-rw-rw-r-- 1 cristian cristian    1049 may 17 00:47 classic_p0_soft_c50_005_client.txt
-rwxr-xr-x 1 cristian cristian      69 may 17 00:46 classic_p0_soft_c50_005_docker_stats.csv
-rwxr-xr-x 1 cristian cristian    1717 may 15 18:57 classic_p0_soft_c50_005_metrics.csv
-rw-r--r-- 1 cristian cristian   29650 may 15 18:57 classic_p0_soft_c50_005_metrics.txt
-rw-r--r-- 1 cristian cristian    2709 may 17 00:47 classic_p0_soft_c50_005_pqc_client_2_client_err.txt
-rw-r--r-- 1 cristian cristian       0 may 17 00:47 classic_p0_soft_c50_005_pqc_client_2_client.txt
-rw-r--r-- 1 cristian cristian      39 may 17 00:47 classic_p0_soft_c50_005_pqc_client_2_summary.txt
-rw-r--r-- 1 cristian cristian    2408 may 17 00:47 classic_p0_soft_c50_005_pqc_client_3_client_err.txt
-rw-r--r-- 1 cristian cristian       0 may 17 00:47 classic_p0_soft_c50_005_pqc_client_3_client.txt
-rw-r--r-- 1 cristian cristian      39 may 17 00:47 classic_p0_soft_c50_005_pqc_client_3_summary.txt
-rw-r--r-- 1 cristian cristian    2408 may 17 00:47 classic_p0_soft_c50_005_pqc_client_4_client_err.txt
-rw-r--r-- 1 cristian cristian       0 may 17 00:47 classic_p0_soft_c50_005_pqc_client_4_client.txt
-rw-r--r-- 1 cristian cristian      39 may 17 00:47 classic_p0_soft_c50_005_pqc_client_4_summary.txt
-rw-r--r-- 1 cristian cristian    2408 may 17 00:47 classic_p0_soft_c50_005_pqc_client_5_client_err.txt
-rw-r--r-- 1 cristian cristian       0 may 17 00:47 classic_p0_soft_c50_005_pqc_client_5_client.txt
-rw-r--r-- 1 cristian cristian      39 may 17 00:47 classic_p0_soft_c50_005_pqc_client_5_summary.txt
-rw-r--r-- 1 cristian cristian    2408 may 17 00:47 classic_p0_soft_c50_005_pqc_client_6_client_err.txt
-rw-r--r-- 1 cristian cristian       0 may 17 00:47 classic_p0_soft_c50_005_pqc_client_6_client.txt
-rw-r--r-- 1 cristian cristian      39 may 17 00:47 classic_p0_soft_c50_005_pqc_client_6_summary.txt
-rw-r--r-- 1 cristian cristian    2709 may 17 00:47 classic_p0_soft_c50_005_pqc_client_client_err.txt
-rw-r--r-- 1 cristian cristian       0 may 17 00:47 classic_p0_soft_c50_005_pqc_client_client.txt
-rw-r--r-- 1 cristian cristian      37 may 17 00:47 classic_p0_soft_c50_005_pqc_client_summary.txt
-rw-r--r-- 1 cristian cristian     750 may 15 18:57 classic_p0_soft_c50_005_resource_summary.txt
=== resumen por cliente ===
[*] Perfil poisson_jitter: llegadas no sincronizadas con Poisson+jitter
[*] pqc_client <= plan: 1:0.079668 7:0.079668 13:0.079668 19:0.079668 25:0.079668 31:0.079668 37:0.079668 43:0.079668 49:0.079668
[*] pqc_client_2 <= plan: 2:0.079668 8:0.079668 14:0.079668 20:0.079668 26:0.079668 32:0.079668 38:0.079668 44:0.079668 50:0.079668
[*] pqc_client_3 <= plan: 3:0.079668 9:0.079668 15:0.079668 21:0.079668 27:0.079668 33:0.079668 39:0.079668 45:0.079668
[*] pqc_client_4 <= plan: 4:0.079668 10:0.079668 16:0.079668 22:0.079668 28:0.079668 34:0.079668 40:0.079668 46:0.079668
[*] pqc_client_5 <= plan: 5:0.079668 11:0.079668 17:0.079668 23:0.079668 29:0.079668 35:0.079668 41:0.079668 47:0.079668
[*] pqc_client_6 <= plan: 6:0.079668 12:0.079668 18:0.079668 24:0.079668 30:0.079668 36:0.079668 42:0.079668 48:0.079668
client=pqc_client total=9 ok=9 err=0
client=pqc_client_2 total=9 ok=9 err=0
client=pqc_client_3 total=8 ok=8 err=0
client=pqc_client_4 total=8 ok=8 err=0
client=pqc_client_5 total=8 ok=8 err=0
client=pqc_client_6 total=8 ok=8 err=0
[*] Resumen guardado en: results/classic_p0_soft_c50_005_resource_summary.txt
RUN_ID: classic_p0_soft_c50_005
CSV: results/classic_p0_soft_c50_005_docker_stats.csv

=== Resumen CPU% y MEM% (avg / max) por contenedor ===
pqc_client_2 -> CPU avg=0.00%, CPU max=0.00%, MEM avg=0.11%, MEM max=0.11%
pqc_client_3 -> CPU avg=0.00%, CPU max=0.00%, MEM avg=0.11%, MEM max=0.11%
pqc_monitor -> CPU avg=0.15%, CPU max=0.38%, MEM avg=0.13%, MEM max=0.13%
pqc_client_4 -> CPU avg=1.02%, CPU max=3.05%, MEM avg=0.10%, MEM max=0.10%
pqc_client_5 -> CPU avg=1.88%, CPU max=5.65%, MEM avg=0.10%, MEM max=0.10%
pqc_server -> CPU avg=1.39%, CPU max=4.18%, MEM avg=0.11%, MEM max=0.11%
pqc_client_6 -> CPU avg=1.77%, CPU max=5.32%, MEM avg=0.15%, MEM max=0.15%
pqc_client -> CPU avg=0.00%, CPU max=0.00%, MEM avg=0.13%, MEM max=0.13%
[2026-05-17 00:47:10] [*] Parando captura en pqc_monitor para classic_p0_soft_c50_005
[*] Métricas TXT guardadas en results/classic_p0_soft_c50_005_metrics.txt
[*] Métricas CSV guardadas en results/classic_p0_soft_c50_005_metrics.csv
[2026-05-17 00:47:35] === RUN END: classic_p0_soft_c50_005 ===

[2026-05-17 00:47:35] === RUN START: classic_p0_stress_c50_001 ===
[2026-05-17 00:47:35] [*] Arrancando captura en pqc_monitor (eth0) para classic_p0_stress_c50_001
[*] Guardando muestras en: results/classic_p0_stress_c50_001_docker_stats.csv
[*] Ejecutando comando medido: bash -lc ./scripts/run_client_once_rafaga.sh classic_p0_stress_c50_001 50; sleep 3
[*] Ráfaga clásica completada: 50 conexiones en 6 clientes (stress)
=== host results ===
-rw-rw-r-- 1 cristian cristian   15050 may 17 00:47 classic_p0_stress_c50_001_client_err.txt
-rw-rw-r-- 1 cristian cristian     690 may 17 00:47 classic_p0_stress_c50_001_client.txt
-rwxr-xr-x 1 cristian cristian      69 may 17 00:47 classic_p0_stress_c50_001_docker_stats.csv
-rwxr-xr-x 1 cristian cristian    1720 may 15 18:57 classic_p0_stress_c50_001_metrics.csv
-rw-r--r-- 1 cristian cristian   29657 may 15 18:57 classic_p0_stress_c50_001_metrics.txt
-rw-r--r-- 1 cristian cristian    2709 may 17 00:47 classic_p0_stress_c50_001_pqc_client_2_client_err.txt
-rw-r--r-- 1 cristian cristian       0 may 17 00:47 classic_p0_stress_c50_001_pqc_client_2_client.txt
-rw-r--r-- 1 cristian cristian      39 may 17 00:47 classic_p0_stress_c50_001_pqc_client_2_summary.txt
-rw-r--r-- 1 cristian cristian    2408 may 17 00:47 classic_p0_stress_c50_001_pqc_client_3_client_err.txt
-rw-r--r-- 1 cristian cristian       0 may 17 00:47 classic_p0_stress_c50_001_pqc_client_3_client.txt
-rw-r--r-- 1 cristian cristian      39 may 17 00:47 classic_p0_stress_c50_001_pqc_client_3_summary.txt
-rw-r--r-- 1 cristian cristian    2408 may 17 00:47 classic_p0_stress_c50_001_pqc_client_4_client_err.txt
-rw-r--r-- 1 cristian cristian       0 may 17 00:47 classic_p0_stress_c50_001_pqc_client_4_client.txt
-rw-r--r-- 1 cristian cristian      39 may 17 00:47 classic_p0_stress_c50_001_pqc_client_4_summary.txt
-rw-r--r-- 1 cristian cristian    2408 may 17 00:47 classic_p0_stress_c50_001_pqc_client_5_client_err.txt
-rw-r--r-- 1 cristian cristian       0 may 17 00:47 classic_p0_stress_c50_001_pqc_client_5_client.txt
-rw-r--r-- 1 cristian cristian      39 may 17 00:47 classic_p0_stress_c50_001_pqc_client_5_summary.txt
-rw-r--r-- 1 cristian cristian    2408 may 17 00:47 classic_p0_stress_c50_001_pqc_client_6_client_err.txt
-rw-r--r-- 1 cristian cristian       0 may 17 00:47 classic_p0_stress_c50_001_pqc_client_6_client.txt
-rw-r--r-- 1 cristian cristian      39 may 17 00:47 classic_p0_stress_c50_001_pqc_client_6_summary.txt
-rw-r--r-- 1 cristian cristian    2709 may 17 00:47 classic_p0_stress_c50_001_pqc_client_client_err.txt
-rw-r--r-- 1 cristian cristian       0 may 17 00:47 classic_p0_stress_c50_001_pqc_client_client.txt
-rw-r--r-- 1 cristian cristian      37 may 17 00:47 classic_p0_stress_c50_001_pqc_client_summary.txt
-rw-r--r-- 1 cristian cristian     742 may 15 18:57 classic_p0_stress_c50_001_resource_summary.txt
=== resumen por cliente ===
[*] Perfil stress: conexiones totalmente paralelas por cliente
[*] pqc_client <= plan: 1:0 7:0 13:0 19:0 25:0 31:0 37:0 43:0 49:0
[*] pqc_client_2 <= plan: 2:0 8:0 14:0 20:0 26:0 32:0 38:0 44:0 50:0
[*] pqc_client_3 <= plan: 3:0 9:0 15:0 21:0 27:0 33:0 39:0 45:0
[*] pqc_client_4 <= plan: 4:0 10:0 16:0 22:0 28:0 34:0 40:0 46:0
[*] pqc_client_5 <= plan: 5:0 11:0 17:0 23:0 29:0 35:0 41:0 47:0
[*] pqc_client_6 <= plan: 6:0 12:0 18:0 24:0 30:0 36:0 42:0 48:0
client=pqc_client total=9 ok=9 err=0
client=pqc_client_2 total=9 ok=9 err=0
client=pqc_client_3 total=8 ok=8 err=0
client=pqc_client_4 total=8 ok=8 err=0
client=pqc_client_5 total=8 ok=8 err=0
client=pqc_client_6 total=8 ok=8 err=0
[*] Resumen guardado en: results/classic_p0_stress_c50_001_resource_summary.txt
RUN_ID: classic_p0_stress_c50_001
CSV: results/classic_p0_stress_c50_001_docker_stats.csv

=== Resumen CPU% y MEM% (avg / max) por contenedor ===
pqc_client_2 -> CPU avg=0.00%, CPU max=0.00%, MEM avg=0.11%, MEM max=0.11%
pqc_client_3 -> CPU avg=0.00%, CPU max=0.00%, MEM avg=0.11%, MEM max=0.11%
pqc_monitor -> CPU avg=0.16%, CPU max=0.41%, MEM avg=0.13%, MEM max=0.13%
pqc_client_4 -> CPU avg=0.00%, CPU max=0.00%, MEM avg=0.10%, MEM max=0.10%
pqc_client_5 -> CPU avg=0.00%, CPU max=0.00%, MEM avg=0.10%, MEM max=0.10%
pqc_server -> CPU avg=0.00%, CPU max=0.00%, MEM avg=0.11%, MEM max=0.11%
pqc_client_6 -> CPU avg=0.00%, CPU max=0.00%, MEM avg=0.15%, MEM max=0.15%
pqc_client -> CPU avg=0.00%, CPU max=0.00%, MEM avg=0.13%, MEM max=0.13%
[2026-05-17 00:47:48] [*] Parando captura en pqc_monitor para classic_p0_stress_c50_001
[*] Métricas TXT guardadas en results/classic_p0_stress_c50_001_metrics.txt
[*] Métricas CSV guardadas en results/classic_p0_stress_c50_001_metrics.csv
[2026-05-17 00:48:13] === RUN END: classic_p0_stress_c50_001 ===

[2026-05-17 00:48:13] === RUN START: classic_p0_stress_c50_002 ===
[2026-05-17 00:48:13] [*] Arrancando captura en pqc_monitor (eth0) para classic_p0_stress_c50_002
[*] Guardando muestras en: results/classic_p0_stress_c50_002_docker_stats.csv
[*] Ejecutando comando medido: bash -lc ./scripts/run_client_once_rafaga.sh classic_p0_stress_c50_002 50; sleep 3
[*] Ráfaga clásica completada: 50 conexiones en 6 clientes (stress)
=== host results ===
-rw-rw-r-- 1 cristian cristian   15050 may 17 00:48 classic_p0_stress_c50_002_client_err.txt
-rw-rw-r-- 1 cristian cristian     690 may 17 00:48 classic_p0_stress_c50_002_client.txt
-rwxr-xr-x 1 cristian cristian      69 may 17 00:48 classic_p0_stress_c50_002_docker_stats.csv
-rwxr-xr-x 1 cristian cristian    1720 may 15 18:58 classic_p0_stress_c50_002_metrics.csv
-rw-r--r-- 1 cristian cristian   29657 may 15 18:58 classic_p0_stress_c50_002_metrics.txt
-rw-r--r-- 1 cristian cristian    2709 may 17 00:48 classic_p0_stress_c50_002_pqc_client_2_client_err.txt
-rw-r--r-- 1 cristian cristian       0 may 17 00:48 classic_p0_stress_c50_002_pqc_client_2_client.txt
-rw-r--r-- 1 cristian cristian      39 may 17 00:48 classic_p0_stress_c50_002_pqc_client_2_summary.txt
-rw-r--r-- 1 cristian cristian    2408 may 17 00:48 classic_p0_stress_c50_002_pqc_client_3_client_err.txt
-rw-r--r-- 1 cristian cristian       0 may 17 00:48 classic_p0_stress_c50_002_pqc_client_3_client.txt
-rw-r--r-- 1 cristian cristian      39 may 17 00:48 classic_p0_stress_c50_002_pqc_client_3_summary.txt
-rw-r--r-- 1 cristian cristian    2408 may 17 00:48 classic_p0_stress_c50_002_pqc_client_4_client_err.txt
-rw-r--r-- 1 cristian cristian       0 may 17 00:48 classic_p0_stress_c50_002_pqc_client_4_client.txt
-rw-r--r-- 1 cristian cristian      39 may 17 00:48 classic_p0_stress_c50_002_pqc_client_4_summary.txt
-rw-r--r-- 1 cristian cristian    2408 may 17 00:48 classic_p0_stress_c50_002_pqc_client_5_client_err.txt
-rw-r--r-- 1 cristian cristian       0 may 17 00:48 classic_p0_stress_c50_002_pqc_client_5_client.txt
-rw-r--r-- 1 cristian cristian      39 may 17 00:48 classic_p0_stress_c50_002_pqc_client_5_summary.txt
-rw-r--r-- 1 cristian cristian    2408 may 17 00:48 classic_p0_stress_c50_002_pqc_client_6_client_err.txt
-rw-r--r-- 1 cristian cristian       0 may 17 00:48 classic_p0_stress_c50_002_pqc_client_6_client.txt
-rw-r--r-- 1 cristian cristian      39 may 17 00:48 classic_p0_stress_c50_002_pqc_client_6_summary.txt
-rw-r--r-- 1 cristian cristian    2709 may 17 00:48 classic_p0_stress_c50_002_pqc_client_client_err.txt
-rw-r--r-- 1 cristian cristian       0 may 17 00:48 classic_p0_stress_c50_002_pqc_client_client.txt
-rw-r--r-- 1 cristian cristian      37 may 17 00:48 classic_p0_stress_c50_002_pqc_client_summary.txt
-rw-r--r-- 1 cristian cristian     742 may 15 18:58 classic_p0_stress_c50_002_resource_summary.txt
=== resumen por cliente ===
[*] Perfil stress: conexiones totalmente paralelas por cliente
[*] pqc_client <= plan: 1:0 7:0 13:0 19:0 25:0 31:0 37:0 43:0 49:0
[*] pqc_client_2 <= plan: 2:0 8:0 14:0 20:0 26:0 32:0 38:0 44:0 50:0
[*] pqc_client_3 <= plan: 3:0 9:0 15:0 21:0 27:0 33:0 39:0 45:0
[*] pqc_client_4 <= plan: 4:0 10:0 16:0 22:0 28:0 34:0 40:0 46:0
[*] pqc_client_5 <= plan: 5:0 11:0 17:0 23:0 29:0 35:0 41:0 47:0
[*] pqc_client_6 <= plan: 6:0 12:0 18:0 24:0 30:0 36:0 42:0 48:0
client=pqc_client total=9 ok=9 err=0
client=pqc_client_2 total=9 ok=9 err=0
client=pqc_client_3 total=8 ok=8 err=0
client=pqc_client_4 total=8 ok=8 err=0
client=pqc_client_5 total=8 ok=8 err=0
client=pqc_client_6 total=8 ok=8 err=0
[*] Resumen guardado en: results/classic_p0_stress_c50_002_resource_summary.txt
RUN_ID: classic_p0_stress_c50_002
CSV: results/classic_p0_stress_c50_002_docker_stats.csv

=== Resumen CPU% y MEM% (avg / max) por contenedor ===
pqc_client_2 -> CPU avg=0.00%, CPU max=0.00%, MEM avg=0.11%, MEM max=0.11%
pqc_client_3 -> CPU avg=0.00%, CPU max=0.00%, MEM avg=0.11%, MEM max=0.11%
pqc_monitor -> CPU avg=0.16%, CPU max=0.38%, MEM avg=0.13%, MEM max=0.13%
pqc_client_4 -> CPU avg=0.00%, CPU max=0.00%, MEM avg=0.10%, MEM max=0.10%
pqc_client_5 -> CPU avg=0.00%, CPU max=0.00%, MEM avg=0.10%, MEM max=0.10%
pqc_server -> CPU avg=0.00%, CPU max=0.00%, MEM avg=0.11%, MEM max=0.11%
pqc_client_6 -> CPU avg=0.00%, CPU max=0.00%, MEM avg=0.15%, MEM max=0.15%
pqc_client -> CPU avg=0.00%, CPU max=0.00%, MEM avg=0.13%, MEM max=0.13%
[2026-05-17 00:48:27] [*] Parando captura en pqc_monitor para classic_p0_stress_c50_002
[*] Métricas TXT guardadas en results/classic_p0_stress_c50_002_metrics.txt
[*] Métricas CSV guardadas en results/classic_p0_stress_c50_002_metrics.csv
[2026-05-17 00:48:51] === RUN END: classic_p0_stress_c50_002 ===

[2026-05-17 00:48:51] === RUN START: classic_p0_stress_c50_003 ===
[2026-05-17 00:48:51] [*] Arrancando captura en pqc_monitor (eth0) para classic_p0_stress_c50_003
[*] Guardando muestras en: results/classic_p0_stress_c50_003_docker_stats.csv
[*] Ejecutando comando medido: bash -lc ./scripts/run_client_once_rafaga.sh classic_p0_stress_c50_003 50; sleep 3
[*] Ráfaga clásica completada: 50 conexiones en 6 clientes (stress)
=== host results ===
-rw-rw-r-- 1 cristian cristian   15050 may 17 00:48 classic_p0_stress_c50_003_client_err.txt
-rw-rw-r-- 1 cristian cristian     690 may 17 00:48 classic_p0_stress_c50_003_client.txt
-rwxr-xr-x 1 cristian cristian      69 may 17 00:48 classic_p0_stress_c50_003_docker_stats.csv
-rwxr-xr-x 1 cristian cristian    1718 may 15 18:58 classic_p0_stress_c50_003_metrics.csv
-rw-r--r-- 1 cristian cristian   29650 may 15 18:58 classic_p0_stress_c50_003_metrics.txt
-rw-r--r-- 1 cristian cristian    2709 may 17 00:48 classic_p0_stress_c50_003_pqc_client_2_client_err.txt
-rw-r--r-- 1 cristian cristian       0 may 17 00:48 classic_p0_stress_c50_003_pqc_client_2_client.txt
-rw-r--r-- 1 cristian cristian      39 may 17 00:48 classic_p0_stress_c50_003_pqc_client_2_summary.txt
-rw-r--r-- 1 cristian cristian    2408 may 17 00:48 classic_p0_stress_c50_003_pqc_client_3_client_err.txt
-rw-r--r-- 1 cristian cristian       0 may 17 00:48 classic_p0_stress_c50_003_pqc_client_3_client.txt
-rw-r--r-- 1 cristian cristian      39 may 17 00:48 classic_p0_stress_c50_003_pqc_client_3_summary.txt
-rw-r--r-- 1 cristian cristian    2408 may 17 00:48 classic_p0_stress_c50_003_pqc_client_4_client_err.txt
-rw-r--r-- 1 cristian cristian       0 may 17 00:48 classic_p0_stress_c50_003_pqc_client_4_client.txt
-rw-r--r-- 1 cristian cristian      39 may 17 00:48 classic_p0_stress_c50_003_pqc_client_4_summary.txt
-rw-r--r-- 1 cristian cristian    2408 may 17 00:48 classic_p0_stress_c50_003_pqc_client_5_client_err.txt
-rw-r--r-- 1 cristian cristian       0 may 17 00:48 classic_p0_stress_c50_003_pqc_client_5_client.txt
-rw-r--r-- 1 cristian cristian      39 may 17 00:48 classic_p0_stress_c50_003_pqc_client_5_summary.txt
-rw-r--r-- 1 cristian cristian    2408 may 17 00:48 classic_p0_stress_c50_003_pqc_client_6_client_err.txt
-rw-r--r-- 1 cristian cristian       0 may 17 00:48 classic_p0_stress_c50_003_pqc_client_6_client.txt
-rw-r--r-- 1 cristian cristian      39 may 17 00:48 classic_p0_stress_c50_003_pqc_client_6_summary.txt
-rw-r--r-- 1 cristian cristian    2709 may 17 00:48 classic_p0_stress_c50_003_pqc_client_client_err.txt
-rw-r--r-- 1 cristian cristian       0 may 17 00:48 classic_p0_stress_c50_003_pqc_client_client.txt
-rw-r--r-- 1 cristian cristian      37 may 17 00:48 classic_p0_stress_c50_003_pqc_client_summary.txt
-rw-r--r-- 1 cristian cristian     741 may 15 18:58 classic_p0_stress_c50_003_resource_summary.txt
=== resumen por cliente ===
[*] Perfil stress: conexiones totalmente paralelas por cliente
[*] pqc_client <= plan: 1:0 7:0 13:0 19:0 25:0 31:0 37:0 43:0 49:0
[*] pqc_client_2 <= plan: 2:0 8:0 14:0 20:0 26:0 32:0 38:0 44:0 50:0
[*] pqc_client_3 <= plan: 3:0 9:0 15:0 21:0 27:0 33:0 39:0 45:0
[*] pqc_client_4 <= plan: 4:0 10:0 16:0 22:0 28:0 34:0 40:0 46:0
[*] pqc_client_5 <= plan: 5:0 11:0 17:0 23:0 29:0 35:0 41:0 47:0
[*] pqc_client_6 <= plan: 6:0 12:0 18:0 24:0 30:0 36:0 42:0 48:0
client=pqc_client total=9 ok=9 err=0
client=pqc_client_2 total=9 ok=9 err=0
client=pqc_client_3 total=8 ok=8 err=0
client=pqc_client_4 total=8 ok=8 err=0
client=pqc_client_5 total=8 ok=8 err=0
client=pqc_client_6 total=8 ok=8 err=0
[*] Resumen guardado en: results/classic_p0_stress_c50_003_resource_summary.txt
RUN_ID: classic_p0_stress_c50_003
CSV: results/classic_p0_stress_c50_003_docker_stats.csv

=== Resumen CPU% y MEM% (avg / max) por contenedor ===
pqc_client_2 -> CPU avg=0.00%, CPU max=0.00%, MEM avg=0.11%, MEM max=0.11%
pqc_client_3 -> CPU avg=0.00%, CPU max=0.00%, MEM avg=0.11%, MEM max=0.11%
pqc_monitor -> CPU avg=0.06%, CPU max=0.08%, MEM avg=0.13%, MEM max=0.13%
pqc_client_4 -> CPU avg=0.00%, CPU max=0.00%, MEM avg=0.10%, MEM max=0.10%
pqc_client_5 -> CPU avg=0.00%, CPU max=0.00%, MEM avg=0.10%, MEM max=0.10%
pqc_server -> CPU avg=0.00%, CPU max=0.00%, MEM avg=0.11%, MEM max=0.11%
pqc_client_6 -> CPU avg=0.00%, CPU max=0.00%, MEM avg=0.16%, MEM max=0.16%
pqc_client -> CPU avg=11.23%, CPU max=33.70%, MEM avg=0.14%, MEM max=0.14%
[2026-05-17 00:49:04] [*] Parando captura en pqc_monitor para classic_p0_stress_c50_003
[*] Métricas TXT guardadas en results/classic_p0_stress_c50_003_metrics.txt
[*] Métricas CSV guardadas en results/classic_p0_stress_c50_003_metrics.csv
[2026-05-17 00:49:28] === RUN END: classic_p0_stress_c50_003 ===

[2026-05-17 00:49:28] === RUN START: classic_p0_stress_c50_004 ===
[2026-05-17 00:49:28] [*] Arrancando captura en pqc_monitor (eth0) para classic_p0_stress_c50_004
[*] Guardando muestras en: results/classic_p0_stress_c50_004_docker_stats.csv
[*] Ejecutando comando medido: bash -lc ./scripts/run_client_once_rafaga.sh classic_p0_stress_c50_004 50; sleep 3
[*] Ráfaga clásica completada: 50 conexiones en 6 clientes (stress)
=== host results ===
-rw-rw-r-- 1 cristian cristian   15050 may 17 00:49 classic_p0_stress_c50_004_client_err.txt
-rw-rw-r-- 1 cristian cristian     690 may 17 00:49 classic_p0_stress_c50_004_client.txt
-rwxr-xr-x 1 cristian cristian      69 may 17 00:49 classic_p0_stress_c50_004_docker_stats.csv
-rwxr-xr-x 1 cristian cristian    1713 may 15 18:59 classic_p0_stress_c50_004_metrics.csv
-rw-r--r-- 1 cristian cristian   29631 may 15 18:59 classic_p0_stress_c50_004_metrics.txt
-rw-r--r-- 1 cristian cristian    2709 may 17 00:49 classic_p0_stress_c50_004_pqc_client_2_client_err.txt
-rw-r--r-- 1 cristian cristian       0 may 17 00:49 classic_p0_stress_c50_004_pqc_client_2_client.txt
-rw-r--r-- 1 cristian cristian      39 may 17 00:49 classic_p0_stress_c50_004_pqc_client_2_summary.txt
-rw-r--r-- 1 cristian cristian    2408 may 17 00:49 classic_p0_stress_c50_004_pqc_client_3_client_err.txt
-rw-r--r-- 1 cristian cristian       0 may 17 00:49 classic_p0_stress_c50_004_pqc_client_3_client.txt
-rw-r--r-- 1 cristian cristian      39 may 17 00:49 classic_p0_stress_c50_004_pqc_client_3_summary.txt
-rw-r--r-- 1 cristian cristian    2408 may 17 00:49 classic_p0_stress_c50_004_pqc_client_4_client_err.txt
-rw-r--r-- 1 cristian cristian       0 may 17 00:49 classic_p0_stress_c50_004_pqc_client_4_client.txt
-rw-r--r-- 1 cristian cristian      39 may 17 00:49 classic_p0_stress_c50_004_pqc_client_4_summary.txt
-rw-r--r-- 1 cristian cristian    2408 may 17 00:49 classic_p0_stress_c50_004_pqc_client_5_client_err.txt
-rw-r--r-- 1 cristian cristian       0 may 17 00:49 classic_p0_stress_c50_004_pqc_client_5_client.txt
-rw-r--r-- 1 cristian cristian      39 may 17 00:49 classic_p0_stress_c50_004_pqc_client_5_summary.txt
-rw-r--r-- 1 cristian cristian    2408 may 17 00:49 classic_p0_stress_c50_004_pqc_client_6_client_err.txt
-rw-r--r-- 1 cristian cristian       0 may 17 00:49 classic_p0_stress_c50_004_pqc_client_6_client.txt
-rw-r--r-- 1 cristian cristian      39 may 17 00:49 classic_p0_stress_c50_004_pqc_client_6_summary.txt
-rw-r--r-- 1 cristian cristian    2709 may 17 00:49 classic_p0_stress_c50_004_pqc_client_client_err.txt
-rw-r--r-- 1 cristian cristian       0 may 17 00:49 classic_p0_stress_c50_004_pqc_client_client.txt
-rw-r--r-- 1 cristian cristian      37 may 17 00:49 classic_p0_stress_c50_004_pqc_client_summary.txt
-rw-r--r-- 1 cristian cristian     743 may 15 18:59 classic_p0_stress_c50_004_resource_summary.txt
=== resumen por cliente ===
[*] Perfil stress: conexiones totalmente paralelas por cliente
[*] pqc_client <= plan: 1:0 7:0 13:0 19:0 25:0 31:0 37:0 43:0 49:0
[*] pqc_client_2 <= plan: 2:0 8:0 14:0 20:0 26:0 32:0 38:0 44:0 50:0
[*] pqc_client_3 <= plan: 3:0 9:0 15:0 21:0 27:0 33:0 39:0 45:0
[*] pqc_client_4 <= plan: 4:0 10:0 16:0 22:0 28:0 34:0 40:0 46:0
[*] pqc_client_5 <= plan: 5:0 11:0 17:0 23:0 29:0 35:0 41:0 47:0
[*] pqc_client_6 <= plan: 6:0 12:0 18:0 24:0 30:0 36:0 42:0 48:0
client=pqc_client total=9 ok=9 err=0
client=pqc_client_2 total=9 ok=9 err=0
client=pqc_client_3 total=8 ok=8 err=0
client=pqc_client_4 total=8 ok=8 err=0
client=pqc_client_5 total=8 ok=8 err=0
client=pqc_client_6 total=8 ok=8 err=0
[*] Resumen guardado en: results/classic_p0_stress_c50_004_resource_summary.txt
RUN_ID: classic_p0_stress_c50_004
CSV: results/classic_p0_stress_c50_004_docker_stats.csv

=== Resumen CPU% y MEM% (avg / max) por contenedor ===
pqc_client_2 -> CPU avg=0.00%, CPU max=0.00%, MEM avg=0.11%, MEM max=0.11%
pqc_client_3 -> CPU avg=0.00%, CPU max=0.00%, MEM avg=0.11%, MEM max=0.11%
pqc_monitor -> CPU avg=0.12%, CPU max=0.25%, MEM avg=0.13%, MEM max=0.13%
pqc_client_4 -> CPU avg=0.00%, CPU max=0.00%, MEM avg=0.10%, MEM max=0.10%
pqc_client_5 -> CPU avg=0.00%, CPU max=0.00%, MEM avg=0.10%, MEM max=0.10%
pqc_server -> CPU avg=0.00%, CPU max=0.00%, MEM avg=0.11%, MEM max=0.11%
pqc_client_6 -> CPU avg=0.00%, CPU max=0.00%, MEM avg=0.16%, MEM max=0.16%
pqc_client -> CPU avg=0.00%, CPU max=0.00%, MEM avg=0.14%, MEM max=0.14%
[2026-05-17 00:49:41] [*] Parando captura en pqc_monitor para classic_p0_stress_c50_004
[*] Métricas TXT guardadas en results/classic_p0_stress_c50_004_metrics.txt
[*] Métricas CSV guardadas en results/classic_p0_stress_c50_004_metrics.csv
[2026-05-17 00:50:05] === RUN END: classic_p0_stress_c50_004 ===

[2026-05-17 00:50:05] === RUN START: classic_p0_stress_c50_005 ===
[2026-05-17 00:50:05] [*] Arrancando captura en pqc_monitor (eth0) para classic_p0_stress_c50_005
[*] Guardando muestras en: results/classic_p0_stress_c50_005_docker_stats.csv
[*] Ejecutando comando medido: bash -lc ./scripts/run_client_once_rafaga.sh classic_p0_stress_c50_005 50; sleep 3
[*] Ráfaga clásica completada: 50 conexiones en 6 clientes (stress)
=== host results ===
-rw-rw-r-- 1 cristian cristian   15050 may 17 00:50 classic_p0_stress_c50_005_client_err.txt
-rw-rw-r-- 1 cristian cristian     690 may 17 00:50 classic_p0_stress_c50_005_client.txt
-rwxr-xr-x 1 cristian cristian      69 may 17 00:50 classic_p0_stress_c50_005_docker_stats.csv
-rwxr-xr-x 1 cristian cristian    1721 may 15 18:59 classic_p0_stress_c50_005_metrics.csv
-rw-r--r-- 1 cristian cristian   29660 may 15 18:59 classic_p0_stress_c50_005_metrics.txt
-rw-r--r-- 1 cristian cristian    2709 may 17 00:50 classic_p0_stress_c50_005_pqc_client_2_client_err.txt
-rw-r--r-- 1 cristian cristian       0 may 17 00:50 classic_p0_stress_c50_005_pqc_client_2_client.txt
-rw-r--r-- 1 cristian cristian      39 may 17 00:50 classic_p0_stress_c50_005_pqc_client_2_summary.txt
-rw-r--r-- 1 cristian cristian    2408 may 17 00:50 classic_p0_stress_c50_005_pqc_client_3_client_err.txt
-rw-r--r-- 1 cristian cristian       0 may 17 00:50 classic_p0_stress_c50_005_pqc_client_3_client.txt
-rw-r--r-- 1 cristian cristian      39 may 17 00:50 classic_p0_stress_c50_005_pqc_client_3_summary.txt
-rw-r--r-- 1 cristian cristian    2408 may 17 00:50 classic_p0_stress_c50_005_pqc_client_4_client_err.txt
-rw-r--r-- 1 cristian cristian       0 may 17 00:50 classic_p0_stress_c50_005_pqc_client_4_client.txt
-rw-r--r-- 1 cristian cristian      39 may 17 00:50 classic_p0_stress_c50_005_pqc_client_4_summary.txt
-rw-r--r-- 1 cristian cristian    2408 may 17 00:50 classic_p0_stress_c50_005_pqc_client_5_client_err.txt
-rw-r--r-- 1 cristian cristian       0 may 17 00:50 classic_p0_stress_c50_005_pqc_client_5_client.txt
-rw-r--r-- 1 cristian cristian      39 may 17 00:50 classic_p0_stress_c50_005_pqc_client_5_summary.txt
-rw-r--r-- 1 cristian cristian    2408 may 17 00:50 classic_p0_stress_c50_005_pqc_client_6_client_err.txt
-rw-r--r-- 1 cristian cristian       0 may 17 00:50 classic_p0_stress_c50_005_pqc_client_6_client.txt
-rw-r--r-- 1 cristian cristian      39 may 17 00:50 classic_p0_stress_c50_005_pqc_client_6_summary.txt
-rw-r--r-- 1 cristian cristian    2709 may 17 00:50 classic_p0_stress_c50_005_pqc_client_client_err.txt
-rw-r--r-- 1 cristian cristian       0 may 17 00:50 classic_p0_stress_c50_005_pqc_client_client.txt
-rw-r--r-- 1 cristian cristian      37 may 17 00:50 classic_p0_stress_c50_005_pqc_client_summary.txt
-rw-r--r-- 1 cristian cristian     743 may 15 18:59 classic_p0_stress_c50_005_resource_summary.txt
=== resumen por cliente ===
[*] Perfil stress: conexiones totalmente paralelas por cliente
[*] pqc_client <= plan: 1:0 7:0 13:0 19:0 25:0 31:0 37:0 43:0 49:0
[*] pqc_client_2 <= plan: 2:0 8:0 14:0 20:0 26:0 32:0 38:0 44:0 50:0
[*] pqc_client_3 <= plan: 3:0 9:0 15:0 21:0 27:0 33:0 39:0 45:0
[*] pqc_client_4 <= plan: 4:0 10:0 16:0 22:0 28:0 34:0 40:0 46:0
[*] pqc_client_5 <= plan: 5:0 11:0 17:0 23:0 29:0 35:0 41:0 47:0
[*] pqc_client_6 <= plan: 6:0 12:0 18:0 24:0 30:0 36:0 42:0 48:0
client=pqc_client total=9 ok=9 err=0
client=pqc_client_2 total=9 ok=9 err=0
client=pqc_client_3 total=8 ok=8 err=0
client=pqc_client_4 total=8 ok=8 err=0
client=pqc_client_5 total=8 ok=8 err=0
client=pqc_client_6 total=8 ok=8 err=0
[*] Resumen guardado en: results/classic_p0_stress_c50_005_resource_summary.txt
RUN_ID: classic_p0_stress_c50_005
CSV: results/classic_p0_stress_c50_005_docker_stats.csv

=== Resumen CPU% y MEM% (avg / max) por contenedor ===
pqc_client_2 -> CPU avg=0.00%, CPU max=0.00%, MEM avg=0.11%, MEM max=0.11%
pqc_client_3 -> CPU avg=0.00%, CPU max=0.00%, MEM avg=0.11%, MEM max=0.11%
pqc_monitor -> CPU avg=0.13%, CPU max=0.28%, MEM avg=0.13%, MEM max=0.13%
pqc_client_4 -> CPU avg=0.00%, CPU max=0.00%, MEM avg=0.10%, MEM max=0.10%
pqc_client_5 -> CPU avg=0.00%, CPU max=0.00%, MEM avg=0.10%, MEM max=0.10%
pqc_server -> CPU avg=0.00%, CPU max=0.00%, MEM avg=0.11%, MEM max=0.11%
pqc_client_6 -> CPU avg=0.00%, CPU max=0.00%, MEM avg=0.16%, MEM max=0.16%
pqc_client -> CPU avg=0.00%, CPU max=0.00%, MEM avg=0.14%, MEM max=0.14%
[2026-05-17 00:50:18] [*] Parando captura en pqc_monitor para classic_p0_stress_c50_005
[*] Métricas TXT guardadas en results/classic_p0_stress_c50_005_metrics.txt
[*] Métricas CSV guardadas en results/classic_p0_stress_c50_005_metrics.csv
[2026-05-17 00:50:42] === RUN END: classic_p0_stress_c50_005 ===

[2026-05-17 00:50:42] ---- Aplicando perfil de red P1 ----
[*] Aplicando perfil P1

[*] Estado qdisc en monitor:
qdisc netem 8013: root refcnt 5 limit 1000 delay 15ms
qdisc netem 8014: root refcnt 5 limit 1000 delay 15ms
[2026-05-17 00:50:43] === RUN START: classic_p1_balanced_c50_001 ===
[2026-05-17 00:50:43] [*] Arrancando captura en pqc_monitor (eth0) para classic_p1_balanced_c50_001
[*] Guardando muestras en: results/classic_p1_balanced_c50_001_docker_stats.csv
[*] Ejecutando comando medido: bash -lc ./scripts/run_client_once_rafaga.sh classic_p1_balanced_c50_001 50; sleep 3
[*] Ráfaga clásica completada: 50 conexiones en 6 clientes (poisson_jitter)
=== host results ===
-rw-rw-r-- 1 cristian cristian   15050 may 17 00:50 classic_p1_balanced_c50_001_client_err.txt
-rw-rw-r-- 1 cristian cristian    1049 may 17 00:50 classic_p1_balanced_c50_001_client.txt
-rwxr-xr-x 1 cristian cristian     461 may 17 00:50 classic_p1_balanced_c50_001_docker_stats.csv
-rwxr-xr-x 1 cristian cristian    1726 may 15 19:00 classic_p1_balanced_c50_001_metrics.csv
-rw-r--r-- 1 cristian cristian   29674 may 15 19:00 classic_p1_balanced_c50_001_metrics.txt
-rw-r--r-- 1 cristian cristian    2709 may 17 00:50 classic_p1_balanced_c50_001_pqc_client_2_client_err.txt
-rw-r--r-- 1 cristian cristian       0 may 17 00:50 classic_p1_balanced_c50_001_pqc_client_2_client.txt
-rw-r--r-- 1 cristian cristian      39 may 17 00:50 classic_p1_balanced_c50_001_pqc_client_2_summary.txt
-rw-r--r-- 1 cristian cristian    2408 may 17 00:50 classic_p1_balanced_c50_001_pqc_client_3_client_err.txt
-rw-r--r-- 1 cristian cristian       0 may 17 00:50 classic_p1_balanced_c50_001_pqc_client_3_client.txt
-rw-r--r-- 1 cristian cristian      39 may 17 00:50 classic_p1_balanced_c50_001_pqc_client_3_summary.txt
-rw-r--r-- 1 cristian cristian    2408 may 17 00:50 classic_p1_balanced_c50_001_pqc_client_4_client_err.txt
-rw-r--r-- 1 cristian cristian       0 may 17 00:50 classic_p1_balanced_c50_001_pqc_client_4_client.txt
-rw-r--r-- 1 cristian cristian      39 may 17 00:50 classic_p1_balanced_c50_001_pqc_client_4_summary.txt
-rw-r--r-- 1 cristian cristian    2408 may 17 00:50 classic_p1_balanced_c50_001_pqc_client_5_client_err.txt
-rw-r--r-- 1 cristian cristian       0 may 17 00:50 classic_p1_balanced_c50_001_pqc_client_5_client.txt
-rw-r--r-- 1 cristian cristian      39 may 17 00:50 classic_p1_balanced_c50_001_pqc_client_5_summary.txt
-rw-r--r-- 1 cristian cristian    2408 may 17 00:50 classic_p1_balanced_c50_001_pqc_client_6_client_err.txt
-rw-r--r-- 1 cristian cristian       0 may 17 00:50 classic_p1_balanced_c50_001_pqc_client_6_client.txt
-rw-r--r-- 1 cristian cristian      39 may 17 00:50 classic_p1_balanced_c50_001_pqc_client_6_summary.txt
-rw-r--r-- 1 cristian cristian    2709 may 17 00:50 classic_p1_balanced_c50_001_pqc_client_client_err.txt
-rw-r--r-- 1 cristian cristian       0 may 17 00:50 classic_p1_balanced_c50_001_pqc_client_client.txt
-rw-r--r-- 1 cristian cristian      37 may 17 00:50 classic_p1_balanced_c50_001_pqc_client_summary.txt
-rw-r--r-- 1 cristian cristian     748 may 15 19:00 classic_p1_balanced_c50_001_resource_summary.txt
=== resumen por cliente ===
[*] Perfil poisson_jitter: llegadas no sincronizadas con Poisson+jitter
[*] pqc_client <= plan: 1:0.014531 7:0.014531 13:0.014531 19:0.014531 25:0.014531 31:0.014531 37:0.014531 43:0.030550 49:0.030550
[*] pqc_client_2 <= plan: 2:0.014531 8:0.014531 14:0.014531 20:0.014531 26:0.014531 32:0.014531 38:0.014531 44:0.030550 50:0.030550
[*] pqc_client_3 <= plan: 3:0.014531 9:0.014531 15:0.014531 21:0.014531 27:0.014531 33:0.014531 39:0.030550 45:0.030550
[*] pqc_client_4 <= plan: 4:0.014531 10:0.014531 16:0.014531 22:0.014531 28:0.014531 34:0.014531 40:0.030550 46:0.030550
[*] pqc_client_5 <= plan: 5:0.014531 11:0.014531 17:0.014531 23:0.014531 29:0.014531 35:0.014531 41:0.030550 47:0.030550
[*] pqc_client_6 <= plan: 6:0.014531 12:0.014531 18:0.014531 24:0.014531 30:0.014531 36:0.014531 42:0.030550 48:0.030550
client=pqc_client total=9 ok=9 err=0
client=pqc_client_2 total=9 ok=9 err=0
client=pqc_client_3 total=8 ok=8 err=0
client=pqc_client_4 total=8 ok=8 err=0
client=pqc_client_5 total=8 ok=8 err=0
client=pqc_client_6 total=8 ok=8 err=0
[*] Resumen guardado en: results/classic_p1_balanced_c50_001_resource_summary.txt
RUN_ID: classic_p1_balanced_c50_001
CSV: results/classic_p1_balanced_c50_001_docker_stats.csv

=== Resumen CPU% y MEM% (avg / max) por contenedor ===
pqc_client_2 -> CPU avg=2.04%, CPU max=6.12%, MEM avg=0.11%, MEM max=0.11%
pqc_client_3 -> CPU avg=2.06%, CPU max=6.19%, MEM avg=0.11%, MEM max=0.11%
pqc_monitor -> CPU avg=0.05%, CPU max=0.07%, MEM avg=0.13%, MEM max=0.13%
pqc_client_4 -> CPU avg=0.96%, CPU max=2.88%, MEM avg=0.11%, MEM max=0.14%
pqc_client_5 -> CPU avg=0.00%, CPU max=0.00%, MEM avg=0.16%, MEM max=0.27%
pqc_server -> CPU avg=2.01%, CPU max=6.04%, MEM avg=0.11%, MEM max=0.11%
pqc_client_6 -> CPU avg=0.00%, CPU max=0.00%, MEM avg=0.22%, MEM max=0.33%
pqc_client -> CPU avg=1.41%, CPU max=4.22%, MEM avg=0.14%, MEM max=0.14%
[2026-05-17 00:50:56] [*] Parando captura en pqc_monitor para classic_p1_balanced_c50_001
[*] Métricas TXT guardadas en results/classic_p1_balanced_c50_001_metrics.txt
[*] Métricas CSV guardadas en results/classic_p1_balanced_c50_001_metrics.csv
[2026-05-17 00:51:20] === RUN END: classic_p1_balanced_c50_001 ===

[2026-05-17 00:51:20] === RUN START: classic_p1_balanced_c50_002 ===
[2026-05-17 00:51:20] [*] Arrancando captura en pqc_monitor (eth0) para classic_p1_balanced_c50_002
[*] Guardando muestras en: results/classic_p1_balanced_c50_002_docker_stats.csv
[*] Ejecutando comando medido: bash -lc ./scripts/run_client_once_rafaga.sh classic_p1_balanced_c50_002 50; sleep 3
[*] Ráfaga clásica completada: 50 conexiones en 6 clientes (poisson_jitter)
=== host results ===
-rw-rw-r-- 1 cristian cristian   15050 may 17 00:51 classic_p1_balanced_c50_002_client_err.txt
-rw-rw-r-- 1 cristian cristian    1049 may 17 00:51 classic_p1_balanced_c50_002_client.txt
-rwxr-xr-x 1 cristian cristian     460 may 17 00:51 classic_p1_balanced_c50_002_docker_stats.csv
-rwxr-xr-x 1 cristian cristian    1725 may 15 19:00 classic_p1_balanced_c50_002_metrics.csv
-rw-r--r-- 1 cristian cristian   29672 may 15 19:00 classic_p1_balanced_c50_002_metrics.txt
-rw-r--r-- 1 cristian cristian    2709 may 17 00:51 classic_p1_balanced_c50_002_pqc_client_2_client_err.txt
-rw-r--r-- 1 cristian cristian       0 may 17 00:51 classic_p1_balanced_c50_002_pqc_client_2_client.txt
-rw-r--r-- 1 cristian cristian      39 may 17 00:51 classic_p1_balanced_c50_002_pqc_client_2_summary.txt
-rw-r--r-- 1 cristian cristian    2408 may 17 00:51 classic_p1_balanced_c50_002_pqc_client_3_client_err.txt
-rw-r--r-- 1 cristian cristian       0 may 17 00:51 classic_p1_balanced_c50_002_pqc_client_3_client.txt
-rw-r--r-- 1 cristian cristian      39 may 17 00:51 classic_p1_balanced_c50_002_pqc_client_3_summary.txt
-rw-r--r-- 1 cristian cristian    2408 may 17 00:51 classic_p1_balanced_c50_002_pqc_client_4_client_err.txt
-rw-r--r-- 1 cristian cristian       0 may 17 00:51 classic_p1_balanced_c50_002_pqc_client_4_client.txt
-rw-r--r-- 1 cristian cristian      39 may 17 00:51 classic_p1_balanced_c50_002_pqc_client_4_summary.txt
-rw-r--r-- 1 cristian cristian    2408 may 17 00:51 classic_p1_balanced_c50_002_pqc_client_5_client_err.txt
-rw-r--r-- 1 cristian cristian       0 may 17 00:51 classic_p1_balanced_c50_002_pqc_client_5_client.txt
-rw-r--r-- 1 cristian cristian      39 may 17 00:51 classic_p1_balanced_c50_002_pqc_client_5_summary.txt
-rw-r--r-- 1 cristian cristian    2408 may 17 00:51 classic_p1_balanced_c50_002_pqc_client_6_client_err.txt
-rw-r--r-- 1 cristian cristian       0 may 17 00:51 classic_p1_balanced_c50_002_pqc_client_6_client.txt
-rw-r--r-- 1 cristian cristian      39 may 17 00:51 classic_p1_balanced_c50_002_pqc_client_6_summary.txt
-rw-r--r-- 1 cristian cristian    2709 may 17 00:51 classic_p1_balanced_c50_002_pqc_client_client_err.txt
-rw-r--r-- 1 cristian cristian       0 may 17 00:51 classic_p1_balanced_c50_002_pqc_client_client.txt
-rw-r--r-- 1 cristian cristian      37 may 17 00:51 classic_p1_balanced_c50_002_pqc_client_summary.txt
-rw-r--r-- 1 cristian cristian     747 may 15 19:00 classic_p1_balanced_c50_002_resource_summary.txt
=== resumen por cliente ===
[*] Perfil poisson_jitter: llegadas no sincronizadas con Poisson+jitter
[*] pqc_client <= plan: 1:0.000000 7:0.000000 13:0.000000 19:0.000000 25:0.000000 31:0.000000 37:0.000000 43:0.000000 49:0.016030
[*] pqc_client_2 <= plan: 2:0.000000 8:0.000000 14:0.000000 20:0.000000 26:0.000000 32:0.000000 38:0.000000 44:0.000000 50:0.016030
[*] pqc_client_3 <= plan: 3:0.000000 9:0.000000 15:0.000000 21:0.000000 27:0.000000 33:0.000000 39:0.000000 45:0.000000
[*] pqc_client_4 <= plan: 4:0.000000 10:0.000000 16:0.000000 22:0.000000 28:0.000000 34:0.000000 40:0.000000 46:0.000000
[*] pqc_client_5 <= plan: 5:0.000000 11:0.000000 17:0.000000 23:0.000000 29:0.000000 35:0.000000 41:0.000000 47:0.000000
[*] pqc_client_6 <= plan: 6:0.000000 12:0.000000 18:0.000000 24:0.000000 30:0.000000 36:0.000000 42:0.000000 48:0.016030
client=pqc_client total=9 ok=9 err=0
client=pqc_client_2 total=9 ok=9 err=0
client=pqc_client_3 total=8 ok=8 err=0
client=pqc_client_4 total=8 ok=8 err=0
client=pqc_client_5 total=8 ok=8 err=0
client=pqc_client_6 total=8 ok=8 err=0
[*] Resumen guardado en: results/classic_p1_balanced_c50_002_resource_summary.txt
RUN_ID: classic_p1_balanced_c50_002
CSV: results/classic_p1_balanced_c50_002_docker_stats.csv

=== Resumen CPU% y MEM% (avg / max) por contenedor ===
pqc_client_2 -> CPU avg=2.03%, CPU max=6.08%, MEM avg=0.11%, MEM max=0.11%
pqc_client_3 -> CPU avg=1.79%, CPU max=5.36%, MEM avg=0.11%, MEM max=0.11%
pqc_monitor -> CPU avg=0.09%, CPU max=0.18%, MEM avg=0.13%, MEM max=0.13%
pqc_client_4 -> CPU avg=0.50%, CPU max=1.49%, MEM avg=0.14%, MEM max=0.21%
pqc_client_5 -> CPU avg=1.93%, CPU max=5.80%, MEM avg=0.10%, MEM max=0.10%
pqc_server -> CPU avg=2.15%, CPU max=6.45%, MEM avg=0.11%, MEM max=0.11%
pqc_client_6 -> CPU avg=0.17%, CPU max=0.52%, MEM avg=0.21%, MEM max=0.31%
pqc_client -> CPU avg=0.80%, CPU max=2.41%, MEM avg=0.14%, MEM max=0.14%
[2026-05-17 00:51:33] [*] Parando captura en pqc_monitor para classic_p1_balanced_c50_002
[*] Métricas TXT guardadas en results/classic_p1_balanced_c50_002_metrics.txt
[*] Métricas CSV guardadas en results/classic_p1_balanced_c50_002_metrics.csv
[2026-05-17 00:51:57] === RUN END: classic_p1_balanced_c50_002 ===

[2026-05-17 00:51:57] === RUN START: classic_p1_balanced_c50_003 ===
[2026-05-17 00:51:57] [*] Arrancando captura en pqc_monitor (eth0) para classic_p1_balanced_c50_003
[*] Guardando muestras en: results/classic_p1_balanced_c50_003_docker_stats.csv
[*] Ejecutando comando medido: bash -lc ./scripts/run_client_once_rafaga.sh classic_p1_balanced_c50_003 50; sleep 3
[*] Ráfaga clásica completada: 50 conexiones en 6 clientes (poisson_jitter)
=== host results ===
-rw-rw-r-- 1 cristian cristian   15050 may 17 00:52 classic_p1_balanced_c50_003_client_err.txt
-rw-rw-r-- 1 cristian cristian    1049 may 17 00:52 classic_p1_balanced_c50_003_client.txt
-rwxr-xr-x 1 cristian cristian     555 may 17 00:52 classic_p1_balanced_c50_003_docker_stats.csv
-rwxr-xr-x 1 cristian cristian    1726 may 15 19:01 classic_p1_balanced_c50_003_metrics.csv
-rw-r--r-- 1 cristian cristian   29673 may 15 19:01 classic_p1_balanced_c50_003_metrics.txt
-rw-r--r-- 1 cristian cristian    2709 may 17 00:52 classic_p1_balanced_c50_003_pqc_client_2_client_err.txt
-rw-r--r-- 1 cristian cristian       0 may 17 00:52 classic_p1_balanced_c50_003_pqc_client_2_client.txt
-rw-r--r-- 1 cristian cristian      39 may 17 00:52 classic_p1_balanced_c50_003_pqc_client_2_summary.txt
-rw-r--r-- 1 cristian cristian    2408 may 17 00:52 classic_p1_balanced_c50_003_pqc_client_3_client_err.txt
-rw-r--r-- 1 cristian cristian       0 may 17 00:52 classic_p1_balanced_c50_003_pqc_client_3_client.txt
-rw-r--r-- 1 cristian cristian      39 may 17 00:52 classic_p1_balanced_c50_003_pqc_client_3_summary.txt
-rw-r--r-- 1 cristian cristian    2408 may 17 00:52 classic_p1_balanced_c50_003_pqc_client_4_client_err.txt
-rw-r--r-- 1 cristian cristian       0 may 17 00:52 classic_p1_balanced_c50_003_pqc_client_4_client.txt
-rw-r--r-- 1 cristian cristian      39 may 17 00:52 classic_p1_balanced_c50_003_pqc_client_4_summary.txt
-rw-r--r-- 1 cristian cristian    2408 may 17 00:52 classic_p1_balanced_c50_003_pqc_client_5_client_err.txt
-rw-r--r-- 1 cristian cristian       0 may 17 00:52 classic_p1_balanced_c50_003_pqc_client_5_client.txt
-rw-r--r-- 1 cristian cristian      39 may 17 00:52 classic_p1_balanced_c50_003_pqc_client_5_summary.txt
-rw-r--r-- 1 cristian cristian    2408 may 17 00:52 classic_p1_balanced_c50_003_pqc_client_6_client_err.txt
-rw-r--r-- 1 cristian cristian       0 may 17 00:52 classic_p1_balanced_c50_003_pqc_client_6_client.txt
-rw-r--r-- 1 cristian cristian      39 may 17 00:52 classic_p1_balanced_c50_003_pqc_client_6_summary.txt
-rw-r--r-- 1 cristian cristian    2709 may 17 00:52 classic_p1_balanced_c50_003_pqc_client_client_err.txt
-rw-r--r-- 1 cristian cristian       0 may 17 00:52 classic_p1_balanced_c50_003_pqc_client_client.txt
-rw-r--r-- 1 cristian cristian      37 may 17 00:52 classic_p1_balanced_c50_003_pqc_client_summary.txt
-rw-r--r-- 1 cristian cristian     748 may 15 19:01 classic_p1_balanced_c50_003_resource_summary.txt
=== resumen por cliente ===
[*] Perfil poisson_jitter: llegadas no sincronizadas con Poisson+jitter
[*] pqc_client <= plan: 1:0.071524 7:0.071524 13:0.071524 19:0.071524 25:0.071524 31:0.071524 37:0.071524 43:0.071524 49:0.071524
[*] pqc_client_2 <= plan: 2:0.071524 8:0.071524 14:0.071524 20:0.071524 26:0.071524 32:0.071524 38:0.071524 44:0.071524 50:0.071524
[*] pqc_client_3 <= plan: 3:0.071524 9:0.071524 15:0.071524 21:0.071524 27:0.071524 33:0.071524 39:0.071524 45:0.071524
[*] pqc_client_4 <= plan: 4:0.071524 10:0.071524 16:0.071524 22:0.071524 28:0.071524 34:0.071524 40:0.071524 46:0.071524
[*] pqc_client_5 <= plan: 5:0.071524 11:0.071524 17:0.071524 23:0.071524 29:0.071524 35:0.071524 41:0.071524 47:0.071524
[*] pqc_client_6 <= plan: 6:0.071524 12:0.071524 18:0.071524 24:0.071524 30:0.071524 36:0.071524 42:0.071524 48:0.071524
client=pqc_client total=9 ok=9 err=0
client=pqc_client_2 total=9 ok=9 err=0
client=pqc_client_3 total=8 ok=8 err=0
client=pqc_client_4 total=8 ok=8 err=0
client=pqc_client_5 total=8 ok=8 err=0
client=pqc_client_6 total=8 ok=8 err=0
[*] Resumen guardado en: results/classic_p1_balanced_c50_003_resource_summary.txt
RUN_ID: classic_p1_balanced_c50_003
CSV: results/classic_p1_balanced_c50_003_docker_stats.csv

=== Resumen CPU% y MEM% (avg / max) por contenedor ===
pqc_client_2 -> CPU avg=1.61%, CPU max=4.84%, MEM avg=0.11%, MEM max=0.11%
pqc_client_3 -> CPU avg=1.84%, CPU max=5.52%, MEM avg=0.11%, MEM max=0.11%
pqc_monitor -> CPU avg=0.06%, CPU max=0.08%, MEM avg=0.13%, MEM max=0.13%
pqc_client_4 -> CPU avg=0.59%, CPU max=1.78%, MEM avg=0.14%, MEM max=0.23%
pqc_client_5 -> CPU avg=0.70%, CPU max=2.10%, MEM avg=0.13%, MEM max=0.19%
pqc_server -> CPU avg=2.02%, CPU max=6.07%, MEM avg=0.11%, MEM max=0.11%
pqc_client_6 -> CPU avg=0.00%, CPU max=0.00%, MEM avg=0.22%, MEM max=0.33%
pqc_client -> CPU avg=1.76%, CPU max=5.27%, MEM avg=0.14%, MEM max=0.14%
[2026-05-17 00:52:10] [*] Parando captura en pqc_monitor para classic_p1_balanced_c50_003
[*] Métricas TXT guardadas en results/classic_p1_balanced_c50_003_metrics.txt
[*] Métricas CSV guardadas en results/classic_p1_balanced_c50_003_metrics.csv
[2026-05-17 00:52:33] === RUN END: classic_p1_balanced_c50_003 ===

[2026-05-17 00:52:33] === RUN START: classic_p1_balanced_c50_004 ===
[2026-05-17 00:52:33] [*] Arrancando captura en pqc_monitor (eth0) para classic_p1_balanced_c50_004
[*] Guardando muestras en: results/classic_p1_balanced_c50_004_docker_stats.csv
[*] Ejecutando comando medido: bash -lc ./scripts/run_client_once_rafaga.sh classic_p1_balanced_c50_004 50; sleep 3
[*] Ráfaga clásica completada: 50 conexiones en 6 clientes (poisson_jitter)
=== host results ===
-rw-rw-r-- 1 cristian cristian   15050 may 17 00:52 classic_p1_balanced_c50_004_client_err.txt
-rw-rw-r-- 1 cristian cristian    1049 may 17 00:52 classic_p1_balanced_c50_004_client.txt
-rwxr-xr-x 1 cristian cristian     461 may 17 00:52 classic_p1_balanced_c50_004_docker_stats.csv
-rwxr-xr-x 1 cristian cristian    1726 may 15 19:01 classic_p1_balanced_c50_004_metrics.csv
-rw-r--r-- 1 cristian cristian   29672 may 15 19:01 classic_p1_balanced_c50_004_metrics.txt
-rw-r--r-- 1 cristian cristian    2709 may 17 00:52 classic_p1_balanced_c50_004_pqc_client_2_client_err.txt
-rw-r--r-- 1 cristian cristian       0 may 17 00:52 classic_p1_balanced_c50_004_pqc_client_2_client.txt
-rw-r--r-- 1 cristian cristian      39 may 17 00:52 classic_p1_balanced_c50_004_pqc_client_2_summary.txt
-rw-r--r-- 1 cristian cristian    2408 may 17 00:52 classic_p1_balanced_c50_004_pqc_client_3_client_err.txt
-rw-r--r-- 1 cristian cristian       0 may 17 00:52 classic_p1_balanced_c50_004_pqc_client_3_client.txt
-rw-r--r-- 1 cristian cristian      39 may 17 00:52 classic_p1_balanced_c50_004_pqc_client_3_summary.txt
-rw-r--r-- 1 cristian cristian    2408 may 17 00:52 classic_p1_balanced_c50_004_pqc_client_4_client_err.txt
-rw-r--r-- 1 cristian cristian       0 may 17 00:52 classic_p1_balanced_c50_004_pqc_client_4_client.txt
-rw-r--r-- 1 cristian cristian      39 may 17 00:52 classic_p1_balanced_c50_004_pqc_client_4_summary.txt
-rw-r--r-- 1 cristian cristian    2408 may 17 00:52 classic_p1_balanced_c50_004_pqc_client_5_client_err.txt
-rw-r--r-- 1 cristian cristian       0 may 17 00:52 classic_p1_balanced_c50_004_pqc_client_5_client.txt
-rw-r--r-- 1 cristian cristian      39 may 17 00:52 classic_p1_balanced_c50_004_pqc_client_5_summary.txt
-rw-r--r-- 1 cristian cristian    2408 may 17 00:52 classic_p1_balanced_c50_004_pqc_client_6_client_err.txt
-rw-r--r-- 1 cristian cristian       0 may 17 00:52 classic_p1_balanced_c50_004_pqc_client_6_client.txt
-rw-r--r-- 1 cristian cristian      39 may 17 00:52 classic_p1_balanced_c50_004_pqc_client_6_summary.txt
-rw-r--r-- 1 cristian cristian    2709 may 17 00:52 classic_p1_balanced_c50_004_pqc_client_client_err.txt
-rw-r--r-- 1 cristian cristian       0 may 17 00:52 classic_p1_balanced_c50_004_pqc_client_client.txt
-rw-r--r-- 1 cristian cristian      37 may 17 00:52 classic_p1_balanced_c50_004_pqc_client_summary.txt
-rw-r--r-- 1 cristian cristian     747 may 15 19:01 classic_p1_balanced_c50_004_resource_summary.txt
=== resumen por cliente ===
[*] Perfil poisson_jitter: llegadas no sincronizadas con Poisson+jitter
[*] pqc_client <= plan: 1:0.037232 7:0.037232 13:0.037232 19:0.037232 25:0.037232 31:0.037232 37:0.037232 43:0.037232 49:0.037232
[*] pqc_client_2 <= plan: 2:0.037232 8:0.037232 14:0.037232 20:0.037232 26:0.037232 32:0.037232 38:0.037232 44:0.037232 50:0.037232
[*] pqc_client_3 <= plan: 3:0.037232 9:0.037232 15:0.037232 21:0.037232 27:0.037232 33:0.037232 39:0.037232 45:0.037232
[*] pqc_client_4 <= plan: 4:0.037232 10:0.037232 16:0.037232 22:0.037232 28:0.037232 34:0.037232 40:0.037232 46:0.037232
[*] pqc_client_5 <= plan: 5:0.037232 11:0.037232 17:0.037232 23:0.037232 29:0.037232 35:0.037232 41:0.037232 47:0.037232
[*] pqc_client_6 <= plan: 6:0.037232 12:0.037232 18:0.037232 24:0.037232 30:0.037232 36:0.037232 42:0.037232 48:0.037232
client=pqc_client total=9 ok=9 err=0
client=pqc_client_2 total=9 ok=9 err=0
client=pqc_client_3 total=8 ok=8 err=0
client=pqc_client_4 total=8 ok=8 err=0
client=pqc_client_5 total=8 ok=8 err=0
client=pqc_client_6 total=8 ok=8 err=0
[*] Resumen guardado en: results/classic_p1_balanced_c50_004_resource_summary.txt
RUN_ID: classic_p1_balanced_c50_004
CSV: results/classic_p1_balanced_c50_004_docker_stats.csv

=== Resumen CPU% y MEM% (avg / max) por contenedor ===
pqc_client_2 -> CPU avg=1.78%, CPU max=5.35%, MEM avg=0.11%, MEM max=0.11%
pqc_client_3 -> CPU avg=1.81%, CPU max=5.44%, MEM avg=0.11%, MEM max=0.11%
pqc_monitor -> CPU avg=0.05%, CPU max=0.07%, MEM avg=0.13%, MEM max=0.13%
pqc_client_4 -> CPU avg=0.46%, CPU max=1.39%, MEM avg=0.14%, MEM max=0.23%
pqc_client_5 -> CPU avg=1.11%, CPU max=3.34%, MEM avg=0.11%, MEM max=0.13%
pqc_server -> CPU avg=2.39%, CPU max=7.17%, MEM avg=0.11%, MEM max=0.11%
pqc_client_6 -> CPU avg=0.00%, CPU max=0.00%, MEM avg=0.22%, MEM max=0.33%
pqc_client -> CPU avg=0.98%, CPU max=2.93%, MEM avg=0.14%, MEM max=0.14%
[2026-05-17 00:52:46] [*] Parando captura en pqc_monitor para classic_p1_balanced_c50_004
[*] Métricas TXT guardadas en results/classic_p1_balanced_c50_004_metrics.txt
[*] Métricas CSV guardadas en results/classic_p1_balanced_c50_004_metrics.csv
[2026-05-17 00:53:06] === RUN END: classic_p1_balanced_c50_004 ===

[2026-05-17 00:53:06] === RUN START: classic_p1_balanced_c50_005 ===
[2026-05-17 00:53:06] [*] Arrancando captura en pqc_monitor (eth0) para classic_p1_balanced_c50_005
[*] Guardando muestras en: results/classic_p1_balanced_c50_005_docker_stats.csv
[*] Ejecutando comando medido: bash -lc ./scripts/run_client_once_rafaga.sh classic_p1_balanced_c50_005 50; sleep 3
[*] Ráfaga clásica completada: 50 conexiones en 6 clientes (poisson_jitter)
=== host results ===
-rw-rw-r-- 1 cristian cristian   15050 may 17 00:53 classic_p1_balanced_c50_005_client_err.txt
-rw-rw-r-- 1 cristian cristian    1049 may 17 00:53 classic_p1_balanced_c50_005_client.txt
-rwxr-xr-x 1 cristian cristian     364 may 17 00:53 classic_p1_balanced_c50_005_docker_stats.csv
-rwxr-xr-x 1 cristian cristian    1718 may 15 19:02 classic_p1_balanced_c50_005_metrics.csv
-rw-r--r-- 1 cristian cristian   29645 may 15 19:02 classic_p1_balanced_c50_005_metrics.txt
-rw-r--r-- 1 cristian cristian    2709 may 17 00:53 classic_p1_balanced_c50_005_pqc_client_2_client_err.txt
-rw-r--r-- 1 cristian cristian       0 may 17 00:53 classic_p1_balanced_c50_005_pqc_client_2_client.txt
-rw-r--r-- 1 cristian cristian      39 may 17 00:53 classic_p1_balanced_c50_005_pqc_client_2_summary.txt
-rw-r--r-- 1 cristian cristian    2408 may 17 00:53 classic_p1_balanced_c50_005_pqc_client_3_client_err.txt
-rw-r--r-- 1 cristian cristian       0 may 17 00:53 classic_p1_balanced_c50_005_pqc_client_3_client.txt
-rw-r--r-- 1 cristian cristian      39 may 17 00:53 classic_p1_balanced_c50_005_pqc_client_3_summary.txt
-rw-r--r-- 1 cristian cristian    2408 may 17 00:53 classic_p1_balanced_c50_005_pqc_client_4_client_err.txt
-rw-r--r-- 1 cristian cristian       0 may 17 00:53 classic_p1_balanced_c50_005_pqc_client_4_client.txt
-rw-r--r-- 1 cristian cristian      39 may 17 00:53 classic_p1_balanced_c50_005_pqc_client_4_summary.txt
-rw-r--r-- 1 cristian cristian    2408 may 17 00:53 classic_p1_balanced_c50_005_pqc_client_5_client_err.txt
-rw-r--r-- 1 cristian cristian       0 may 17 00:53 classic_p1_balanced_c50_005_pqc_client_5_client.txt
-rw-r--r-- 1 cristian cristian      39 may 17 00:53 classic_p1_balanced_c50_005_pqc_client_5_summary.txt
-rw-r--r-- 1 cristian cristian    2408 may 17 00:53 classic_p1_balanced_c50_005_pqc_client_6_client_err.txt
-rw-r--r-- 1 cristian cristian       0 may 17 00:53 classic_p1_balanced_c50_005_pqc_client_6_client.txt
-rw-r--r-- 1 cristian cristian      39 may 17 00:53 classic_p1_balanced_c50_005_pqc_client_6_summary.txt
-rw-r--r-- 1 cristian cristian    2709 may 17 00:53 classic_p1_balanced_c50_005_pqc_client_client_err.txt
-rw-r--r-- 1 cristian cristian       0 may 17 00:53 classic_p1_balanced_c50_005_pqc_client_client.txt
-rw-r--r-- 1 cristian cristian      37 may 17 00:53 classic_p1_balanced_c50_005_pqc_client_summary.txt
-rw-r--r-- 1 cristian cristian     748 may 15 19:02 classic_p1_balanced_c50_005_resource_summary.txt
=== resumen por cliente ===
[*] Perfil poisson_jitter: llegadas no sincronizadas con Poisson+jitter
[*] pqc_client <= plan: 1:0.113654 7:0.113654 13:0.113654 19:0.113654 25:0.113654 31:0.113654 37:0.113654 43:0.113654 49:0.113654
[*] pqc_client_2 <= plan: 2:0.113654 8:0.113654 14:0.113654 20:0.113654 26:0.113654 32:0.113654 38:0.113654 44:0.113654 50:0.113654
[*] pqc_client_3 <= plan: 3:0.113654 9:0.113654 15:0.113654 21:0.113654 27:0.113654 33:0.113654 39:0.113654 45:0.113654
[*] pqc_client_4 <= plan: 4:0.113654 10:0.113654 16:0.113654 22:0.113654 28:0.113654 34:0.113654 40:0.113654 46:0.113654
[*] pqc_client_5 <= plan: 5:0.113654 11:0.113654 17:0.113654 23:0.113654 29:0.113654 35:0.113654 41:0.113654 47:0.113654
[*] pqc_client_6 <= plan: 6:0.113654 12:0.113654 18:0.113654 24:0.113654 30:0.113654 36:0.113654 42:0.113654 48:0.113654
client=pqc_client total=9 ok=9 err=0
client=pqc_client_2 total=9 ok=9 err=0
client=pqc_client_3 total=8 ok=8 err=0
client=pqc_client_4 total=8 ok=8 err=0
client=pqc_client_5 total=8 ok=8 err=0
client=pqc_client_6 total=8 ok=8 err=0
[*] Resumen guardado en: results/classic_p1_balanced_c50_005_resource_summary.txt
RUN_ID: classic_p1_balanced_c50_005
CSV: results/classic_p1_balanced_c50_005_docker_stats.csv

=== Resumen CPU% y MEM% (avg / max) por contenedor ===
pqc_client_2 -> CPU avg=7.99%, CPU max=23.96%, MEM avg=0.18%, MEM max=0.31%
pqc_client_3 -> CPU avg=1.66%, CPU max=4.99%, MEM avg=0.11%, MEM max=0.11%
pqc_monitor -> CPU avg=0.11%, CPU max=0.22%, MEM avg=0.13%, MEM max=0.13%
pqc_client_4 -> CPU avg=1.67%, CPU max=5.01%, MEM avg=0.10%, MEM max=0.10%
pqc_client_5 -> CPU avg=0.75%, CPU max=2.24%, MEM avg=0.14%, MEM max=0.19%
pqc_server -> CPU avg=2.05%, CPU max=6.14%, MEM avg=0.11%, MEM max=0.11%
pqc_client_6 -> CPU avg=0.00%, CPU max=0.00%, MEM avg=0.22%, MEM max=0.33%
pqc_client -> CPU avg=0.83%, CPU max=2.50%, MEM avg=0.14%, MEM max=0.14%
[2026-05-17 00:53:19] [*] Parando captura en pqc_monitor para classic_p1_balanced_c50_005
[*] Métricas TXT guardadas en results/classic_p1_balanced_c50_005_metrics.txt
[*] Métricas CSV guardadas en results/classic_p1_balanced_c50_005_metrics.csv
[2026-05-17 00:53:38] === RUN END: classic_p1_balanced_c50_005 ===

[2026-05-17 00:53:38] === RUN START: classic_p1_aggressive_c50_001 ===
[2026-05-17 00:53:38] [*] Arrancando captura en pqc_monitor (eth0) para classic_p1_aggressive_c50_001
[*] Guardando muestras en: results/classic_p1_aggressive_c50_001_docker_stats.csv
[*] Ejecutando comando medido: bash -lc ./scripts/run_client_once_rafaga.sh classic_p1_aggressive_c50_001 50; sleep 3
[*] Ráfaga clásica completada: 50 conexiones en 6 clientes (poisson_jitter)
=== host results ===
-rw-rw-r-- 1 cristian cristian   15050 may 17 00:53 classic_p1_aggressive_c50_001_client_err.txt
-rw-rw-r-- 1 cristian cristian    1049 may 17 00:53 classic_p1_aggressive_c50_001_client.txt
-rwxr-xr-x 1 cristian cristian     359 may 17 00:53 classic_p1_aggressive_c50_001_docker_stats.csv
-rwxr-xr-x 1 cristian cristian    1726 may 15 19:02 classic_p1_aggressive_c50_001_metrics.csv
-rw-r--r-- 1 cristian cristian   29685 may 15 19:02 classic_p1_aggressive_c50_001_metrics.txt
-rw-r--r-- 1 cristian cristian    2709 may 17 00:53 classic_p1_aggressive_c50_001_pqc_client_2_client_err.txt
-rw-r--r-- 1 cristian cristian       0 may 17 00:53 classic_p1_aggressive_c50_001_pqc_client_2_client.txt
-rw-r--r-- 1 cristian cristian      39 may 17 00:53 classic_p1_aggressive_c50_001_pqc_client_2_summary.txt
-rw-r--r-- 1 cristian cristian    2408 may 17 00:53 classic_p1_aggressive_c50_001_pqc_client_3_client_err.txt
-rw-r--r-- 1 cristian cristian       0 may 17 00:53 classic_p1_aggressive_c50_001_pqc_client_3_client.txt
-rw-r--r-- 1 cristian cristian      39 may 17 00:53 classic_p1_aggressive_c50_001_pqc_client_3_summary.txt
-rw-r--r-- 1 cristian cristian    2408 may 17 00:53 classic_p1_aggressive_c50_001_pqc_client_4_client_err.txt
-rw-r--r-- 1 cristian cristian       0 may 17 00:53 classic_p1_aggressive_c50_001_pqc_client_4_client.txt
-rw-r--r-- 1 cristian cristian      39 may 17 00:53 classic_p1_aggressive_c50_001_pqc_client_4_summary.txt
-rw-r--r-- 1 cristian cristian    2408 may 17 00:53 classic_p1_aggressive_c50_001_pqc_client_5_client_err.txt
-rw-r--r-- 1 cristian cristian       0 may 17 00:53 classic_p1_aggressive_c50_001_pqc_client_5_client.txt
-rw-r--r-- 1 cristian cristian      39 may 17 00:53 classic_p1_aggressive_c50_001_pqc_client_5_summary.txt
-rw-r--r-- 1 cristian cristian    2408 may 17 00:53 classic_p1_aggressive_c50_001_pqc_client_6_client_err.txt
-rw-r--r-- 1 cristian cristian       0 may 17 00:53 classic_p1_aggressive_c50_001_pqc_client_6_client.txt
-rw-r--r-- 1 cristian cristian      39 may 17 00:53 classic_p1_aggressive_c50_001_pqc_client_6_summary.txt
-rw-r--r-- 1 cristian cristian    2709 may 17 00:53 classic_p1_aggressive_c50_001_pqc_client_client_err.txt
-rw-r--r-- 1 cristian cristian       0 may 17 00:53 classic_p1_aggressive_c50_001_pqc_client_client.txt
-rw-r--r-- 1 cristian cristian      37 may 17 00:53 classic_p1_aggressive_c50_001_pqc_client_summary.txt
-rw-r--r-- 1 cristian cristian     752 may 15 19:02 classic_p1_aggressive_c50_001_resource_summary.txt
=== resumen por cliente ===
[*] Perfil poisson_jitter: llegadas no sincronizadas con Poisson+jitter
[*] pqc_client <= plan: 1:0.000193 7:0.000193 13:0.000193 19:0.000193 25:0.000193 31:0.000193 37:0.000193 43:0.000193 49:0.000193
[*] pqc_client_2 <= plan: 2:0.000193 8:0.000193 14:0.000193 20:0.000193 26:0.000193 32:0.000193 38:0.000193 44:0.000193 50:0.000193
[*] pqc_client_3 <= plan: 3:0.000193 9:0.000193 15:0.000193 21:0.000193 27:0.000193 33:0.000193 39:0.000193 45:0.000193
[*] pqc_client_4 <= plan: 4:0.000193 10:0.000193 16:0.000193 22:0.000193 28:0.000193 34:0.000193 40:0.000193 46:0.000193
[*] pqc_client_5 <= plan: 5:0.000193 11:0.000193 17:0.000193 23:0.000193 29:0.000193 35:0.000193 41:0.000193 47:0.000193
[*] pqc_client_6 <= plan: 6:0.000193 12:0.000193 18:0.000193 24:0.000193 30:0.000193 36:0.000193 42:0.000193 48:0.000193
client=pqc_client total=9 ok=9 err=0
client=pqc_client_2 total=9 ok=9 err=0
client=pqc_client_3 total=8 ok=8 err=0
client=pqc_client_4 total=8 ok=8 err=0
client=pqc_client_5 total=8 ok=8 err=0
client=pqc_client_6 total=8 ok=8 err=0
[*] Resumen guardado en: results/classic_p1_aggressive_c50_001_resource_summary.txt
RUN_ID: classic_p1_aggressive_c50_001
CSV: results/classic_p1_aggressive_c50_001_docker_stats.csv

=== Resumen CPU% y MEM% (avg / max) por contenedor ===
pqc_client_2 -> CPU avg=1.51%, CPU max=4.54%, MEM avg=0.11%, MEM max=0.11%
pqc_client_3 -> CPU avg=1.64%, CPU max=4.93%, MEM avg=0.11%, MEM max=0.11%
pqc_monitor -> CPU avg=0.10%, CPU max=0.20%, MEM avg=0.13%, MEM max=0.13%
pqc_client_4 -> CPU avg=1.69%, CPU max=5.08%, MEM avg=0.10%, MEM max=0.10%
pqc_client_5 -> CPU avg=0.73%, CPU max=2.18%, MEM avg=0.14%, MEM max=0.19%
pqc_server -> CPU avg=2.02%, CPU max=6.05%, MEM avg=0.11%, MEM max=0.11%
pqc_client_6 -> CPU avg=0.00%, CPU max=0.00%, MEM avg=0.22%, MEM max=0.33%
pqc_client -> CPU avg=0.82%, CPU max=2.46%, MEM avg=0.14%, MEM max=0.14%
[2026-05-17 00:53:52] [*] Parando captura en pqc_monitor para classic_p1_aggressive_c50_001
[*] Métricas TXT guardadas en results/classic_p1_aggressive_c50_001_metrics.txt
[*] Métricas CSV guardadas en results/classic_p1_aggressive_c50_001_metrics.csv
[2026-05-17 00:59:39] === RUN END: classic_p1_aggressive_c50_001 ===

[2026-05-17 00:59:39] === RUN START: classic_p1_aggressive_c50_002 ===
[2026-05-17 00:59:39] [*] Arrancando captura en pqc_monitor (eth0) para classic_p1_aggressive_c50_002
[*] Guardando muestras en: results/classic_p1_aggressive_c50_002_docker_stats.csv
[*] Ejecutando comando medido: bash -lc ./scripts/run_client_once_rafaga.sh classic_p1_aggressive_c50_002 50; sleep 3
[*] Ráfaga clásica completada: 50 conexiones en 6 clientes (poisson_jitter)
=== host results ===
-rw-rw-r-- 1 cristian cristian   15050 may 17 00:59 classic_p1_aggressive_c50_002_client_err.txt
-rw-rw-r-- 1 cristian cristian    1049 may 17 00:59 classic_p1_aggressive_c50_002_client.txt
-rwxr-xr-x 1 cristian cristian     356 may 17 00:59 classic_p1_aggressive_c50_002_docker_stats.csv
-rwxr-xr-x 1 cristian cristian    1726 may 15 19:03 classic_p1_aggressive_c50_002_metrics.csv
-rw-r--r-- 1 cristian cristian   29683 may 15 19:03 classic_p1_aggressive_c50_002_metrics.txt
-rw-r--r-- 1 cristian cristian    2709 may 17 00:59 classic_p1_aggressive_c50_002_pqc_client_2_client_err.txt
-rw-r--r-- 1 cristian cristian       0 may 17 00:59 classic_p1_aggressive_c50_002_pqc_client_2_client.txt
-rw-r--r-- 1 cristian cristian      39 may 17 00:59 classic_p1_aggressive_c50_002_pqc_client_2_summary.txt
-rw-r--r-- 1 cristian cristian    2408 may 17 00:59 classic_p1_aggressive_c50_002_pqc_client_3_client_err.txt
-rw-r--r-- 1 cristian cristian       0 may 17 00:59 classic_p1_aggressive_c50_002_pqc_client_3_client.txt
-rw-r--r-- 1 cristian cristian      39 may 17 00:59 classic_p1_aggressive_c50_002_pqc_client_3_summary.txt
-rw-r--r-- 1 cristian cristian    2408 may 17 00:59 classic_p1_aggressive_c50_002_pqc_client_4_client_err.txt
-rw-r--r-- 1 cristian cristian       0 may 17 00:59 classic_p1_aggressive_c50_002_pqc_client_4_client.txt
-rw-r--r-- 1 cristian cristian      39 may 17 00:59 classic_p1_aggressive_c50_002_pqc_client_4_summary.txt
-rw-r--r-- 1 cristian cristian    2408 may 17 00:59 classic_p1_aggressive_c50_002_pqc_client_5_client_err.txt
-rw-r--r-- 1 cristian cristian       0 may 17 00:59 classic_p1_aggressive_c50_002_pqc_client_5_client.txt
-rw-r--r-- 1 cristian cristian      39 may 17 00:59 classic_p1_aggressive_c50_002_pqc_client_5_summary.txt
-rw-r--r-- 1 cristian cristian    2408 may 17 00:59 classic_p1_aggressive_c50_002_pqc_client_6_client_err.txt
-rw-r--r-- 1 cristian cristian       0 may 17 00:59 classic_p1_aggressive_c50_002_pqc_client_6_client.txt
-rw-r--r-- 1 cristian cristian      39 may 17 00:59 classic_p1_aggressive_c50_002_pqc_client_6_summary.txt
-rw-r--r-- 1 cristian cristian    2709 may 17 00:59 classic_p1_aggressive_c50_002_pqc_client_client_err.txt
-rw-r--r-- 1 cristian cristian       0 may 17 00:59 classic_p1_aggressive_c50_002_pqc_client_client.txt
-rw-r--r-- 1 cristian cristian      37 may 17 00:59 classic_p1_aggressive_c50_002_pqc_client_summary.txt
-rw-r--r-- 1 cristian cristian     750 may 15 19:03 classic_p1_aggressive_c50_002_resource_summary.txt
=== resumen por cliente ===
[*] Perfil poisson_jitter: llegadas no sincronizadas con Poisson+jitter
[*] pqc_client <= plan: 1:0.034936 7:0.034936 13:0.034936 19:0.009236 25:0.009236 31:0.009236 37:0.009236 43:0.009236 49:0.009236
[*] pqc_client_2 <= plan: 2:0.034936 8:0.034936 14:0.034936 20:0.009236 26:0.009236 32:0.009236 38:0.009236 44:0.009236 50:0.009236
[*] pqc_client_3 <= plan: 3:0.034936 9:0.034936 15:0.034936 21:0.009236 27:0.009236 33:0.009236 39:0.009236 45:0.009236
[*] pqc_client_4 <= plan: 4:0.034936 10:0.034936 16:0.034936 22:0.009236 28:0.009236 34:0.009236 40:0.009236 46:0.009236
[*] pqc_client_5 <= plan: 5:0.034936 11:0.034936 17:0.009236 23:0.009236 29:0.009236 35:0.009236 41:0.009236 47:0.009236
[*] pqc_client_6 <= plan: 6:0.034936 12:0.034936 18:0.009236 24:0.009236 30:0.009236 36:0.009236 42:0.009236 48:0.009236
client=pqc_client total=9 ok=9 err=0
client=pqc_client_2 total=9 ok=9 err=0
client=pqc_client_3 total=8 ok=8 err=0
client=pqc_client_4 total=8 ok=8 err=0
client=pqc_client_5 total=8 ok=8 err=0
client=pqc_client_6 total=8 ok=8 err=0
[*] Resumen guardado en: results/classic_p1_aggressive_c50_002_resource_summary.txt
RUN_ID: classic_p1_aggressive_c50_002
CSV: results/classic_p1_aggressive_c50_002_docker_stats.csv

=== Resumen CPU% y MEM% (avg / max) por contenedor ===
pqc_client_2 -> CPU avg=1.96%, CPU max=5.87%, MEM avg=0.11%, MEM max=0.11%
pqc_client_3 -> CPU avg=1.59%, CPU max=4.76%, MEM avg=0.11%, MEM max=0.11%
pqc_monitor -> CPU avg=0.11%, CPU max=0.29%, MEM avg=0.13%, MEM max=0.13%
pqc_client_4 -> CPU avg=8.25%, CPU max=24.76%, MEM avg=0.16%, MEM max=0.27%
pqc_client_5 -> CPU avg=0.62%, CPU max=1.87%, MEM avg=0.14%, MEM max=0.19%
pqc_server -> CPU avg=2.31%, CPU max=6.93%, MEM avg=0.11%, MEM max=0.11%
pqc_client_6 -> CPU avg=0.45%, CPU max=1.35%, MEM avg=0.20%, MEM max=0.29%
pqc_client -> CPU avg=0.98%, CPU max=2.93%, MEM avg=0.14%, MEM max=0.14%
[2026-05-17 00:59:52] [*] Parando captura en pqc_monitor para classic_p1_aggressive_c50_002
[*] Métricas TXT guardadas en results/classic_p1_aggressive_c50_002_metrics.txt
[*] Métricas CSV guardadas en results/classic_p1_aggressive_c50_002_metrics.csv
[2026-05-17 01:00:16] === RUN END: classic_p1_aggressive_c50_002 ===

[2026-05-17 01:00:16] === RUN START: classic_p1_aggressive_c50_003 ===
[2026-05-17 01:00:16] [*] Arrancando captura en pqc_monitor (eth0) para classic_p1_aggressive_c50_003
[*] Guardando muestras en: results/classic_p1_aggressive_c50_003_docker_stats.csv
[*] Ejecutando comando medido: bash -lc ./scripts/run_client_once_rafaga.sh classic_p1_aggressive_c50_003 50; sleep 3
[*] Ráfaga clásica completada: 50 conexiones en 6 clientes (poisson_jitter)
=== host results ===
-rw-rw-r-- 1 cristian cristian   15050 may 17 01:00 classic_p1_aggressive_c50_003_client_err.txt
-rw-rw-r-- 1 cristian cristian    1049 may 17 01:00 classic_p1_aggressive_c50_003_client.txt
-rwxr-xr-x 1 cristian cristian     366 may 17 01:00 classic_p1_aggressive_c50_003_docker_stats.csv
-rwxr-xr-x 1 cristian cristian    1726 may 15 19:04 classic_p1_aggressive_c50_003_metrics.csv
-rw-r--r-- 1 cristian cristian   29687 may 15 19:04 classic_p1_aggressive_c50_003_metrics.txt
-rw-r--r-- 1 cristian cristian    2709 may 17 01:00 classic_p1_aggressive_c50_003_pqc_client_2_client_err.txt
-rw-r--r-- 1 cristian cristian       0 may 17 01:00 classic_p1_aggressive_c50_003_pqc_client_2_client.txt
-rw-r--r-- 1 cristian cristian      39 may 17 01:00 classic_p1_aggressive_c50_003_pqc_client_2_summary.txt
-rw-r--r-- 1 cristian cristian    2408 may 17 01:00 classic_p1_aggressive_c50_003_pqc_client_3_client_err.txt
-rw-r--r-- 1 cristian cristian       0 may 17 01:00 classic_p1_aggressive_c50_003_pqc_client_3_client.txt
-rw-r--r-- 1 cristian cristian      39 may 17 01:00 classic_p1_aggressive_c50_003_pqc_client_3_summary.txt
-rw-r--r-- 1 cristian cristian    2408 may 17 01:00 classic_p1_aggressive_c50_003_pqc_client_4_client_err.txt
-rw-r--r-- 1 cristian cristian       0 may 17 01:00 classic_p1_aggressive_c50_003_pqc_client_4_client.txt
-rw-r--r-- 1 cristian cristian      39 may 17 01:00 classic_p1_aggressive_c50_003_pqc_client_4_summary.txt
-rw-r--r-- 1 cristian cristian    2408 may 17 01:00 classic_p1_aggressive_c50_003_pqc_client_5_client_err.txt
-rw-r--r-- 1 cristian cristian       0 may 17 01:00 classic_p1_aggressive_c50_003_pqc_client_5_client.txt
-rw-r--r-- 1 cristian cristian      39 may 17 01:00 classic_p1_aggressive_c50_003_pqc_client_5_summary.txt
-rw-r--r-- 1 cristian cristian    2408 may 17 01:00 classic_p1_aggressive_c50_003_pqc_client_6_client_err.txt
-rw-r--r-- 1 cristian cristian       0 may 17 01:00 classic_p1_aggressive_c50_003_pqc_client_6_client.txt
-rw-r--r-- 1 cristian cristian      39 may 17 01:00 classic_p1_aggressive_c50_003_pqc_client_6_summary.txt
-rw-r--r-- 1 cristian cristian    2709 may 17 01:00 classic_p1_aggressive_c50_003_pqc_client_client_err.txt
-rw-r--r-- 1 cristian cristian       0 may 17 01:00 classic_p1_aggressive_c50_003_pqc_client_client.txt
-rw-r--r-- 1 cristian cristian      37 may 17 01:00 classic_p1_aggressive_c50_003_pqc_client_summary.txt
-rw-r--r-- 1 cristian cristian     754 may 15 19:03 classic_p1_aggressive_c50_003_resource_summary.txt
=== resumen por cliente ===
[*] Perfil poisson_jitter: llegadas no sincronizadas con Poisson+jitter
[*] pqc_client <= plan: 1:0.000000 7:0.000000 13:0.000000 19:0.000000 25:0.000000 31:0.000000 37:0.003274 43:0.003274 49:0.003274
[*] pqc_client_2 <= plan: 2:0.000000 8:0.000000 14:0.000000 20:0.000000 26:0.000000 32:0.000000 38:0.003274 44:0.003274 50:0.003274
[*] pqc_client_3 <= plan: 3:0.000000 9:0.000000 15:0.000000 21:0.000000 27:0.000000 33:0.003274 39:0.003274 45:0.003274
[*] pqc_client_4 <= plan: 4:0.000000 10:0.000000 16:0.000000 22:0.000000 28:0.000000 34:0.003274 40:0.003274 46:0.003274
[*] pqc_client_5 <= plan: 5:0.000000 11:0.000000 17:0.000000 23:0.000000 29:0.000000 35:0.003274 41:0.003274 47:0.003274
[*] pqc_client_6 <= plan: 6:0.000000 12:0.000000 18:0.000000 24:0.000000 30:0.000000 36:0.003274 42:0.003274 48:0.003274
client=pqc_client total=9 ok=9 err=0
client=pqc_client_2 total=9 ok=9 err=0
client=pqc_client_3 total=8 ok=8 err=0
client=pqc_client_4 total=8 ok=8 err=0
client=pqc_client_5 total=8 ok=8 err=0
client=pqc_client_6 total=8 ok=8 err=0
[*] Resumen guardado en: results/classic_p1_aggressive_c50_003_resource_summary.txt
RUN_ID: classic_p1_aggressive_c50_003
CSV: results/classic_p1_aggressive_c50_003_docker_stats.csv

=== Resumen CPU% y MEM% (avg / max) por contenedor ===
pqc_client_2 -> CPU avg=1.24%, CPU max=3.73%, MEM avg=0.11%, MEM max=0.11%
pqc_client_3 -> CPU avg=7.59%, CPU max=22.77%, MEM avg=0.17%, MEM max=0.29%
pqc_monitor -> CPU avg=0.10%, CPU max=0.26%, MEM avg=0.13%, MEM max=0.13%
pqc_client_4 -> CPU avg=0.68%, CPU max=2.05%, MEM avg=0.13%, MEM max=0.19%
pqc_client_5 -> CPU avg=0.72%, CPU max=2.17%, MEM avg=0.14%, MEM max=0.19%
pqc_server -> CPU avg=2.12%, CPU max=6.37%, MEM avg=0.11%, MEM max=0.11%
pqc_client_6 -> CPU avg=0.32%, CPU max=0.96%, MEM avg=0.20%, MEM max=0.29%
pqc_client -> CPU avg=1.49%, CPU max=4.46%, MEM avg=0.14%, MEM max=0.14%
[2026-05-17 01:00:29] [*] Parando captura en pqc_monitor para classic_p1_aggressive_c50_003
[*] Métricas TXT guardadas en results/classic_p1_aggressive_c50_003_metrics.txt
[*] Métricas CSV guardadas en results/classic_p1_aggressive_c50_003_metrics.csv
[2026-05-17 01:00:52] === RUN END: classic_p1_aggressive_c50_003 ===

[2026-05-17 01:00:52] === RUN START: classic_p1_aggressive_c50_004 ===
[2026-05-17 01:00:52] [*] Arrancando captura en pqc_monitor (eth0) para classic_p1_aggressive_c50_004
[*] Guardando muestras en: results/classic_p1_aggressive_c50_004_docker_stats.csv
[*] Ejecutando comando medido: bash -lc ./scripts/run_client_once_rafaga.sh classic_p1_aggressive_c50_004 50; sleep 3
[*] Ráfaga clásica completada: 50 conexiones en 6 clientes (poisson_jitter)
=== host results ===
-rw-rw-r-- 1 cristian cristian   15050 may 17 01:00 classic_p1_aggressive_c50_004_client_err.txt
-rw-rw-r-- 1 cristian cristian    1049 may 17 01:00 classic_p1_aggressive_c50_004_client.txt
-rwxr-xr-x 1 cristian cristian     366 may 17 01:00 classic_p1_aggressive_c50_004_docker_stats.csv
-rwxr-xr-x 1 cristian cristian    1728 may 15 19:04 classic_p1_aggressive_c50_004_metrics.csv
-rw-r--r-- 1 cristian cristian   29689 may 15 19:04 classic_p1_aggressive_c50_004_metrics.txt
-rw-r--r-- 1 cristian cristian    2709 may 17 01:00 classic_p1_aggressive_c50_004_pqc_client_2_client_err.txt
-rw-r--r-- 1 cristian cristian       0 may 17 01:00 classic_p1_aggressive_c50_004_pqc_client_2_client.txt
-rw-r--r-- 1 cristian cristian      39 may 17 01:00 classic_p1_aggressive_c50_004_pqc_client_2_summary.txt
-rw-r--r-- 1 cristian cristian    2408 may 17 01:00 classic_p1_aggressive_c50_004_pqc_client_3_client_err.txt
-rw-r--r-- 1 cristian cristian       0 may 17 01:00 classic_p1_aggressive_c50_004_pqc_client_3_client.txt
-rw-r--r-- 1 cristian cristian      39 may 17 01:00 classic_p1_aggressive_c50_004_pqc_client_3_summary.txt
-rw-r--r-- 1 cristian cristian    2408 may 17 01:00 classic_p1_aggressive_c50_004_pqc_client_4_client_err.txt
-rw-r--r-- 1 cristian cristian       0 may 17 01:00 classic_p1_aggressive_c50_004_pqc_client_4_client.txt
-rw-r--r-- 1 cristian cristian      39 may 17 01:00 classic_p1_aggressive_c50_004_pqc_client_4_summary.txt
-rw-r--r-- 1 cristian cristian    2408 may 17 01:00 classic_p1_aggressive_c50_004_pqc_client_5_client_err.txt
-rw-r--r-- 1 cristian cristian       0 may 17 01:00 classic_p1_aggressive_c50_004_pqc_client_5_client.txt
-rw-r--r-- 1 cristian cristian      39 may 17 01:00 classic_p1_aggressive_c50_004_pqc_client_5_summary.txt
-rw-r--r-- 1 cristian cristian    2408 may 17 01:00 classic_p1_aggressive_c50_004_pqc_client_6_client_err.txt
-rw-r--r-- 1 cristian cristian       0 may 17 01:00 classic_p1_aggressive_c50_004_pqc_client_6_client.txt
-rw-r--r-- 1 cristian cristian      39 may 17 01:00 classic_p1_aggressive_c50_004_pqc_client_6_summary.txt
-rw-r--r-- 1 cristian cristian    2709 may 17 01:00 classic_p1_aggressive_c50_004_pqc_client_client_err.txt
-rw-r--r-- 1 cristian cristian       0 may 17 01:00 classic_p1_aggressive_c50_004_pqc_client_client.txt
-rw-r--r-- 1 cristian cristian      37 may 17 01:00 classic_p1_aggressive_c50_004_pqc_client_summary.txt
-rw-r--r-- 1 cristian cristian     753 may 15 19:04 classic_p1_aggressive_c50_004_resource_summary.txt
=== resumen por cliente ===
[*] Perfil poisson_jitter: llegadas no sincronizadas con Poisson+jitter
[*] pqc_client <= plan: 1:0.034723 7:0.034723 13:0.034723 19:0.034723 25:0.034723 31:0.034723 37:0.034723 43:0.034723 49:0.034723
[*] pqc_client_2 <= plan: 2:0.034723 8:0.034723 14:0.034723 20:0.034723 26:0.034723 32:0.034723 38:0.034723 44:0.034723 50:0.034723
[*] pqc_client_3 <= plan: 3:0.034723 9:0.034723 15:0.034723 21:0.034723 27:0.034723 33:0.034723 39:0.034723 45:0.034723
[*] pqc_client_4 <= plan: 4:0.034723 10:0.034723 16:0.034723 22:0.034723 28:0.034723 34:0.034723 40:0.034723 46:0.034723
[*] pqc_client_5 <= plan: 5:0.034723 11:0.034723 17:0.034723 23:0.034723 29:0.034723 35:0.034723 41:0.034723 47:0.034723
[*] pqc_client_6 <= plan: 6:0.034723 12:0.034723 18:0.034723 24:0.034723 30:0.034723 36:0.034723 42:0.034723 48:0.034723
client=pqc_client total=9 ok=9 err=0
client=pqc_client_2 total=9 ok=9 err=0
client=pqc_client_3 total=8 ok=8 err=0
client=pqc_client_4 total=8 ok=8 err=0
client=pqc_client_5 total=8 ok=8 err=0
client=pqc_client_6 total=8 ok=8 err=0
[*] Resumen guardado en: results/classic_p1_aggressive_c50_004_resource_summary.txt
RUN_ID: classic_p1_aggressive_c50_004
CSV: results/classic_p1_aggressive_c50_004_docker_stats.csv

=== Resumen CPU% y MEM% (avg / max) por contenedor ===
pqc_client_2 -> CPU avg=1.74%, CPU max=5.22%, MEM avg=0.12%, MEM max=0.12%
pqc_client_3 -> CPU avg=1.84%, CPU max=5.51%, MEM avg=0.11%, MEM max=0.11%
pqc_monitor -> CPU avg=0.08%, CPU max=0.16%, MEM avg=0.13%, MEM max=0.13%
pqc_client_4 -> CPU avg=1.82%, CPU max=5.46%, MEM avg=0.10%, MEM max=0.11%
pqc_client_5 -> CPU avg=0.13%, CPU max=0.39%, MEM avg=0.17%, MEM max=0.28%
pqc_server -> CPU avg=2.04%, CPU max=6.11%, MEM avg=0.11%, MEM max=0.11%
pqc_client_6 -> CPU avg=0.00%, CPU max=0.00%, MEM avg=0.22%, MEM max=0.33%
pqc_client -> CPU avg=1.15%, CPU max=3.45%, MEM avg=0.14%, MEM max=0.14%
[2026-05-17 01:01:05] [*] Parando captura en pqc_monitor para classic_p1_aggressive_c50_004
[*] Métricas TXT guardadas en results/classic_p1_aggressive_c50_004_metrics.txt
[*] Métricas CSV guardadas en results/classic_p1_aggressive_c50_004_metrics.csv
[2026-05-17 01:01:29] === RUN END: classic_p1_aggressive_c50_004 ===

[2026-05-17 01:01:29] === RUN START: classic_p1_aggressive_c50_005 ===
[2026-05-17 01:01:29] [*] Arrancando captura en pqc_monitor (eth0) para classic_p1_aggressive_c50_005
[*] Guardando muestras en: results/classic_p1_aggressive_c50_005_docker_stats.csv
[*] Ejecutando comando medido: bash -lc ./scripts/run_client_once_rafaga.sh classic_p1_aggressive_c50_005 50; sleep 3
[*] Ráfaga clásica completada: 50 conexiones en 6 clientes (poisson_jitter)
=== host results ===
-rw-rw-r-- 1 cristian cristian   15050 may 17 01:01 classic_p1_aggressive_c50_005_client_err.txt
-rw-rw-r-- 1 cristian cristian    1049 may 17 01:01 classic_p1_aggressive_c50_005_client.txt
-rwxr-xr-x 1 cristian cristian     366 may 17 01:01 classic_p1_aggressive_c50_005_docker_stats.csv
-rwxr-xr-x 1 cristian cristian    1726 may 15 19:05 classic_p1_aggressive_c50_005_metrics.csv
-rw-r--r-- 1 cristian cristian   29685 may 15 19:05 classic_p1_aggressive_c50_005_metrics.txt
-rw-r--r-- 1 cristian cristian    2709 may 17 01:01 classic_p1_aggressive_c50_005_pqc_client_2_client_err.txt
-rw-r--r-- 1 cristian cristian       0 may 17 01:01 classic_p1_aggressive_c50_005_pqc_client_2_client.txt
-rw-r--r-- 1 cristian cristian      39 may 17 01:01 classic_p1_aggressive_c50_005_pqc_client_2_summary.txt
-rw-r--r-- 1 cristian cristian    2408 may 17 01:01 classic_p1_aggressive_c50_005_pqc_client_3_client_err.txt
-rw-r--r-- 1 cristian cristian       0 may 17 01:01 classic_p1_aggressive_c50_005_pqc_client_3_client.txt
-rw-r--r-- 1 cristian cristian      39 may 17 01:01 classic_p1_aggressive_c50_005_pqc_client_3_summary.txt
-rw-r--r-- 1 cristian cristian    2408 may 17 01:01 classic_p1_aggressive_c50_005_pqc_client_4_client_err.txt
-rw-r--r-- 1 cristian cristian       0 may 17 01:01 classic_p1_aggressive_c50_005_pqc_client_4_client.txt
-rw-r--r-- 1 cristian cristian      39 may 17 01:01 classic_p1_aggressive_c50_005_pqc_client_4_summary.txt
-rw-r--r-- 1 cristian cristian    2408 may 17 01:01 classic_p1_aggressive_c50_005_pqc_client_5_client_err.txt
-rw-r--r-- 1 cristian cristian       0 may 17 01:01 classic_p1_aggressive_c50_005_pqc_client_5_client.txt
-rw-r--r-- 1 cristian cristian      39 may 17 01:01 classic_p1_aggressive_c50_005_pqc_client_5_summary.txt
-rw-r--r-- 1 cristian cristian    2408 may 17 01:01 classic_p1_aggressive_c50_005_pqc_client_6_client_err.txt
-rw-r--r-- 1 cristian cristian       0 may 17 01:01 classic_p1_aggressive_c50_005_pqc_client_6_client.txt
-rw-r--r-- 1 cristian cristian      39 may 17 01:01 classic_p1_aggressive_c50_005_pqc_client_6_summary.txt
-rw-r--r-- 1 cristian cristian    2709 may 17 01:01 classic_p1_aggressive_c50_005_pqc_client_client_err.txt
-rw-r--r-- 1 cristian cristian       0 may 17 01:01 classic_p1_aggressive_c50_005_pqc_client_client.txt
-rw-r--r-- 1 cristian cristian      37 may 17 01:01 classic_p1_aggressive_c50_005_pqc_client_summary.txt
-rw-r--r-- 1 cristian cristian     751 may 15 19:04 classic_p1_aggressive_c50_005_resource_summary.txt
=== resumen por cliente ===
[*] Perfil poisson_jitter: llegadas no sincronizadas con Poisson+jitter
[*] pqc_client <= plan: 1:0.007206 7:0.007206 13:0.007206 19:0.007206 25:0.007206 31:0.007206 37:0.007206 43:0.007206 49:0.007206
[*] pqc_client_2 <= plan: 2:0.007206 8:0.007206 14:0.007206 20:0.007206 26:0.007206 32:0.007206 38:0.007206 44:0.007206 50:0.007206
[*] pqc_client_3 <= plan: 3:0.007206 9:0.007206 15:0.007206 21:0.007206 27:0.007206 33:0.007206 39:0.007206 45:0.007206
[*] pqc_client_4 <= plan: 4:0.007206 10:0.007206 16:0.007206 22:0.007206 28:0.007206 34:0.007206 40:0.007206 46:0.007206
[*] pqc_client_5 <= plan: 5:0.007206 11:0.007206 17:0.007206 23:0.007206 29:0.007206 35:0.007206 41:0.007206 47:0.007206
[*] pqc_client_6 <= plan: 6:0.007206 12:0.007206 18:0.007206 24:0.007206 30:0.007206 36:0.007206 42:0.007206 48:0.007206
client=pqc_client total=9 ok=9 err=0
client=pqc_client_2 total=9 ok=9 err=0
client=pqc_client_3 total=8 ok=8 err=0
client=pqc_client_4 total=8 ok=8 err=0
client=pqc_client_5 total=8 ok=8 err=0
client=pqc_client_6 total=8 ok=8 err=0
[*] Resumen guardado en: results/classic_p1_aggressive_c50_005_resource_summary.txt
RUN_ID: classic_p1_aggressive_c50_005
CSV: results/classic_p1_aggressive_c50_005_docker_stats.csv

=== Resumen CPU% y MEM% (avg / max) por contenedor ===
pqc_client_2 -> CPU avg=1.28%, CPU max=3.85%, MEM avg=0.12%, MEM max=0.12%
pqc_client_3 -> CPU avg=1.65%, CPU max=4.95%, MEM avg=0.12%, MEM max=0.12%
pqc_monitor -> CPU avg=0.07%, CPU max=0.13%, MEM avg=0.13%, MEM max=0.13%
pqc_client_4 -> CPU avg=0.86%, CPU max=2.59%, MEM avg=0.12%, MEM max=0.17%
pqc_client_5 -> CPU avg=1.06%, CPU max=3.18%, MEM avg=0.12%, MEM max=0.15%
pqc_server -> CPU avg=2.21%, CPU max=6.62%, MEM avg=0.11%, MEM max=0.11%
pqc_client_6 -> CPU avg=0.00%, CPU max=0.00%, MEM avg=0.22%, MEM max=0.33%
pqc_client -> CPU avg=1.39%, CPU max=4.18%, MEM avg=0.14%, MEM max=0.14%
[2026-05-17 01:01:42] [*] Parando captura en pqc_monitor para classic_p1_aggressive_c50_005
[*] Métricas TXT guardadas en results/classic_p1_aggressive_c50_005_metrics.txt
[*] Métricas CSV guardadas en results/classic_p1_aggressive_c50_005_metrics.csv
[2026-05-17 01:02:08] === RUN END: classic_p1_aggressive_c50_005 ===

[2026-05-17 01:02:08] === RUN START: classic_p1_soft_c50_001 ===
[2026-05-17 01:02:08] [*] Arrancando captura en pqc_monitor (eth0) para classic_p1_soft_c50_001
[*] Guardando muestras en: results/classic_p1_soft_c50_001_docker_stats.csv
[*] Ejecutando comando medido: bash -lc ./scripts/run_client_once_rafaga.sh classic_p1_soft_c50_001 50; sleep 3
[*] Ráfaga clásica completada: 50 conexiones en 6 clientes (poisson_jitter)
=== host results ===
-rw-rw-r-- 1 cristian cristian   15050 may 17 01:02 classic_p1_soft_c50_001_client_err.txt
-rw-rw-r-- 1 cristian cristian    1049 may 17 01:02 classic_p1_soft_c50_001_client.txt
-rwxr-xr-x 1 cristian cristian     364 may 17 01:02 classic_p1_soft_c50_001_docker_stats.csv
-rwxr-xr-x 1 cristian cristian    1720 may 15 19:05 classic_p1_soft_c50_001_metrics.csv
-rw-r--r-- 1 cristian cristian   29646 may 15 19:05 classic_p1_soft_c50_001_metrics.txt
-rw-r--r-- 1 cristian cristian    2709 may 17 01:02 classic_p1_soft_c50_001_pqc_client_2_client_err.txt
-rw-r--r-- 1 cristian cristian       0 may 17 01:02 classic_p1_soft_c50_001_pqc_client_2_client.txt
-rw-r--r-- 1 cristian cristian      39 may 17 01:02 classic_p1_soft_c50_001_pqc_client_2_summary.txt
-rw-r--r-- 1 cristian cristian    2408 may 17 01:02 classic_p1_soft_c50_001_pqc_client_3_client_err.txt
-rw-r--r-- 1 cristian cristian       0 may 17 01:02 classic_p1_soft_c50_001_pqc_client_3_client.txt
-rw-r--r-- 1 cristian cristian      39 may 17 01:02 classic_p1_soft_c50_001_pqc_client_3_summary.txt
-rw-r--r-- 1 cristian cristian    2408 may 17 01:02 classic_p1_soft_c50_001_pqc_client_4_client_err.txt
-rw-r--r-- 1 cristian cristian       0 may 17 01:02 classic_p1_soft_c50_001_pqc_client_4_client.txt
-rw-r--r-- 1 cristian cristian      39 may 17 01:02 classic_p1_soft_c50_001_pqc_client_4_summary.txt
-rw-r--r-- 1 cristian cristian    2408 may 17 01:02 classic_p1_soft_c50_001_pqc_client_5_client_err.txt
-rw-r--r-- 1 cristian cristian       0 may 17 01:02 classic_p1_soft_c50_001_pqc_client_5_client.txt
-rw-r--r-- 1 cristian cristian      39 may 17 01:02 classic_p1_soft_c50_001_pqc_client_5_summary.txt
-rw-r--r-- 1 cristian cristian    2408 may 17 01:02 classic_p1_soft_c50_001_pqc_client_6_client_err.txt
-rw-r--r-- 1 cristian cristian       0 may 17 01:02 classic_p1_soft_c50_001_pqc_client_6_client.txt
-rw-r--r-- 1 cristian cristian      39 may 17 01:02 classic_p1_soft_c50_001_pqc_client_6_summary.txt
-rw-r--r-- 1 cristian cristian    2709 may 17 01:02 classic_p1_soft_c50_001_pqc_client_client_err.txt
-rw-r--r-- 1 cristian cristian       0 may 17 01:02 classic_p1_soft_c50_001_pqc_client_client.txt
-rw-r--r-- 1 cristian cristian      37 may 17 01:02 classic_p1_soft_c50_001_pqc_client_summary.txt
-rw-r--r-- 1 cristian cristian     742 may 15 19:05 classic_p1_soft_c50_001_resource_summary.txt
=== resumen por cliente ===
[*] Perfil poisson_jitter: llegadas no sincronizadas con Poisson+jitter
[*] pqc_client <= plan: 1:0.000000 7:0.000000 13:0.000000 19:0.000000 25:0.000000 31:0.000000 37:0.000000 43:0.000000 49:0.000000
[*] pqc_client_2 <= plan: 2:0.000000 8:0.000000 14:0.000000 20:0.000000 26:0.000000 32:0.000000 38:0.000000 44:0.000000 50:0.000000
[*] pqc_client_3 <= plan: 3:0.000000 9:0.000000 15:0.000000 21:0.000000 27:0.000000 33:0.000000 39:0.000000 45:0.000000
[*] pqc_client_4 <= plan: 4:0.000000 10:0.000000 16:0.000000 22:0.000000 28:0.000000 34:0.000000 40:0.000000 46:0.000000
[*] pqc_client_5 <= plan: 5:0.000000 11:0.000000 17:0.000000 23:0.000000 29:0.000000 35:0.000000 41:0.000000 47:0.000000
[*] pqc_client_6 <= plan: 6:0.000000 12:0.000000 18:0.000000 24:0.000000 30:0.000000 36:0.000000 42:0.000000 48:0.000000
client=pqc_client total=9 ok=9 err=0
client=pqc_client_2 total=9 ok=9 err=0
client=pqc_client_3 total=8 ok=8 err=0
client=pqc_client_4 total=8 ok=8 err=0
client=pqc_client_5 total=8 ok=8 err=0
client=pqc_client_6 total=8 ok=8 err=0
[*] Resumen guardado en: results/classic_p1_soft_c50_001_resource_summary.txt
RUN_ID: classic_p1_soft_c50_001
CSV: results/classic_p1_soft_c50_001_docker_stats.csv

=== Resumen CPU% y MEM% (avg / max) por contenedor ===
pqc_client_2 -> CPU avg=1.51%, CPU max=4.52%, MEM avg=0.12%, MEM max=0.12%
pqc_client_3 -> CPU avg=1.09%, CPU max=3.28%, MEM avg=0.13%, MEM max=0.16%
pqc_monitor -> CPU avg=0.05%, CPU max=0.06%, MEM avg=0.13%, MEM max=0.13%
pqc_client_4 -> CPU avg=0.97%, CPU max=2.90%, MEM avg=0.12%, MEM max=0.15%
pqc_client_5 -> CPU avg=0.00%, CPU max=0.00%, MEM avg=0.17%, MEM max=0.28%
pqc_server -> CPU avg=2.10%, CPU max=6.29%, MEM avg=0.11%, MEM max=0.11%
pqc_client_6 -> CPU avg=0.98%, CPU max=2.95%, MEM avg=0.18%, MEM max=0.21%
pqc_client -> CPU avg=1.37%, CPU max=4.12%, MEM avg=0.14%, MEM max=0.14%
[2026-05-17 01:02:21] [*] Parando captura en pqc_monitor para classic_p1_soft_c50_001
[*] Métricas TXT guardadas en results/classic_p1_soft_c50_001_metrics.txt
[*] Métricas CSV guardadas en results/classic_p1_soft_c50_001_metrics.csv
[2026-05-17 01:02:45] === RUN END: classic_p1_soft_c50_001 ===

[2026-05-17 01:02:45] === RUN START: classic_p1_soft_c50_002 ===
[2026-05-17 01:02:45] [*] Arrancando captura en pqc_monitor (eth0) para classic_p1_soft_c50_002
[*] Guardando muestras en: results/classic_p1_soft_c50_002_docker_stats.csv
[*] Ejecutando comando medido: bash -lc ./scripts/run_client_once_rafaga.sh classic_p1_soft_c50_002 50; sleep 3
[*] Ráfaga clásica completada: 50 conexiones en 6 clientes (poisson_jitter)
=== host results ===
-rw-rw-r-- 1 cristian cristian   15050 may 17 01:02 classic_p1_soft_c50_002_client_err.txt
-rw-rw-r-- 1 cristian cristian    1049 may 17 01:02 classic_p1_soft_c50_002_client.txt
-rwxr-xr-x 1 cristian cristian     562 may 17 01:02 classic_p1_soft_c50_002_docker_stats.csv
-rwxr-xr-x 1 cristian cristian    1720 may 15 19:06 classic_p1_soft_c50_002_metrics.csv
-rw-r--r-- 1 cristian cristian   29643 may 15 19:06 classic_p1_soft_c50_002_metrics.txt
-rw-r--r-- 1 cristian cristian    2709 may 17 01:02 classic_p1_soft_c50_002_pqc_client_2_client_err.txt
-rw-r--r-- 1 cristian cristian       0 may 17 01:02 classic_p1_soft_c50_002_pqc_client_2_client.txt
-rw-r--r-- 1 cristian cristian      39 may 17 01:02 classic_p1_soft_c50_002_pqc_client_2_summary.txt
-rw-r--r-- 1 cristian cristian    2408 may 17 01:02 classic_p1_soft_c50_002_pqc_client_3_client_err.txt
-rw-r--r-- 1 cristian cristian       0 may 17 01:02 classic_p1_soft_c50_002_pqc_client_3_client.txt
-rw-r--r-- 1 cristian cristian      39 may 17 01:02 classic_p1_soft_c50_002_pqc_client_3_summary.txt
-rw-r--r-- 1 cristian cristian    2408 may 17 01:02 classic_p1_soft_c50_002_pqc_client_4_client_err.txt
-rw-r--r-- 1 cristian cristian       0 may 17 01:02 classic_p1_soft_c50_002_pqc_client_4_client.txt
-rw-r--r-- 1 cristian cristian      39 may 17 01:02 classic_p1_soft_c50_002_pqc_client_4_summary.txt
-rw-r--r-- 1 cristian cristian    2408 may 17 01:02 classic_p1_soft_c50_002_pqc_client_5_client_err.txt
-rw-r--r-- 1 cristian cristian       0 may 17 01:02 classic_p1_soft_c50_002_pqc_client_5_client.txt
-rw-r--r-- 1 cristian cristian      39 may 17 01:02 classic_p1_soft_c50_002_pqc_client_5_summary.txt
-rw-r--r-- 1 cristian cristian    2408 may 17 01:02 classic_p1_soft_c50_002_pqc_client_6_client_err.txt
-rw-r--r-- 1 cristian cristian       0 may 17 01:02 classic_p1_soft_c50_002_pqc_client_6_client.txt
-rw-r--r-- 1 cristian cristian      39 may 17 01:02 classic_p1_soft_c50_002_pqc_client_6_summary.txt
-rw-r--r-- 1 cristian cristian    2709 may 17 01:02 classic_p1_soft_c50_002_pqc_client_client_err.txt
-rw-r--r-- 1 cristian cristian       0 may 17 01:02 classic_p1_soft_c50_002_pqc_client_client.txt
-rw-r--r-- 1 cristian cristian      37 may 17 01:02 classic_p1_soft_c50_002_pqc_client_summary.txt
-rw-r--r-- 1 cristian cristian     740 may 15 19:05 classic_p1_soft_c50_002_resource_summary.txt
=== resumen por cliente ===
[*] Perfil poisson_jitter: llegadas no sincronizadas con Poisson+jitter
[*] pqc_client <= plan: 1:0.019583 7:0.046512 13:0.046512 19:0.046512 25:0.046512 31:0.046512 37:0.046512 43:0.046512 49:0.046512
[*] pqc_client_2 <= plan: 2:0.019583 8:0.046512 14:0.046512 20:0.046512 26:0.046512 32:0.046512 38:0.046512 44:0.046512 50:0.046512
[*] pqc_client_3 <= plan: 3:0.019583 9:0.046512 15:0.046512 21:0.046512 27:0.046512 33:0.046512 39:0.046512 45:0.046512
[*] pqc_client_4 <= plan: 4:0.019583 10:0.046512 16:0.046512 22:0.046512 28:0.046512 34:0.046512 40:0.046512 46:0.046512
[*] pqc_client_5 <= plan: 5:0.019583 11:0.046512 17:0.046512 23:0.046512 29:0.046512 35:0.046512 41:0.046512 47:0.046512
[*] pqc_client_6 <= plan: 6:0.046512 12:0.046512 18:0.046512 24:0.046512 30:0.046512 36:0.046512 42:0.046512 48:0.046512
client=pqc_client total=9 ok=9 err=0
client=pqc_client_2 total=9 ok=9 err=0
client=pqc_client_3 total=8 ok=8 err=0
client=pqc_client_4 total=8 ok=8 err=0
client=pqc_client_5 total=8 ok=8 err=0
client=pqc_client_6 total=8 ok=8 err=0
[*] Resumen guardado en: results/classic_p1_soft_c50_002_resource_summary.txt
RUN_ID: classic_p1_soft_c50_002
CSV: results/classic_p1_soft_c50_002_docker_stats.csv

=== Resumen CPU% y MEM% (avg / max) por contenedor ===
pqc_client_2 -> CPU avg=1.87%, CPU max=5.62%, MEM avg=0.12%, MEM max=0.12%
pqc_client_3 -> CPU avg=1.82%, CPU max=5.46%, MEM avg=0.12%, MEM max=0.12%
pqc_monitor -> CPU avg=0.09%, CPU max=0.20%, MEM avg=0.13%, MEM max=0.13%
pqc_client_4 -> CPU avg=7.16%, CPU max=21.49%, MEM avg=0.17%, MEM max=0.28%
pqc_client_5 -> CPU avg=0.62%, CPU max=1.87%, MEM avg=0.14%, MEM max=0.20%
pqc_server -> CPU avg=1.74%, CPU max=5.21%, MEM avg=0.11%, MEM max=0.11%
pqc_client_6 -> CPU avg=0.00%, CPU max=0.00%, MEM avg=0.22%, MEM max=0.34%
pqc_client -> CPU avg=0.87%, CPU max=2.62%, MEM avg=0.14%, MEM max=0.14%
[2026-05-17 01:02:57] [*] Parando captura en pqc_monitor para classic_p1_soft_c50_002
[*] Métricas TXT guardadas en results/classic_p1_soft_c50_002_metrics.txt
[*] Métricas CSV guardadas en results/classic_p1_soft_c50_002_metrics.csv
[2026-05-17 01:03:21] === RUN END: classic_p1_soft_c50_002 ===

[2026-05-17 01:03:21] === RUN START: classic_p1_soft_c50_003 ===
[2026-05-17 01:03:21] [*] Arrancando captura en pqc_monitor (eth0) para classic_p1_soft_c50_003
[*] Guardando muestras en: results/classic_p1_soft_c50_003_docker_stats.csv
[*] Ejecutando comando medido: bash -lc ./scripts/run_client_once_rafaga.sh classic_p1_soft_c50_003 50; sleep 3
[*] Ráfaga clásica completada: 50 conexiones en 6 clientes (poisson_jitter)
=== host results ===
-rw-rw-r-- 1 cristian cristian   15050 may 17 01:03 classic_p1_soft_c50_003_client_err.txt
-rw-rw-r-- 1 cristian cristian    1049 may 17 01:03 classic_p1_soft_c50_003_client.txt
-rwxr-xr-x 1 cristian cristian     366 may 17 01:03 classic_p1_soft_c50_003_docker_stats.csv
-rwxr-xr-x 1 cristian cristian    1720 may 15 19:06 classic_p1_soft_c50_003_metrics.csv
-rw-r--r-- 1 cristian cristian   29645 may 15 19:06 classic_p1_soft_c50_003_metrics.txt
-rw-r--r-- 1 cristian cristian    2709 may 17 01:03 classic_p1_soft_c50_003_pqc_client_2_client_err.txt
-rw-r--r-- 1 cristian cristian       0 may 17 01:03 classic_p1_soft_c50_003_pqc_client_2_client.txt
-rw-r--r-- 1 cristian cristian      39 may 17 01:03 classic_p1_soft_c50_003_pqc_client_2_summary.txt
-rw-r--r-- 1 cristian cristian    2408 may 17 01:03 classic_p1_soft_c50_003_pqc_client_3_client_err.txt
-rw-r--r-- 1 cristian cristian       0 may 17 01:03 classic_p1_soft_c50_003_pqc_client_3_client.txt
-rw-r--r-- 1 cristian cristian      39 may 17 01:03 classic_p1_soft_c50_003_pqc_client_3_summary.txt
-rw-r--r-- 1 cristian cristian    2408 may 17 01:03 classic_p1_soft_c50_003_pqc_client_4_client_err.txt
-rw-r--r-- 1 cristian cristian       0 may 17 01:03 classic_p1_soft_c50_003_pqc_client_4_client.txt
-rw-r--r-- 1 cristian cristian      39 may 17 01:03 classic_p1_soft_c50_003_pqc_client_4_summary.txt
-rw-r--r-- 1 cristian cristian    2408 may 17 01:03 classic_p1_soft_c50_003_pqc_client_5_client_err.txt
-rw-r--r-- 1 cristian cristian       0 may 17 01:03 classic_p1_soft_c50_003_pqc_client_5_client.txt
-rw-r--r-- 1 cristian cristian      39 may 17 01:03 classic_p1_soft_c50_003_pqc_client_5_summary.txt
-rw-r--r-- 1 cristian cristian    2408 may 17 01:03 classic_p1_soft_c50_003_pqc_client_6_client_err.txt
-rw-r--r-- 1 cristian cristian       0 may 17 01:03 classic_p1_soft_c50_003_pqc_client_6_client.txt
-rw-r--r-- 1 cristian cristian      39 may 17 01:03 classic_p1_soft_c50_003_pqc_client_6_summary.txt
-rw-r--r-- 1 cristian cristian    2709 may 17 01:03 classic_p1_soft_c50_003_pqc_client_client_err.txt
-rw-r--r-- 1 cristian cristian       0 may 17 01:03 classic_p1_soft_c50_003_pqc_client_client.txt
-rw-r--r-- 1 cristian cristian      37 may 17 01:03 classic_p1_soft_c50_003_pqc_client_summary.txt
-rw-r--r-- 1 cristian cristian     742 may 15 19:06 classic_p1_soft_c50_003_resource_summary.txt
=== resumen por cliente ===
[*] Perfil poisson_jitter: llegadas no sincronizadas con Poisson+jitter
[*] pqc_client <= plan: 1:0.027974 7:0.027974 13:0.027974 19:0.027974 25:0.027974 31:0.027974 37:0.027974 43:0.027974 49:0.027974
[*] pqc_client_2 <= plan: 2:0.027974 8:0.027974 14:0.027974 20:0.027974 26:0.027974 32:0.027974 38:0.027974 44:0.027974 50:0.027974
[*] pqc_client_3 <= plan: 3:0.027974 9:0.027974 15:0.027974 21:0.027974 27:0.027974 33:0.027974 39:0.027974 45:0.027974
[*] pqc_client_4 <= plan: 4:0.027974 10:0.027974 16:0.027974 22:0.027974 28:0.027974 34:0.027974 40:0.027974 46:0.027974
[*] pqc_client_5 <= plan: 5:0.027974 11:0.027974 17:0.027974 23:0.027974 29:0.027974 35:0.027974 41:0.027974 47:0.027974
[*] pqc_client_6 <= plan: 6:0.027974 12:0.027974 18:0.027974 24:0.027974 30:0.027974 36:0.027974 42:0.027974 48:0.027974
client=pqc_client total=9 ok=9 err=0
client=pqc_client_2 total=9 ok=9 err=0
client=pqc_client_3 total=8 ok=8 err=0
client=pqc_client_4 total=8 ok=8 err=0
client=pqc_client_5 total=8 ok=8 err=0
client=pqc_client_6 total=8 ok=8 err=0
[*] Resumen guardado en: results/classic_p1_soft_c50_003_resource_summary.txt
RUN_ID: classic_p1_soft_c50_003
CSV: results/classic_p1_soft_c50_003_docker_stats.csv

=== Resumen CPU% y MEM% (avg / max) por contenedor ===
pqc_client_2 -> CPU avg=2.05%, CPU max=6.15%, MEM avg=0.12%, MEM max=0.12%
pqc_client_3 -> CPU avg=1.80%, CPU max=5.40%, MEM avg=0.12%, MEM max=0.12%
pqc_monitor -> CPU avg=0.12%, CPU max=0.25%, MEM avg=0.13%, MEM max=0.13%
pqc_client_4 -> CPU avg=7.47%, CPU max=22.41%, MEM avg=0.17%, MEM max=0.28%
pqc_client_5 -> CPU avg=1.97%, CPU max=5.90%, MEM avg=0.11%, MEM max=0.12%
pqc_server -> CPU avg=1.99%, CPU max=5.98%, MEM avg=0.11%, MEM max=0.11%
pqc_client_6 -> CPU avg=0.00%, CPU max=0.00%, MEM avg=0.22%, MEM max=0.34%
pqc_client -> CPU avg=0.61%, CPU max=1.82%, MEM avg=0.15%, MEM max=0.15%
[2026-05-17 01:03:34] [*] Parando captura en pqc_monitor para classic_p1_soft_c50_003
[*] Métricas TXT guardadas en results/classic_p1_soft_c50_003_metrics.txt
[*] Métricas CSV guardadas en results/classic_p1_soft_c50_003_metrics.csv
[2026-05-17 01:03:58] === RUN END: classic_p1_soft_c50_003 ===

[2026-05-17 01:03:58] === RUN START: classic_p1_soft_c50_004 ===
[2026-05-17 01:03:58] [*] Arrancando captura en pqc_monitor (eth0) para classic_p1_soft_c50_004
[*] Guardando muestras en: results/classic_p1_soft_c50_004_docker_stats.csv
[*] Ejecutando comando medido: bash -lc ./scripts/run_client_once_rafaga.sh classic_p1_soft_c50_004 50; sleep 3
[*] Ráfaga clásica completada: 50 conexiones en 6 clientes (poisson_jitter)
=== host results ===
-rw-rw-r-- 1 cristian cristian   15050 may 17 01:04 classic_p1_soft_c50_004_client_err.txt
-rw-rw-r-- 1 cristian cristian    1049 may 17 01:04 classic_p1_soft_c50_004_client.txt
-rwxr-xr-x 1 cristian cristian     561 may 17 01:04 classic_p1_soft_c50_004_docker_stats.csv
-rwxr-xr-x 1 cristian cristian    1722 may 15 19:07 classic_p1_soft_c50_004_metrics.csv
-rw-r--r-- 1 cristian cristian   29647 may 15 19:07 classic_p1_soft_c50_004_metrics.txt
-rw-r--r-- 1 cristian cristian    2709 may 17 01:04 classic_p1_soft_c50_004_pqc_client_2_client_err.txt
-rw-r--r-- 1 cristian cristian       0 may 17 01:04 classic_p1_soft_c50_004_pqc_client_2_client.txt
-rw-r--r-- 1 cristian cristian      39 may 17 01:04 classic_p1_soft_c50_004_pqc_client_2_summary.txt
-rw-r--r-- 1 cristian cristian    2408 may 17 01:04 classic_p1_soft_c50_004_pqc_client_3_client_err.txt
-rw-r--r-- 1 cristian cristian       0 may 17 01:04 classic_p1_soft_c50_004_pqc_client_3_client.txt
-rw-r--r-- 1 cristian cristian      39 may 17 01:04 classic_p1_soft_c50_004_pqc_client_3_summary.txt
-rw-r--r-- 1 cristian cristian    2408 may 17 01:04 classic_p1_soft_c50_004_pqc_client_4_client_err.txt
-rw-r--r-- 1 cristian cristian       0 may 17 01:04 classic_p1_soft_c50_004_pqc_client_4_client.txt
-rw-r--r-- 1 cristian cristian      39 may 17 01:04 classic_p1_soft_c50_004_pqc_client_4_summary.txt
-rw-r--r-- 1 cristian cristian    2408 may 17 01:04 classic_p1_soft_c50_004_pqc_client_5_client_err.txt
-rw-r--r-- 1 cristian cristian       0 may 17 01:04 classic_p1_soft_c50_004_pqc_client_5_client.txt
-rw-r--r-- 1 cristian cristian      39 may 17 01:04 classic_p1_soft_c50_004_pqc_client_5_summary.txt
-rw-r--r-- 1 cristian cristian    2408 may 17 01:04 classic_p1_soft_c50_004_pqc_client_6_client_err.txt
-rw-r--r-- 1 cristian cristian       0 may 17 01:04 classic_p1_soft_c50_004_pqc_client_6_client.txt
-rw-r--r-- 1 cristian cristian      39 may 17 01:04 classic_p1_soft_c50_004_pqc_client_6_summary.txt
-rw-r--r-- 1 cristian cristian    2709 may 17 01:04 classic_p1_soft_c50_004_pqc_client_client_err.txt
-rw-r--r-- 1 cristian cristian       0 may 17 01:04 classic_p1_soft_c50_004_pqc_client_client.txt
-rw-r--r-- 1 cristian cristian      37 may 17 01:04 classic_p1_soft_c50_004_pqc_client_summary.txt
-rw-r--r-- 1 cristian cristian     742 may 15 19:06 classic_p1_soft_c50_004_resource_summary.txt
=== resumen por cliente ===
[*] Perfil poisson_jitter: llegadas no sincronizadas con Poisson+jitter
[*] pqc_client <= plan: 1:0.388533 7:0.388533 13:0.388533 19:0.388533 25:0.388533 31:0.388533 37:0.388533 43:0.388533 49:0.388533
[*] pqc_client_2 <= plan: 2:0.388533 8:0.388533 14:0.388533 20:0.388533 26:0.388533 32:0.388533 38:0.388533 44:0.388533 50:0.388533
[*] pqc_client_3 <= plan: 3:0.388533 9:0.388533 15:0.388533 21:0.388533 27:0.388533 33:0.388533 39:0.388533 45:0.388533
[*] pqc_client_4 <= plan: 4:0.388533 10:0.388533 16:0.388533 22:0.388533 28:0.388533 34:0.388533 40:0.388533 46:0.388533
[*] pqc_client_5 <= plan: 5:0.388533 11:0.388533 17:0.388533 23:0.388533 29:0.388533 35:0.388533 41:0.388533 47:0.388533
[*] pqc_client_6 <= plan: 6:0.388533 12:0.388533 18:0.388533 24:0.388533 30:0.388533 36:0.388533 42:0.388533 48:0.388533
client=pqc_client total=9 ok=9 err=0
client=pqc_client_2 total=9 ok=9 err=0
client=pqc_client_3 total=8 ok=8 err=0
client=pqc_client_4 total=8 ok=8 err=0
client=pqc_client_5 total=8 ok=8 err=0
client=pqc_client_6 total=8 ok=8 err=0
[*] Resumen guardado en: results/classic_p1_soft_c50_004_resource_summary.txt
RUN_ID: classic_p1_soft_c50_004
CSV: results/classic_p1_soft_c50_004_docker_stats.csv

=== Resumen CPU% y MEM% (avg / max) por contenedor ===
pqc_client_2 -> CPU avg=2.82%, CPU max=8.46%, MEM avg=0.12%, MEM max=0.12%
pqc_client_3 -> CPU avg=5.31%, CPU max=15.93%, MEM avg=0.14%, MEM max=0.18%
pqc_monitor -> CPU avg=0.10%, CPU max=0.20%, MEM avg=0.13%, MEM max=0.13%
pqc_client_4 -> CPU avg=3.85%, CPU max=11.56%, MEM avg=0.12%, MEM max=0.14%
pqc_client_5 -> CPU avg=4.14%, CPU max=12.42%, MEM avg=0.16%, MEM max=0.26%
pqc_server -> CPU avg=2.19%, CPU max=6.58%, MEM avg=0.11%, MEM max=0.11%
pqc_client_6 -> CPU avg=4.10%, CPU max=12.30%, MEM avg=0.22%, MEM max=0.34%
pqc_client -> CPU avg=2.07%, CPU max=6.22%, MEM avg=0.15%, MEM max=0.15%
[2026-05-17 01:04:11] [*] Parando captura en pqc_monitor para classic_p1_soft_c50_004
[*] Métricas TXT guardadas en results/classic_p1_soft_c50_004_metrics.txt
[*] Métricas CSV guardadas en results/classic_p1_soft_c50_004_metrics.csv
[2026-05-17 01:04:35] === RUN END: classic_p1_soft_c50_004 ===

[2026-05-17 01:04:35] === RUN START: classic_p1_soft_c50_005 ===
[2026-05-17 01:04:35] [*] Arrancando captura en pqc_monitor (eth0) para classic_p1_soft_c50_005
[*] Guardando muestras en: results/classic_p1_soft_c50_005_docker_stats.csv
[*] Ejecutando comando medido: bash -lc ./scripts/run_client_once_rafaga.sh classic_p1_soft_c50_005 50; sleep 3
[*] Ráfaga clásica completada: 50 conexiones en 6 clientes (poisson_jitter)
=== host results ===
-rw-rw-r-- 1 cristian cristian   15050 may 17 01:04 classic_p1_soft_c50_005_client_err.txt
-rw-rw-r-- 1 cristian cristian    1049 may 17 01:04 classic_p1_soft_c50_005_client.txt
-rwxr-xr-x 1 cristian cristian     365 may 17 01:04 classic_p1_soft_c50_005_docker_stats.csv
-rwxr-xr-x 1 cristian cristian    1714 may 15 19:07 classic_p1_soft_c50_005_metrics.csv
-rw-r--r-- 1 cristian cristian   29619 may 15 19:07 classic_p1_soft_c50_005_metrics.txt
-rw-r--r-- 1 cristian cristian    2709 may 17 01:04 classic_p1_soft_c50_005_pqc_client_2_client_err.txt
-rw-r--r-- 1 cristian cristian       0 may 17 01:04 classic_p1_soft_c50_005_pqc_client_2_client.txt
-rw-r--r-- 1 cristian cristian      39 may 17 01:04 classic_p1_soft_c50_005_pqc_client_2_summary.txt
-rw-r--r-- 1 cristian cristian    2408 may 17 01:04 classic_p1_soft_c50_005_pqc_client_3_client_err.txt
-rw-r--r-- 1 cristian cristian       0 may 17 01:04 classic_p1_soft_c50_005_pqc_client_3_client.txt
-rw-r--r-- 1 cristian cristian      39 may 17 01:04 classic_p1_soft_c50_005_pqc_client_3_summary.txt
-rw-r--r-- 1 cristian cristian    2408 may 17 01:04 classic_p1_soft_c50_005_pqc_client_4_client_err.txt
-rw-r--r-- 1 cristian cristian       0 may 17 01:04 classic_p1_soft_c50_005_pqc_client_4_client.txt
-rw-r--r-- 1 cristian cristian      39 may 17 01:04 classic_p1_soft_c50_005_pqc_client_4_summary.txt
-rw-r--r-- 1 cristian cristian    2408 may 17 01:04 classic_p1_soft_c50_005_pqc_client_5_client_err.txt
-rw-r--r-- 1 cristian cristian       0 may 17 01:04 classic_p1_soft_c50_005_pqc_client_5_client.txt
-rw-r--r-- 1 cristian cristian      39 may 17 01:04 classic_p1_soft_c50_005_pqc_client_5_summary.txt
-rw-r--r-- 1 cristian cristian    2408 may 17 01:04 classic_p1_soft_c50_005_pqc_client_6_client_err.txt
-rw-r--r-- 1 cristian cristian       0 may 17 01:04 classic_p1_soft_c50_005_pqc_client_6_client.txt
-rw-r--r-- 1 cristian cristian      39 may 17 01:04 classic_p1_soft_c50_005_pqc_client_6_summary.txt
-rw-r--r-- 1 cristian cristian    2709 may 17 01:04 classic_p1_soft_c50_005_pqc_client_client_err.txt
-rw-r--r-- 1 cristian cristian       0 may 17 01:04 classic_p1_soft_c50_005_pqc_client_client.txt
-rw-r--r-- 1 cristian cristian      37 may 17 01:04 classic_p1_soft_c50_005_pqc_client_summary.txt
-rw-r--r-- 1 cristian cristian     741 may 15 19:07 classic_p1_soft_c50_005_resource_summary.txt
=== resumen por cliente ===
[*] Perfil poisson_jitter: llegadas no sincronizadas con Poisson+jitter
[*] pqc_client <= plan: 1:0.066817 7:0.066817 13:0.066817 19:0.066817 25:0.066817 31:0.066817 37:0.066817 43:0.066817 49:0.066817
[*] pqc_client_2 <= plan: 2:0.066817 8:0.066817 14:0.066817 20:0.066817 26:0.066817 32:0.066817 38:0.066817 44:0.066817 50:0.066817
[*] pqc_client_3 <= plan: 3:0.066817 9:0.066817 15:0.066817 21:0.066817 27:0.066817 33:0.066817 39:0.066817 45:0.066817
[*] pqc_client_4 <= plan: 4:0.066817 10:0.066817 16:0.066817 22:0.066817 28:0.066817 34:0.066817 40:0.066817 46:0.066817
[*] pqc_client_5 <= plan: 5:0.066817 11:0.066817 17:0.066817 23:0.066817 29:0.066817 35:0.066817 41:0.066817 47:0.066817
[*] pqc_client_6 <= plan: 6:0.066817 12:0.066817 18:0.066817 24:0.066817 30:0.066817 36:0.066817 42:0.066817 48:0.066817
client=pqc_client total=9 ok=9 err=0
client=pqc_client_2 total=9 ok=9 err=0
client=pqc_client_3 total=8 ok=8 err=0
client=pqc_client_4 total=8 ok=8 err=0
client=pqc_client_5 total=8 ok=8 err=0
client=pqc_client_6 total=8 ok=8 err=0
[*] Resumen guardado en: results/classic_p1_soft_c50_005_resource_summary.txt
RUN_ID: classic_p1_soft_c50_005
CSV: results/classic_p1_soft_c50_005_docker_stats.csv

=== Resumen CPU% y MEM% (avg / max) por contenedor ===
pqc_client_2 -> CPU avg=1.98%, CPU max=5.95%, MEM avg=0.12%, MEM max=0.12%
pqc_client_3 -> CPU avg=0.34%, CPU max=1.02%, MEM avg=0.16%, MEM max=0.25%
pqc_monitor -> CPU avg=0.03%, CPU max=0.06%, MEM avg=0.13%, MEM max=0.13%
pqc_client_4 -> CPU avg=1.80%, CPU max=5.40%, MEM avg=0.11%, MEM max=0.11%
pqc_client_5 -> CPU avg=0.26%, CPU max=0.77%, MEM avg=0.16%, MEM max=0.26%
pqc_server -> CPU avg=2.22%, CPU max=6.66%, MEM avg=0.11%, MEM max=0.11%
pqc_client_6 -> CPU avg=0.86%, CPU max=2.58%, MEM avg=0.19%, MEM max=0.23%
pqc_client -> CPU avg=0.98%, CPU max=2.93%, MEM avg=0.15%, MEM max=0.15%
[2026-05-17 01:04:48] [*] Parando captura en pqc_monitor para classic_p1_soft_c50_005
[*] Métricas TXT guardadas en results/classic_p1_soft_c50_005_metrics.txt
[*] Métricas CSV guardadas en results/classic_p1_soft_c50_005_metrics.csv
[2026-05-17 01:05:12] === RUN END: classic_p1_soft_c50_005 ===

[2026-05-17 01:05:12] === RUN START: classic_p1_stress_c50_001 ===
[2026-05-17 01:05:12] [*] Arrancando captura en pqc_monitor (eth0) para classic_p1_stress_c50_001
[*] Guardando muestras en: results/classic_p1_stress_c50_001_docker_stats.csv
[*] Ejecutando comando medido: bash -lc ./scripts/run_client_once_rafaga.sh classic_p1_stress_c50_001 50; sleep 3
[*] Ráfaga clásica completada: 50 conexiones en 6 clientes (stress)
=== host results ===
-rw-rw-r-- 1 cristian cristian   15050 may 17 01:05 classic_p1_stress_c50_001_client_err.txt
-rw-rw-r-- 1 cristian cristian     690 may 17 01:05 classic_p1_stress_c50_001_client.txt
-rwxr-xr-x 1 cristian cristian     164 may 17 01:05 classic_p1_stress_c50_001_docker_stats.csv
-rwxr-xr-x 1 cristian cristian    1716 may 15 19:08 classic_p1_stress_c50_001_metrics.csv
-rw-r--r-- 1 cristian cristian   29632 may 15 19:08 classic_p1_stress_c50_001_metrics.txt
-rw-r--r-- 1 cristian cristian    2709 may 17 01:05 classic_p1_stress_c50_001_pqc_client_2_client_err.txt
-rw-r--r-- 1 cristian cristian       0 may 17 01:05 classic_p1_stress_c50_001_pqc_client_2_client.txt
-rw-r--r-- 1 cristian cristian      39 may 17 01:05 classic_p1_stress_c50_001_pqc_client_2_summary.txt
-rw-r--r-- 1 cristian cristian    2408 may 17 01:05 classic_p1_stress_c50_001_pqc_client_3_client_err.txt
-rw-r--r-- 1 cristian cristian       0 may 17 01:05 classic_p1_stress_c50_001_pqc_client_3_client.txt
-rw-r--r-- 1 cristian cristian      39 may 17 01:05 classic_p1_stress_c50_001_pqc_client_3_summary.txt
-rw-r--r-- 1 cristian cristian    2408 may 17 01:05 classic_p1_stress_c50_001_pqc_client_4_client_err.txt
-rw-r--r-- 1 cristian cristian       0 may 17 01:05 classic_p1_stress_c50_001_pqc_client_4_client.txt
-rw-r--r-- 1 cristian cristian      39 may 17 01:05 classic_p1_stress_c50_001_pqc_client_4_summary.txt
-rw-r--r-- 1 cristian cristian    2408 may 17 01:05 classic_p1_stress_c50_001_pqc_client_5_client_err.txt
-rw-r--r-- 1 cristian cristian       0 may 17 01:05 classic_p1_stress_c50_001_pqc_client_5_client.txt
-rw-r--r-- 1 cristian cristian      39 may 17 01:05 classic_p1_stress_c50_001_pqc_client_5_summary.txt
-rw-r--r-- 1 cristian cristian    2408 may 17 01:05 classic_p1_stress_c50_001_pqc_client_6_client_err.txt
-rw-r--r-- 1 cristian cristian       0 may 17 01:05 classic_p1_stress_c50_001_pqc_client_6_client.txt
-rw-r--r-- 1 cristian cristian      39 may 17 01:05 classic_p1_stress_c50_001_pqc_client_6_summary.txt
-rw-r--r-- 1 cristian cristian    2709 may 17 01:05 classic_p1_stress_c50_001_pqc_client_client_err.txt
-rw-r--r-- 1 cristian cristian       0 may 17 01:05 classic_p1_stress_c50_001_pqc_client_client.txt
-rw-r--r-- 1 cristian cristian      37 may 17 01:05 classic_p1_stress_c50_001_pqc_client_summary.txt
-rw-r--r-- 1 cristian cristian     745 may 15 19:07 classic_p1_stress_c50_001_resource_summary.txt
=== resumen por cliente ===
[*] Perfil stress: conexiones totalmente paralelas por cliente
[*] pqc_client <= plan: 1:0 7:0 13:0 19:0 25:0 31:0 37:0 43:0 49:0
[*] pqc_client_2 <= plan: 2:0 8:0 14:0 20:0 26:0 32:0 38:0 44:0 50:0
[*] pqc_client_3 <= plan: 3:0 9:0 15:0 21:0 27:0 33:0 39:0 45:0
[*] pqc_client_4 <= plan: 4:0 10:0 16:0 22:0 28:0 34:0 40:0 46:0
[*] pqc_client_5 <= plan: 5:0 11:0 17:0 23:0 29:0 35:0 41:0 47:0
[*] pqc_client_6 <= plan: 6:0 12:0 18:0 24:0 30:0 36:0 42:0 48:0
client=pqc_client total=9 ok=9 err=0
client=pqc_client_2 total=9 ok=9 err=0
client=pqc_client_3 total=8 ok=8 err=0
client=pqc_client_4 total=8 ok=8 err=0
client=pqc_client_5 total=8 ok=8 err=0
client=pqc_client_6 total=8 ok=8 err=0
[*] Resumen guardado en: results/classic_p1_stress_c50_001_resource_summary.txt
RUN_ID: classic_p1_stress_c50_001
CSV: results/classic_p1_stress_c50_001_docker_stats.csv

=== Resumen CPU% y MEM% (avg / max) por contenedor ===
pqc_client_2 -> CPU avg=1.30%, CPU max=3.90%, MEM avg=0.12%, MEM max=0.12%
pqc_client_3 -> CPU avg=1.73%, CPU max=5.19%, MEM avg=0.12%, MEM max=0.12%
pqc_monitor -> CPU avg=0.08%, CPU max=0.15%, MEM avg=0.13%, MEM max=0.13%
pqc_client_4 -> CPU avg=1.66%, CPU max=4.98%, MEM avg=0.11%, MEM max=0.11%
pqc_client_5 -> CPU avg=1.74%, CPU max=5.23%, MEM avg=0.11%, MEM max=0.11%
pqc_server -> CPU avg=2.07%, CPU max=6.20%, MEM avg=0.11%, MEM max=0.11%
pqc_client_6 -> CPU avg=0.55%, CPU max=1.66%, MEM avg=0.21%, MEM max=0.30%
pqc_client -> CPU avg=0.00%, CPU max=0.00%, MEM avg=0.15%, MEM max=0.15%
[2026-05-17 01:05:24] [*] Parando captura en pqc_monitor para classic_p1_stress_c50_001
[*] Métricas TXT guardadas en results/classic_p1_stress_c50_001_metrics.txt
[*] Métricas CSV guardadas en results/classic_p1_stress_c50_001_metrics.csv
[2026-05-17 01:05:49] === RUN END: classic_p1_stress_c50_001 ===

[2026-05-17 01:05:49] === RUN START: classic_p1_stress_c50_002 ===
[2026-05-17 01:05:50] [*] Arrancando captura en pqc_monitor (eth0) para classic_p1_stress_c50_002
[*] Guardando muestras en: results/classic_p1_stress_c50_002_docker_stats.csv
[*] Ejecutando comando medido: bash -lc ./scripts/run_client_once_rafaga.sh classic_p1_stress_c50_002 50; sleep 3
[*] Ráfaga clásica completada: 50 conexiones en 6 clientes (stress)
=== host results ===
-rw-rw-r-- 1 cristian cristian   15050 may 17 01:05 classic_p1_stress_c50_002_client_err.txt
-rw-rw-r-- 1 cristian cristian     690 may 17 01:05 classic_p1_stress_c50_002_client.txt
-rwxr-xr-x 1 cristian cristian     265 may 17 01:05 classic_p1_stress_c50_002_docker_stats.csv
-rwxr-xr-x 1 cristian cristian    1716 may 15 19:08 classic_p1_stress_c50_002_metrics.csv
-rw-r--r-- 1 cristian cristian   29633 may 15 19:08 classic_p1_stress_c50_002_metrics.txt
-rw-r--r-- 1 cristian cristian    2709 may 17 01:05 classic_p1_stress_c50_002_pqc_client_2_client_err.txt
-rw-r--r-- 1 cristian cristian       0 may 17 01:05 classic_p1_stress_c50_002_pqc_client_2_client.txt
-rw-r--r-- 1 cristian cristian      39 may 17 01:05 classic_p1_stress_c50_002_pqc_client_2_summary.txt
-rw-r--r-- 1 cristian cristian    2408 may 17 01:05 classic_p1_stress_c50_002_pqc_client_3_client_err.txt
-rw-r--r-- 1 cristian cristian       0 may 17 01:05 classic_p1_stress_c50_002_pqc_client_3_client.txt
-rw-r--r-- 1 cristian cristian      39 may 17 01:05 classic_p1_stress_c50_002_pqc_client_3_summary.txt
-rw-r--r-- 1 cristian cristian    2408 may 17 01:05 classic_p1_stress_c50_002_pqc_client_4_client_err.txt
-rw-r--r-- 1 cristian cristian       0 may 17 01:05 classic_p1_stress_c50_002_pqc_client_4_client.txt
-rw-r--r-- 1 cristian cristian      39 may 17 01:05 classic_p1_stress_c50_002_pqc_client_4_summary.txt
-rw-r--r-- 1 cristian cristian    2408 may 17 01:05 classic_p1_stress_c50_002_pqc_client_5_client_err.txt
-rw-r--r-- 1 cristian cristian       0 may 17 01:05 classic_p1_stress_c50_002_pqc_client_5_client.txt
-rw-r--r-- 1 cristian cristian      39 may 17 01:05 classic_p1_stress_c50_002_pqc_client_5_summary.txt
-rw-r--r-- 1 cristian cristian    2408 may 17 01:05 classic_p1_stress_c50_002_pqc_client_6_client_err.txt
-rw-r--r-- 1 cristian cristian       0 may 17 01:05 classic_p1_stress_c50_002_pqc_client_6_client.txt
-rw-r--r-- 1 cristian cristian      39 may 17 01:05 classic_p1_stress_c50_002_pqc_client_6_summary.txt
-rw-r--r-- 1 cristian cristian    2709 may 17 01:05 classic_p1_stress_c50_002_pqc_client_client_err.txt
-rw-r--r-- 1 cristian cristian       0 may 17 01:05 classic_p1_stress_c50_002_pqc_client_client.txt
-rw-r--r-- 1 cristian cristian      37 may 17 01:05 classic_p1_stress_c50_002_pqc_client_summary.txt
-rw-r--r-- 1 cristian cristian     745 may 15 19:08 classic_p1_stress_c50_002_resource_summary.txt
=== resumen por cliente ===
[*] Perfil stress: conexiones totalmente paralelas por cliente
[*] pqc_client <= plan: 1:0 7:0 13:0 19:0 25:0 31:0 37:0 43:0 49:0
[*] pqc_client_2 <= plan: 2:0 8:0 14:0 20:0 26:0 32:0 38:0 44:0 50:0
[*] pqc_client_3 <= plan: 3:0 9:0 15:0 21:0 27:0 33:0 39:0 45:0
[*] pqc_client_4 <= plan: 4:0 10:0 16:0 22:0 28:0 34:0 40:0 46:0
[*] pqc_client_5 <= plan: 5:0 11:0 17:0 23:0 29:0 35:0 41:0 47:0
[*] pqc_client_6 <= plan: 6:0 12:0 18:0 24:0 30:0 36:0 42:0 48:0
client=pqc_client total=9 ok=9 err=0
client=pqc_client_2 total=9 ok=9 err=0
client=pqc_client_3 total=8 ok=8 err=0
client=pqc_client_4 total=8 ok=8 err=0
client=pqc_client_5 total=8 ok=8 err=0
client=pqc_client_6 total=8 ok=8 err=0
[*] Resumen guardado en: results/classic_p1_stress_c50_002_resource_summary.txt
RUN_ID: classic_p1_stress_c50_002
CSV: results/classic_p1_stress_c50_002_docker_stats.csv

=== Resumen CPU% y MEM% (avg / max) por contenedor ===
pqc_client_2 -> CPU avg=1.83%, CPU max=5.50%, MEM avg=0.12%, MEM max=0.12%
pqc_client_3 -> CPU avg=1.17%, CPU max=3.50%, MEM avg=0.12%, MEM max=0.12%
pqc_monitor -> CPU avg=0.09%, CPU max=0.17%, MEM avg=0.13%, MEM max=0.13%
pqc_client_4 -> CPU avg=1.73%, CPU max=5.18%, MEM avg=0.11%, MEM max=0.11%
pqc_client_5 -> CPU avg=1.77%, CPU max=5.32%, MEM avg=0.11%, MEM max=0.11%
pqc_server -> CPU avg=2.36%, CPU max=7.09%, MEM avg=0.11%, MEM max=0.11%
pqc_client_6 -> CPU avg=0.28%, CPU max=0.84%, MEM avg=0.22%, MEM max=0.32%
pqc_client -> CPU avg=0.00%, CPU max=0.00%, MEM avg=0.15%, MEM max=0.15%
[2026-05-17 01:06:02] [*] Parando captura en pqc_monitor para classic_p1_stress_c50_002
[*] Métricas TXT guardadas en results/classic_p1_stress_c50_002_metrics.txt
[*] Métricas CSV guardadas en results/classic_p1_stress_c50_002_metrics.csv
[2026-05-17 01:06:26] === RUN END: classic_p1_stress_c50_002 ===

[2026-05-17 01:06:26] === RUN START: classic_p1_stress_c50_003 ===
[2026-05-17 01:06:26] [*] Arrancando captura en pqc_monitor (eth0) para classic_p1_stress_c50_003
[*] Guardando muestras en: results/classic_p1_stress_c50_003_docker_stats.csv
[*] Ejecutando comando medido: bash -lc ./scripts/run_client_once_rafaga.sh classic_p1_stress_c50_003 50; sleep 3
[*] Ráfaga clásica completada: 50 conexiones en 6 clientes (stress)
=== host results ===
-rw-rw-r-- 1 cristian cristian   15050 may 17 01:06 classic_p1_stress_c50_003_client_err.txt
-rw-rw-r-- 1 cristian cristian     690 may 17 01:06 classic_p1_stress_c50_003_client.txt
-rwxr-xr-x 1 cristian cristian     265 may 17 01:06 classic_p1_stress_c50_003_docker_stats.csv
-rwxr-xr-x 1 cristian cristian    1724 may 15 19:09 classic_p1_stress_c50_003_metrics.csv
-rw-r--r-- 1 cristian cristian   29658 may 15 19:09 classic_p1_stress_c50_003_metrics.txt
-rw-r--r-- 1 cristian cristian    2709 may 17 01:06 classic_p1_stress_c50_003_pqc_client_2_client_err.txt
-rw-r--r-- 1 cristian cristian       0 may 17 01:06 classic_p1_stress_c50_003_pqc_client_2_client.txt
-rw-r--r-- 1 cristian cristian      39 may 17 01:06 classic_p1_stress_c50_003_pqc_client_2_summary.txt
-rw-r--r-- 1 cristian cristian    2408 may 17 01:06 classic_p1_stress_c50_003_pqc_client_3_client_err.txt
-rw-r--r-- 1 cristian cristian       0 may 17 01:06 classic_p1_stress_c50_003_pqc_client_3_client.txt
-rw-r--r-- 1 cristian cristian      39 may 17 01:06 classic_p1_stress_c50_003_pqc_client_3_summary.txt
-rw-r--r-- 1 cristian cristian    2408 may 17 01:06 classic_p1_stress_c50_003_pqc_client_4_client_err.txt
-rw-r--r-- 1 cristian cristian       0 may 17 01:06 classic_p1_stress_c50_003_pqc_client_4_client.txt
-rw-r--r-- 1 cristian cristian      39 may 17 01:06 classic_p1_stress_c50_003_pqc_client_4_summary.txt
-rw-r--r-- 1 cristian cristian    2408 may 17 01:06 classic_p1_stress_c50_003_pqc_client_5_client_err.txt
-rw-r--r-- 1 cristian cristian       0 may 17 01:06 classic_p1_stress_c50_003_pqc_client_5_client.txt
-rw-r--r-- 1 cristian cristian      39 may 17 01:06 classic_p1_stress_c50_003_pqc_client_5_summary.txt
-rw-r--r-- 1 cristian cristian    2408 may 17 01:06 classic_p1_stress_c50_003_pqc_client_6_client_err.txt
-rw-r--r-- 1 cristian cristian       0 may 17 01:06 classic_p1_stress_c50_003_pqc_client_6_client.txt
-rw-r--r-- 1 cristian cristian      39 may 17 01:06 classic_p1_stress_c50_003_pqc_client_6_summary.txt
-rw-r--r-- 1 cristian cristian    2709 may 17 01:06 classic_p1_stress_c50_003_pqc_client_client_err.txt
-rw-r--r-- 1 cristian cristian       0 may 17 01:06 classic_p1_stress_c50_003_pqc_client_client.txt
-rw-r--r-- 1 cristian cristian      37 may 17 01:06 classic_p1_stress_c50_003_pqc_client_summary.txt
-rw-r--r-- 1 cristian cristian     744 may 15 19:08 classic_p1_stress_c50_003_resource_summary.txt
=== resumen por cliente ===
[*] Perfil stress: conexiones totalmente paralelas por cliente
[*] pqc_client <= plan: 1:0 7:0 13:0 19:0 25:0 31:0 37:0 43:0 49:0
[*] pqc_client_2 <= plan: 2:0 8:0 14:0 20:0 26:0 32:0 38:0 44:0 50:0
[*] pqc_client_3 <= plan: 3:0 9:0 15:0 21:0 27:0 33:0 39:0 45:0
[*] pqc_client_4 <= plan: 4:0 10:0 16:0 22:0 28:0 34:0 40:0 46:0
[*] pqc_client_5 <= plan: 5:0 11:0 17:0 23:0 29:0 35:0 41:0 47:0
[*] pqc_client_6 <= plan: 6:0 12:0 18:0 24:0 30:0 36:0 42:0 48:0
client=pqc_client total=9 ok=9 err=0
client=pqc_client_2 total=9 ok=9 err=0
client=pqc_client_3 total=8 ok=8 err=0
client=pqc_client_4 total=8 ok=8 err=0
client=pqc_client_5 total=8 ok=8 err=0
client=pqc_client_6 total=8 ok=8 err=0
[*] Resumen guardado en: results/classic_p1_stress_c50_003_resource_summary.txt
RUN_ID: classic_p1_stress_c50_003
CSV: results/classic_p1_stress_c50_003_docker_stats.csv

=== Resumen CPU% y MEM% (avg / max) por contenedor ===
pqc_client_2 -> CPU avg=1.13%, CPU max=3.40%, MEM avg=0.12%, MEM max=0.12%
pqc_client_3 -> CPU avg=1.65%, CPU max=4.95%, MEM avg=0.12%, MEM max=0.12%
pqc_monitor -> CPU avg=0.09%, CPU max=0.24%, MEM avg=0.13%, MEM max=0.13%
pqc_client_4 -> CPU avg=1.80%, CPU max=5.41%, MEM avg=0.11%, MEM max=0.11%
pqc_client_5 -> CPU avg=1.00%, CPU max=3.01%, MEM avg=0.13%, MEM max=0.18%
pqc_server -> CPU avg=2.34%, CPU max=7.03%, MEM avg=0.11%, MEM max=0.11%
pqc_client_6 -> CPU avg=0.76%, CPU max=2.28%, MEM avg=0.19%, MEM max=0.23%
pqc_client -> CPU avg=0.00%, CPU max=0.00%, MEM avg=0.15%, MEM max=0.15%
[2026-05-17 01:08:33] [*] Parando captura en pqc_monitor para classic_p1_stress_c50_003
[*] Métricas TXT guardadas en results/classic_p1_stress_c50_003_metrics.txt
[*] Métricas CSV guardadas en results/classic_p1_stress_c50_003_metrics.csv
[2026-05-17 01:08:57] === RUN END: classic_p1_stress_c50_003 ===

[2026-05-17 01:08:57] === RUN START: classic_p1_stress_c50_004 ===
[2026-05-17 01:08:57] [*] Arrancando captura en pqc_monitor (eth0) para classic_p1_stress_c50_004
[*] Guardando muestras en: results/classic_p1_stress_c50_004_docker_stats.csv
[*] Ejecutando comando medido: bash -lc ./scripts/run_client_once_rafaga.sh classic_p1_stress_c50_004 50; sleep 3
[*] Ráfaga clásica completada: 50 conexiones en 6 clientes (stress)
=== host results ===
-rw-rw-r-- 1 cristian cristian   15050 may 17 01:09 classic_p1_stress_c50_004_client_err.txt
-rw-rw-r-- 1 cristian cristian     690 may 17 01:09 classic_p1_stress_c50_004_client.txt
-rwxr-xr-x 1 cristian cristian     265 may 17 01:09 classic_p1_stress_c50_004_docker_stats.csv
-rwxr-xr-x 1 cristian cristian    1722 may 15 19:09 classic_p1_stress_c50_004_metrics.csv
-rw-r--r-- 1 cristian cristian   29658 may 15 19:09 classic_p1_stress_c50_004_metrics.txt
-rw-r--r-- 1 cristian cristian    2709 may 17 01:09 classic_p1_stress_c50_004_pqc_client_2_client_err.txt
-rw-r--r-- 1 cristian cristian       0 may 17 01:09 classic_p1_stress_c50_004_pqc_client_2_client.txt
-rw-r--r-- 1 cristian cristian      39 may 17 01:09 classic_p1_stress_c50_004_pqc_client_2_summary.txt
-rw-r--r-- 1 cristian cristian    2408 may 17 01:09 classic_p1_stress_c50_004_pqc_client_3_client_err.txt
-rw-r--r-- 1 cristian cristian       0 may 17 01:09 classic_p1_stress_c50_004_pqc_client_3_client.txt
-rw-r--r-- 1 cristian cristian      39 may 17 01:09 classic_p1_stress_c50_004_pqc_client_3_summary.txt
-rw-r--r-- 1 cristian cristian    2408 may 17 01:09 classic_p1_stress_c50_004_pqc_client_4_client_err.txt
-rw-r--r-- 1 cristian cristian       0 may 17 01:09 classic_p1_stress_c50_004_pqc_client_4_client.txt
-rw-r--r-- 1 cristian cristian      39 may 17 01:09 classic_p1_stress_c50_004_pqc_client_4_summary.txt
-rw-r--r-- 1 cristian cristian    2408 may 17 01:09 classic_p1_stress_c50_004_pqc_client_5_client_err.txt
-rw-r--r-- 1 cristian cristian       0 may 17 01:09 classic_p1_stress_c50_004_pqc_client_5_client.txt
-rw-r--r-- 1 cristian cristian      39 may 17 01:09 classic_p1_stress_c50_004_pqc_client_5_summary.txt
-rw-r--r-- 1 cristian cristian    2408 may 17 01:09 classic_p1_stress_c50_004_pqc_client_6_client_err.txt
-rw-r--r-- 1 cristian cristian       0 may 17 01:09 classic_p1_stress_c50_004_pqc_client_6_client.txt
-rw-r--r-- 1 cristian cristian      39 may 17 01:09 classic_p1_stress_c50_004_pqc_client_6_summary.txt
-rw-r--r-- 1 cristian cristian    2709 may 17 01:09 classic_p1_stress_c50_004_pqc_client_client_err.txt
-rw-r--r-- 1 cristian cristian       0 may 17 01:09 classic_p1_stress_c50_004_pqc_client_client.txt
-rw-r--r-- 1 cristian cristian      37 may 17 01:09 classic_p1_stress_c50_004_pqc_client_summary.txt
-rw-r--r-- 1 cristian cristian     745 may 15 19:09 classic_p1_stress_c50_004_resource_summary.txt
=== resumen por cliente ===
[*] Perfil stress: conexiones totalmente paralelas por cliente
[*] pqc_client <= plan: 1:0 7:0 13:0 19:0 25:0 31:0 37:0 43:0 49:0
[*] pqc_client_2 <= plan: 2:0 8:0 14:0 20:0 26:0 32:0 38:0 44:0 50:0
[*] pqc_client_3 <= plan: 3:0 9:0 15:0 21:0 27:0 33:0 39:0 45:0
[*] pqc_client_4 <= plan: 4:0 10:0 16:0 22:0 28:0 34:0 40:0 46:0
[*] pqc_client_5 <= plan: 5:0 11:0 17:0 23:0 29:0 35:0 41:0 47:0
[*] pqc_client_6 <= plan: 6:0 12:0 18:0 24:0 30:0 36:0 42:0 48:0
client=pqc_client total=9 ok=9 err=0
client=pqc_client_2 total=9 ok=9 err=0
client=pqc_client_3 total=8 ok=8 err=0
client=pqc_client_4 total=8 ok=8 err=0
client=pqc_client_5 total=8 ok=8 err=0
client=pqc_client_6 total=8 ok=8 err=0
[*] Resumen guardado en: results/classic_p1_stress_c50_004_resource_summary.txt
RUN_ID: classic_p1_stress_c50_004
CSV: results/classic_p1_stress_c50_004_docker_stats.csv

=== Resumen CPU% y MEM% (avg / max) por contenedor ===
pqc_client_2 -> CPU avg=0.84%, CPU max=2.51%, MEM avg=0.12%, MEM max=0.12%
pqc_client_3 -> CPU avg=8.34%, CPU max=25.02%, MEM avg=0.17%, MEM max=0.27%
pqc_monitor -> CPU avg=0.10%, CPU max=0.18%, MEM avg=0.13%, MEM max=0.13%
pqc_client_4 -> CPU avg=1.88%, CPU max=5.64%, MEM avg=0.11%, MEM max=0.11%
pqc_client_5 -> CPU avg=1.21%, CPU max=3.63%, MEM avg=0.13%, MEM max=0.16%
pqc_server -> CPU avg=2.12%, CPU max=6.36%, MEM avg=0.11%, MEM max=0.11%
pqc_client_6 -> CPU avg=0.34%, CPU max=1.02%, MEM avg=0.22%, MEM max=0.32%
pqc_client -> CPU avg=1.26%, CPU max=3.78%, MEM avg=0.15%, MEM max=0.15%
[2026-05-17 01:09:10] [*] Parando captura en pqc_monitor para classic_p1_stress_c50_004
[*] Métricas TXT guardadas en results/classic_p1_stress_c50_004_metrics.txt
[*] Métricas CSV guardadas en results/classic_p1_stress_c50_004_metrics.csv
[2026-05-17 01:09:35] === RUN END: classic_p1_stress_c50_004 ===

[2026-05-17 01:09:35] === RUN START: classic_p1_stress_c50_005 ===
[2026-05-17 01:09:35] [*] Arrancando captura en pqc_monitor (eth0) para classic_p1_stress_c50_005
[*] Guardando muestras en: results/classic_p1_stress_c50_005_docker_stats.csv
[*] Ejecutando comando medido: bash -lc ./scripts/run_client_once_rafaga.sh classic_p1_stress_c50_005 50; sleep 3
[*] Ráfaga clásica completada: 50 conexiones en 6 clientes (stress)
=== host results ===
-rw-rw-r-- 1 cristian cristian   15050 may 17 01:09 classic_p1_stress_c50_005_client_err.txt
-rw-rw-r-- 1 cristian cristian     690 may 17 01:09 classic_p1_stress_c50_005_client.txt
-rwxr-xr-x 1 cristian cristian     262 may 17 01:09 classic_p1_stress_c50_005_docker_stats.csv
-rwxr-xr-x 1 cristian cristian    1717 may 15 19:10 classic_p1_stress_c50_005_metrics.csv
-rw-r--r-- 1 cristian cristian   29635 may 15 19:10 classic_p1_stress_c50_005_metrics.txt
-rw-r--r-- 1 cristian cristian    2709 may 17 01:09 classic_p1_stress_c50_005_pqc_client_2_client_err.txt
-rw-r--r-- 1 cristian cristian       0 may 17 01:09 classic_p1_stress_c50_005_pqc_client_2_client.txt
-rw-r--r-- 1 cristian cristian      39 may 17 01:09 classic_p1_stress_c50_005_pqc_client_2_summary.txt
-rw-r--r-- 1 cristian cristian    2408 may 17 01:09 classic_p1_stress_c50_005_pqc_client_3_client_err.txt
-rw-r--r-- 1 cristian cristian       0 may 17 01:09 classic_p1_stress_c50_005_pqc_client_3_client.txt
-rw-r--r-- 1 cristian cristian      39 may 17 01:09 classic_p1_stress_c50_005_pqc_client_3_summary.txt
-rw-r--r-- 1 cristian cristian    2408 may 17 01:09 classic_p1_stress_c50_005_pqc_client_4_client_err.txt
-rw-r--r-- 1 cristian cristian       0 may 17 01:09 classic_p1_stress_c50_005_pqc_client_4_client.txt
-rw-r--r-- 1 cristian cristian      39 may 17 01:09 classic_p1_stress_c50_005_pqc_client_4_summary.txt
-rw-r--r-- 1 cristian cristian    2408 may 17 01:09 classic_p1_stress_c50_005_pqc_client_5_client_err.txt
-rw-r--r-- 1 cristian cristian       0 may 17 01:09 classic_p1_stress_c50_005_pqc_client_5_client.txt
-rw-r--r-- 1 cristian cristian      39 may 17 01:09 classic_p1_stress_c50_005_pqc_client_5_summary.txt
-rw-r--r-- 1 cristian cristian    2408 may 17 01:09 classic_p1_stress_c50_005_pqc_client_6_client_err.txt
-rw-r--r-- 1 cristian cristian       0 may 17 01:09 classic_p1_stress_c50_005_pqc_client_6_client.txt
-rw-r--r-- 1 cristian cristian      39 may 17 01:09 classic_p1_stress_c50_005_pqc_client_6_summary.txt
-rw-r--r-- 1 cristian cristian    2709 may 17 01:09 classic_p1_stress_c50_005_pqc_client_client_err.txt
-rw-r--r-- 1 cristian cristian       0 may 17 01:09 classic_p1_stress_c50_005_pqc_client_client.txt
-rw-r--r-- 1 cristian cristian      37 may 17 01:09 classic_p1_stress_c50_005_pqc_client_summary.txt
-rw-r--r-- 1 cristian cristian     746 may 15 19:09 classic_p1_stress_c50_005_resource_summary.txt
=== resumen por cliente ===
[*] Perfil stress: conexiones totalmente paralelas por cliente
[*] pqc_client <= plan: 1:0 7:0 13:0 19:0 25:0 31:0 37:0 43:0 49:0
[*] pqc_client_2 <= plan: 2:0 8:0 14:0 20:0 26:0 32:0 38:0 44:0 50:0
[*] pqc_client_3 <= plan: 3:0 9:0 15:0 21:0 27:0 33:0 39:0 45:0
[*] pqc_client_4 <= plan: 4:0 10:0 16:0 22:0 28:0 34:0 40:0 46:0
[*] pqc_client_5 <= plan: 5:0 11:0 17:0 23:0 29:0 35:0 41:0 47:0
[*] pqc_client_6 <= plan: 6:0 12:0 18:0 24:0 30:0 36:0 42:0 48:0
client=pqc_client total=9 ok=9 err=0
client=pqc_client_2 total=9 ok=9 err=0
client=pqc_client_3 total=8 ok=8 err=0
client=pqc_client_4 total=8 ok=8 err=0
client=pqc_client_5 total=8 ok=8 err=0
client=pqc_client_6 total=8 ok=8 err=0
[*] Resumen guardado en: results/classic_p1_stress_c50_005_resource_summary.txt
RUN_ID: classic_p1_stress_c50_005
CSV: results/classic_p1_stress_c50_005_docker_stats.csv

=== Resumen CPU% y MEM% (avg / max) por contenedor ===
pqc_client_2 -> CPU avg=0.66%, CPU max=1.98%, MEM avg=0.12%, MEM max=0.12%
pqc_client_3 -> CPU avg=2.10%, CPU max=6.31%, MEM avg=0.12%, MEM max=0.12%
pqc_monitor -> CPU avg=0.11%, CPU max=0.14%, MEM avg=0.13%, MEM max=0.13%
pqc_client_4 -> CPU avg=2.13%, CPU max=6.39%, MEM avg=0.11%, MEM max=0.11%
pqc_client_5 -> CPU avg=1.33%, CPU max=3.99%, MEM avg=0.13%, MEM max=0.16%
pqc_server -> CPU avg=2.02%, CPU max=6.05%, MEM avg=0.11%, MEM max=0.11%
pqc_client_6 -> CPU avg=0.52%, CPU max=1.55%, MEM avg=0.21%, MEM max=0.28%
pqc_client -> CPU avg=0.91%, CPU max=2.72%, MEM avg=0.15%, MEM max=0.15%
[2026-05-17 01:09:48] [*] Parando captura en pqc_monitor para classic_p1_stress_c50_005
[*] Métricas TXT guardadas en results/classic_p1_stress_c50_005_metrics.txt
[*] Métricas CSV guardadas en results/classic_p1_stress_c50_005_metrics.csv
[2026-05-17 01:10:15] === RUN END: classic_p1_stress_c50_005 ===

[2026-05-17 01:10:15] ---- Aplicando perfil de red P2 ----
[*] Aplicando perfil P2

[*] Estado qdisc en monitor:
qdisc netem 8015: root refcnt 5 limit 1000 delay 25ms loss 0.1%
qdisc netem 8016: root refcnt 5 limit 1000 delay 25ms loss 0.1%
[2026-05-17 01:10:16] === RUN START: classic_p2_balanced_c50_001 ===
[2026-05-17 01:10:16] [*] Arrancando captura en pqc_monitor (eth0) para classic_p2_balanced_c50_001
[*] Guardando muestras en: results/classic_p2_balanced_c50_001_docker_stats.csv
[*] Ejecutando comando medido: bash -lc ./scripts/run_client_once_rafaga.sh classic_p2_balanced_c50_001 50; sleep 3
[*] Ráfaga clásica completada: 50 conexiones en 6 clientes (poisson_jitter)
=== host results ===
-rw-rw-r-- 1 cristian cristian   15050 may 17 01:10 classic_p2_balanced_c50_001_client_err.txt
-rw-rw-r-- 1 cristian cristian    1049 may 17 01:10 classic_p2_balanced_c50_001_client.txt
-rwxr-xr-x 1 cristian cristian     856 may 17 01:10 classic_p2_balanced_c50_001_docker_stats.csv
-rwxr-xr-x 1 cristian cristian    1726 may 15 19:10 classic_p2_balanced_c50_001_metrics.csv
-rw-r--r-- 1 cristian cristian   29671 may 15 19:10 classic_p2_balanced_c50_001_metrics.txt
-rw-r--r-- 1 cristian cristian    2709 may 17 01:10 classic_p2_balanced_c50_001_pqc_client_2_client_err.txt
-rw-r--r-- 1 cristian cristian       0 may 17 01:10 classic_p2_balanced_c50_001_pqc_client_2_client.txt
-rw-r--r-- 1 cristian cristian      39 may 17 01:10 classic_p2_balanced_c50_001_pqc_client_2_summary.txt
-rw-r--r-- 1 cristian cristian    2408 may 17 01:10 classic_p2_balanced_c50_001_pqc_client_3_client_err.txt
-rw-r--r-- 1 cristian cristian       0 may 17 01:10 classic_p2_balanced_c50_001_pqc_client_3_client.txt
-rw-r--r-- 1 cristian cristian      39 may 17 01:10 classic_p2_balanced_c50_001_pqc_client_3_summary.txt
-rw-r--r-- 1 cristian cristian    2408 may 17 01:10 classic_p2_balanced_c50_001_pqc_client_4_client_err.txt
-rw-r--r-- 1 cristian cristian       0 may 17 01:10 classic_p2_balanced_c50_001_pqc_client_4_client.txt
-rw-r--r-- 1 cristian cristian      39 may 17 01:10 classic_p2_balanced_c50_001_pqc_client_4_summary.txt
-rw-r--r-- 1 cristian cristian    2408 may 17 01:10 classic_p2_balanced_c50_001_pqc_client_5_client_err.txt
-rw-r--r-- 1 cristian cristian       0 may 17 01:10 classic_p2_balanced_c50_001_pqc_client_5_client.txt
-rw-r--r-- 1 cristian cristian      39 may 17 01:10 classic_p2_balanced_c50_001_pqc_client_5_summary.txt
-rw-r--r-- 1 cristian cristian    2408 may 17 01:10 classic_p2_balanced_c50_001_pqc_client_6_client_err.txt
-rw-r--r-- 1 cristian cristian       0 may 17 01:10 classic_p2_balanced_c50_001_pqc_client_6_client.txt
-rw-r--r-- 1 cristian cristian      39 may 17 01:10 classic_p2_balanced_c50_001_pqc_client_6_summary.txt
-rw-r--r-- 1 cristian cristian    2709 may 17 01:10 classic_p2_balanced_c50_001_pqc_client_client_err.txt
-rw-r--r-- 1 cristian cristian       0 may 17 01:10 classic_p2_balanced_c50_001_pqc_client_client.txt
-rw-r--r-- 1 cristian cristian      37 may 17 01:10 classic_p2_balanced_c50_001_pqc_client_summary.txt
-rw-r--r-- 1 cristian cristian     746 may 15 19:10 classic_p2_balanced_c50_001_resource_summary.txt
=== resumen por cliente ===
[*] Perfil poisson_jitter: llegadas no sincronizadas con Poisson+jitter
[*] pqc_client <= plan: 1:0.055595 7:0.055595 13:0.055595 19:0.055595 25:0.055595 31:0.055595 37:0.055595 43:0.055595 49:0.055595
[*] pqc_client_2 <= plan: 2:0.055595 8:0.055595 14:0.055595 20:0.055595 26:0.055595 32:0.055595 38:0.055595 44:0.055595 50:0.055595
[*] pqc_client_3 <= plan: 3:0.055595 9:0.055595 15:0.055595 21:0.055595 27:0.055595 33:0.055595 39:0.055595 45:0.055595
[*] pqc_client_4 <= plan: 4:0.055595 10:0.055595 16:0.055595 22:0.055595 28:0.055595 34:0.055595 40:0.055595 46:0.055595
[*] pqc_client_5 <= plan: 5:0.055595 11:0.055595 17:0.055595 23:0.055595 29:0.055595 35:0.055595 41:0.055595 47:0.055595
[*] pqc_client_6 <= plan: 6:0.055595 12:0.055595 18:0.055595 24:0.055595 30:0.055595 36:0.055595 42:0.055595 48:0.055595
client=pqc_client total=9 ok=9 err=0
client=pqc_client_2 total=9 ok=9 err=0
client=pqc_client_3 total=8 ok=8 err=0
client=pqc_client_4 total=8 ok=8 err=0
client=pqc_client_5 total=8 ok=8 err=0
client=pqc_client_6 total=8 ok=8 err=0
[*] Resumen guardado en: results/classic_p2_balanced_c50_001_resource_summary.txt
RUN_ID: classic_p2_balanced_c50_001
CSV: results/classic_p2_balanced_c50_001_docker_stats.csv

=== Resumen CPU% y MEM% (avg / max) por contenedor ===
pqc_client_2 -> CPU avg=1.38%, CPU max=4.15%, MEM avg=0.14%, MEM max=0.17%
pqc_client_3 -> CPU avg=1.09%, CPU max=3.28%, MEM avg=0.14%, MEM max=0.19%
pqc_monitor -> CPU avg=0.06%, CPU max=0.08%, MEM avg=0.13%, MEM max=0.13%
pqc_client_4 -> CPU avg=7.91%, CPU max=23.74%, MEM avg=0.17%, MEM max=0.28%
pqc_client_5 -> CPU avg=1.87%, CPU max=5.61%, MEM avg=0.18%, MEM max=0.29%
pqc_server -> CPU avg=1.56%, CPU max=4.68%, MEM avg=0.11%, MEM max=0.11%
pqc_client_6 -> CPU avg=0.08%, CPU max=0.23%, MEM avg=0.23%, MEM max=0.34%
pqc_client -> CPU avg=1.88%, CPU max=5.64%, MEM avg=0.15%, MEM max=0.15%
[2026-05-17 01:10:30] [*] Parando captura en pqc_monitor para classic_p2_balanced_c50_001
[*] Métricas TXT guardadas en results/classic_p2_balanced_c50_001_metrics.txt
[*] Métricas CSV guardadas en results/classic_p2_balanced_c50_001_metrics.csv
[2026-05-17 01:10:54] === RUN END: classic_p2_balanced_c50_001 ===

[2026-05-17 01:10:54] === RUN START: classic_p2_balanced_c50_002 ===
[2026-05-17 01:10:54] [*] Arrancando captura en pqc_monitor (eth0) para classic_p2_balanced_c50_002
[*] Guardando muestras en: results/classic_p2_balanced_c50_002_docker_stats.csv
[*] Ejecutando comando medido: bash -lc ./scripts/run_client_once_rafaga.sh classic_p2_balanced_c50_002 50; sleep 3
[*] Ráfaga clásica completada: 50 conexiones en 6 clientes (poisson_jitter)
=== host results ===
-rw-rw-r-- 1 cristian cristian   15050 may 17 01:11 classic_p2_balanced_c50_002_client_err.txt
-rw-rw-r-- 1 cristian cristian    1049 may 17 01:11 classic_p2_balanced_c50_002_client.txt
-rwxr-xr-x 1 cristian cristian     851 may 17 01:10 classic_p2_balanced_c50_002_docker_stats.csv
-rwxr-xr-x 1 cristian cristian    1719 may 15 19:11 classic_p2_balanced_c50_002_metrics.csv
-rw-r--r-- 1 cristian cristian   29647 may 15 19:11 classic_p2_balanced_c50_002_metrics.txt
-rw-r--r-- 1 cristian cristian    2709 may 17 01:10 classic_p2_balanced_c50_002_pqc_client_2_client_err.txt
-rw-r--r-- 1 cristian cristian       0 may 17 01:10 classic_p2_balanced_c50_002_pqc_client_2_client.txt
-rw-r--r-- 1 cristian cristian      39 may 17 01:10 classic_p2_balanced_c50_002_pqc_client_2_summary.txt
-rw-r--r-- 1 cristian cristian    2408 may 17 01:10 classic_p2_balanced_c50_002_pqc_client_3_client_err.txt
-rw-r--r-- 1 cristian cristian       0 may 17 01:10 classic_p2_balanced_c50_002_pqc_client_3_client.txt
-rw-r--r-- 1 cristian cristian      39 may 17 01:10 classic_p2_balanced_c50_002_pqc_client_3_summary.txt
-rw-r--r-- 1 cristian cristian    2408 may 17 01:10 classic_p2_balanced_c50_002_pqc_client_4_client_err.txt
-rw-r--r-- 1 cristian cristian       0 may 17 01:10 classic_p2_balanced_c50_002_pqc_client_4_client.txt
-rw-r--r-- 1 cristian cristian      39 may 17 01:10 classic_p2_balanced_c50_002_pqc_client_4_summary.txt
-rw-r--r-- 1 cristian cristian    2408 may 17 01:11 classic_p2_balanced_c50_002_pqc_client_5_client_err.txt
-rw-r--r-- 1 cristian cristian       0 may 17 01:11 classic_p2_balanced_c50_002_pqc_client_5_client.txt
-rw-r--r-- 1 cristian cristian      39 may 17 01:11 classic_p2_balanced_c50_002_pqc_client_5_summary.txt
-rw-r--r-- 1 cristian cristian    2408 may 17 01:11 classic_p2_balanced_c50_002_pqc_client_6_client_err.txt
-rw-r--r-- 1 cristian cristian       0 may 17 01:11 classic_p2_balanced_c50_002_pqc_client_6_client.txt
-rw-r--r-- 1 cristian cristian      39 may 17 01:11 classic_p2_balanced_c50_002_pqc_client_6_summary.txt
-rw-r--r-- 1 cristian cristian    2709 may 17 01:10 classic_p2_balanced_c50_002_pqc_client_client_err.txt
-rw-r--r-- 1 cristian cristian       0 may 17 01:10 classic_p2_balanced_c50_002_pqc_client_client.txt
-rw-r--r-- 1 cristian cristian      37 may 17 01:10 classic_p2_balanced_c50_002_pqc_client_summary.txt
-rw-r--r-- 1 cristian cristian     749 may 15 19:10 classic_p2_balanced_c50_002_resource_summary.txt
=== resumen por cliente ===
[*] Perfil poisson_jitter: llegadas no sincronizadas con Poisson+jitter
[*] pqc_client <= plan: 1:0.015735 7:0.015735 13:0.015735 19:0.015735 25:0.015735 31:0.015735 37:0.015735 43:0.015735 49:0.015735
[*] pqc_client_2 <= plan: 2:0.015735 8:0.015735 14:0.015735 20:0.015735 26:0.015735 32:0.015735 38:0.015735 44:0.015735 50:0.015735
[*] pqc_client_3 <= plan: 3:0.015735 9:0.015735 15:0.015735 21:0.015735 27:0.015735 33:0.015735 39:0.015735 45:0.015735
[*] pqc_client_4 <= plan: 4:0.015735 10:0.015735 16:0.015735 22:0.015735 28:0.015735 34:0.015735 40:0.015735 46:0.015735
[*] pqc_client_5 <= plan: 5:0.015735 11:0.015735 17:0.015735 23:0.015735 29:0.015735 35:0.015735 41:0.015735 47:0.015735
[*] pqc_client_6 <= plan: 6:0.015735 12:0.015735 18:0.015735 24:0.015735 30:0.015735 36:0.015735 42:0.015735 48:0.015735
client=pqc_client total=9 ok=9 err=0
client=pqc_client_2 total=9 ok=9 err=0
client=pqc_client_3 total=8 ok=8 err=0
client=pqc_client_4 total=8 ok=8 err=0
client=pqc_client_5 total=8 ok=8 err=0
client=pqc_client_6 total=8 ok=8 err=0
[*] Resumen guardado en: results/classic_p2_balanced_c50_002_resource_summary.txt
RUN_ID: classic_p2_balanced_c50_002
CSV: results/classic_p2_balanced_c50_002_docker_stats.csv

=== Resumen CPU% y MEM% (avg / max) por contenedor ===
pqc_client_2 -> CPU avg=2.09%, CPU max=6.28%, MEM avg=0.12%, MEM max=0.12%
pqc_client_3 -> CPU avg=9.79%, CPU max=29.38%, MEM avg=0.18%, MEM max=0.29%
pqc_monitor -> CPU avg=0.17%, CPU max=0.33%, MEM avg=0.13%, MEM max=0.13%
pqc_client_4 -> CPU avg=0.00%, CPU max=0.00%, MEM avg=0.17%, MEM max=0.28%
pqc_client_5 -> CPU avg=0.01%, CPU max=0.04%, MEM avg=0.18%, MEM max=0.29%
pqc_server -> CPU avg=1.51%, CPU max=4.52%, MEM avg=0.11%, MEM max=0.11%
pqc_client_6 -> CPU avg=0.00%, CPU max=0.00%, MEM avg=0.23%, MEM max=0.34%
pqc_client -> CPU avg=1.61%, CPU max=4.84%, MEM avg=0.15%, MEM max=0.15%
[2026-05-17 01:11:07] [*] Parando captura en pqc_monitor para classic_p2_balanced_c50_002
[*] Métricas TXT guardadas en results/classic_p2_balanced_c50_002_metrics.txt
[*] Métricas CSV guardadas en results/classic_p2_balanced_c50_002_metrics.csv
[2026-05-17 01:11:32] === RUN END: classic_p2_balanced_c50_002 ===

[2026-05-17 01:11:32] === RUN START: classic_p2_balanced_c50_003 ===
[2026-05-17 01:11:32] [*] Arrancando captura en pqc_monitor (eth0) para classic_p2_balanced_c50_003
[*] Guardando muestras en: results/classic_p2_balanced_c50_003_docker_stats.csv
[*] Ejecutando comando medido: bash -lc ./scripts/run_client_once_rafaga.sh classic_p2_balanced_c50_003 50; sleep 3
[*] Ráfaga clásica completada: 50 conexiones en 6 clientes (poisson_jitter)
=== host results ===
-rw-rw-r-- 1 cristian cristian   15050 may 17 01:11 classic_p2_balanced_c50_003_client_err.txt
-rw-rw-r-- 1 cristian cristian    1049 may 17 01:11 classic_p2_balanced_c50_003_client.txt
-rwxr-xr-x 1 cristian cristian     862 may 17 01:11 classic_p2_balanced_c50_003_docker_stats.csv
-rwxr-xr-x 1 cristian cristian    1728 may 15 19:11 classic_p2_balanced_c50_003_metrics.csv
-rw-r--r-- 1 cristian cristian   29673 may 15 19:11 classic_p2_balanced_c50_003_metrics.txt
-rw-r--r-- 1 cristian cristian    2709 may 17 01:11 classic_p2_balanced_c50_003_pqc_client_2_client_err.txt
-rw-r--r-- 1 cristian cristian       0 may 17 01:11 classic_p2_balanced_c50_003_pqc_client_2_client.txt
-rw-r--r-- 1 cristian cristian      39 may 17 01:11 classic_p2_balanced_c50_003_pqc_client_2_summary.txt
-rw-r--r-- 1 cristian cristian    2408 may 17 01:11 classic_p2_balanced_c50_003_pqc_client_3_client_err.txt
-rw-r--r-- 1 cristian cristian       0 may 17 01:11 classic_p2_balanced_c50_003_pqc_client_3_client.txt
-rw-r--r-- 1 cristian cristian      39 may 17 01:11 classic_p2_balanced_c50_003_pqc_client_3_summary.txt
-rw-r--r-- 1 cristian cristian    2408 may 17 01:11 classic_p2_balanced_c50_003_pqc_client_4_client_err.txt
-rw-r--r-- 1 cristian cristian       0 may 17 01:11 classic_p2_balanced_c50_003_pqc_client_4_client.txt
-rw-r--r-- 1 cristian cristian      39 may 17 01:11 classic_p2_balanced_c50_003_pqc_client_4_summary.txt
-rw-r--r-- 1 cristian cristian    2408 may 17 01:11 classic_p2_balanced_c50_003_pqc_client_5_client_err.txt
-rw-r--r-- 1 cristian cristian       0 may 17 01:11 classic_p2_balanced_c50_003_pqc_client_5_client.txt
-rw-r--r-- 1 cristian cristian      39 may 17 01:11 classic_p2_balanced_c50_003_pqc_client_5_summary.txt
-rw-r--r-- 1 cristian cristian    2408 may 17 01:11 classic_p2_balanced_c50_003_pqc_client_6_client_err.txt
-rw-r--r-- 1 cristian cristian       0 may 17 01:11 classic_p2_balanced_c50_003_pqc_client_6_client.txt
-rw-r--r-- 1 cristian cristian      39 may 17 01:11 classic_p2_balanced_c50_003_pqc_client_6_summary.txt
-rw-r--r-- 1 cristian cristian    2709 may 17 01:11 classic_p2_balanced_c50_003_pqc_client_client_err.txt
-rw-r--r-- 1 cristian cristian       0 may 17 01:11 classic_p2_balanced_c50_003_pqc_client_client.txt
-rw-r--r-- 1 cristian cristian      37 may 17 01:11 classic_p2_balanced_c50_003_pqc_client_summary.txt
-rw-r--r-- 1 cristian cristian     746 may 15 19:11 classic_p2_balanced_c50_003_resource_summary.txt
=== resumen por cliente ===
[*] Perfil poisson_jitter: llegadas no sincronizadas con Poisson+jitter
[*] pqc_client <= plan: 1:0.136137 7:0.136137 13:0.136137 19:0.136137 25:0.136137 31:0.136137 37:0.136137 43:0.136137 49:0.136137
[*] pqc_client_2 <= plan: 2:0.136137 8:0.136137 14:0.136137 20:0.136137 26:0.136137 32:0.136137 38:0.136137 44:0.136137 50:0.136137
[*] pqc_client_3 <= plan: 3:0.136137 9:0.136137 15:0.136137 21:0.136137 27:0.136137 33:0.136137 39:0.136137 45:0.136137
[*] pqc_client_4 <= plan: 4:0.136137 10:0.136137 16:0.136137 22:0.136137 28:0.136137 34:0.136137 40:0.136137 46:0.136137
[*] pqc_client_5 <= plan: 5:0.136137 11:0.136137 17:0.136137 23:0.136137 29:0.136137 35:0.136137 41:0.136137 47:0.136137
[*] pqc_client_6 <= plan: 6:0.136137 12:0.136137 18:0.136137 24:0.136137 30:0.136137 36:0.136137 42:0.136137 48:0.136137
client=pqc_client total=9 ok=9 err=0
client=pqc_client_2 total=9 ok=9 err=0
client=pqc_client_3 total=8 ok=8 err=0
client=pqc_client_4 total=8 ok=8 err=0
client=pqc_client_5 total=8 ok=8 err=0
client=pqc_client_6 total=8 ok=8 err=0
[*] Resumen guardado en: results/classic_p2_balanced_c50_003_resource_summary.txt
RUN_ID: classic_p2_balanced_c50_003
CSV: results/classic_p2_balanced_c50_003_docker_stats.csv

=== Resumen CPU% y MEM% (avg / max) por contenedor ===
pqc_client_2 -> CPU avg=2.36%, CPU max=7.07%, MEM avg=0.13%, MEM max=0.13%
pqc_client_3 -> CPU avg=1.43%, CPU max=4.29%, MEM avg=0.18%, MEM max=0.29%
pqc_monitor -> CPU avg=0.12%, CPU max=0.25%, MEM avg=0.13%, MEM max=0.13%
pqc_client_4 -> CPU avg=3.51%, CPU max=10.53%, MEM avg=0.17%, MEM max=0.28%
pqc_client_5 -> CPU avg=3.58%, CPU max=10.74%, MEM avg=0.18%, MEM max=0.29%
pqc_server -> CPU avg=1.55%, CPU max=4.66%, MEM avg=0.11%, MEM max=0.11%
pqc_client_6 -> CPU avg=4.74%, CPU max=14.23%, MEM avg=0.23%, MEM max=0.34%
pqc_client -> CPU avg=11.06%, CPU max=33.17%, MEM avg=0.21%, MEM max=0.32%
[2026-05-17 01:11:45] [*] Parando captura en pqc_monitor para classic_p2_balanced_c50_003
[*] Métricas TXT guardadas en results/classic_p2_balanced_c50_003_metrics.txt
[*] Métricas CSV guardadas en results/classic_p2_balanced_c50_003_metrics.csv
[2026-05-17 01:12:09] === RUN END: classic_p2_balanced_c50_003 ===

[2026-05-17 01:12:09] === RUN START: classic_p2_balanced_c50_004 ===
[2026-05-17 01:12:09] [*] Arrancando captura en pqc_monitor (eth0) para classic_p2_balanced_c50_004
[*] Guardando muestras en: results/classic_p2_balanced_c50_004_docker_stats.csv
[*] Ejecutando comando medido: bash -lc ./scripts/run_client_once_rafaga.sh classic_p2_balanced_c50_004 50; sleep 3
[*] Ráfaga clásica completada: 50 conexiones en 6 clientes (poisson_jitter)
=== host results ===
-rw-rw-r-- 1 cristian cristian   15050 may 17 01:12 classic_p2_balanced_c50_004_client_err.txt
-rw-rw-r-- 1 cristian cristian    1049 may 17 01:12 classic_p2_balanced_c50_004_client.txt
-rwxr-xr-x 1 cristian cristian     855 may 17 01:12 classic_p2_balanced_c50_004_docker_stats.csv
-rwxr-xr-x 1 cristian cristian    1725 may 15 19:12 classic_p2_balanced_c50_004_metrics.csv
-rw-r--r-- 1 cristian cristian   29670 may 15 19:12 classic_p2_balanced_c50_004_metrics.txt
-rw-r--r-- 1 cristian cristian    2709 may 17 01:12 classic_p2_balanced_c50_004_pqc_client_2_client_err.txt
-rw-r--r-- 1 cristian cristian       0 may 17 01:12 classic_p2_balanced_c50_004_pqc_client_2_client.txt
-rw-r--r-- 1 cristian cristian      39 may 17 01:12 classic_p2_balanced_c50_004_pqc_client_2_summary.txt
-rw-r--r-- 1 cristian cristian    2408 may 17 01:12 classic_p2_balanced_c50_004_pqc_client_3_client_err.txt
-rw-r--r-- 1 cristian cristian       0 may 17 01:12 classic_p2_balanced_c50_004_pqc_client_3_client.txt
-rw-r--r-- 1 cristian cristian      39 may 17 01:12 classic_p2_balanced_c50_004_pqc_client_3_summary.txt
-rw-r--r-- 1 cristian cristian    2408 may 17 01:12 classic_p2_balanced_c50_004_pqc_client_4_client_err.txt
-rw-r--r-- 1 cristian cristian       0 may 17 01:12 classic_p2_balanced_c50_004_pqc_client_4_client.txt
-rw-r--r-- 1 cristian cristian      39 may 17 01:12 classic_p2_balanced_c50_004_pqc_client_4_summary.txt
-rw-r--r-- 1 cristian cristian    2408 may 17 01:12 classic_p2_balanced_c50_004_pqc_client_5_client_err.txt
-rw-r--r-- 1 cristian cristian       0 may 17 01:12 classic_p2_balanced_c50_004_pqc_client_5_client.txt
-rw-r--r-- 1 cristian cristian      39 may 17 01:12 classic_p2_balanced_c50_004_pqc_client_5_summary.txt
-rw-r--r-- 1 cristian cristian    2408 may 17 01:12 classic_p2_balanced_c50_004_pqc_client_6_client_err.txt
-rw-r--r-- 1 cristian cristian       0 may 17 01:12 classic_p2_balanced_c50_004_pqc_client_6_client.txt
-rw-r--r-- 1 cristian cristian      39 may 17 01:12 classic_p2_balanced_c50_004_pqc_client_6_summary.txt
-rw-r--r-- 1 cristian cristian    2709 may 17 01:12 classic_p2_balanced_c50_004_pqc_client_client_err.txt
-rw-r--r-- 1 cristian cristian       0 may 17 01:12 classic_p2_balanced_c50_004_pqc_client_client.txt
-rw-r--r-- 1 cristian cristian      37 may 17 01:12 classic_p2_balanced_c50_004_pqc_client_summary.txt
-rw-r--r-- 1 cristian cristian     746 may 15 19:11 classic_p2_balanced_c50_004_resource_summary.txt
=== resumen por cliente ===
[*] Perfil poisson_jitter: llegadas no sincronizadas con Poisson+jitter
[*] pqc_client <= plan: 1:0.063675 7:0.063675 13:0.063675 19:0.063675 25:0.063675 31:0.063675 37:0.063675 43:0.063675 49:0.063675
[*] pqc_client_2 <= plan: 2:0.063675 8:0.063675 14:0.063675 20:0.063675 26:0.063675 32:0.063675 38:0.063675 44:0.063675 50:0.063675
[*] pqc_client_3 <= plan: 3:0.063675 9:0.063675 15:0.063675 21:0.063675 27:0.063675 33:0.063675 39:0.063675 45:0.063675
[*] pqc_client_4 <= plan: 4:0.063675 10:0.063675 16:0.063675 22:0.063675 28:0.063675 34:0.063675 40:0.063675 46:0.063675
[*] pqc_client_5 <= plan: 5:0.063675 11:0.063675 17:0.063675 23:0.063675 29:0.063675 35:0.063675 41:0.063675 47:0.063675
[*] pqc_client_6 <= plan: 6:0.063675 12:0.063675 18:0.063675 24:0.063675 30:0.063675 36:0.063675 42:0.063675 48:0.063675
client=pqc_client total=9 ok=9 err=0
client=pqc_client_2 total=9 ok=9 err=0
client=pqc_client_3 total=8 ok=8 err=0
client=pqc_client_4 total=8 ok=8 err=0
client=pqc_client_5 total=8 ok=8 err=0
client=pqc_client_6 total=8 ok=8 err=0
[*] Resumen guardado en: results/classic_p2_balanced_c50_004_resource_summary.txt
RUN_ID: classic_p2_balanced_c50_004
CSV: results/classic_p2_balanced_c50_004_docker_stats.csv

=== Resumen CPU% y MEM% (avg / max) por contenedor ===
pqc_client_2 -> CPU avg=0.93%, CPU max=2.78%, MEM avg=0.16%, MEM max=0.21%
pqc_client_3 -> CPU avg=1.36%, CPU max=4.08%, MEM avg=0.14%, MEM max=0.17%
pqc_monitor -> CPU avg=0.08%, CPU max=0.10%, MEM avg=0.13%, MEM max=0.13%
pqc_client_4 -> CPU avg=0.23%, CPU max=0.70%, MEM avg=0.16%, MEM max=0.26%
pqc_client_5 -> CPU avg=0.13%, CPU max=0.39%, MEM avg=0.18%, MEM max=0.29%
pqc_server -> CPU avg=1.62%, CPU max=4.85%, MEM avg=0.11%, MEM max=0.11%
pqc_client_6 -> CPU avg=3.25%, CPU max=9.75%, MEM avg=0.23%, MEM max=0.34%
pqc_client -> CPU avg=1.85%, CPU max=5.54%, MEM avg=0.15%, MEM max=0.15%
[2026-05-17 01:12:22] [*] Parando captura en pqc_monitor para classic_p2_balanced_c50_004
[*] Métricas TXT guardadas en results/classic_p2_balanced_c50_004_metrics.txt
[*] Métricas CSV guardadas en results/classic_p2_balanced_c50_004_metrics.csv
[2026-05-17 01:12:46] === RUN END: classic_p2_balanced_c50_004 ===

[2026-05-17 01:12:46] === RUN START: classic_p2_balanced_c50_005 ===
[2026-05-17 01:12:46] [*] Arrancando captura en pqc_monitor (eth0) para classic_p2_balanced_c50_005
[*] Guardando muestras en: results/classic_p2_balanced_c50_005_docker_stats.csv
[*] Ejecutando comando medido: bash -lc ./scripts/run_client_once_rafaga.sh classic_p2_balanced_c50_005 50; sleep 3
[*] Ráfaga clásica completada: 50 conexiones en 6 clientes (poisson_jitter)
=== host results ===
-rw-rw-r-- 1 cristian cristian   15050 may 17 01:12 classic_p2_balanced_c50_005_client_err.txt
-rw-rw-r-- 1 cristian cristian    1049 may 17 01:12 classic_p2_balanced_c50_005_client.txt
-rwxr-xr-x 1 cristian cristian     855 may 17 01:12 classic_p2_balanced_c50_005_docker_stats.csv
-rwxr-xr-x 1 cristian cristian    1726 may 15 19:12 classic_p2_balanced_c50_005_metrics.csv
-rw-r--r-- 1 cristian cristian   29671 may 15 19:12 classic_p2_balanced_c50_005_metrics.txt
-rw-r--r-- 1 cristian cristian    2709 may 17 01:12 classic_p2_balanced_c50_005_pqc_client_2_client_err.txt
-rw-r--r-- 1 cristian cristian       0 may 17 01:12 classic_p2_balanced_c50_005_pqc_client_2_client.txt
-rw-r--r-- 1 cristian cristian      39 may 17 01:12 classic_p2_balanced_c50_005_pqc_client_2_summary.txt
-rw-r--r-- 1 cristian cristian    2408 may 17 01:12 classic_p2_balanced_c50_005_pqc_client_3_client_err.txt
-rw-r--r-- 1 cristian cristian       0 may 17 01:12 classic_p2_balanced_c50_005_pqc_client_3_client.txt
-rw-r--r-- 1 cristian cristian      39 may 17 01:12 classic_p2_balanced_c50_005_pqc_client_3_summary.txt
-rw-r--r-- 1 cristian cristian    2408 may 17 01:12 classic_p2_balanced_c50_005_pqc_client_4_client_err.txt
-rw-r--r-- 1 cristian cristian       0 may 17 01:12 classic_p2_balanced_c50_005_pqc_client_4_client.txt
-rw-r--r-- 1 cristian cristian      39 may 17 01:12 classic_p2_balanced_c50_005_pqc_client_4_summary.txt
-rw-r--r-- 1 cristian cristian    2408 may 17 01:12 classic_p2_balanced_c50_005_pqc_client_5_client_err.txt
-rw-r--r-- 1 cristian cristian       0 may 17 01:12 classic_p2_balanced_c50_005_pqc_client_5_client.txt
-rw-r--r-- 1 cristian cristian      39 may 17 01:12 classic_p2_balanced_c50_005_pqc_client_5_summary.txt
-rw-r--r-- 1 cristian cristian    2408 may 17 01:12 classic_p2_balanced_c50_005_pqc_client_6_client_err.txt
-rw-r--r-- 1 cristian cristian       0 may 17 01:12 classic_p2_balanced_c50_005_pqc_client_6_client.txt
-rw-r--r-- 1 cristian cristian      39 may 17 01:12 classic_p2_balanced_c50_005_pqc_client_6_summary.txt
-rw-r--r-- 1 cristian cristian    2709 may 17 01:12 classic_p2_balanced_c50_005_pqc_client_client_err.txt
-rw-r--r-- 1 cristian cristian       0 may 17 01:12 classic_p2_balanced_c50_005_pqc_client_client.txt
-rw-r--r-- 1 cristian cristian      37 may 17 01:12 classic_p2_balanced_c50_005_pqc_client_summary.txt
-rw-r--r-- 1 cristian cristian     746 may 15 19:12 classic_p2_balanced_c50_005_resource_summary.txt
=== resumen por cliente ===
[*] Perfil poisson_jitter: llegadas no sincronizadas con Poisson+jitter
[*] pqc_client <= plan: 1:0.078019 7:0.078019 13:0.078019 19:0.078019 25:0.078019 31:0.078019 37:0.078019 43:0.078019 49:0.078019
[*] pqc_client_2 <= plan: 2:0.078019 8:0.078019 14:0.078019 20:0.078019 26:0.078019 32:0.078019 38:0.078019 44:0.078019 50:0.078019
[*] pqc_client_3 <= plan: 3:0.078019 9:0.078019 15:0.078019 21:0.078019 27:0.078019 33:0.078019 39:0.078019 45:0.078019
[*] pqc_client_4 <= plan: 4:0.078019 10:0.078019 16:0.078019 22:0.078019 28:0.078019 34:0.078019 40:0.078019 46:0.078019
[*] pqc_client_5 <= plan: 5:0.078019 11:0.078019 17:0.078019 23:0.078019 29:0.078019 35:0.078019 41:0.078019 47:0.078019
[*] pqc_client_6 <= plan: 6:0.078019 12:0.078019 18:0.078019 24:0.078019 30:0.078019 36:0.078019 42:0.078019 48:0.078019
client=pqc_client total=9 ok=9 err=0
client=pqc_client_2 total=9 ok=9 err=0
client=pqc_client_3 total=8 ok=8 err=0
client=pqc_client_4 total=8 ok=8 err=0
client=pqc_client_5 total=8 ok=8 err=0
client=pqc_client_6 total=8 ok=8 err=0
[*] Resumen guardado en: results/classic_p2_balanced_c50_005_resource_summary.txt
RUN_ID: classic_p2_balanced_c50_005
CSV: results/classic_p2_balanced_c50_005_docker_stats.csv

=== Resumen CPU% y MEM% (avg / max) por contenedor ===
pqc_client_2 -> CPU avg=9.30%, CPU max=27.89%, MEM avg=0.19%, MEM max=0.30%
pqc_client_3 -> CPU avg=0.49%, CPU max=1.46%, MEM avg=0.16%, MEM max=0.25%
pqc_monitor -> CPU avg=0.15%, CPU max=0.32%, MEM avg=0.13%, MEM max=0.13%
pqc_client_4 -> CPU avg=0.33%, CPU max=0.98%, MEM avg=0.17%, MEM max=0.28%
pqc_client_5 -> CPU avg=0.00%, CPU max=0.00%, MEM avg=0.18%, MEM max=0.29%
pqc_server -> CPU avg=1.59%, CPU max=4.78%, MEM avg=0.11%, MEM max=0.11%
pqc_client_6 -> CPU avg=2.54%, CPU max=5.86%, MEM avg=0.23%, MEM max=0.34%
pqc_client -> CPU avg=2.23%, CPU max=6.68%, MEM avg=0.15%, MEM max=0.15%
[2026-05-17 01:12:59] [*] Parando captura en pqc_monitor para classic_p2_balanced_c50_005
[*] Métricas TXT guardadas en results/classic_p2_balanced_c50_005_metrics.txt
[*] Métricas CSV guardadas en results/classic_p2_balanced_c50_005_metrics.csv
[2026-05-17 01:13:23] === RUN END: classic_p2_balanced_c50_005 ===

[2026-05-17 01:13:23] === RUN START: classic_p2_aggressive_c50_001 ===
[2026-05-17 01:13:23] [*] Arrancando captura en pqc_monitor (eth0) para classic_p2_aggressive_c50_001
[*] Guardando muestras en: results/classic_p2_aggressive_c50_001_docker_stats.csv
[*] Ejecutando comando medido: bash -lc ./scripts/run_client_once_rafaga.sh classic_p2_aggressive_c50_001 50; sleep 3
[*] Ráfaga clásica completada: 50 conexiones en 6 clientes (poisson_jitter)
=== host results ===
-rw-rw-r-- 1 cristian cristian   15050 may 17 01:13 classic_p2_aggressive_c50_001_client_err.txt
-rw-rw-r-- 1 cristian cristian    1049 may 17 01:13 classic_p2_aggressive_c50_001_client.txt
-rwxr-xr-x 1 cristian cristian     852 may 17 01:13 classic_p2_aggressive_c50_001_docker_stats.csv
-rwxr-xr-x 1 cristian cristian    1729 may 15 19:13 classic_p2_aggressive_c50_001_metrics.csv
-rw-r--r-- 1 cristian cristian   29686 may 15 19:13 classic_p2_aggressive_c50_001_metrics.txt
-rw-r--r-- 1 cristian cristian    2709 may 17 01:13 classic_p2_aggressive_c50_001_pqc_client_2_client_err.txt
-rw-r--r-- 1 cristian cristian       0 may 17 01:13 classic_p2_aggressive_c50_001_pqc_client_2_client.txt
-rw-r--r-- 1 cristian cristian      39 may 17 01:13 classic_p2_aggressive_c50_001_pqc_client_2_summary.txt
-rw-r--r-- 1 cristian cristian    2408 may 17 01:13 classic_p2_aggressive_c50_001_pqc_client_3_client_err.txt
-rw-r--r-- 1 cristian cristian       0 may 17 01:13 classic_p2_aggressive_c50_001_pqc_client_3_client.txt
-rw-r--r-- 1 cristian cristian      39 may 17 01:13 classic_p2_aggressive_c50_001_pqc_client_3_summary.txt
-rw-r--r-- 1 cristian cristian    2408 may 17 01:13 classic_p2_aggressive_c50_001_pqc_client_4_client_err.txt
-rw-r--r-- 1 cristian cristian       0 may 17 01:13 classic_p2_aggressive_c50_001_pqc_client_4_client.txt
-rw-r--r-- 1 cristian cristian      39 may 17 01:13 classic_p2_aggressive_c50_001_pqc_client_4_summary.txt
-rw-r--r-- 1 cristian cristian    2408 may 17 01:13 classic_p2_aggressive_c50_001_pqc_client_5_client_err.txt
-rw-r--r-- 1 cristian cristian       0 may 17 01:13 classic_p2_aggressive_c50_001_pqc_client_5_client.txt
-rw-r--r-- 1 cristian cristian      39 may 17 01:13 classic_p2_aggressive_c50_001_pqc_client_5_summary.txt
-rw-r--r-- 1 cristian cristian    2408 may 17 01:13 classic_p2_aggressive_c50_001_pqc_client_6_client_err.txt
-rw-r--r-- 1 cristian cristian       0 may 17 01:13 classic_p2_aggressive_c50_001_pqc_client_6_client.txt
-rw-r--r-- 1 cristian cristian      39 may 17 01:13 classic_p2_aggressive_c50_001_pqc_client_6_summary.txt
-rw-r--r-- 1 cristian cristian    2709 may 17 01:13 classic_p2_aggressive_c50_001_pqc_client_client_err.txt
-rw-r--r-- 1 cristian cristian       0 may 17 01:13 classic_p2_aggressive_c50_001_pqc_client_client.txt
-rw-r--r-- 1 cristian cristian      37 may 17 01:13 classic_p2_aggressive_c50_001_pqc_client_summary.txt
-rw-r--r-- 1 cristian cristian     750 may 15 19:12 classic_p2_aggressive_c50_001_resource_summary.txt
=== resumen por cliente ===
[*] Perfil poisson_jitter: llegadas no sincronizadas con Poisson+jitter
[*] pqc_client <= plan: 1:0.027811 7:0.027811 13:0.027811 19:0.027811 25:0.027811 31:0.027811 37:0.027811 43:0.027811 49:0.027811
[*] pqc_client_2 <= plan: 2:0.027811 8:0.027811 14:0.027811 20:0.027811 26:0.027811 32:0.027811 38:0.027811 44:0.027811 50:0.027811
[*] pqc_client_3 <= plan: 3:0.027811 9:0.027811 15:0.027811 21:0.027811 27:0.027811 33:0.027811 39:0.027811 45:0.027811
[*] pqc_client_4 <= plan: 4:0.027811 10:0.027811 16:0.027811 22:0.027811 28:0.027811 34:0.027811 40:0.027811 46:0.027811
[*] pqc_client_5 <= plan: 5:0.027811 11:0.027811 17:0.027811 23:0.027811 29:0.027811 35:0.027811 41:0.027811 47:0.027811
[*] pqc_client_6 <= plan: 6:0.027811 12:0.027811 18:0.027811 24:0.027811 30:0.027811 36:0.027811 42:0.027811 48:0.027811
client=pqc_client total=9 ok=9 err=0
client=pqc_client_2 total=9 ok=9 err=0
client=pqc_client_3 total=8 ok=8 err=0
client=pqc_client_4 total=8 ok=8 err=0
client=pqc_client_5 total=8 ok=8 err=0
client=pqc_client_6 total=8 ok=8 err=0
[*] Resumen guardado en: results/classic_p2_aggressive_c50_001_resource_summary.txt
RUN_ID: classic_p2_aggressive_c50_001
CSV: results/classic_p2_aggressive_c50_001_docker_stats.csv

=== Resumen CPU% y MEM% (avg / max) por contenedor ===
pqc_client_2 -> CPU avg=1.55%, CPU max=4.64%, MEM avg=0.14%, MEM max=0.17%
pqc_client_3 -> CPU avg=1.45%, CPU max=4.35%, MEM avg=0.13%, MEM max=0.15%
pqc_monitor -> CPU avg=0.05%, CPU max=0.07%, MEM avg=0.13%, MEM max=0.13%
pqc_client_4 -> CPU avg=0.00%, CPU max=0.00%, MEM avg=0.17%, MEM max=0.29%
pqc_client_5 -> CPU avg=0.06%, CPU max=0.18%, MEM avg=0.18%, MEM max=0.29%
pqc_server -> CPU avg=1.71%, CPU max=5.14%, MEM avg=0.11%, MEM max=0.11%
pqc_client_6 -> CPU avg=0.03%, CPU max=0.09%, MEM avg=0.23%, MEM max=0.34%
pqc_client -> CPU avg=1.37%, CPU max=4.11%, MEM avg=0.15%, MEM max=0.15%
[2026-05-17 01:13:37] [*] Parando captura en pqc_monitor para classic_p2_aggressive_c50_001
[*] Métricas TXT guardadas en results/classic_p2_aggressive_c50_001_metrics.txt
[*] Métricas CSV guardadas en results/classic_p2_aggressive_c50_001_metrics.csv
[2026-05-17 01:14:00] === RUN END: classic_p2_aggressive_c50_001 ===

[2026-05-17 01:14:00] === RUN START: classic_p2_aggressive_c50_002 ===
[2026-05-17 01:14:00] [*] Arrancando captura en pqc_monitor (eth0) para classic_p2_aggressive_c50_002
[*] Guardando muestras en: results/classic_p2_aggressive_c50_002_docker_stats.csv
[*] Ejecutando comando medido: bash -lc ./scripts/run_client_once_rafaga.sh classic_p2_aggressive_c50_002 50; sleep 3
[*] Ráfaga clásica completada: 50 conexiones en 6 clientes (poisson_jitter)
=== host results ===
-rw-rw-r-- 1 cristian cristian   15050 may 17 01:14 classic_p2_aggressive_c50_002_client_err.txt
-rw-rw-r-- 1 cristian cristian    1049 may 17 01:14 classic_p2_aggressive_c50_002_client.txt
-rwxr-xr-x 1 cristian cristian     852 may 17 01:14 classic_p2_aggressive_c50_002_docker_stats.csv
-rwxr-xr-x 1 cristian cristian    1729 may 15 19:13 classic_p2_aggressive_c50_002_metrics.csv
-rw-r--r-- 1 cristian cristian   29687 may 15 19:13 classic_p2_aggressive_c50_002_metrics.txt
-rw-r--r-- 1 cristian cristian    2709 may 17 01:14 classic_p2_aggressive_c50_002_pqc_client_2_client_err.txt
-rw-r--r-- 1 cristian cristian       0 may 17 01:14 classic_p2_aggressive_c50_002_pqc_client_2_client.txt
-rw-r--r-- 1 cristian cristian      39 may 17 01:14 classic_p2_aggressive_c50_002_pqc_client_2_summary.txt
-rw-r--r-- 1 cristian cristian    2408 may 17 01:14 classic_p2_aggressive_c50_002_pqc_client_3_client_err.txt
-rw-r--r-- 1 cristian cristian       0 may 17 01:14 classic_p2_aggressive_c50_002_pqc_client_3_client.txt
-rw-r--r-- 1 cristian cristian      39 may 17 01:14 classic_p2_aggressive_c50_002_pqc_client_3_summary.txt
-rw-r--r-- 1 cristian cristian    2408 may 17 01:14 classic_p2_aggressive_c50_002_pqc_client_4_client_err.txt
-rw-r--r-- 1 cristian cristian       0 may 17 01:14 classic_p2_aggressive_c50_002_pqc_client_4_client.txt
-rw-r--r-- 1 cristian cristian      39 may 17 01:14 classic_p2_aggressive_c50_002_pqc_client_4_summary.txt
-rw-r--r-- 1 cristian cristian    2408 may 17 01:14 classic_p2_aggressive_c50_002_pqc_client_5_client_err.txt
-rw-r--r-- 1 cristian cristian       0 may 17 01:14 classic_p2_aggressive_c50_002_pqc_client_5_client.txt
-rw-r--r-- 1 cristian cristian      39 may 17 01:14 classic_p2_aggressive_c50_002_pqc_client_5_summary.txt
-rw-r--r-- 1 cristian cristian    2408 may 17 01:14 classic_p2_aggressive_c50_002_pqc_client_6_client_err.txt
-rw-r--r-- 1 cristian cristian       0 may 17 01:14 classic_p2_aggressive_c50_002_pqc_client_6_client.txt
-rw-r--r-- 1 cristian cristian      39 may 17 01:14 classic_p2_aggressive_c50_002_pqc_client_6_summary.txt
-rw-r--r-- 1 cristian cristian    2709 may 17 01:14 classic_p2_aggressive_c50_002_pqc_client_client_err.txt
-rw-r--r-- 1 cristian cristian       0 may 17 01:14 classic_p2_aggressive_c50_002_pqc_client_client.txt
-rw-r--r-- 1 cristian cristian      37 may 17 01:14 classic_p2_aggressive_c50_002_pqc_client_summary.txt
-rw-r--r-- 1 cristian cristian     751 may 15 19:13 classic_p2_aggressive_c50_002_resource_summary.txt
=== resumen por cliente ===
[*] Perfil poisson_jitter: llegadas no sincronizadas con Poisson+jitter
[*] pqc_client <= plan: 1:0.027902 7:0.027902 13:0.027902 19:0.027902 25:0.027902 31:0.027902 37:0.039938 43:0.039938 49:0.039938
[*] pqc_client_2 <= plan: 2:0.027902 8:0.027902 14:0.027902 20:0.027902 26:0.027902 32:0.027902 38:0.039938 44:0.039938 50:0.039938
[*] pqc_client_3 <= plan: 3:0.027902 9:0.027902 15:0.027902 21:0.027902 27:0.027902 33:0.027902 39:0.039938 45:0.039938
[*] pqc_client_4 <= plan: 4:0.027902 10:0.027902 16:0.027902 22:0.027902 28:0.027902 34:0.039938 40:0.039938 46:0.039938
[*] pqc_client_5 <= plan: 5:0.027902 11:0.027902 17:0.027902 23:0.027902 29:0.027902 35:0.039938 41:0.039938 47:0.039938
[*] pqc_client_6 <= plan: 6:0.027902 12:0.027902 18:0.027902 24:0.027902 30:0.027902 36:0.039938 42:0.039938 48:0.039938
client=pqc_client total=9 ok=9 err=0
client=pqc_client_2 total=9 ok=9 err=0
client=pqc_client_3 total=8 ok=8 err=0
client=pqc_client_4 total=8 ok=8 err=0
client=pqc_client_5 total=8 ok=8 err=0
client=pqc_client_6 total=8 ok=8 err=0
[*] Resumen guardado en: results/classic_p2_aggressive_c50_002_resource_summary.txt
RUN_ID: classic_p2_aggressive_c50_002
CSV: results/classic_p2_aggressive_c50_002_docker_stats.csv

=== Resumen CPU% y MEM% (avg / max) por contenedor ===
pqc_client_2 -> CPU avg=1.67%, CPU max=5.00%, MEM avg=0.13%, MEM max=0.13%
pqc_client_3 -> CPU avg=0.38%, CPU max=1.14%, MEM avg=0.17%, MEM max=0.26%
pqc_monitor -> CPU avg=0.13%, CPU max=0.29%, MEM avg=0.13%, MEM max=0.13%
pqc_client_4 -> CPU avg=0.48%, CPU max=1.44%, MEM avg=0.15%, MEM max=0.24%
pqc_client_5 -> CPU avg=1.79%, CPU max=5.38%, MEM avg=0.18%, MEM max=0.29%
pqc_server -> CPU avg=1.55%, CPU max=4.64%, MEM avg=0.11%, MEM max=0.11%
pqc_client_6 -> CPU avg=0.13%, CPU max=0.40%, MEM avg=0.23%, MEM max=0.34%
pqc_client -> CPU avg=10.11%, CPU max=30.34%, MEM avg=0.22%, MEM max=0.33%
[2026-05-17 01:14:14] [*] Parando captura en pqc_monitor para classic_p2_aggressive_c50_002
[*] Métricas TXT guardadas en results/classic_p2_aggressive_c50_002_metrics.txt
[*] Métricas CSV guardadas en results/classic_p2_aggressive_c50_002_metrics.csv
[2026-05-17 01:14:39] === RUN END: classic_p2_aggressive_c50_002 ===

[2026-05-17 01:14:39] === RUN START: classic_p2_aggressive_c50_003 ===
[2026-05-17 01:14:39] [*] Arrancando captura en pqc_monitor (eth0) para classic_p2_aggressive_c50_003
[*] Guardando muestras en: results/classic_p2_aggressive_c50_003_docker_stats.csv
[*] Ejecutando comando medido: bash -lc ./scripts/run_client_once_rafaga.sh classic_p2_aggressive_c50_003 50; sleep 3
[*] Ráfaga clásica completada: 50 conexiones en 6 clientes (poisson_jitter)
=== host results ===
-rw-rw-r-- 1 cristian cristian   15050 may 17 01:14 classic_p2_aggressive_c50_003_client_err.txt
-rw-rw-r-- 1 cristian cristian    1049 may 17 01:14 classic_p2_aggressive_c50_003_client.txt
-rwxr-xr-x 1 cristian cristian     854 may 17 01:14 classic_p2_aggressive_c50_003_docker_stats.csv
-rwxr-xr-x 1 cristian cristian    1727 may 15 19:14 classic_p2_aggressive_c50_003_metrics.csv
-rw-r--r-- 1 cristian cristian   29684 may 15 19:14 classic_p2_aggressive_c50_003_metrics.txt
-rw-r--r-- 1 cristian cristian    2709 may 17 01:14 classic_p2_aggressive_c50_003_pqc_client_2_client_err.txt
-rw-r--r-- 1 cristian cristian       0 may 17 01:14 classic_p2_aggressive_c50_003_pqc_client_2_client.txt
-rw-r--r-- 1 cristian cristian      39 may 17 01:14 classic_p2_aggressive_c50_003_pqc_client_2_summary.txt
-rw-r--r-- 1 cristian cristian    2408 may 17 01:14 classic_p2_aggressive_c50_003_pqc_client_3_client_err.txt
-rw-r--r-- 1 cristian cristian       0 may 17 01:14 classic_p2_aggressive_c50_003_pqc_client_3_client.txt
-rw-r--r-- 1 cristian cristian      39 may 17 01:14 classic_p2_aggressive_c50_003_pqc_client_3_summary.txt
-rw-r--r-- 1 cristian cristian    2408 may 17 01:14 classic_p2_aggressive_c50_003_pqc_client_4_client_err.txt
-rw-r--r-- 1 cristian cristian       0 may 17 01:14 classic_p2_aggressive_c50_003_pqc_client_4_client.txt
-rw-r--r-- 1 cristian cristian      39 may 17 01:14 classic_p2_aggressive_c50_003_pqc_client_4_summary.txt
-rw-r--r-- 1 cristian cristian    2408 may 17 01:14 classic_p2_aggressive_c50_003_pqc_client_5_client_err.txt
-rw-r--r-- 1 cristian cristian       0 may 17 01:14 classic_p2_aggressive_c50_003_pqc_client_5_client.txt
-rw-r--r-- 1 cristian cristian      39 may 17 01:14 classic_p2_aggressive_c50_003_pqc_client_5_summary.txt
-rw-r--r-- 1 cristian cristian    2408 may 17 01:14 classic_p2_aggressive_c50_003_pqc_client_6_client_err.txt
-rw-r--r-- 1 cristian cristian       0 may 17 01:14 classic_p2_aggressive_c50_003_pqc_client_6_client.txt
-rw-r--r-- 1 cristian cristian      39 may 17 01:14 classic_p2_aggressive_c50_003_pqc_client_6_summary.txt
-rw-r--r-- 1 cristian cristian    2709 may 17 01:14 classic_p2_aggressive_c50_003_pqc_client_client_err.txt
-rw-r--r-- 1 cristian cristian       0 may 17 01:14 classic_p2_aggressive_c50_003_pqc_client_client.txt
-rw-r--r-- 1 cristian cristian      37 may 17 01:14 classic_p2_aggressive_c50_003_pqc_client_summary.txt
-rw-r--r-- 1 cristian cristian     750 may 15 19:13 classic_p2_aggressive_c50_003_resource_summary.txt
=== resumen por cliente ===
[*] Perfil poisson_jitter: llegadas no sincronizadas con Poisson+jitter
[*] pqc_client <= plan: 1:0.038354 7:0.038354 13:0.038354 19:0.038354 25:0.038354 31:0.038354 37:0.038354 43:0.038354 49:0.038354
[*] pqc_client_2 <= plan: 2:0.038354 8:0.038354 14:0.038354 20:0.038354 26:0.038354 32:0.038354 38:0.038354 44:0.038354 50:0.038354
[*] pqc_client_3 <= plan: 3:0.038354 9:0.038354 15:0.038354 21:0.038354 27:0.038354 33:0.038354 39:0.038354 45:0.038354
[*] pqc_client_4 <= plan: 4:0.038354 10:0.038354 16:0.038354 22:0.038354 28:0.038354 34:0.038354 40:0.038354 46:0.038354
[*] pqc_client_5 <= plan: 5:0.038354 11:0.038354 17:0.038354 23:0.038354 29:0.038354 35:0.038354 41:0.038354 47:0.038354
[*] pqc_client_6 <= plan: 6:0.038354 12:0.038354 18:0.038354 24:0.038354 30:0.038354 36:0.038354 42:0.038354 48:0.038354
client=pqc_client total=9 ok=9 err=0
client=pqc_client_2 total=9 ok=9 err=0
client=pqc_client_3 total=8 ok=8 err=0
client=pqc_client_4 total=8 ok=8 err=0
client=pqc_client_5 total=8 ok=8 err=0
client=pqc_client_6 total=8 ok=8 err=0
[*] Resumen guardado en: results/classic_p2_aggressive_c50_003_resource_summary.txt
RUN_ID: classic_p2_aggressive_c50_003
CSV: results/classic_p2_aggressive_c50_003_docker_stats.csv

=== Resumen CPU% y MEM% (avg / max) por contenedor ===
pqc_client_2 -> CPU avg=0.32%, CPU max=0.95%, MEM avg=0.18%, MEM max=0.28%
pqc_client_3 -> CPU avg=1.00%, CPU max=3.00%, MEM avg=0.15%, MEM max=0.19%
pqc_monitor -> CPU avg=0.06%, CPU max=0.07%, MEM avg=0.13%, MEM max=0.13%
pqc_client_4 -> CPU avg=0.82%, CPU max=2.45%, MEM avg=0.13%, MEM max=0.16%
pqc_client_5 -> CPU avg=0.00%, CPU max=0.00%, MEM avg=0.18%, MEM max=0.29%
pqc_server -> CPU avg=1.36%, CPU max=4.09%, MEM avg=0.11%, MEM max=0.11%
pqc_client_6 -> CPU avg=0.00%, CPU max=0.00%, MEM avg=0.23%, MEM max=0.34%
pqc_client -> CPU avg=1.42%, CPU max=4.26%, MEM avg=0.16%, MEM max=0.16%
[2026-05-17 01:14:52] [*] Parando captura en pqc_monitor para classic_p2_aggressive_c50_003
[*] Métricas TXT guardadas en results/classic_p2_aggressive_c50_003_metrics.txt
[*] Métricas CSV guardadas en results/classic_p2_aggressive_c50_003_metrics.csv
[2026-05-17 01:15:16] === RUN END: classic_p2_aggressive_c50_003 ===

[2026-05-17 01:15:16] === RUN START: classic_p2_aggressive_c50_004 ===
[2026-05-17 01:15:16] [*] Arrancando captura en pqc_monitor (eth0) para classic_p2_aggressive_c50_004
[*] Guardando muestras en: results/classic_p2_aggressive_c50_004_docker_stats.csv
[*] Ejecutando comando medido: bash -lc ./scripts/run_client_once_rafaga.sh classic_p2_aggressive_c50_004 50; sleep 3
[*] Ráfaga clásica completada: 50 conexiones en 6 clientes (poisson_jitter)
=== host results ===
-rw-rw-r-- 1 cristian cristian   15050 may 17 01:15 classic_p2_aggressive_c50_004_client_err.txt
-rw-rw-r-- 1 cristian cristian    1049 may 17 01:15 classic_p2_aggressive_c50_004_client.txt
-rwxr-xr-x 1 cristian cristian     852 may 17 01:15 classic_p2_aggressive_c50_004_docker_stats.csv
-rwxr-xr-x 1 cristian cristian    1722 may 15 19:14 classic_p2_aggressive_c50_004_metrics.csv
-rw-r--r-- 1 cristian cristian   29660 may 15 19:14 classic_p2_aggressive_c50_004_metrics.txt
-rw-r--r-- 1 cristian cristian    2709 may 17 01:15 classic_p2_aggressive_c50_004_pqc_client_2_client_err.txt
-rw-r--r-- 1 cristian cristian       0 may 17 01:15 classic_p2_aggressive_c50_004_pqc_client_2_client.txt
-rw-r--r-- 1 cristian cristian      39 may 17 01:15 classic_p2_aggressive_c50_004_pqc_client_2_summary.txt
-rw-r--r-- 1 cristian cristian    2408 may 17 01:15 classic_p2_aggressive_c50_004_pqc_client_3_client_err.txt
-rw-r--r-- 1 cristian cristian       0 may 17 01:15 classic_p2_aggressive_c50_004_pqc_client_3_client.txt
-rw-r--r-- 1 cristian cristian      39 may 17 01:15 classic_p2_aggressive_c50_004_pqc_client_3_summary.txt
-rw-r--r-- 1 cristian cristian    2408 may 17 01:15 classic_p2_aggressive_c50_004_pqc_client_4_client_err.txt
-rw-r--r-- 1 cristian cristian       0 may 17 01:15 classic_p2_aggressive_c50_004_pqc_client_4_client.txt
-rw-r--r-- 1 cristian cristian      39 may 17 01:15 classic_p2_aggressive_c50_004_pqc_client_4_summary.txt
-rw-r--r-- 1 cristian cristian    2408 may 17 01:15 classic_p2_aggressive_c50_004_pqc_client_5_client_err.txt
-rw-r--r-- 1 cristian cristian       0 may 17 01:15 classic_p2_aggressive_c50_004_pqc_client_5_client.txt
-rw-r--r-- 1 cristian cristian      39 may 17 01:15 classic_p2_aggressive_c50_004_pqc_client_5_summary.txt
-rw-r--r-- 1 cristian cristian    2408 may 17 01:15 classic_p2_aggressive_c50_004_pqc_client_6_client_err.txt
-rw-r--r-- 1 cristian cristian       0 may 17 01:15 classic_p2_aggressive_c50_004_pqc_client_6_client.txt
-rw-r--r-- 1 cristian cristian      39 may 17 01:15 classic_p2_aggressive_c50_004_pqc_client_6_summary.txt
-rw-r--r-- 1 cristian cristian    2709 may 17 01:15 classic_p2_aggressive_c50_004_pqc_client_client_err.txt
-rw-r--r-- 1 cristian cristian       0 may 17 01:15 classic_p2_aggressive_c50_004_pqc_client_client.txt
-rw-r--r-- 1 cristian cristian      37 may 17 01:15 classic_p2_aggressive_c50_004_pqc_client_summary.txt
-rw-r--r-- 1 cristian cristian     752 may 15 19:14 classic_p2_aggressive_c50_004_resource_summary.txt
=== resumen por cliente ===
[*] Perfil poisson_jitter: llegadas no sincronizadas con Poisson+jitter
[*] pqc_client <= plan: 1:0.013181 7:0.013181 13:0.013181 19:0.013181 25:0.013181 31:0.013181 37:0.013181 43:0.013181 49:0.013181
[*] pqc_client_2 <= plan: 2:0.013181 8:0.013181 14:0.013181 20:0.013181 26:0.013181 32:0.013181 38:0.013181 44:0.013181 50:0.013181
[*] pqc_client_3 <= plan: 3:0.013181 9:0.013181 15:0.013181 21:0.013181 27:0.013181 33:0.013181 39:0.013181 45:0.013181
[*] pqc_client_4 <= plan: 4:0.013181 10:0.013181 16:0.013181 22:0.013181 28:0.013181 34:0.013181 40:0.013181 46:0.013181
[*] pqc_client_5 <= plan: 5:0.013181 11:0.013181 17:0.013181 23:0.013181 29:0.013181 35:0.013181 41:0.013181 47:0.013181
[*] pqc_client_6 <= plan: 6:0.013181 12:0.013181 18:0.013181 24:0.013181 30:0.013181 36:0.013181 42:0.013181 48:0.013181
client=pqc_client total=9 ok=9 err=0
client=pqc_client_2 total=9 ok=9 err=0
client=pqc_client_3 total=8 ok=8 err=0
client=pqc_client_4 total=8 ok=8 err=0
client=pqc_client_5 total=8 ok=8 err=0
client=pqc_client_6 total=8 ok=8 err=0
[*] Resumen guardado en: results/classic_p2_aggressive_c50_004_resource_summary.txt
RUN_ID: classic_p2_aggressive_c50_004
CSV: results/classic_p2_aggressive_c50_004_docker_stats.csv

=== Resumen CPU% y MEM% (avg / max) por contenedor ===
pqc_client_2 -> CPU avg=1.62%, CPU max=4.85%, MEM avg=0.13%, MEM max=0.13%
pqc_client_3 -> CPU avg=0.82%, CPU max=2.46%, MEM avg=0.16%, MEM max=0.21%
pqc_monitor -> CPU avg=0.06%, CPU max=0.08%, MEM avg=0.13%, MEM max=0.13%
pqc_client_4 -> CPU avg=0.00%, CPU max=0.00%, MEM avg=0.18%, MEM max=0.29%
pqc_client_5 -> CPU avg=0.00%, CPU max=0.00%, MEM avg=0.18%, MEM max=0.29%
pqc_server -> CPU avg=1.39%, CPU max=4.16%, MEM avg=0.11%, MEM max=0.11%
pqc_client_6 -> CPU avg=0.00%, CPU max=0.00%, MEM avg=0.23%, MEM max=0.34%
pqc_client -> CPU avg=1.78%, CPU max=5.35%, MEM avg=0.16%, MEM max=0.16%
[2026-05-17 01:15:29] [*] Parando captura en pqc_monitor para classic_p2_aggressive_c50_004
[*] Métricas TXT guardadas en results/classic_p2_aggressive_c50_004_metrics.txt
[*] Métricas CSV guardadas en results/classic_p2_aggressive_c50_004_metrics.csv
[2026-05-17 01:15:54] === RUN END: classic_p2_aggressive_c50_004 ===

[2026-05-17 01:15:54] === RUN START: classic_p2_aggressive_c50_005 ===
[2026-05-17 01:15:54] [*] Arrancando captura en pqc_monitor (eth0) para classic_p2_aggressive_c50_005
[*] Guardando muestras en: results/classic_p2_aggressive_c50_005_docker_stats.csv
[*] Ejecutando comando medido: bash -lc ./scripts/run_client_once_rafaga.sh classic_p2_aggressive_c50_005 50; sleep 3
[*] Ráfaga clásica completada: 50 conexiones en 6 clientes (poisson_jitter)
=== host results ===
-rw-rw-r-- 1 cristian cristian   15050 may 17 01:15 classic_p2_aggressive_c50_005_client_err.txt
-rw-rw-r-- 1 cristian cristian    1049 may 17 01:15 classic_p2_aggressive_c50_005_client.txt
-rwxr-xr-x 1 cristian cristian     851 may 17 01:15 classic_p2_aggressive_c50_005_docker_stats.csv
-rwxr-xr-x 1 cristian cristian    1720 may 15 19:15 classic_p2_aggressive_c50_005_metrics.csv
-rw-r--r-- 1 cristian cristian   29656 may 15 19:15 classic_p2_aggressive_c50_005_metrics.txt
-rw-r--r-- 1 cristian cristian    2709 may 17 01:15 classic_p2_aggressive_c50_005_pqc_client_2_client_err.txt
-rw-r--r-- 1 cristian cristian       0 may 17 01:15 classic_p2_aggressive_c50_005_pqc_client_2_client.txt
-rw-r--r-- 1 cristian cristian      39 may 17 01:15 classic_p2_aggressive_c50_005_pqc_client_2_summary.txt
-rw-r--r-- 1 cristian cristian    2408 may 17 01:15 classic_p2_aggressive_c50_005_pqc_client_3_client_err.txt
-rw-r--r-- 1 cristian cristian       0 may 17 01:15 classic_p2_aggressive_c50_005_pqc_client_3_client.txt
-rw-r--r-- 1 cristian cristian      39 may 17 01:15 classic_p2_aggressive_c50_005_pqc_client_3_summary.txt
-rw-r--r-- 1 cristian cristian    2408 may 17 01:15 classic_p2_aggressive_c50_005_pqc_client_4_client_err.txt
-rw-r--r-- 1 cristian cristian       0 may 17 01:15 classic_p2_aggressive_c50_005_pqc_client_4_client.txt
-rw-r--r-- 1 cristian cristian      39 may 17 01:15 classic_p2_aggressive_c50_005_pqc_client_4_summary.txt
-rw-r--r-- 1 cristian cristian    2408 may 17 01:15 classic_p2_aggressive_c50_005_pqc_client_5_client_err.txt
-rw-r--r-- 1 cristian cristian       0 may 17 01:15 classic_p2_aggressive_c50_005_pqc_client_5_client.txt
-rw-r--r-- 1 cristian cristian      39 may 17 01:15 classic_p2_aggressive_c50_005_pqc_client_5_summary.txt
-rw-r--r-- 1 cristian cristian    2408 may 17 01:15 classic_p2_aggressive_c50_005_pqc_client_6_client_err.txt
-rw-r--r-- 1 cristian cristian       0 may 17 01:15 classic_p2_aggressive_c50_005_pqc_client_6_client.txt
-rw-r--r-- 1 cristian cristian      39 may 17 01:15 classic_p2_aggressive_c50_005_pqc_client_6_summary.txt
-rw-r--r-- 1 cristian cristian    2709 may 17 01:15 classic_p2_aggressive_c50_005_pqc_client_client_err.txt
-rw-r--r-- 1 cristian cristian       0 may 17 01:15 classic_p2_aggressive_c50_005_pqc_client_client.txt
-rw-r--r-- 1 cristian cristian      37 may 17 01:15 classic_p2_aggressive_c50_005_pqc_client_summary.txt
-rw-r--r-- 1 cristian cristian     749 may 15 19:14 classic_p2_aggressive_c50_005_resource_summary.txt
=== resumen por cliente ===
[*] Perfil poisson_jitter: llegadas no sincronizadas con Poisson+jitter
[*] pqc_client <= plan: 1:0.000000 7:0.000000 13:0.022210 19:0.022210 25:0.022210 31:0.022210 37:0.022210 43:0.022210 49:0.022210
[*] pqc_client_2 <= plan: 2:0.000000 8:0.000000 14:0.022210 20:0.022210 26:0.022210 32:0.022210 38:0.022210 44:0.022210 50:0.022210
[*] pqc_client_3 <= plan: 3:0.000000 9:0.000000 15:0.022210 21:0.022210 27:0.022210 33:0.022210 39:0.022210 45:0.022210
[*] pqc_client_4 <= plan: 4:0.000000 10:0.022210 16:0.022210 22:0.022210 28:0.022210 34:0.022210 40:0.022210 46:0.022210
[*] pqc_client_5 <= plan: 5:0.000000 11:0.022210 17:0.022210 23:0.022210 29:0.022210 35:0.022210 41:0.022210 47:0.022210
[*] pqc_client_6 <= plan: 6:0.000000 12:0.022210 18:0.022210 24:0.022210 30:0.022210 36:0.022210 42:0.022210 48:0.022210
client=pqc_client total=9 ok=9 err=0
client=pqc_client_2 total=9 ok=9 err=0
client=pqc_client_3 total=8 ok=8 err=0
client=pqc_client_4 total=8 ok=8 err=0
client=pqc_client_5 total=8 ok=8 err=0
client=pqc_client_6 total=8 ok=8 err=0
[*] Resumen guardado en: results/classic_p2_aggressive_c50_005_resource_summary.txt
RUN_ID: classic_p2_aggressive_c50_005
CSV: results/classic_p2_aggressive_c50_005_docker_stats.csv

=== Resumen CPU% y MEM% (avg / max) por contenedor ===
pqc_client_2 -> CPU avg=0.70%, CPU max=2.10%, MEM avg=0.17%, MEM max=0.24%
pqc_client_3 -> CPU avg=1.14%, CPU max=3.42%, MEM avg=0.14%, MEM max=0.15%
pqc_monitor -> CPU avg=0.14%, CPU max=0.31%, MEM avg=0.13%, MEM max=0.13%
pqc_client_4 -> CPU avg=8.04%, CPU max=24.11%, MEM avg=0.18%, MEM max=0.29%
pqc_client_5 -> CPU avg=0.68%, CPU max=2.03%, MEM avg=0.15%, MEM max=0.21%
pqc_server -> CPU avg=1.51%, CPU max=4.54%, MEM avg=0.11%, MEM max=0.11%
pqc_client_6 -> CPU avg=0.00%, CPU max=0.00%, MEM avg=0.23%, MEM max=0.35%
pqc_client -> CPU avg=1.15%, CPU max=3.46%, MEM avg=0.16%, MEM max=0.16%
[2026-05-17 01:16:06] [*] Parando captura en pqc_monitor para classic_p2_aggressive_c50_005
[*] Métricas TXT guardadas en results/classic_p2_aggressive_c50_005_metrics.txt
[*] Métricas CSV guardadas en results/classic_p2_aggressive_c50_005_metrics.csv
[2026-05-17 01:16:31] === RUN END: classic_p2_aggressive_c50_005 ===

[2026-05-17 01:16:31] === RUN START: classic_p2_soft_c50_001 ===
[2026-05-17 01:16:31] [*] Arrancando captura en pqc_monitor (eth0) para classic_p2_soft_c50_001
[*] Guardando muestras en: results/classic_p2_soft_c50_001_docker_stats.csv
[*] Ejecutando comando medido: bash -lc ./scripts/run_client_once_rafaga.sh classic_p2_soft_c50_001 50; sleep 3
[*] Ráfaga clásica completada: 50 conexiones en 6 clientes (poisson_jitter)
=== host results ===
-rw-rw-r-- 1 cristian cristian   15050 may 17 01:16 classic_p2_soft_c50_001_client_err.txt
-rw-rw-r-- 1 cristian cristian    1049 may 17 01:16 classic_p2_soft_c50_001_client.txt
-rwxr-xr-x 1 cristian cristian     854 may 17 01:16 classic_p2_soft_c50_001_docker_stats.csv
-rwxr-xr-x 1 cristian cristian    1721 may 15 19:15 classic_p2_soft_c50_001_metrics.csv
-rw-r--r-- 1 cristian cristian   29643 may 15 19:15 classic_p2_soft_c50_001_metrics.txt
-rw-r--r-- 1 cristian cristian    2709 may 17 01:16 classic_p2_soft_c50_001_pqc_client_2_client_err.txt
-rw-r--r-- 1 cristian cristian       0 may 17 01:16 classic_p2_soft_c50_001_pqc_client_2_client.txt
-rw-r--r-- 1 cristian cristian      39 may 17 01:16 classic_p2_soft_c50_001_pqc_client_2_summary.txt
-rw-r--r-- 1 cristian cristian    2408 may 17 01:16 classic_p2_soft_c50_001_pqc_client_3_client_err.txt
-rw-r--r-- 1 cristian cristian       0 may 17 01:16 classic_p2_soft_c50_001_pqc_client_3_client.txt
-rw-r--r-- 1 cristian cristian      39 may 17 01:16 classic_p2_soft_c50_001_pqc_client_3_summary.txt
-rw-r--r-- 1 cristian cristian    2408 may 17 01:16 classic_p2_soft_c50_001_pqc_client_4_client_err.txt
-rw-r--r-- 1 cristian cristian       0 may 17 01:16 classic_p2_soft_c50_001_pqc_client_4_client.txt
-rw-r--r-- 1 cristian cristian      39 may 17 01:16 classic_p2_soft_c50_001_pqc_client_4_summary.txt
-rw-r--r-- 1 cristian cristian    2408 may 17 01:16 classic_p2_soft_c50_001_pqc_client_5_client_err.txt
-rw-r--r-- 1 cristian cristian       0 may 17 01:16 classic_p2_soft_c50_001_pqc_client_5_client.txt
-rw-r--r-- 1 cristian cristian      39 may 17 01:16 classic_p2_soft_c50_001_pqc_client_5_summary.txt
-rw-r--r-- 1 cristian cristian    2408 may 17 01:16 classic_p2_soft_c50_001_pqc_client_6_client_err.txt
-rw-r--r-- 1 cristian cristian       0 may 17 01:16 classic_p2_soft_c50_001_pqc_client_6_client.txt
-rw-r--r-- 1 cristian cristian      39 may 17 01:16 classic_p2_soft_c50_001_pqc_client_6_summary.txt
-rw-r--r-- 1 cristian cristian    2709 may 17 01:16 classic_p2_soft_c50_001_pqc_client_client_err.txt
-rw-r--r-- 1 cristian cristian       0 may 17 01:16 classic_p2_soft_c50_001_pqc_client_client.txt
-rw-r--r-- 1 cristian cristian      37 may 17 01:16 classic_p2_soft_c50_001_pqc_client_summary.txt
-rw-r--r-- 1 cristian cristian     739 may 15 19:15 classic_p2_soft_c50_001_resource_summary.txt
=== resumen por cliente ===
[*] Perfil poisson_jitter: llegadas no sincronizadas con Poisson+jitter
[*] pqc_client <= plan: 1:0.110453 7:0.110453 13:0.000000 19:0.000000 25:0.000000 31:0.000000 37:0.000000 43:0.000000 49:0.000000
[*] pqc_client_2 <= plan: 2:0.110453 8:0.110453 14:0.000000 20:0.000000 26:0.000000 32:0.000000 38:0.000000 44:0.000000 50:0.000000
[*] pqc_client_3 <= plan: 3:0.110453 9:0.110453 15:0.000000 21:0.000000 27:0.000000 33:0.000000 39:0.000000 45:0.000000
[*] pqc_client_4 <= plan: 4:0.110453 10:0.110453 16:0.000000 22:0.000000 28:0.000000 34:0.000000 40:0.000000 46:0.000000
[*] pqc_client_5 <= plan: 5:0.110453 11:0.110453 17:0.000000 23:0.000000 29:0.000000 35:0.000000 41:0.000000 47:0.000000
[*] pqc_client_6 <= plan: 6:0.110453 12:0.000000 18:0.000000 24:0.000000 30:0.000000 36:0.000000 42:0.000000 48:0.000000
client=pqc_client total=9 ok=9 err=0
client=pqc_client_2 total=9 ok=9 err=0
client=pqc_client_3 total=8 ok=8 err=0
client=pqc_client_4 total=8 ok=8 err=0
client=pqc_client_5 total=8 ok=8 err=0
client=pqc_client_6 total=8 ok=8 err=0
[*] Resumen guardado en: results/classic_p2_soft_c50_001_resource_summary.txt
RUN_ID: classic_p2_soft_c50_001
CSV: results/classic_p2_soft_c50_001_docker_stats.csv

=== Resumen CPU% y MEM% (avg / max) por contenedor ===
pqc_client_2 -> CPU avg=1.13%, CPU max=3.40%, MEM avg=0.14%, MEM max=0.15%
pqc_client_3 -> CPU avg=0.85%, CPU max=2.56%, MEM avg=0.15%, MEM max=0.19%
pqc_monitor -> CPU avg=0.08%, CPU max=0.11%, MEM avg=0.13%, MEM max=0.13%
pqc_client_4 -> CPU avg=0.00%, CPU max=0.00%, MEM avg=0.18%, MEM max=0.29%
pqc_client_5 -> CPU avg=0.07%, CPU max=0.21%, MEM avg=0.18%, MEM max=0.29%
pqc_server -> CPU avg=1.41%, CPU max=4.24%, MEM avg=0.11%, MEM max=0.11%
pqc_client_6 -> CPU avg=0.01%, CPU max=0.03%, MEM avg=0.24%, MEM max=0.35%
pqc_client -> CPU avg=1.44%, CPU max=4.32%, MEM avg=0.16%, MEM max=0.16%
[2026-05-17 01:16:43] [*] Parando captura en pqc_monitor para classic_p2_soft_c50_001
[*] Métricas TXT guardadas en results/classic_p2_soft_c50_001_metrics.txt
[*] Métricas CSV guardadas en results/classic_p2_soft_c50_001_metrics.csv
[2026-05-17 01:17:08] === RUN END: classic_p2_soft_c50_001 ===

[2026-05-17 01:17:08] === RUN START: classic_p2_soft_c50_002 ===
[2026-05-17 01:17:08] [*] Arrancando captura en pqc_monitor (eth0) para classic_p2_soft_c50_002
[*] Guardando muestras en: results/classic_p2_soft_c50_002_docker_stats.csv
[*] Ejecutando comando medido: bash -lc ./scripts/run_client_once_rafaga.sh classic_p2_soft_c50_002 50; sleep 3
[*] Ráfaga clásica completada: 50 conexiones en 6 clientes (poisson_jitter)
=== host results ===
-rw-rw-r-- 1 cristian cristian   15050 may 17 01:17 classic_p2_soft_c50_002_client_err.txt
-rw-rw-r-- 1 cristian cristian    1049 may 17 01:17 classic_p2_soft_c50_002_client.txt
-rwxr-xr-x 1 cristian cristian     852 may 17 01:17 classic_p2_soft_c50_002_docker_stats.csv
-rwxr-xr-x 1 cristian cristian    1720 may 15 19:16 classic_p2_soft_c50_002_metrics.csv
-rw-r--r-- 1 cristian cristian   29640 may 15 19:16 classic_p2_soft_c50_002_metrics.txt
-rw-r--r-- 1 cristian cristian    2709 may 17 01:17 classic_p2_soft_c50_002_pqc_client_2_client_err.txt
-rw-r--r-- 1 cristian cristian       0 may 17 01:17 classic_p2_soft_c50_002_pqc_client_2_client.txt
-rw-r--r-- 1 cristian cristian      39 may 17 01:17 classic_p2_soft_c50_002_pqc_client_2_summary.txt
-rw-r--r-- 1 cristian cristian    2408 may 17 01:17 classic_p2_soft_c50_002_pqc_client_3_client_err.txt
-rw-r--r-- 1 cristian cristian       0 may 17 01:17 classic_p2_soft_c50_002_pqc_client_3_client.txt
-rw-r--r-- 1 cristian cristian      39 may 17 01:17 classic_p2_soft_c50_002_pqc_client_3_summary.txt
-rw-r--r-- 1 cristian cristian    2408 may 17 01:17 classic_p2_soft_c50_002_pqc_client_4_client_err.txt
-rw-r--r-- 1 cristian cristian       0 may 17 01:17 classic_p2_soft_c50_002_pqc_client_4_client.txt
-rw-r--r-- 1 cristian cristian      39 may 17 01:17 classic_p2_soft_c50_002_pqc_client_4_summary.txt
-rw-r--r-- 1 cristian cristian    2408 may 17 01:17 classic_p2_soft_c50_002_pqc_client_5_client_err.txt
-rw-r--r-- 1 cristian cristian       0 may 17 01:17 classic_p2_soft_c50_002_pqc_client_5_client.txt
-rw-r--r-- 1 cristian cristian      39 may 17 01:17 classic_p2_soft_c50_002_pqc_client_5_summary.txt
-rw-r--r-- 1 cristian cristian    2408 may 17 01:17 classic_p2_soft_c50_002_pqc_client_6_client_err.txt
-rw-r--r-- 1 cristian cristian       0 may 17 01:17 classic_p2_soft_c50_002_pqc_client_6_client.txt
-rw-r--r-- 1 cristian cristian      39 may 17 01:17 classic_p2_soft_c50_002_pqc_client_6_summary.txt
-rw-r--r-- 1 cristian cristian    2709 may 17 01:17 classic_p2_soft_c50_002_pqc_client_client_err.txt
-rw-r--r-- 1 cristian cristian       0 may 17 01:17 classic_p2_soft_c50_002_pqc_client_client.txt
-rw-r--r-- 1 cristian cristian      37 may 17 01:17 classic_p2_soft_c50_002_pqc_client_summary.txt
-rw-r--r-- 1 cristian cristian     738 may 15 19:16 classic_p2_soft_c50_002_resource_summary.txt
=== resumen por cliente ===
[*] Perfil poisson_jitter: llegadas no sincronizadas con Poisson+jitter
[*] pqc_client <= plan: 1:0.119170 7:0.119170 13:0.119170 19:0.119170 25:0.119170 31:0.119170 37:0.119170 43:0.119170 49:0.119170
[*] pqc_client_2 <= plan: 2:0.119170 8:0.119170 14:0.119170 20:0.119170 26:0.119170 32:0.119170 38:0.119170 44:0.119170 50:0.119170
[*] pqc_client_3 <= plan: 3:0.119170 9:0.119170 15:0.119170 21:0.119170 27:0.119170 33:0.119170 39:0.119170 45:0.119170
[*] pqc_client_4 <= plan: 4:0.119170 10:0.119170 16:0.119170 22:0.119170 28:0.119170 34:0.119170 40:0.119170 46:0.119170
[*] pqc_client_5 <= plan: 5:0.119170 11:0.119170 17:0.119170 23:0.119170 29:0.119170 35:0.119170 41:0.119170 47:0.119170
[*] pqc_client_6 <= plan: 6:0.119170 12:0.119170 18:0.119170 24:0.119170 30:0.119170 36:0.119170 42:0.119170 48:0.119170
client=pqc_client total=9 ok=9 err=0
client=pqc_client_2 total=9 ok=9 err=0
client=pqc_client_3 total=8 ok=8 err=0
client=pqc_client_4 total=8 ok=8 err=0
client=pqc_client_5 total=8 ok=8 err=0
client=pqc_client_6 total=8 ok=8 err=0
[*] Resumen guardado en: results/classic_p2_soft_c50_002_resource_summary.txt
RUN_ID: classic_p2_soft_c50_002
CSV: results/classic_p2_soft_c50_002_docker_stats.csv

=== Resumen CPU% y MEM% (avg / max) por contenedor ===
pqc_client_2 -> CPU avg=1.66%, CPU max=4.97%, MEM avg=0.13%, MEM max=0.13%
pqc_client_3 -> CPU avg=0.69%, CPU max=2.07%, MEM avg=0.17%, MEM max=0.24%
pqc_monitor -> CPU avg=0.05%, CPU max=0.07%, MEM avg=0.13%, MEM max=0.13%
pqc_client_4 -> CPU avg=0.00%, CPU max=0.00%, MEM avg=0.18%, MEM max=0.29%
pqc_client_5 -> CPU avg=0.00%, CPU max=0.00%, MEM avg=0.18%, MEM max=0.29%
pqc_server -> CPU avg=1.41%, CPU max=4.23%, MEM avg=0.11%, MEM max=0.11%
pqc_client_6 -> CPU avg=0.10%, CPU max=0.29%, MEM avg=0.24%, MEM max=0.35%
pqc_client -> CPU avg=2.01%, CPU max=6.04%, MEM avg=0.16%, MEM max=0.16%
[2026-05-17 01:17:21] [*] Parando captura en pqc_monitor para classic_p2_soft_c50_002
[*] Métricas TXT guardadas en results/classic_p2_soft_c50_002_metrics.txt
[*] Métricas CSV guardadas en results/classic_p2_soft_c50_002_metrics.csv
[2026-05-17 01:17:45] === RUN END: classic_p2_soft_c50_002 ===

[2026-05-17 01:17:45] === RUN START: classic_p2_soft_c50_003 ===
[2026-05-17 01:17:45] [*] Arrancando captura en pqc_monitor (eth0) para classic_p2_soft_c50_003
[*] Guardando muestras en: results/classic_p2_soft_c50_003_docker_stats.csv
[*] Ejecutando comando medido: bash -lc ./scripts/run_client_once_rafaga.sh classic_p2_soft_c50_003 50; sleep 3
[*] Ráfaga clásica completada: 50 conexiones en 6 clientes (poisson_jitter)
=== host results ===
-rw-rw-r-- 1 cristian cristian   15050 may 17 01:17 classic_p2_soft_c50_003_client_err.txt
-rw-rw-r-- 1 cristian cristian    1049 may 17 01:17 classic_p2_soft_c50_003_client.txt
-rwxr-xr-x 1 cristian cristian     849 may 17 01:17 classic_p2_soft_c50_003_docker_stats.csv
-rwxr-xr-x 1 cristian cristian    1723 may 15 19:16 classic_p2_soft_c50_003_metrics.csv
-rw-r--r-- 1 cristian cristian   29644 may 15 19:16 classic_p2_soft_c50_003_metrics.txt
-rw-r--r-- 1 cristian cristian    2709 may 17 01:17 classic_p2_soft_c50_003_pqc_client_2_client_err.txt
-rw-r--r-- 1 cristian cristian       0 may 17 01:17 classic_p2_soft_c50_003_pqc_client_2_client.txt
-rw-r--r-- 1 cristian cristian      39 may 17 01:17 classic_p2_soft_c50_003_pqc_client_2_summary.txt
-rw-r--r-- 1 cristian cristian    2408 may 17 01:17 classic_p2_soft_c50_003_pqc_client_3_client_err.txt
-rw-r--r-- 1 cristian cristian       0 may 17 01:17 classic_p2_soft_c50_003_pqc_client_3_client.txt
-rw-r--r-- 1 cristian cristian      39 may 17 01:17 classic_p2_soft_c50_003_pqc_client_3_summary.txt
-rw-r--r-- 1 cristian cristian    2408 may 17 01:17 classic_p2_soft_c50_003_pqc_client_4_client_err.txt
-rw-r--r-- 1 cristian cristian       0 may 17 01:17 classic_p2_soft_c50_003_pqc_client_4_client.txt
-rw-r--r-- 1 cristian cristian      39 may 17 01:17 classic_p2_soft_c50_003_pqc_client_4_summary.txt
-rw-r--r-- 1 cristian cristian    2408 may 17 01:17 classic_p2_soft_c50_003_pqc_client_5_client_err.txt
-rw-r--r-- 1 cristian cristian       0 may 17 01:17 classic_p2_soft_c50_003_pqc_client_5_client.txt
-rw-r--r-- 1 cristian cristian      39 may 17 01:17 classic_p2_soft_c50_003_pqc_client_5_summary.txt
-rw-r--r-- 1 cristian cristian    2408 may 17 01:17 classic_p2_soft_c50_003_pqc_client_6_client_err.txt
-rw-r--r-- 1 cristian cristian       0 may 17 01:17 classic_p2_soft_c50_003_pqc_client_6_client.txt
-rw-r--r-- 1 cristian cristian      39 may 17 01:17 classic_p2_soft_c50_003_pqc_client_6_summary.txt
-rw-r--r-- 1 cristian cristian    2709 may 17 01:17 classic_p2_soft_c50_003_pqc_client_client_err.txt
-rw-r--r-- 1 cristian cristian       0 may 17 01:17 classic_p2_soft_c50_003_pqc_client_client.txt
-rw-r--r-- 1 cristian cristian      37 may 17 01:17 classic_p2_soft_c50_003_pqc_client_summary.txt
-rw-r--r-- 1 cristian cristian     738 may 15 19:16 classic_p2_soft_c50_003_resource_summary.txt
=== resumen por cliente ===
[*] Perfil poisson_jitter: llegadas no sincronizadas con Poisson+jitter
[*] pqc_client <= plan: 1:0.181221 7:0.181221 13:0.181221 19:0.181221 25:0.181221 31:0.181221 37:0.181221 43:0.181221 49:0.181221
[*] pqc_client_2 <= plan: 2:0.181221 8:0.181221 14:0.181221 20:0.181221 26:0.181221 32:0.181221 38:0.181221 44:0.181221 50:0.181221
[*] pqc_client_3 <= plan: 3:0.181221 9:0.181221 15:0.181221 21:0.181221 27:0.181221 33:0.181221 39:0.181221 45:0.181221
[*] pqc_client_4 <= plan: 4:0.181221 10:0.181221 16:0.181221 22:0.181221 28:0.181221 34:0.181221 40:0.181221 46:0.181221
[*] pqc_client_5 <= plan: 5:0.181221 11:0.181221 17:0.181221 23:0.181221 29:0.181221 35:0.181221 41:0.181221 47:0.181221
[*] pqc_client_6 <= plan: 6:0.181221 12:0.181221 18:0.181221 24:0.181221 30:0.181221 36:0.181221 42:0.181221 48:0.181221
client=pqc_client total=9 ok=9 err=0
client=pqc_client_2 total=9 ok=9 err=0
client=pqc_client_3 total=8 ok=8 err=0
client=pqc_client_4 total=8 ok=8 err=0
client=pqc_client_5 total=8 ok=8 err=0
client=pqc_client_6 total=8 ok=8 err=0
[*] Resumen guardado en: results/classic_p2_soft_c50_003_resource_summary.txt
RUN_ID: classic_p2_soft_c50_003
CSV: results/classic_p2_soft_c50_003_docker_stats.csv

=== Resumen CPU% y MEM% (avg / max) por contenedor ===
pqc_client_2 -> CPU avg=1.83%, CPU max=5.49%, MEM avg=0.13%, MEM max=0.13%
pqc_client_3 -> CPU avg=0.60%, CPU max=1.79%, MEM avg=0.17%, MEM max=0.24%
pqc_monitor -> CPU avg=0.12%, CPU max=0.19%, MEM avg=0.13%, MEM max=0.13%
pqc_client_4 -> CPU avg=0.00%, CPU max=0.00%, MEM avg=0.18%, MEM max=0.29%
pqc_client_5 -> CPU avg=8.03%, CPU max=24.10%, MEM avg=0.18%, MEM max=0.29%
pqc_server -> CPU avg=1.41%, CPU max=4.23%, MEM avg=0.11%, MEM max=0.11%
pqc_client_6 -> CPU avg=0.04%, CPU max=0.11%, MEM avg=0.24%, MEM max=0.35%
pqc_client -> CPU avg=1.71%, CPU max=5.14%, MEM avg=0.16%, MEM max=0.16%
[2026-05-17 01:17:58] [*] Parando captura en pqc_monitor para classic_p2_soft_c50_003
[*] Métricas TXT guardadas en results/classic_p2_soft_c50_003_metrics.txt
[*] Métricas CSV guardadas en results/classic_p2_soft_c50_003_metrics.csv
[2026-05-17 01:18:22] === RUN END: classic_p2_soft_c50_003 ===

[2026-05-17 01:18:22] === RUN START: classic_p2_soft_c50_004 ===
[2026-05-17 01:18:22] [*] Arrancando captura en pqc_monitor (eth0) para classic_p2_soft_c50_004
[*] Guardando muestras en: results/classic_p2_soft_c50_004_docker_stats.csv
[*] Ejecutando comando medido: bash -lc ./scripts/run_client_once_rafaga.sh classic_p2_soft_c50_004 50; sleep 3
[*] Ráfaga clásica completada: 50 conexiones en 6 clientes (poisson_jitter)
=== host results ===
-rw-rw-r-- 1 cristian cristian   15050 may 17 01:18 classic_p2_soft_c50_004_client_err.txt
-rw-rw-r-- 1 cristian cristian    1049 may 17 01:18 classic_p2_soft_c50_004_client.txt
-rwxr-xr-x 1 cristian cristian     842 may 17 01:18 classic_p2_soft_c50_004_docker_stats.csv
-rwxr-xr-x 1 cristian cristian    1722 may 15 19:17 classic_p2_soft_c50_004_metrics.csv
-rw-r--r-- 1 cristian cristian   29646 may 15 19:17 classic_p2_soft_c50_004_metrics.txt
-rw-r--r-- 1 cristian cristian    2709 may 17 01:18 classic_p2_soft_c50_004_pqc_client_2_client_err.txt
-rw-r--r-- 1 cristian cristian       0 may 17 01:18 classic_p2_soft_c50_004_pqc_client_2_client.txt
-rw-r--r-- 1 cristian cristian      39 may 17 01:18 classic_p2_soft_c50_004_pqc_client_2_summary.txt
-rw-r--r-- 1 cristian cristian    2408 may 17 01:18 classic_p2_soft_c50_004_pqc_client_3_client_err.txt
-rw-r--r-- 1 cristian cristian       0 may 17 01:18 classic_p2_soft_c50_004_pqc_client_3_client.txt
-rw-r--r-- 1 cristian cristian      39 may 17 01:18 classic_p2_soft_c50_004_pqc_client_3_summary.txt
-rw-r--r-- 1 cristian cristian    2408 may 17 01:18 classic_p2_soft_c50_004_pqc_client_4_client_err.txt
-rw-r--r-- 1 cristian cristian       0 may 17 01:18 classic_p2_soft_c50_004_pqc_client_4_client.txt
-rw-r--r-- 1 cristian cristian      39 may 17 01:18 classic_p2_soft_c50_004_pqc_client_4_summary.txt
-rw-r--r-- 1 cristian cristian    2408 may 17 01:18 classic_p2_soft_c50_004_pqc_client_5_client_err.txt
-rw-r--r-- 1 cristian cristian       0 may 17 01:18 classic_p2_soft_c50_004_pqc_client_5_client.txt
-rw-r--r-- 1 cristian cristian      39 may 17 01:18 classic_p2_soft_c50_004_pqc_client_5_summary.txt
-rw-r--r-- 1 cristian cristian    2408 may 17 01:18 classic_p2_soft_c50_004_pqc_client_6_client_err.txt
-rw-r--r-- 1 cristian cristian       0 may 17 01:18 classic_p2_soft_c50_004_pqc_client_6_client.txt
-rw-r--r-- 1 cristian cristian      39 may 17 01:18 classic_p2_soft_c50_004_pqc_client_6_summary.txt
-rw-r--r-- 1 cristian cristian    2709 may 17 01:18 classic_p2_soft_c50_004_pqc_client_client_err.txt
-rw-r--r-- 1 cristian cristian       0 may 17 01:18 classic_p2_soft_c50_004_pqc_client_client.txt
-rw-r--r-- 1 cristian cristian      37 may 17 01:18 classic_p2_soft_c50_004_pqc_client_summary.txt
-rw-r--r-- 1 cristian cristian     741 may 15 19:17 classic_p2_soft_c50_004_resource_summary.txt
=== resumen por cliente ===
[*] Perfil poisson_jitter: llegadas no sincronizadas con Poisson+jitter
[*] pqc_client <= plan: 1:0.097827 7:0.097827 13:0.097827 19:0.097827 25:0.097827 31:0.097827 37:0.097827 43:0.097827 49:0.097827
[*] pqc_client_2 <= plan: 2:0.097827 8:0.097827 14:0.097827 20:0.097827 26:0.097827 32:0.097827 38:0.097827 44:0.097827 50:0.097827
[*] pqc_client_3 <= plan: 3:0.097827 9:0.097827 15:0.097827 21:0.097827 27:0.097827 33:0.097827 39:0.097827 45:0.097827
[*] pqc_client_4 <= plan: 4:0.097827 10:0.097827 16:0.097827 22:0.097827 28:0.097827 34:0.097827 40:0.097827 46:0.097827
[*] pqc_client_5 <= plan: 5:0.097827 11:0.097827 17:0.097827 23:0.097827 29:0.097827 35:0.097827 41:0.097827 47:0.097827
[*] pqc_client_6 <= plan: 6:0.097827 12:0.097827 18:0.097827 24:0.097827 30:0.097827 36:0.097827 42:0.097827 48:0.097827
client=pqc_client total=9 ok=9 err=0
client=pqc_client_2 total=9 ok=9 err=0
client=pqc_client_3 total=8 ok=8 err=0
client=pqc_client_4 total=8 ok=8 err=0
client=pqc_client_5 total=8 ok=8 err=0
client=pqc_client_6 total=8 ok=8 err=0
[*] Resumen guardado en: results/classic_p2_soft_c50_004_resource_summary.txt
RUN_ID: classic_p2_soft_c50_004
CSV: results/classic_p2_soft_c50_004_docker_stats.csv

=== Resumen CPU% y MEM% (avg / max) por contenedor ===
pqc_client_2 -> CPU avg=2.20%, CPU max=6.61%, MEM avg=0.13%, MEM max=0.13%
pqc_client_3 -> CPU avg=0.16%, CPU max=0.48%, MEM avg=0.18%, MEM max=0.28%
pqc_monitor -> CPU avg=0.07%, CPU max=0.11%, MEM avg=0.13%, MEM max=0.13%
pqc_client_4 -> CPU avg=0.00%, CPU max=0.00%, MEM avg=0.18%, MEM max=0.29%
pqc_client_5 -> CPU avg=0.00%, CPU max=0.00%, MEM avg=0.18%, MEM max=0.29%
pqc_server -> CPU avg=1.08%, CPU max=3.25%, MEM avg=0.11%, MEM max=0.11%
pqc_client_6 -> CPU avg=0.00%, CPU max=0.00%, MEM avg=0.24%, MEM max=0.35%
pqc_client -> CPU avg=1.34%, CPU max=4.02%, MEM avg=0.16%, MEM max=0.16%
[2026-05-17 01:18:35] [*] Parando captura en pqc_monitor para classic_p2_soft_c50_004
[*] Métricas TXT guardadas en results/classic_p2_soft_c50_004_metrics.txt
[*] Métricas CSV guardadas en results/classic_p2_soft_c50_004_metrics.csv
[2026-05-17 01:18:59] === RUN END: classic_p2_soft_c50_004 ===

[2026-05-17 01:18:59] === RUN START: classic_p2_soft_c50_005 ===
[2026-05-17 01:18:59] [*] Arrancando captura en pqc_monitor (eth0) para classic_p2_soft_c50_005
[*] Guardando muestras en: results/classic_p2_soft_c50_005_docker_stats.csv
[*] Ejecutando comando medido: bash -lc ./scripts/run_client_once_rafaga.sh classic_p2_soft_c50_005 50; sleep 3
[*] Ráfaga clásica completada: 50 conexiones en 6 clientes (poisson_jitter)
=== host results ===
-rw-rw-r-- 1 cristian cristian   15050 may 17 01:19 classic_p2_soft_c50_005_client_err.txt
-rw-rw-r-- 1 cristian cristian    1049 may 17 01:19 classic_p2_soft_c50_005_client.txt
-rwxr-xr-x 1 cristian cristian     854 may 17 01:19 classic_p2_soft_c50_005_docker_stats.csv
-rwxr-xr-x 1 cristian cristian    1722 may 15 19:17 classic_p2_soft_c50_005_metrics.csv
-rw-r--r-- 1 cristian cristian   29641 may 15 19:17 classic_p2_soft_c50_005_metrics.txt
-rw-r--r-- 1 cristian cristian    2709 may 17 01:19 classic_p2_soft_c50_005_pqc_client_2_client_err.txt
-rw-r--r-- 1 cristian cristian       0 may 17 01:19 classic_p2_soft_c50_005_pqc_client_2_client.txt
-rw-r--r-- 1 cristian cristian      39 may 17 01:19 classic_p2_soft_c50_005_pqc_client_2_summary.txt
-rw-r--r-- 1 cristian cristian    2408 may 17 01:19 classic_p2_soft_c50_005_pqc_client_3_client_err.txt
-rw-r--r-- 1 cristian cristian       0 may 17 01:19 classic_p2_soft_c50_005_pqc_client_3_client.txt
-rw-r--r-- 1 cristian cristian      39 may 17 01:19 classic_p2_soft_c50_005_pqc_client_3_summary.txt
-rw-r--r-- 1 cristian cristian    2408 may 17 01:19 classic_p2_soft_c50_005_pqc_client_4_client_err.txt
-rw-r--r-- 1 cristian cristian       0 may 17 01:19 classic_p2_soft_c50_005_pqc_client_4_client.txt
-rw-r--r-- 1 cristian cristian      39 may 17 01:19 classic_p2_soft_c50_005_pqc_client_4_summary.txt
-rw-r--r-- 1 cristian cristian    2408 may 17 01:19 classic_p2_soft_c50_005_pqc_client_5_client_err.txt
-rw-r--r-- 1 cristian cristian       0 may 17 01:19 classic_p2_soft_c50_005_pqc_client_5_client.txt
-rw-r--r-- 1 cristian cristian      39 may 17 01:19 classic_p2_soft_c50_005_pqc_client_5_summary.txt
-rw-r--r-- 1 cristian cristian    2408 may 17 01:19 classic_p2_soft_c50_005_pqc_client_6_client_err.txt
-rw-r--r-- 1 cristian cristian       0 may 17 01:19 classic_p2_soft_c50_005_pqc_client_6_client.txt
-rw-r--r-- 1 cristian cristian      39 may 17 01:19 classic_p2_soft_c50_005_pqc_client_6_summary.txt
-rw-r--r-- 1 cristian cristian    2709 may 17 01:19 classic_p2_soft_c50_005_pqc_client_client_err.txt
-rw-r--r-- 1 cristian cristian       0 may 17 01:19 classic_p2_soft_c50_005_pqc_client_client.txt
-rw-r--r-- 1 cristian cristian      37 may 17 01:19 classic_p2_soft_c50_005_pqc_client_summary.txt
-rw-r--r-- 1 cristian cristian     737 may 15 19:17 classic_p2_soft_c50_005_resource_summary.txt
=== resumen por cliente ===
[*] Perfil poisson_jitter: llegadas no sincronizadas con Poisson+jitter
[*] pqc_client <= plan: 1:0.407326 7:0.407326 13:0.407326 19:0.407326 25:0.407326 31:0.407326 37:0.407326 43:0.407326 49:0.407326
[*] pqc_client_2 <= plan: 2:0.407326 8:0.407326 14:0.407326 20:0.407326 26:0.407326 32:0.407326 38:0.407326 44:0.407326 50:0.407326
[*] pqc_client_3 <= plan: 3:0.407326 9:0.407326 15:0.407326 21:0.407326 27:0.407326 33:0.407326 39:0.407326 45:0.407326
[*] pqc_client_4 <= plan: 4:0.407326 10:0.407326 16:0.407326 22:0.407326 28:0.407326 34:0.407326 40:0.407326 46:0.407326
[*] pqc_client_5 <= plan: 5:0.407326 11:0.407326 17:0.407326 23:0.407326 29:0.407326 35:0.407326 41:0.407326 47:0.407326
[*] pqc_client_6 <= plan: 6:0.407326 12:0.407326 18:0.407326 24:0.407326 30:0.407326 36:0.407326 42:0.407326 48:0.407326
client=pqc_client total=9 ok=9 err=0
client=pqc_client_2 total=9 ok=9 err=0
client=pqc_client_3 total=8 ok=8 err=0
client=pqc_client_4 total=8 ok=8 err=0
client=pqc_client_5 total=8 ok=8 err=0
client=pqc_client_6 total=8 ok=8 err=0
[*] Resumen guardado en: results/classic_p2_soft_c50_005_resource_summary.txt
RUN_ID: classic_p2_soft_c50_005
CSV: results/classic_p2_soft_c50_005_docker_stats.csv

=== Resumen CPU% y MEM% (avg / max) por contenedor ===
pqc_client_2 -> CPU avg=3.20%, CPU max=9.61%, MEM avg=0.17%, MEM max=0.24%
pqc_client_3 -> CPU avg=2.86%, CPU max=8.59%, MEM avg=0.15%, MEM max=0.18%
pqc_monitor -> CPU avg=0.07%, CPU max=0.11%, MEM avg=0.13%, MEM max=0.13%
pqc_client_4 -> CPU avg=3.37%, CPU max=10.10%, MEM avg=0.18%, MEM max=0.29%
pqc_client_5 -> CPU avg=3.72%, CPU max=11.16%, MEM avg=0.18%, MEM max=0.29%
pqc_server -> CPU avg=1.59%, CPU max=4.78%, MEM avg=0.11%, MEM max=0.11%
pqc_client_6 -> CPU avg=3.85%, CPU max=11.55%, MEM avg=0.24%, MEM max=0.35%
pqc_client -> CPU avg=4.37%, CPU max=13.12%, MEM avg=0.18%, MEM max=0.21%
[2026-05-17 01:19:12] [*] Parando captura en pqc_monitor para classic_p2_soft_c50_005
[*] Métricas TXT guardadas en results/classic_p2_soft_c50_005_metrics.txt
[*] Métricas CSV guardadas en results/classic_p2_soft_c50_005_metrics.csv
[2026-05-17 01:19:37] === RUN END: classic_p2_soft_c50_005 ===

[2026-05-17 01:19:37] === RUN START: classic_p2_stress_c50_001 ===
[2026-05-17 01:19:37] [*] Arrancando captura en pqc_monitor (eth0) para classic_p2_stress_c50_001
[*] Guardando muestras en: results/classic_p2_stress_c50_001_docker_stats.csv
[*] Ejecutando comando medido: bash -lc ./scripts/run_client_once_rafaga.sh classic_p2_stress_c50_001 50; sleep 3
[*] Ráfaga clásica completada: 50 conexiones en 6 clientes (stress)
=== host results ===
-rw-rw-r-- 1 cristian cristian   15050 may 17 01:19 classic_p2_stress_c50_001_client_err.txt
-rw-rw-r-- 1 cristian cristian     690 may 17 01:19 classic_p2_stress_c50_001_client.txt
-rwxr-xr-x 1 cristian cristian     852 may 17 01:19 classic_p2_stress_c50_001_docker_stats.csv
-rwxr-xr-x 1 cristian cristian    1724 may 15 19:18 classic_p2_stress_c50_001_metrics.csv
-rw-r--r-- 1 cristian cristian   29326 may 15 19:18 classic_p2_stress_c50_001_metrics.txt
-rw-r--r-- 1 cristian cristian    2709 may 17 01:19 classic_p2_stress_c50_001_pqc_client_2_client_err.txt
-rw-r--r-- 1 cristian cristian       0 may 17 01:19 classic_p2_stress_c50_001_pqc_client_2_client.txt
-rw-r--r-- 1 cristian cristian      39 may 17 01:19 classic_p2_stress_c50_001_pqc_client_2_summary.txt
-rw-r--r-- 1 cristian cristian    2408 may 17 01:19 classic_p2_stress_c50_001_pqc_client_3_client_err.txt
-rw-r--r-- 1 cristian cristian       0 may 17 01:19 classic_p2_stress_c50_001_pqc_client_3_client.txt
-rw-r--r-- 1 cristian cristian      39 may 17 01:19 classic_p2_stress_c50_001_pqc_client_3_summary.txt
-rw-r--r-- 1 cristian cristian    2408 may 17 01:19 classic_p2_stress_c50_001_pqc_client_4_client_err.txt
-rw-r--r-- 1 cristian cristian       0 may 17 01:19 classic_p2_stress_c50_001_pqc_client_4_client.txt
-rw-r--r-- 1 cristian cristian      39 may 17 01:19 classic_p2_stress_c50_001_pqc_client_4_summary.txt
-rw-r--r-- 1 cristian cristian    2408 may 17 01:19 classic_p2_stress_c50_001_pqc_client_5_client_err.txt
-rw-r--r-- 1 cristian cristian       0 may 17 01:19 classic_p2_stress_c50_001_pqc_client_5_client.txt
-rw-r--r-- 1 cristian cristian      39 may 17 01:19 classic_p2_stress_c50_001_pqc_client_5_summary.txt
-rw-r--r-- 1 cristian cristian    2408 may 17 01:19 classic_p2_stress_c50_001_pqc_client_6_client_err.txt
-rw-r--r-- 1 cristian cristian       0 may 17 01:19 classic_p2_stress_c50_001_pqc_client_6_client.txt
-rw-r--r-- 1 cristian cristian      39 may 17 01:19 classic_p2_stress_c50_001_pqc_client_6_summary.txt
-rw-r--r-- 1 cristian cristian    2709 may 17 01:19 classic_p2_stress_c50_001_pqc_client_client_err.txt
-rw-r--r-- 1 cristian cristian       0 may 17 01:19 classic_p2_stress_c50_001_pqc_client_client.txt
-rw-r--r-- 1 cristian cristian      37 may 17 01:19 classic_p2_stress_c50_001_pqc_client_summary.txt
-rw-r--r-- 1 cristian cristian     743 may 15 19:18 classic_p2_stress_c50_001_resource_summary.txt
=== resumen por cliente ===
[*] Perfil stress: conexiones totalmente paralelas por cliente
[*] pqc_client <= plan: 1:0 7:0 13:0 19:0 25:0 31:0 37:0 43:0 49:0
[*] pqc_client_2 <= plan: 2:0 8:0 14:0 20:0 26:0 32:0 38:0 44:0 50:0
[*] pqc_client_3 <= plan: 3:0 9:0 15:0 21:0 27:0 33:0 39:0 45:0
[*] pqc_client_4 <= plan: 4:0 10:0 16:0 22:0 28:0 34:0 40:0 46:0
[*] pqc_client_5 <= plan: 5:0 11:0 17:0 23:0 29:0 35:0 41:0 47:0
[*] pqc_client_6 <= plan: 6:0 12:0 18:0 24:0 30:0 36:0 42:0 48:0
client=pqc_client total=9 ok=9 err=0
client=pqc_client_2 total=9 ok=9 err=0
client=pqc_client_3 total=8 ok=8 err=0
client=pqc_client_4 total=8 ok=8 err=0
client=pqc_client_5 total=8 ok=8 err=0
client=pqc_client_6 total=8 ok=8 err=0
[*] Resumen guardado en: results/classic_p2_stress_c50_001_resource_summary.txt
RUN_ID: classic_p2_stress_c50_001
CSV: results/classic_p2_stress_c50_001_docker_stats.csv

=== Resumen CPU% y MEM% (avg / max) por contenedor ===
pqc_client_2 -> CPU avg=1.71%, CPU max=5.14%, MEM avg=0.13%, MEM max=0.13%
pqc_client_3 -> CPU avg=0.82%, CPU max=2.47%, MEM avg=0.15%, MEM max=0.20%
pqc_monitor -> CPU avg=0.08%, CPU max=0.16%, MEM avg=0.13%, MEM max=0.13%
pqc_client_4 -> CPU avg=0.98%, CPU max=2.94%, MEM avg=0.14%, MEM max=0.19%
pqc_client_5 -> CPU avg=0.00%, CPU max=0.00%, MEM avg=0.18%, MEM max=0.30%
pqc_server -> CPU avg=1.21%, CPU max=3.63%, MEM avg=0.11%, MEM max=0.11%
pqc_client_6 -> CPU avg=0.00%, CPU max=0.00%, MEM avg=0.24%, MEM max=0.35%
pqc_client -> CPU avg=0.00%, CPU max=0.00%, MEM avg=0.16%, MEM max=0.16%
[2026-05-17 01:19:49] [*] Parando captura en pqc_monitor para classic_p2_stress_c50_001
[*] Métricas TXT guardadas en results/classic_p2_stress_c50_001_metrics.txt
[*] Métricas CSV guardadas en results/classic_p2_stress_c50_001_metrics.csv
[2026-05-17 01:20:13] === RUN END: classic_p2_stress_c50_001 ===

[2026-05-17 01:20:13] === RUN START: classic_p2_stress_c50_002 ===
[2026-05-17 01:20:13] [*] Arrancando captura en pqc_monitor (eth0) para classic_p2_stress_c50_002
[*] Guardando muestras en: results/classic_p2_stress_c50_002_docker_stats.csv
[*] Ejecutando comando medido: bash -lc ./scripts/run_client_once_rafaga.sh classic_p2_stress_c50_002 50; sleep 3
[*] Ráfaga clásica completada: 50 conexiones en 6 clientes (stress)
=== host results ===
-rw-rw-r-- 1 cristian cristian   15050 may 17 01:20 classic_p2_stress_c50_002_client_err.txt
-rw-rw-r-- 1 cristian cristian     690 may 17 01:20 classic_p2_stress_c50_002_client.txt
-rwxr-xr-x 1 cristian cristian     851 may 17 01:20 classic_p2_stress_c50_002_docker_stats.csv
-rwxr-xr-x 1 cristian cristian    1725 may 15 19:18 classic_p2_stress_c50_002_metrics.csv
-rw-r--r-- 1 cristian cristian   29660 may 15 19:18 classic_p2_stress_c50_002_metrics.txt
-rw-r--r-- 1 cristian cristian    2709 may 17 01:20 classic_p2_stress_c50_002_pqc_client_2_client_err.txt
-rw-r--r-- 1 cristian cristian       0 may 17 01:20 classic_p2_stress_c50_002_pqc_client_2_client.txt
-rw-r--r-- 1 cristian cristian      39 may 17 01:20 classic_p2_stress_c50_002_pqc_client_2_summary.txt
-rw-r--r-- 1 cristian cristian    2408 may 17 01:20 classic_p2_stress_c50_002_pqc_client_3_client_err.txt
-rw-r--r-- 1 cristian cristian       0 may 17 01:20 classic_p2_stress_c50_002_pqc_client_3_client.txt
-rw-r--r-- 1 cristian cristian      39 may 17 01:20 classic_p2_stress_c50_002_pqc_client_3_summary.txt
-rw-r--r-- 1 cristian cristian    2408 may 17 01:20 classic_p2_stress_c50_002_pqc_client_4_client_err.txt
-rw-r--r-- 1 cristian cristian       0 may 17 01:20 classic_p2_stress_c50_002_pqc_client_4_client.txt
-rw-r--r-- 1 cristian cristian      39 may 17 01:20 classic_p2_stress_c50_002_pqc_client_4_summary.txt
-rw-r--r-- 1 cristian cristian    2408 may 17 01:20 classic_p2_stress_c50_002_pqc_client_5_client_err.txt
-rw-r--r-- 1 cristian cristian       0 may 17 01:20 classic_p2_stress_c50_002_pqc_client_5_client.txt
-rw-r--r-- 1 cristian cristian      39 may 17 01:20 classic_p2_stress_c50_002_pqc_client_5_summary.txt
-rw-r--r-- 1 cristian cristian    2408 may 17 01:20 classic_p2_stress_c50_002_pqc_client_6_client_err.txt
-rw-r--r-- 1 cristian cristian       0 may 17 01:20 classic_p2_stress_c50_002_pqc_client_6_client.txt
-rw-r--r-- 1 cristian cristian      39 may 17 01:20 classic_p2_stress_c50_002_pqc_client_6_summary.txt
-rw-r--r-- 1 cristian cristian    2709 may 17 01:20 classic_p2_stress_c50_002_pqc_client_client_err.txt
-rw-r--r-- 1 cristian cristian       0 may 17 01:20 classic_p2_stress_c50_002_pqc_client_client.txt
-rw-r--r-- 1 cristian cristian      37 may 17 01:20 classic_p2_stress_c50_002_pqc_client_summary.txt
-rw-r--r-- 1 cristian cristian     744 may 15 19:18 classic_p2_stress_c50_002_resource_summary.txt
=== resumen por cliente ===
[*] Perfil stress: conexiones totalmente paralelas por cliente
[*] pqc_client <= plan: 1:0 7:0 13:0 19:0 25:0 31:0 37:0 43:0 49:0
[*] pqc_client_2 <= plan: 2:0 8:0 14:0 20:0 26:0 32:0 38:0 44:0 50:0
[*] pqc_client_3 <= plan: 3:0 9:0 15:0 21:0 27:0 33:0 39:0 45:0
[*] pqc_client_4 <= plan: 4:0 10:0 16:0 22:0 28:0 34:0 40:0 46:0
[*] pqc_client_5 <= plan: 5:0 11:0 17:0 23:0 29:0 35:0 41:0 47:0
[*] pqc_client_6 <= plan: 6:0 12:0 18:0 24:0 30:0 36:0 42:0 48:0
client=pqc_client total=9 ok=9 err=0
client=pqc_client_2 total=9 ok=9 err=0
client=pqc_client_3 total=8 ok=8 err=0
client=pqc_client_4 total=8 ok=8 err=0
client=pqc_client_5 total=8 ok=8 err=0
client=pqc_client_6 total=8 ok=8 err=0
[*] Resumen guardado en: results/classic_p2_stress_c50_002_resource_summary.txt
RUN_ID: classic_p2_stress_c50_002
CSV: results/classic_p2_stress_c50_002_docker_stats.csv

=== Resumen CPU% y MEM% (avg / max) por contenedor ===
pqc_client_2 -> CPU avg=1.76%, CPU max=5.28%, MEM avg=0.13%, MEM max=0.13%
pqc_client_3 -> CPU avg=0.29%, CPU max=0.87%, MEM avg=0.18%, MEM max=0.28%
pqc_monitor -> CPU avg=0.11%, CPU max=0.20%, MEM avg=0.13%, MEM max=0.13%
pqc_client_4 -> CPU avg=0.78%, CPU max=2.35%, MEM avg=0.14%, MEM max=0.19%
pqc_client_5 -> CPU avg=0.55%, CPU max=1.66%, MEM avg=0.16%, MEM max=0.23%
pqc_server -> CPU avg=1.27%, CPU max=3.80%, MEM avg=0.11%, MEM max=0.11%
pqc_client_6 -> CPU avg=7.73%, CPU max=23.20%, MEM avg=0.24%, MEM max=0.35%
pqc_client -> CPU avg=0.85%, CPU max=2.56%, MEM avg=0.16%, MEM max=0.16%
[2026-05-17 01:20:28] [*] Parando captura en pqc_monitor para classic_p2_stress_c50_002
[*] Métricas TXT guardadas en results/classic_p2_stress_c50_002_metrics.txt
[*] Métricas CSV guardadas en results/classic_p2_stress_c50_002_metrics.csv
[2026-05-17 01:20:52] === RUN END: classic_p2_stress_c50_002 ===

[2026-05-17 01:20:52] === RUN START: classic_p2_stress_c50_003 ===
[2026-05-17 01:20:52] [*] Arrancando captura en pqc_monitor (eth0) para classic_p2_stress_c50_003
[*] Guardando muestras en: results/classic_p2_stress_c50_003_docker_stats.csv
[*] Ejecutando comando medido: bash -lc ./scripts/run_client_once_rafaga.sh classic_p2_stress_c50_003 50; sleep 3
[*] Ráfaga clásica completada: 50 conexiones en 6 clientes (stress)
=== host results ===
-rw-rw-r-- 1 cristian cristian   15050 may 17 01:20 classic_p2_stress_c50_003_client_err.txt
-rw-rw-r-- 1 cristian cristian     690 may 17 01:20 classic_p2_stress_c50_003_client.txt
-rwxr-xr-x 1 cristian cristian     851 may 17 01:20 classic_p2_stress_c50_003_docker_stats.csv
-rwxr-xr-x 1 cristian cristian    1717 may 15 19:19 classic_p2_stress_c50_003_metrics.csv
-rw-r--r-- 1 cristian cristian   29629 may 15 19:19 classic_p2_stress_c50_003_metrics.txt
-rw-r--r-- 1 cristian cristian    2709 may 17 01:20 classic_p2_stress_c50_003_pqc_client_2_client_err.txt
-rw-r--r-- 1 cristian cristian       0 may 17 01:20 classic_p2_stress_c50_003_pqc_client_2_client.txt
-rw-r--r-- 1 cristian cristian      39 may 17 01:20 classic_p2_stress_c50_003_pqc_client_2_summary.txt
-rw-r--r-- 1 cristian cristian    2408 may 17 01:20 classic_p2_stress_c50_003_pqc_client_3_client_err.txt
-rw-r--r-- 1 cristian cristian       0 may 17 01:20 classic_p2_stress_c50_003_pqc_client_3_client.txt
-rw-r--r-- 1 cristian cristian      39 may 17 01:20 classic_p2_stress_c50_003_pqc_client_3_summary.txt
-rw-r--r-- 1 cristian cristian    2408 may 17 01:20 classic_p2_stress_c50_003_pqc_client_4_client_err.txt
-rw-r--r-- 1 cristian cristian       0 may 17 01:20 classic_p2_stress_c50_003_pqc_client_4_client.txt
-rw-r--r-- 1 cristian cristian      39 may 17 01:20 classic_p2_stress_c50_003_pqc_client_4_summary.txt
-rw-r--r-- 1 cristian cristian    2408 may 17 01:20 classic_p2_stress_c50_003_pqc_client_5_client_err.txt
-rw-r--r-- 1 cristian cristian       0 may 17 01:20 classic_p2_stress_c50_003_pqc_client_5_client.txt
-rw-r--r-- 1 cristian cristian      39 may 17 01:20 classic_p2_stress_c50_003_pqc_client_5_summary.txt
-rw-r--r-- 1 cristian cristian    2408 may 17 01:20 classic_p2_stress_c50_003_pqc_client_6_client_err.txt
-rw-r--r-- 1 cristian cristian       0 may 17 01:20 classic_p2_stress_c50_003_pqc_client_6_client.txt
-rw-r--r-- 1 cristian cristian      39 may 17 01:20 classic_p2_stress_c50_003_pqc_client_6_summary.txt
-rw-r--r-- 1 cristian cristian    2709 may 17 01:20 classic_p2_stress_c50_003_pqc_client_client_err.txt
-rw-r--r-- 1 cristian cristian       0 may 17 01:20 classic_p2_stress_c50_003_pqc_client_client.txt
-rw-r--r-- 1 cristian cristian      37 may 17 01:20 classic_p2_stress_c50_003_pqc_client_summary.txt
-rw-r--r-- 1 cristian cristian     742 may 15 19:19 classic_p2_stress_c50_003_resource_summary.txt
=== resumen por cliente ===
[*] Perfil stress: conexiones totalmente paralelas por cliente
[*] pqc_client <= plan: 1:0 7:0 13:0 19:0 25:0 31:0 37:0 43:0 49:0
[*] pqc_client_2 <= plan: 2:0 8:0 14:0 20:0 26:0 32:0 38:0 44:0 50:0
[*] pqc_client_3 <= plan: 3:0 9:0 15:0 21:0 27:0 33:0 39:0 45:0
[*] pqc_client_4 <= plan: 4:0 10:0 16:0 22:0 28:0 34:0 40:0 46:0
[*] pqc_client_5 <= plan: 5:0 11:0 17:0 23:0 29:0 35:0 41:0 47:0
[*] pqc_client_6 <= plan: 6:0 12:0 18:0 24:0 30:0 36:0 42:0 48:0
client=pqc_client total=9 ok=9 err=0
client=pqc_client_2 total=9 ok=9 err=0
client=pqc_client_3 total=8 ok=8 err=0
client=pqc_client_4 total=8 ok=8 err=0
client=pqc_client_5 total=8 ok=8 err=0
client=pqc_client_6 total=8 ok=8 err=0
[*] Resumen guardado en: results/classic_p2_stress_c50_003_resource_summary.txt
RUN_ID: classic_p2_stress_c50_003
CSV: results/classic_p2_stress_c50_003_docker_stats.csv

=== Resumen CPU% y MEM% (avg / max) por contenedor ===
pqc_client_2 -> CPU avg=1.59%, CPU max=4.78%, MEM avg=0.14%, MEM max=0.14%
pqc_client_3 -> CPU avg=0.74%, CPU max=2.23%, MEM avg=0.16%, MEM max=0.22%
pqc_monitor -> CPU avg=0.07%, CPU max=0.15%, MEM avg=0.13%, MEM max=0.13%
pqc_client_4 -> CPU avg=0.78%, CPU max=2.33%, MEM avg=0.15%, MEM max=0.21%
pqc_client_5 -> CPU avg=0.15%, CPU max=0.45%, MEM avg=0.18%, MEM max=0.28%
pqc_server -> CPU avg=1.29%, CPU max=3.87%, MEM avg=0.11%, MEM max=0.11%
pqc_client_6 -> CPU avg=0.00%, CPU max=0.00%, MEM avg=0.24%, MEM max=0.35%
pqc_client -> CPU avg=0.82%, CPU max=2.46%, MEM avg=0.16%, MEM max=0.16%
[2026-05-17 01:21:05] [*] Parando captura en pqc_monitor para classic_p2_stress_c50_003
[*] Métricas TXT guardadas en results/classic_p2_stress_c50_003_metrics.txt
[*] Métricas CSV guardadas en results/classic_p2_stress_c50_003_metrics.csv
[2026-05-17 01:21:30] === RUN END: classic_p2_stress_c50_003 ===

[2026-05-17 01:21:30] === RUN START: classic_p2_stress_c50_004 ===
[2026-05-17 01:21:30] [*] Arrancando captura en pqc_monitor (eth0) para classic_p2_stress_c50_004
[*] Guardando muestras en: results/classic_p2_stress_c50_004_docker_stats.csv
[*] Ejecutando comando medido: bash -lc ./scripts/run_client_once_rafaga.sh classic_p2_stress_c50_004 50; sleep 3
[*] Ráfaga clásica completada: 50 conexiones en 6 clientes (stress)
=== host results ===
-rw-rw-r-- 1 cristian cristian   15050 may 17 01:21 classic_p2_stress_c50_004_client_err.txt
-rw-rw-r-- 1 cristian cristian     690 may 17 01:21 classic_p2_stress_c50_004_client.txt
-rwxr-xr-x 1 cristian cristian     853 may 17 01:21 classic_p2_stress_c50_004_docker_stats.csv
-rwxr-xr-x 1 cristian cristian    1717 may 15 19:19 classic_p2_stress_c50_004_metrics.csv
-rw-r--r-- 1 cristian cristian   29629 may 15 19:19 classic_p2_stress_c50_004_metrics.txt
-rw-r--r-- 1 cristian cristian    2709 may 17 01:21 classic_p2_stress_c50_004_pqc_client_2_client_err.txt
-rw-r--r-- 1 cristian cristian       0 may 17 01:21 classic_p2_stress_c50_004_pqc_client_2_client.txt
-rw-r--r-- 1 cristian cristian      39 may 17 01:21 classic_p2_stress_c50_004_pqc_client_2_summary.txt
-rw-r--r-- 1 cristian cristian    2408 may 17 01:21 classic_p2_stress_c50_004_pqc_client_3_client_err.txt
-rw-r--r-- 1 cristian cristian       0 may 17 01:21 classic_p2_stress_c50_004_pqc_client_3_client.txt
-rw-r--r-- 1 cristian cristian      39 may 17 01:21 classic_p2_stress_c50_004_pqc_client_3_summary.txt
-rw-r--r-- 1 cristian cristian    2408 may 17 01:21 classic_p2_stress_c50_004_pqc_client_4_client_err.txt
-rw-r--r-- 1 cristian cristian       0 may 17 01:21 classic_p2_stress_c50_004_pqc_client_4_client.txt
-rw-r--r-- 1 cristian cristian      39 may 17 01:21 classic_p2_stress_c50_004_pqc_client_4_summary.txt
-rw-r--r-- 1 cristian cristian    2408 may 17 01:21 classic_p2_stress_c50_004_pqc_client_5_client_err.txt
-rw-r--r-- 1 cristian cristian       0 may 17 01:21 classic_p2_stress_c50_004_pqc_client_5_client.txt
-rw-r--r-- 1 cristian cristian      39 may 17 01:21 classic_p2_stress_c50_004_pqc_client_5_summary.txt
-rw-r--r-- 1 cristian cristian    2408 may 17 01:21 classic_p2_stress_c50_004_pqc_client_6_client_err.txt
-rw-r--r-- 1 cristian cristian       0 may 17 01:21 classic_p2_stress_c50_004_pqc_client_6_client.txt
-rw-r--r-- 1 cristian cristian      39 may 17 01:21 classic_p2_stress_c50_004_pqc_client_6_summary.txt
-rw-r--r-- 1 cristian cristian    2709 may 17 01:21 classic_p2_stress_c50_004_pqc_client_client_err.txt
-rw-r--r-- 1 cristian cristian       0 may 17 01:21 classic_p2_stress_c50_004_pqc_client_client.txt
-rw-r--r-- 1 cristian cristian      37 may 17 01:21 classic_p2_stress_c50_004_pqc_client_summary.txt
-rw-r--r-- 1 cristian cristian     742 may 15 19:19 classic_p2_stress_c50_004_resource_summary.txt
=== resumen por cliente ===
[*] Perfil stress: conexiones totalmente paralelas por cliente
[*] pqc_client <= plan: 1:0 7:0 13:0 19:0 25:0 31:0 37:0 43:0 49:0
[*] pqc_client_2 <= plan: 2:0 8:0 14:0 20:0 26:0 32:0 38:0 44:0 50:0
[*] pqc_client_3 <= plan: 3:0 9:0 15:0 21:0 27:0 33:0 39:0 45:0
[*] pqc_client_4 <= plan: 4:0 10:0 16:0 22:0 28:0 34:0 40:0 46:0
[*] pqc_client_5 <= plan: 5:0 11:0 17:0 23:0 29:0 35:0 41:0 47:0
[*] pqc_client_6 <= plan: 6:0 12:0 18:0 24:0 30:0 36:0 42:0 48:0
client=pqc_client total=9 ok=9 err=0
client=pqc_client_2 total=9 ok=9 err=0
client=pqc_client_3 total=8 ok=8 err=0
client=pqc_client_4 total=8 ok=8 err=0
client=pqc_client_5 total=8 ok=8 err=0
client=pqc_client_6 total=8 ok=8 err=0
[*] Resumen guardado en: results/classic_p2_stress_c50_004_resource_summary.txt
RUN_ID: classic_p2_stress_c50_004
CSV: results/classic_p2_stress_c50_004_docker_stats.csv

=== Resumen CPU% y MEM% (avg / max) por contenedor ===
pqc_client_2 -> CPU avg=1.21%, CPU max=3.64%, MEM avg=0.14%, MEM max=0.14%
pqc_client_3 -> CPU avg=2.02%, CPU max=6.06%, MEM avg=0.13%, MEM max=0.13%
pqc_monitor -> CPU avg=0.10%, CPU max=0.21%, MEM avg=0.13%, MEM max=0.13%
pqc_client_4 -> CPU avg=0.26%, CPU max=0.79%, MEM avg=0.17%, MEM max=0.27%
pqc_client_5 -> CPU avg=0.00%, CPU max=0.00%, MEM avg=0.19%, MEM max=0.30%
pqc_server -> CPU avg=1.43%, CPU max=4.30%, MEM avg=0.11%, MEM max=0.11%
pqc_client_6 -> CPU avg=0.00%, CPU max=0.00%, MEM avg=0.24%, MEM max=0.35%
pqc_client -> CPU avg=1.24%, CPU max=3.72%, MEM avg=0.16%, MEM max=0.16%
[2026-05-17 01:21:43] [*] Parando captura en pqc_monitor para classic_p2_stress_c50_004
[*] Métricas TXT guardadas en results/classic_p2_stress_c50_004_metrics.txt
[*] Métricas CSV guardadas en results/classic_p2_stress_c50_004_metrics.csv
[2026-05-17 01:22:06] === RUN END: classic_p2_stress_c50_004 ===

[2026-05-17 01:22:06] === RUN START: classic_p2_stress_c50_005 ===
[2026-05-17 01:22:06] [*] Arrancando captura en pqc_monitor (eth0) para classic_p2_stress_c50_005
[*] Guardando muestras en: results/classic_p2_stress_c50_005_docker_stats.csv
[*] Ejecutando comando medido: bash -lc ./scripts/run_client_once_rafaga.sh classic_p2_stress_c50_005 50; sleep 3
[*] Ráfaga clásica completada: 50 conexiones en 6 clientes (stress)
=== host results ===
-rw-rw-r-- 1 cristian cristian   15050 may 17 01:22 classic_p2_stress_c50_005_client_err.txt
-rw-rw-r-- 1 cristian cristian     690 may 17 01:22 classic_p2_stress_c50_005_client.txt
-rwxr-xr-x 1 cristian cristian     851 may 17 01:22 classic_p2_stress_c50_005_docker_stats.csv
-rwxr-xr-x 1 cristian cristian    1715 may 15 19:20 classic_p2_stress_c50_005_metrics.csv
-rw-r--r-- 1 cristian cristian   29626 may 15 19:20 classic_p2_stress_c50_005_metrics.txt
-rw-r--r-- 1 cristian cristian    2709 may 17 01:22 classic_p2_stress_c50_005_pqc_client_2_client_err.txt
-rw-r--r-- 1 cristian cristian       0 may 17 01:22 classic_p2_stress_c50_005_pqc_client_2_client.txt
-rw-r--r-- 1 cristian cristian      39 may 17 01:22 classic_p2_stress_c50_005_pqc_client_2_summary.txt
-rw-r--r-- 1 cristian cristian    2408 may 17 01:22 classic_p2_stress_c50_005_pqc_client_3_client_err.txt
-rw-r--r-- 1 cristian cristian       0 may 17 01:22 classic_p2_stress_c50_005_pqc_client_3_client.txt
-rw-r--r-- 1 cristian cristian      39 may 17 01:22 classic_p2_stress_c50_005_pqc_client_3_summary.txt
-rw-r--r-- 1 cristian cristian    2408 may 17 01:22 classic_p2_stress_c50_005_pqc_client_4_client_err.txt
-rw-r--r-- 1 cristian cristian       0 may 17 01:22 classic_p2_stress_c50_005_pqc_client_4_client.txt
-rw-r--r-- 1 cristian cristian      39 may 17 01:22 classic_p2_stress_c50_005_pqc_client_4_summary.txt
-rw-r--r-- 1 cristian cristian    2408 may 17 01:22 classic_p2_stress_c50_005_pqc_client_5_client_err.txt
-rw-r--r-- 1 cristian cristian       0 may 17 01:22 classic_p2_stress_c50_005_pqc_client_5_client.txt
-rw-r--r-- 1 cristian cristian      39 may 17 01:22 classic_p2_stress_c50_005_pqc_client_5_summary.txt
-rw-r--r-- 1 cristian cristian    2408 may 17 01:22 classic_p2_stress_c50_005_pqc_client_6_client_err.txt
-rw-r--r-- 1 cristian cristian       0 may 17 01:22 classic_p2_stress_c50_005_pqc_client_6_client.txt
-rw-r--r-- 1 cristian cristian      39 may 17 01:22 classic_p2_stress_c50_005_pqc_client_6_summary.txt
-rw-r--r-- 1 cristian cristian    2709 may 17 01:22 classic_p2_stress_c50_005_pqc_client_client_err.txt
-rw-r--r-- 1 cristian cristian       0 may 17 01:22 classic_p2_stress_c50_005_pqc_client_client.txt
-rw-r--r-- 1 cristian cristian      37 may 17 01:22 classic_p2_stress_c50_005_pqc_client_summary.txt
-rw-r--r-- 1 cristian cristian     741 may 15 19:20 classic_p2_stress_c50_005_resource_summary.txt
=== resumen por cliente ===
[*] Perfil stress: conexiones totalmente paralelas por cliente
[*] pqc_client <= plan: 1:0 7:0 13:0 19:0 25:0 31:0 37:0 43:0 49:0
[*] pqc_client_2 <= plan: 2:0 8:0 14:0 20:0 26:0 32:0 38:0 44:0 50:0
[*] pqc_client_3 <= plan: 3:0 9:0 15:0 21:0 27:0 33:0 39:0 45:0
[*] pqc_client_4 <= plan: 4:0 10:0 16:0 22:0 28:0 34:0 40:0 46:0
[*] pqc_client_5 <= plan: 5:0 11:0 17:0 23:0 29:0 35:0 41:0 47:0
[*] pqc_client_6 <= plan: 6:0 12:0 18:0 24:0 30:0 36:0 42:0 48:0
client=pqc_client total=9 ok=9 err=0
client=pqc_client_2 total=9 ok=9 err=0
client=pqc_client_3 total=8 ok=8 err=0
client=pqc_client_4 total=8 ok=8 err=0
client=pqc_client_5 total=8 ok=8 err=0
client=pqc_client_6 total=8 ok=8 err=0
[*] Resumen guardado en: results/classic_p2_stress_c50_005_resource_summary.txt
RUN_ID: classic_p2_stress_c50_005
CSV: results/classic_p2_stress_c50_005_docker_stats.csv

=== Resumen CPU% y MEM% (avg / max) por contenedor ===
pqc_client_2 -> CPU avg=1.87%, CPU max=5.60%, MEM avg=0.14%, MEM max=0.14%
pqc_client_3 -> CPU avg=0.37%, CPU max=1.10%, MEM avg=0.17%, MEM max=0.26%
pqc_monitor -> CPU avg=0.06%, CPU max=0.10%, MEM avg=0.13%, MEM max=0.13%
pqc_client_4 -> CPU avg=0.88%, CPU max=2.64%, MEM avg=0.14%, MEM max=0.19%
pqc_client_5 -> CPU avg=0.00%, CPU max=0.00%, MEM avg=0.19%, MEM max=0.30%
pqc_server -> CPU avg=1.28%, CPU max=3.83%, MEM avg=0.11%, MEM max=0.11%
pqc_client_6 -> CPU avg=0.00%, CPU max=0.00%, MEM avg=0.24%, MEM max=0.35%
pqc_client -> CPU avg=0.46%, CPU max=1.38%, MEM avg=0.17%, MEM max=0.19%
[2026-05-17 01:22:19] [*] Parando captura en pqc_monitor para classic_p2_stress_c50_005
[*] Métricas TXT guardadas en results/classic_p2_stress_c50_005_metrics.txt
[*] Métricas CSV guardadas en results/classic_p2_stress_c50_005_metrics.csv
[2026-05-17 01:22:44] === RUN END: classic_p2_stress_c50_005 ===

[2026-05-17 01:22:44] ---- Aplicando perfil de red P3 ----
[*] Aplicando perfil P3

[*] Estado qdisc en monitor:
qdisc netem 8017: root refcnt 5 limit 1000 delay 50ms loss 1%
qdisc netem 8018: root refcnt 5 limit 1000 delay 50ms loss 1%
[2026-05-17 01:22:45] === RUN START: classic_p3_balanced_c50_001 ===
[2026-05-17 01:22:45] [*] Arrancando captura en pqc_monitor (eth0) para classic_p3_balanced_c50_001
[*] Guardando muestras en: results/classic_p3_balanced_c50_001_docker_stats.csv
[*] Ejecutando comando medido: bash -lc ./scripts/run_client_once_rafaga.sh classic_p3_balanced_c50_001 50; sleep 3
[*] Ráfaga clásica completada: 50 conexiones en 6 clientes (poisson_jitter)
=== host results ===
-rw-rw-r-- 1 cristian cristian   15050 may 17 01:22 classic_p3_balanced_c50_001_client_err.txt
-rw-rw-r-- 1 cristian cristian    1049 may 17 01:22 classic_p3_balanced_c50_001_client.txt
-rwxr-xr-x 1 cristian cristian    1347 may 17 01:22 classic_p3_balanced_c50_001_docker_stats.csv
-rwxr-xr-x 1 cristian cristian    1729 may 15 19:20 classic_p3_balanced_c50_001_metrics.csv
-rw-r--r-- 1 cristian cristian   29675 may 15 19:20 classic_p3_balanced_c50_001_metrics.txt
-rw-r--r-- 1 cristian cristian    2709 may 17 01:22 classic_p3_balanced_c50_001_pqc_client_2_client_err.txt
-rw-r--r-- 1 cristian cristian       0 may 17 01:22 classic_p3_balanced_c50_001_pqc_client_2_client.txt
-rw-r--r-- 1 cristian cristian      39 may 17 01:22 classic_p3_balanced_c50_001_pqc_client_2_summary.txt
-rw-r--r-- 1 cristian cristian    2408 may 17 01:22 classic_p3_balanced_c50_001_pqc_client_3_client_err.txt
-rw-r--r-- 1 cristian cristian       0 may 17 01:22 classic_p3_balanced_c50_001_pqc_client_3_client.txt
-rw-r--r-- 1 cristian cristian      39 may 17 01:22 classic_p3_balanced_c50_001_pqc_client_3_summary.txt
-rw-r--r-- 1 cristian cristian    2408 may 17 01:22 classic_p3_balanced_c50_001_pqc_client_4_client_err.txt
-rw-r--r-- 1 cristian cristian       0 may 17 01:22 classic_p3_balanced_c50_001_pqc_client_4_client.txt
-rw-r--r-- 1 cristian cristian      39 may 17 01:22 classic_p3_balanced_c50_001_pqc_client_4_summary.txt
-rw-r--r-- 1 cristian cristian    2408 may 17 01:22 classic_p3_balanced_c50_001_pqc_client_5_client_err.txt
-rw-r--r-- 1 cristian cristian       0 may 17 01:22 classic_p3_balanced_c50_001_pqc_client_5_client.txt
-rw-r--r-- 1 cristian cristian      39 may 17 01:22 classic_p3_balanced_c50_001_pqc_client_5_summary.txt
-rw-r--r-- 1 cristian cristian    2408 may 17 01:22 classic_p3_balanced_c50_001_pqc_client_6_client_err.txt
-rw-r--r-- 1 cristian cristian       0 may 17 01:22 classic_p3_balanced_c50_001_pqc_client_6_client.txt
-rw-r--r-- 1 cristian cristian      39 may 17 01:22 classic_p3_balanced_c50_001_pqc_client_6_summary.txt
-rw-r--r-- 1 cristian cristian    2709 may 17 01:22 classic_p3_balanced_c50_001_pqc_client_client_err.txt
-rw-r--r-- 1 cristian cristian       0 may 17 01:22 classic_p3_balanced_c50_001_pqc_client_client.txt
-rw-r--r-- 1 cristian cristian      37 may 17 01:22 classic_p3_balanced_c50_001_pqc_client_summary.txt
-rw-r--r-- 1 cristian cristian     748 may 15 19:20 classic_p3_balanced_c50_001_resource_summary.txt
=== resumen por cliente ===
[*] Perfil poisson_jitter: llegadas no sincronizadas con Poisson+jitter
[*] pqc_client <= plan: 1:0.034162 7:0.034162 13:0.034162 19:0.034162 25:0.034162 31:0.034162 37:0.052576 43:0.052576 49:0.052576
[*] pqc_client_2 <= plan: 2:0.034162 8:0.034162 14:0.034162 20:0.034162 26:0.034162 32:0.052576 38:0.052576 44:0.052576 50:0.052576
[*] pqc_client_3 <= plan: 3:0.034162 9:0.034162 15:0.034162 21:0.034162 27:0.034162 33:0.052576 39:0.052576 45:0.052576
[*] pqc_client_4 <= plan: 4:0.034162 10:0.034162 16:0.034162 22:0.034162 28:0.034162 34:0.052576 40:0.052576 46:0.052576
[*] pqc_client_5 <= plan: 5:0.034162 11:0.034162 17:0.034162 23:0.034162 29:0.034162 35:0.052576 41:0.052576 47:0.052576
[*] pqc_client_6 <= plan: 6:0.034162 12:0.034162 18:0.034162 24:0.034162 30:0.034162 36:0.052576 42:0.052576 48:0.052576
client=pqc_client total=9 ok=9 err=0
client=pqc_client_2 total=9 ok=9 err=0
client=pqc_client_3 total=8 ok=8 err=0
client=pqc_client_4 total=8 ok=8 err=0
client=pqc_client_5 total=8 ok=8 err=0
client=pqc_client_6 total=8 ok=8 err=0
[*] Resumen guardado en: results/classic_p3_balanced_c50_001_resource_summary.txt
RUN_ID: classic_p3_balanced_c50_001
CSV: results/classic_p3_balanced_c50_001_docker_stats.csv

=== Resumen CPU% y MEM% (avg / max) por contenedor ===
pqc_client_2 -> CPU avg=0.36%, CPU max=1.44%, MEM avg=0.18%, MEM max=0.29%
pqc_client_3 -> CPU avg=0.09%, CPU max=0.36%, MEM avg=0.17%, MEM max=0.28%
pqc_monitor -> CPU avg=0.07%, CPU max=0.12%, MEM avg=0.13%, MEM max=0.13%
pqc_client_4 -> CPU avg=0.69%, CPU max=2.75%, MEM avg=0.17%, MEM max=0.29%
pqc_client_5 -> CPU avg=0.90%, CPU max=3.61%, MEM avg=0.17%, MEM max=0.30%
pqc_server -> CPU avg=1.16%, CPU max=2.52%, MEM avg=0.11%, MEM max=0.11%
pqc_client_6 -> CPU avg=0.39%, CPU max=0.82%, MEM avg=0.26%, MEM max=0.35%
pqc_client -> CPU avg=0.83%, CPU max=3.31%, MEM avg=0.17%, MEM max=0.21%
[2026-05-17 01:23:01] [*] Parando captura en pqc_monitor para classic_p3_balanced_c50_001
[*] Métricas TXT guardadas en results/classic_p3_balanced_c50_001_metrics.txt
[*] Métricas CSV guardadas en results/classic_p3_balanced_c50_001_metrics.csv
[2026-05-17 01:23:25] === RUN END: classic_p3_balanced_c50_001 ===

[2026-05-17 01:23:25] === RUN START: classic_p3_balanced_c50_002 ===
[2026-05-17 01:23:25] [*] Arrancando captura en pqc_monitor (eth0) para classic_p3_balanced_c50_002
[*] Guardando muestras en: results/classic_p3_balanced_c50_002_docker_stats.csv
[*] Ejecutando comando medido: bash -lc ./scripts/run_client_once_rafaga.sh classic_p3_balanced_c50_002 50; sleep 3
[*] Ráfaga clásica completada: 50 conexiones en 6 clientes (poisson_jitter)
=== host results ===
-rw-rw-r-- 1 cristian cristian   15050 may 17 01:23 classic_p3_balanced_c50_002_client_err.txt
-rw-rw-r-- 1 cristian cristian    1049 may 17 01:23 classic_p3_balanced_c50_002_client.txt
-rwxr-xr-x 1 cristian cristian    1443 may 17 01:23 classic_p3_balanced_c50_002_docker_stats.csv
-rwxr-xr-x 1 cristian cristian    1721 may 15 19:21 classic_p3_balanced_c50_002_metrics.csv
-rw-r--r-- 1 cristian cristian   28982 may 15 19:21 classic_p3_balanced_c50_002_metrics.txt
-rw-r--r-- 1 cristian cristian    2709 may 17 01:23 classic_p3_balanced_c50_002_pqc_client_2_client_err.txt
-rw-r--r-- 1 cristian cristian       0 may 17 01:23 classic_p3_balanced_c50_002_pqc_client_2_client.txt
-rw-r--r-- 1 cristian cristian      39 may 17 01:23 classic_p3_balanced_c50_002_pqc_client_2_summary.txt
-rw-r--r-- 1 cristian cristian    2408 may 17 01:23 classic_p3_balanced_c50_002_pqc_client_3_client_err.txt
-rw-r--r-- 1 cristian cristian       0 may 17 01:23 classic_p3_balanced_c50_002_pqc_client_3_client.txt
-rw-r--r-- 1 cristian cristian      39 may 17 01:23 classic_p3_balanced_c50_002_pqc_client_3_summary.txt
-rw-r--r-- 1 cristian cristian    2408 may 17 01:23 classic_p3_balanced_c50_002_pqc_client_4_client_err.txt
-rw-r--r-- 1 cristian cristian       0 may 17 01:23 classic_p3_balanced_c50_002_pqc_client_4_client.txt
-rw-r--r-- 1 cristian cristian      39 may 17 01:23 classic_p3_balanced_c50_002_pqc_client_4_summary.txt
-rw-r--r-- 1 cristian cristian    2408 may 17 01:23 classic_p3_balanced_c50_002_pqc_client_5_client_err.txt
-rw-r--r-- 1 cristian cristian       0 may 17 01:23 classic_p3_balanced_c50_002_pqc_client_5_client.txt
-rw-r--r-- 1 cristian cristian      39 may 17 01:23 classic_p3_balanced_c50_002_pqc_client_5_summary.txt
-rw-r--r-- 1 cristian cristian    2408 may 17 01:23 classic_p3_balanced_c50_002_pqc_client_6_client_err.txt
-rw-r--r-- 1 cristian cristian       0 may 17 01:23 classic_p3_balanced_c50_002_pqc_client_6_client.txt
-rw-r--r-- 1 cristian cristian      39 may 17 01:23 classic_p3_balanced_c50_002_pqc_client_6_summary.txt
-rw-r--r-- 1 cristian cristian    2709 may 17 01:23 classic_p3_balanced_c50_002_pqc_client_client_err.txt
-rw-r--r-- 1 cristian cristian       0 may 17 01:23 classic_p3_balanced_c50_002_pqc_client_client.txt
-rw-r--r-- 1 cristian cristian      37 may 17 01:23 classic_p3_balanced_c50_002_pqc_client_summary.txt
-rw-r--r-- 1 cristian cristian     746 may 15 19:21 classic_p3_balanced_c50_002_resource_summary.txt
=== resumen por cliente ===
[*] Perfil poisson_jitter: llegadas no sincronizadas con Poisson+jitter
[*] pqc_client <= plan: 1:0.000000 7:0.000000 13:0.000000 19:0.000000 25:0.000000 31:0.000000 37:0.000000 43:0.000000 49:0.000000
[*] pqc_client_2 <= plan: 2:0.000000 8:0.000000 14:0.000000 20:0.000000 26:0.000000 32:0.000000 38:0.000000 44:0.000000 50:0.000000
[*] pqc_client_3 <= plan: 3:0.000000 9:0.000000 15:0.000000 21:0.000000 27:0.000000 33:0.000000 39:0.000000 45:0.000000
[*] pqc_client_4 <= plan: 4:0.000000 10:0.000000 16:0.000000 22:0.000000 28:0.000000 34:0.000000 40:0.000000 46:0.000000
[*] pqc_client_5 <= plan: 5:0.000000 11:0.000000 17:0.000000 23:0.000000 29:0.000000 35:0.000000 41:0.000000 47:0.000000
[*] pqc_client_6 <= plan: 6:0.000000 12:0.000000 18:0.000000 24:0.000000 30:0.000000 36:0.000000 42:0.000000 48:0.000000
client=pqc_client total=9 ok=9 err=0
client=pqc_client_2 total=9 ok=9 err=0
client=pqc_client_3 total=8 ok=8 err=0
client=pqc_client_4 total=8 ok=8 err=0
client=pqc_client_5 total=8 ok=8 err=0
client=pqc_client_6 total=8 ok=8 err=0
[*] Resumen guardado en: results/classic_p3_balanced_c50_002_resource_summary.txt
RUN_ID: classic_p3_balanced_c50_002
CSV: results/classic_p3_balanced_c50_002_docker_stats.csv

=== Resumen CPU% y MEM% (avg / max) por contenedor ===
pqc_client_2 -> CPU avg=6.07%, CPU max=24.27%, MEM avg=0.19%, MEM max=0.33%
pqc_client_3 -> CPU avg=0.25%, CPU max=0.99%, MEM avg=0.16%, MEM max=0.26%
pqc_monitor -> CPU avg=0.11%, CPU max=0.19%, MEM avg=0.13%, MEM max=0.13%
pqc_client_4 -> CPU avg=0.32%, CPU max=1.26%, MEM avg=0.17%, MEM max=0.29%
pqc_client_5 -> CPU avg=0.55%, CPU max=2.20%, MEM avg=0.19%, MEM max=0.30%
pqc_server -> CPU avg=0.91%, CPU max=1.88%, MEM avg=0.11%, MEM max=0.11%
pqc_client_6 -> CPU avg=0.46%, CPU max=1.84%, MEM avg=0.24%, MEM max=0.35%
pqc_client -> CPU avg=0.80%, CPU max=3.21%, MEM avg=0.18%, MEM max=0.21%
[2026-05-17 01:23:42] [*] Parando captura en pqc_monitor para classic_p3_balanced_c50_002
[*] Métricas TXT guardadas en results/classic_p3_balanced_c50_002_metrics.txt
[*] Métricas CSV guardadas en results/classic_p3_balanced_c50_002_metrics.csv
[2026-05-17 01:24:06] === RUN END: classic_p3_balanced_c50_002 ===

[2026-05-17 01:24:06] === RUN START: classic_p3_balanced_c50_003 ===
[2026-05-17 01:24:06] [*] Arrancando captura en pqc_monitor (eth0) para classic_p3_balanced_c50_003
[*] Guardando muestras en: results/classic_p3_balanced_c50_003_docker_stats.csv
[*] Ejecutando comando medido: bash -lc ./scripts/run_client_once_rafaga.sh classic_p3_balanced_c50_003 50; sleep 3
[*] Ráfaga clásica completada: 50 conexiones en 6 clientes (poisson_jitter)
=== host results ===
-rw-rw-r-- 1 cristian cristian   15050 may 17 01:24 classic_p3_balanced_c50_003_client_err.txt
-rw-rw-r-- 1 cristian cristian    1049 may 17 01:24 classic_p3_balanced_c50_003_client.txt
-rwxr-xr-x 1 cristian cristian    1244 may 17 01:24 classic_p3_balanced_c50_003_docker_stats.csv
-rwxr-xr-x 1 cristian cristian    1722 may 15 19:22 classic_p3_balanced_c50_003_metrics.csv
-rw-r--r-- 1 cristian cristian   29647 may 15 19:22 classic_p3_balanced_c50_003_metrics.txt
-rw-r--r-- 1 cristian cristian    2709 may 17 01:24 classic_p3_balanced_c50_003_pqc_client_2_client_err.txt
-rw-r--r-- 1 cristian cristian       0 may 17 01:24 classic_p3_balanced_c50_003_pqc_client_2_client.txt
-rw-r--r-- 1 cristian cristian      39 may 17 01:24 classic_p3_balanced_c50_003_pqc_client_2_summary.txt
-rw-r--r-- 1 cristian cristian    2408 may 17 01:24 classic_p3_balanced_c50_003_pqc_client_3_client_err.txt
-rw-r--r-- 1 cristian cristian       0 may 17 01:24 classic_p3_balanced_c50_003_pqc_client_3_client.txt
-rw-r--r-- 1 cristian cristian      39 may 17 01:24 classic_p3_balanced_c50_003_pqc_client_3_summary.txt
-rw-r--r-- 1 cristian cristian    2408 may 17 01:24 classic_p3_balanced_c50_003_pqc_client_4_client_err.txt
-rw-r--r-- 1 cristian cristian       0 may 17 01:24 classic_p3_balanced_c50_003_pqc_client_4_client.txt
-rw-r--r-- 1 cristian cristian      39 may 17 01:24 classic_p3_balanced_c50_003_pqc_client_4_summary.txt
-rw-r--r-- 1 cristian cristian    2408 may 17 01:24 classic_p3_balanced_c50_003_pqc_client_5_client_err.txt
-rw-r--r-- 1 cristian cristian       0 may 17 01:24 classic_p3_balanced_c50_003_pqc_client_5_client.txt
-rw-r--r-- 1 cristian cristian      39 may 17 01:24 classic_p3_balanced_c50_003_pqc_client_5_summary.txt
-rw-r--r-- 1 cristian cristian    2408 may 17 01:24 classic_p3_balanced_c50_003_pqc_client_6_client_err.txt
-rw-r--r-- 1 cristian cristian       0 may 17 01:24 classic_p3_balanced_c50_003_pqc_client_6_client.txt
-rw-r--r-- 1 cristian cristian      39 may 17 01:24 classic_p3_balanced_c50_003_pqc_client_6_summary.txt
-rw-r--r-- 1 cristian cristian    2709 may 17 01:24 classic_p3_balanced_c50_003_pqc_client_client_err.txt
-rw-r--r-- 1 cristian cristian       0 may 17 01:24 classic_p3_balanced_c50_003_pqc_client_client.txt
-rw-r--r-- 1 cristian cristian      37 may 17 01:24 classic_p3_balanced_c50_003_pqc_client_summary.txt
-rw-r--r-- 1 cristian cristian     746 may 15 19:21 classic_p3_balanced_c50_003_resource_summary.txt
=== resumen por cliente ===
[*] Perfil poisson_jitter: llegadas no sincronizadas con Poisson+jitter
[*] pqc_client <= plan: 1:0.091371 7:0.091371 13:0.091371 19:0.091371 25:0.091371 31:0.091371 37:0.091371 43:0.091371 49:0.091371
[*] pqc_client_2 <= plan: 2:0.091371 8:0.091371 14:0.091371 20:0.091371 26:0.091371 32:0.091371 38:0.091371 44:0.091371 50:0.091371
[*] pqc_client_3 <= plan: 3:0.091371 9:0.091371 15:0.091371 21:0.091371 27:0.091371 33:0.091371 39:0.091371 45:0.091371
[*] pqc_client_4 <= plan: 4:0.091371 10:0.091371 16:0.091371 22:0.091371 28:0.091371 34:0.091371 40:0.091371 46:0.091371
[*] pqc_client_5 <= plan: 5:0.091371 11:0.091371 17:0.091371 23:0.091371 29:0.091371 35:0.091371 41:0.091371 47:0.091371
[*] pqc_client_6 <= plan: 6:0.091371 12:0.091371 18:0.091371 24:0.091371 30:0.091371 36:0.091371 42:0.091371 48:0.091371
client=pqc_client total=9 ok=9 err=0
client=pqc_client_2 total=9 ok=9 err=0
client=pqc_client_3 total=8 ok=8 err=0
client=pqc_client_4 total=8 ok=8 err=0
client=pqc_client_5 total=8 ok=8 err=0
client=pqc_client_6 total=8 ok=8 err=0
[*] Resumen guardado en: results/classic_p3_balanced_c50_003_resource_summary.txt
RUN_ID: classic_p3_balanced_c50_003
CSV: results/classic_p3_balanced_c50_003_docker_stats.csv

=== Resumen CPU% y MEM% (avg / max) por contenedor ===
pqc_client_2 -> CPU avg=0.00%, CPU max=0.00%, MEM avg=0.19%, MEM max=0.33%
pqc_client_3 -> CPU avg=0.18%, CPU max=0.72%, MEM avg=0.18%, MEM max=0.29%
pqc_monitor -> CPU avg=0.10%, CPU max=0.16%, MEM avg=0.13%, MEM max=0.13%
pqc_client_4 -> CPU avg=0.00%, CPU max=0.00%, MEM avg=0.17%, MEM max=0.30%
pqc_client_5 -> CPU avg=1.20%, CPU max=4.81%, MEM avg=0.17%, MEM max=0.30%
pqc_server -> CPU avg=1.03%, CPU max=2.26%, MEM avg=0.11%, MEM max=0.11%
pqc_client_6 -> CPU avg=0.52%, CPU max=1.74%, MEM avg=0.25%, MEM max=0.35%
pqc_client -> CPU avg=0.79%, CPU max=3.17%, MEM avg=0.19%, MEM max=0.21%
[2026-05-17 01:24:23] [*] Parando captura en pqc_monitor para classic_p3_balanced_c50_003
[*] Métricas TXT guardadas en results/classic_p3_balanced_c50_003_metrics.txt
[*] Métricas CSV guardadas en results/classic_p3_balanced_c50_003_metrics.csv
[2026-05-17 01:24:47] === RUN END: classic_p3_balanced_c50_003 ===

[2026-05-17 01:24:47] === RUN START: classic_p3_balanced_c50_004 ===
[2026-05-17 01:24:47] [*] Arrancando captura en pqc_monitor (eth0) para classic_p3_balanced_c50_004
[*] Guardando muestras en: results/classic_p3_balanced_c50_004_docker_stats.csv
[*] Ejecutando comando medido: bash -lc ./scripts/run_client_once_rafaga.sh classic_p3_balanced_c50_004 50; sleep 3
[*] Ráfaga clásica completada: 50 conexiones en 6 clientes (poisson_jitter)
=== host results ===
-rw-rw-r-- 1 cristian cristian   15050 may 17 01:24 classic_p3_balanced_c50_004_client_err.txt
-rw-rw-r-- 1 cristian cristian    1049 may 17 01:24 classic_p3_balanced_c50_004_client.txt
-rwxr-xr-x 1 cristian cristian    1534 may 17 01:24 classic_p3_balanced_c50_004_docker_stats.csv
-rwxr-xr-x 1 cristian cristian    1721 may 15 19:22 classic_p3_balanced_c50_004_metrics.csv
-rw-r--r-- 1 cristian cristian   29647 may 15 19:22 classic_p3_balanced_c50_004_metrics.txt
-rw-r--r-- 1 cristian cristian    2709 may 17 01:24 classic_p3_balanced_c50_004_pqc_client_2_client_err.txt
-rw-r--r-- 1 cristian cristian       0 may 17 01:24 classic_p3_balanced_c50_004_pqc_client_2_client.txt
-rw-r--r-- 1 cristian cristian      39 may 17 01:24 classic_p3_balanced_c50_004_pqc_client_2_summary.txt
-rw-r--r-- 1 cristian cristian    2408 may 17 01:24 classic_p3_balanced_c50_004_pqc_client_3_client_err.txt
-rw-r--r-- 1 cristian cristian       0 may 17 01:24 classic_p3_balanced_c50_004_pqc_client_3_client.txt
-rw-r--r-- 1 cristian cristian      39 may 17 01:24 classic_p3_balanced_c50_004_pqc_client_3_summary.txt
-rw-r--r-- 1 cristian cristian    2408 may 17 01:24 classic_p3_balanced_c50_004_pqc_client_4_client_err.txt
-rw-r--r-- 1 cristian cristian       0 may 17 01:24 classic_p3_balanced_c50_004_pqc_client_4_client.txt
-rw-r--r-- 1 cristian cristian      39 may 17 01:24 classic_p3_balanced_c50_004_pqc_client_4_summary.txt
-rw-r--r-- 1 cristian cristian    2408 may 17 01:24 classic_p3_balanced_c50_004_pqc_client_5_client_err.txt
-rw-r--r-- 1 cristian cristian       0 may 17 01:24 classic_p3_balanced_c50_004_pqc_client_5_client.txt
-rw-r--r-- 1 cristian cristian      39 may 17 01:24 classic_p3_balanced_c50_004_pqc_client_5_summary.txt
-rw-r--r-- 1 cristian cristian    2408 may 17 01:24 classic_p3_balanced_c50_004_pqc_client_6_client_err.txt
-rw-r--r-- 1 cristian cristian       0 may 17 01:24 classic_p3_balanced_c50_004_pqc_client_6_client.txt
-rw-r--r-- 1 cristian cristian      39 may 17 01:24 classic_p3_balanced_c50_004_pqc_client_6_summary.txt
-rw-r--r-- 1 cristian cristian    2709 may 17 01:24 classic_p3_balanced_c50_004_pqc_client_client_err.txt
-rw-r--r-- 1 cristian cristian       0 may 17 01:24 classic_p3_balanced_c50_004_pqc_client_client.txt
-rw-r--r-- 1 cristian cristian      37 may 17 01:24 classic_p3_balanced_c50_004_pqc_client_summary.txt
-rw-r--r-- 1 cristian cristian     747 may 15 19:22 classic_p3_balanced_c50_004_resource_summary.txt
=== resumen por cliente ===
[*] Perfil poisson_jitter: llegadas no sincronizadas con Poisson+jitter
[*] pqc_client <= plan: 1:0.027065 7:0.027065 13:0.027065 19:0.027065 25:0.027065 31:0.027065 37:0.027065 43:0.027065 49:0.027065
[*] pqc_client_2 <= plan: 2:0.027065 8:0.027065 14:0.027065 20:0.027065 26:0.027065 32:0.027065 38:0.027065 44:0.027065 50:0.027065
[*] pqc_client_3 <= plan: 3:0.027065 9:0.027065 15:0.027065 21:0.027065 27:0.027065 33:0.027065 39:0.027065 45:0.027065
[*] pqc_client_4 <= plan: 4:0.027065 10:0.027065 16:0.027065 22:0.027065 28:0.027065 34:0.027065 40:0.027065 46:0.027065
[*] pqc_client_5 <= plan: 5:0.027065 11:0.027065 17:0.027065 23:0.027065 29:0.027065 35:0.027065 41:0.027065 47:0.027065
[*] pqc_client_6 <= plan: 6:0.027065 12:0.027065 18:0.027065 24:0.027065 30:0.027065 36:0.027065 42:0.027065 48:0.027065
client=pqc_client total=9 ok=9 err=0
client=pqc_client_2 total=9 ok=9 err=0
client=pqc_client_3 total=8 ok=8 err=0
client=pqc_client_4 total=8 ok=8 err=0
client=pqc_client_5 total=8 ok=8 err=0
client=pqc_client_6 total=8 ok=8 err=0
[*] Resumen guardado en: results/classic_p3_balanced_c50_004_resource_summary.txt
RUN_ID: classic_p3_balanced_c50_004
CSV: results/classic_p3_balanced_c50_004_docker_stats.csv

=== Resumen CPU% y MEM% (avg / max) por contenedor ===
pqc_client_2 -> CPU avg=0.30%, CPU max=1.19%, MEM avg=0.18%, MEM max=0.29%
pqc_client_3 -> CPU avg=0.07%, CPU max=0.29%, MEM avg=0.18%, MEM max=0.31%
pqc_monitor -> CPU avg=0.10%, CPU max=0.17%, MEM avg=0.13%, MEM max=0.13%
pqc_client_4 -> CPU avg=0.48%, CPU max=1.92%, MEM avg=0.17%, MEM max=0.30%
pqc_client_5 -> CPU avg=1.47%, CPU max=5.89%, MEM avg=0.17%, MEM max=0.30%
pqc_server -> CPU avg=0.95%, CPU max=2.09%, MEM avg=0.11%, MEM max=0.11%
pqc_client_6 -> CPU avg=0.21%, CPU max=0.43%, MEM avg=0.27%, MEM max=0.36%
pqc_client -> CPU avg=0.55%, CPU max=2.20%, MEM avg=0.19%, MEM max=0.25%
[2026-05-17 01:25:04] [*] Parando captura en pqc_monitor para classic_p3_balanced_c50_004
[*] Métricas TXT guardadas en results/classic_p3_balanced_c50_004_metrics.txt
[*] Métricas CSV guardadas en results/classic_p3_balanced_c50_004_metrics.csv
[2026-05-17 01:25:28] === RUN END: classic_p3_balanced_c50_004 ===

[2026-05-17 01:25:28] === RUN START: classic_p3_balanced_c50_005 ===
[2026-05-17 01:25:28] [*] Arrancando captura en pqc_monitor (eth0) para classic_p3_balanced_c50_005
[*] Guardando muestras en: results/classic_p3_balanced_c50_005_docker_stats.csv
[*] Ejecutando comando medido: bash -lc ./scripts/run_client_once_rafaga.sh classic_p3_balanced_c50_005 50; sleep 3
[*] Ráfaga clásica completada: 50 conexiones en 6 clientes (poisson_jitter)
=== host results ===
-rw-rw-r-- 1 cristian cristian   15050 may 17 01:25 classic_p3_balanced_c50_005_client_err.txt
-rw-rw-r-- 1 cristian cristian    1049 may 17 01:25 classic_p3_balanced_c50_005_client.txt
-rwxr-xr-x 1 cristian cristian    1238 may 17 01:25 classic_p3_balanced_c50_005_docker_stats.csv
-rwxr-xr-x 1 cristian cristian    1729 may 15 19:23 classic_p3_balanced_c50_005_metrics.csv
-rw-r--r-- 1 cristian cristian   29234 may 15 19:23 classic_p3_balanced_c50_005_metrics.txt
-rw-r--r-- 1 cristian cristian    2709 may 17 01:25 classic_p3_balanced_c50_005_pqc_client_2_client_err.txt
-rw-r--r-- 1 cristian cristian       0 may 17 01:25 classic_p3_balanced_c50_005_pqc_client_2_client.txt
-rw-r--r-- 1 cristian cristian      39 may 17 01:25 classic_p3_balanced_c50_005_pqc_client_2_summary.txt
-rw-r--r-- 1 cristian cristian    2408 may 17 01:25 classic_p3_balanced_c50_005_pqc_client_3_client_err.txt
-rw-r--r-- 1 cristian cristian       0 may 17 01:25 classic_p3_balanced_c50_005_pqc_client_3_client.txt
-rw-r--r-- 1 cristian cristian      39 may 17 01:25 classic_p3_balanced_c50_005_pqc_client_3_summary.txt
-rw-r--r-- 1 cristian cristian    2408 may 17 01:25 classic_p3_balanced_c50_005_pqc_client_4_client_err.txt
-rw-r--r-- 1 cristian cristian       0 may 17 01:25 classic_p3_balanced_c50_005_pqc_client_4_client.txt
-rw-r--r-- 1 cristian cristian      39 may 17 01:25 classic_p3_balanced_c50_005_pqc_client_4_summary.txt
-rw-r--r-- 1 cristian cristian    2408 may 17 01:25 classic_p3_balanced_c50_005_pqc_client_5_client_err.txt
-rw-r--r-- 1 cristian cristian       0 may 17 01:25 classic_p3_balanced_c50_005_pqc_client_5_client.txt
-rw-r--r-- 1 cristian cristian      39 may 17 01:25 classic_p3_balanced_c50_005_pqc_client_5_summary.txt
-rw-r--r-- 1 cristian cristian    2408 may 17 01:25 classic_p3_balanced_c50_005_pqc_client_6_client_err.txt
-rw-r--r-- 1 cristian cristian       0 may 17 01:25 classic_p3_balanced_c50_005_pqc_client_6_client.txt
-rw-r--r-- 1 cristian cristian      39 may 17 01:25 classic_p3_balanced_c50_005_pqc_client_6_summary.txt
-rw-r--r-- 1 cristian cristian    2709 may 17 01:25 classic_p3_balanced_c50_005_pqc_client_client_err.txt
-rw-r--r-- 1 cristian cristian       0 may 17 01:25 classic_p3_balanced_c50_005_pqc_client_client.txt
-rw-r--r-- 1 cristian cristian      37 may 17 01:25 classic_p3_balanced_c50_005_pqc_client_summary.txt
-rw-r--r-- 1 cristian cristian     746 may 15 19:23 classic_p3_balanced_c50_005_resource_summary.txt
=== resumen por cliente ===
[*] Perfil poisson_jitter: llegadas no sincronizadas con Poisson+jitter
[*] pqc_client <= plan: 1:0.088598 7:0.088598 13:0.088598 19:0.088598 25:0.088598 31:0.088598 37:0.088598 43:0.088598 49:0.088598
[*] pqc_client_2 <= plan: 2:0.088598 8:0.088598 14:0.088598 20:0.088598 26:0.088598 32:0.088598 38:0.088598 44:0.088598 50:0.088598
[*] pqc_client_3 <= plan: 3:0.088598 9:0.088598 15:0.088598 21:0.088598 27:0.088598 33:0.088598 39:0.088598 45:0.088598
[*] pqc_client_4 <= plan: 4:0.088598 10:0.088598 16:0.088598 22:0.088598 28:0.088598 34:0.088598 40:0.088598 46:0.088598
[*] pqc_client_5 <= plan: 5:0.088598 11:0.088598 17:0.088598 23:0.088598 29:0.088598 35:0.088598 41:0.088598 47:0.088598
[*] pqc_client_6 <= plan: 6:0.088598 12:0.088598 18:0.088598 24:0.088598 30:0.088598 36:0.088598 42:0.088598 48:0.088598
client=pqc_client total=9 ok=9 err=0
client=pqc_client_2 total=9 ok=9 err=0
client=pqc_client_3 total=8 ok=8 err=0
client=pqc_client_4 total=8 ok=8 err=0
client=pqc_client_5 total=8 ok=8 err=0
client=pqc_client_6 total=8 ok=8 err=0
[*] Resumen guardado en: results/classic_p3_balanced_c50_005_resource_summary.txt
RUN_ID: classic_p3_balanced_c50_005
CSV: results/classic_p3_balanced_c50_005_docker_stats.csv

=== Resumen CPU% y MEM% (avg / max) por contenedor ===
pqc_client_2 -> CPU avg=0.37%, CPU max=1.49%, MEM avg=0.18%, MEM max=0.29%
pqc_client_3 -> CPU avg=5.87%, CPU max=23.48%, MEM avg=0.18%, MEM max=0.31%
pqc_monitor -> CPU avg=0.09%, CPU max=0.16%, MEM avg=0.13%, MEM max=0.13%
pqc_client_4 -> CPU avg=0.00%, CPU max=0.00%, MEM avg=0.17%, MEM max=0.30%
pqc_client_5 -> CPU avg=1.18%, CPU max=4.71%, MEM avg=0.17%, MEM max=0.30%
pqc_server -> CPU avg=0.96%, CPU max=2.13%, MEM avg=0.11%, MEM max=0.11%
pqc_client_6 -> CPU avg=0.40%, CPU max=1.31%, MEM avg=0.25%, MEM max=0.35%
pqc_client -> CPU avg=1.45%, CPU max=5.81%, MEM avg=0.17%, MEM max=0.17%
[2026-05-17 01:25:45] [*] Parando captura en pqc_monitor para classic_p3_balanced_c50_005
[*] Métricas TXT guardadas en results/classic_p3_balanced_c50_005_metrics.txt
[*] Métricas CSV guardadas en results/classic_p3_balanced_c50_005_metrics.csv
[2026-05-17 01:26:09] === RUN END: classic_p3_balanced_c50_005 ===

[2026-05-17 01:26:09] === RUN START: classic_p3_aggressive_c50_001 ===
[2026-05-17 01:26:09] [*] Arrancando captura en pqc_monitor (eth0) para classic_p3_aggressive_c50_001
[*] Guardando muestras en: results/classic_p3_aggressive_c50_001_docker_stats.csv
[*] Ejecutando comando medido: bash -lc ./scripts/run_client_once_rafaga.sh classic_p3_aggressive_c50_001 50; sleep 3
[*] Ráfaga clásica completada: 50 conexiones en 6 clientes (poisson_jitter)
=== host results ===
-rw-rw-r-- 1 cristian cristian   15050 may 17 01:26 classic_p3_aggressive_c50_001_client_err.txt
-rw-rw-r-- 1 cristian cristian    1049 may 17 01:26 classic_p3_aggressive_c50_001_client.txt
-rwxr-xr-x 1 cristian cristian    1631 may 17 01:26 classic_p3_aggressive_c50_001_docker_stats.csv
-rwxr-xr-x 1 cristian cristian    1730 may 15 19:23 classic_p3_aggressive_c50_001_metrics.csv
-rw-r--r-- 1 cristian cristian   29356 may 15 19:23 classic_p3_aggressive_c50_001_metrics.txt
-rw-r--r-- 1 cristian cristian    2709 may 17 01:26 classic_p3_aggressive_c50_001_pqc_client_2_client_err.txt
-rw-r--r-- 1 cristian cristian       0 may 17 01:26 classic_p3_aggressive_c50_001_pqc_client_2_client.txt
-rw-r--r-- 1 cristian cristian      39 may 17 01:26 classic_p3_aggressive_c50_001_pqc_client_2_summary.txt
-rw-r--r-- 1 cristian cristian    2408 may 17 01:26 classic_p3_aggressive_c50_001_pqc_client_3_client_err.txt
-rw-r--r-- 1 cristian cristian       0 may 17 01:26 classic_p3_aggressive_c50_001_pqc_client_3_client.txt
-rw-r--r-- 1 cristian cristian      39 may 17 01:26 classic_p3_aggressive_c50_001_pqc_client_3_summary.txt
-rw-r--r-- 1 cristian cristian    2408 may 17 01:26 classic_p3_aggressive_c50_001_pqc_client_4_client_err.txt
-rw-r--r-- 1 cristian cristian       0 may 17 01:26 classic_p3_aggressive_c50_001_pqc_client_4_client.txt
-rw-r--r-- 1 cristian cristian      39 may 17 01:26 classic_p3_aggressive_c50_001_pqc_client_4_summary.txt
-rw-r--r-- 1 cristian cristian    2408 may 17 01:26 classic_p3_aggressive_c50_001_pqc_client_5_client_err.txt
-rw-r--r-- 1 cristian cristian       0 may 17 01:26 classic_p3_aggressive_c50_001_pqc_client_5_client.txt
-rw-r--r-- 1 cristian cristian      39 may 17 01:26 classic_p3_aggressive_c50_001_pqc_client_5_summary.txt
-rw-r--r-- 1 cristian cristian    2408 may 17 01:26 classic_p3_aggressive_c50_001_pqc_client_6_client_err.txt
-rw-r--r-- 1 cristian cristian       0 may 17 01:26 classic_p3_aggressive_c50_001_pqc_client_6_client.txt
-rw-r--r-- 1 cristian cristian      39 may 17 01:26 classic_p3_aggressive_c50_001_pqc_client_6_summary.txt
-rw-r--r-- 1 cristian cristian    2709 may 17 01:26 classic_p3_aggressive_c50_001_pqc_client_client_err.txt
-rw-r--r-- 1 cristian cristian       0 may 17 01:26 classic_p3_aggressive_c50_001_pqc_client_client.txt
-rw-r--r-- 1 cristian cristian      37 may 17 01:26 classic_p3_aggressive_c50_001_pqc_client_summary.txt
-rw-r--r-- 1 cristian cristian     752 may 15 19:23 classic_p3_aggressive_c50_001_resource_summary.txt
=== resumen por cliente ===
[*] Perfil poisson_jitter: llegadas no sincronizadas con Poisson+jitter
[*] pqc_client <= plan: 1:0.047698 7:0.047698 13:0.047698 19:0.047698 25:0.047698 31:0.047698 37:0.047698 43:0.047698 49:0.047698
[*] pqc_client_2 <= plan: 2:0.047698 8:0.047698 14:0.047698 20:0.047698 26:0.047698 32:0.047698 38:0.047698 44:0.047698 50:0.047698
[*] pqc_client_3 <= plan: 3:0.047698 9:0.047698 15:0.047698 21:0.047698 27:0.047698 33:0.047698 39:0.047698 45:0.047698
[*] pqc_client_4 <= plan: 4:0.047698 10:0.047698 16:0.047698 22:0.047698 28:0.047698 34:0.047698 40:0.047698 46:0.047698
[*] pqc_client_5 <= plan: 5:0.047698 11:0.047698 17:0.047698 23:0.047698 29:0.047698 35:0.047698 41:0.047698 47:0.047698
[*] pqc_client_6 <= plan: 6:0.047698 12:0.047698 18:0.047698 24:0.047698 30:0.047698 36:0.047698 42:0.047698 48:0.047698
client=pqc_client total=9 ok=9 err=0
client=pqc_client_2 total=9 ok=9 err=0
client=pqc_client_3 total=8 ok=8 err=0
client=pqc_client_4 total=8 ok=8 err=0
client=pqc_client_5 total=8 ok=8 err=0
client=pqc_client_6 total=8 ok=8 err=0
[*] Resumen guardado en: results/classic_p3_aggressive_c50_001_resource_summary.txt
RUN_ID: classic_p3_aggressive_c50_001
CSV: results/classic_p3_aggressive_c50_001_docker_stats.csv

=== Resumen CPU% y MEM% (avg / max) por contenedor ===
pqc_client_2 -> CPU avg=0.26%, CPU max=1.04%, MEM avg=0.18%, MEM max=0.29%
pqc_client_3 -> CPU avg=0.17%, CPU max=0.66%, MEM avg=0.18%, MEM max=0.31%
pqc_monitor -> CPU avg=0.08%, CPU max=0.21%, MEM avg=0.13%, MEM max=0.13%
pqc_client_4 -> CPU avg=0.54%, CPU max=2.15%, MEM avg=0.18%, MEM max=0.30%
pqc_client_5 -> CPU avg=1.11%, CPU max=4.45%, MEM avg=0.17%, MEM max=0.30%
pqc_server -> CPU avg=1.07%, CPU max=2.30%, MEM avg=0.11%, MEM max=0.11%
pqc_client_6 -> CPU avg=0.08%, CPU max=0.31%, MEM avg=0.27%, MEM max=0.36%
pqc_client -> CPU avg=0.71%, CPU max=2.84%, MEM avg=0.18%, MEM max=0.21%
[2026-05-17 01:26:26] [*] Parando captura en pqc_monitor para classic_p3_aggressive_c50_001
[*] Métricas TXT guardadas en results/classic_p3_aggressive_c50_001_metrics.txt
[*] Métricas CSV guardadas en results/classic_p3_aggressive_c50_001_metrics.csv
[2026-05-17 01:26:50] === RUN END: classic_p3_aggressive_c50_001 ===

[2026-05-17 01:26:50] === RUN START: classic_p3_aggressive_c50_002 ===
[2026-05-17 01:26:50] [*] Arrancando captura en pqc_monitor (eth0) para classic_p3_aggressive_c50_002
[*] Guardando muestras en: results/classic_p3_aggressive_c50_002_docker_stats.csv
[*] Ejecutando comando medido: bash -lc ./scripts/run_client_once_rafaga.sh classic_p3_aggressive_c50_002 50; sleep 3
[*] Ráfaga clásica completada: 50 conexiones en 6 clientes (poisson_jitter)
=== host results ===
-rw-rw-r-- 1 cristian cristian   15050 may 17 01:26 classic_p3_aggressive_c50_002_client_err.txt
-rw-rw-r-- 1 cristian cristian    1049 may 17 01:26 classic_p3_aggressive_c50_002_client.txt
-rwxr-xr-x 1 cristian cristian    1636 may 17 01:26 classic_p3_aggressive_c50_002_docker_stats.csv
-rwxr-xr-x 1 cristian cristian    1722 may 15 19:24 classic_p3_aggressive_c50_002_metrics.csv
-rw-r--r-- 1 cristian cristian   28997 may 15 19:24 classic_p3_aggressive_c50_002_metrics.txt
-rw-r--r-- 1 cristian cristian    2709 may 17 01:26 classic_p3_aggressive_c50_002_pqc_client_2_client_err.txt
-rw-r--r-- 1 cristian cristian       0 may 17 01:26 classic_p3_aggressive_c50_002_pqc_client_2_client.txt
-rw-r--r-- 1 cristian cristian      39 may 17 01:26 classic_p3_aggressive_c50_002_pqc_client_2_summary.txt
-rw-r--r-- 1 cristian cristian    2408 may 17 01:26 classic_p3_aggressive_c50_002_pqc_client_3_client_err.txt
-rw-r--r-- 1 cristian cristian       0 may 17 01:26 classic_p3_aggressive_c50_002_pqc_client_3_client.txt
-rw-r--r-- 1 cristian cristian      39 may 17 01:26 classic_p3_aggressive_c50_002_pqc_client_3_summary.txt
-rw-r--r-- 1 cristian cristian    2408 may 17 01:26 classic_p3_aggressive_c50_002_pqc_client_4_client_err.txt
-rw-r--r-- 1 cristian cristian       0 may 17 01:26 classic_p3_aggressive_c50_002_pqc_client_4_client.txt
-rw-r--r-- 1 cristian cristian      39 may 17 01:26 classic_p3_aggressive_c50_002_pqc_client_4_summary.txt
-rw-r--r-- 1 cristian cristian    2408 may 17 01:26 classic_p3_aggressive_c50_002_pqc_client_5_client_err.txt
-rw-r--r-- 1 cristian cristian       0 may 17 01:26 classic_p3_aggressive_c50_002_pqc_client_5_client.txt
-rw-r--r-- 1 cristian cristian      39 may 17 01:26 classic_p3_aggressive_c50_002_pqc_client_5_summary.txt
-rw-r--r-- 1 cristian cristian    2408 may 17 01:26 classic_p3_aggressive_c50_002_pqc_client_6_client_err.txt
-rw-r--r-- 1 cristian cristian       0 may 17 01:26 classic_p3_aggressive_c50_002_pqc_client_6_client.txt
-rw-r--r-- 1 cristian cristian      39 may 17 01:26 classic_p3_aggressive_c50_002_pqc_client_6_summary.txt
-rw-r--r-- 1 cristian cristian    2709 may 17 01:26 classic_p3_aggressive_c50_002_pqc_client_client_err.txt
-rw-r--r-- 1 cristian cristian       0 may 17 01:26 classic_p3_aggressive_c50_002_pqc_client_client.txt
-rw-r--r-- 1 cristian cristian      37 may 17 01:26 classic_p3_aggressive_c50_002_pqc_client_summary.txt
-rw-r--r-- 1 cristian cristian     752 may 15 19:24 classic_p3_aggressive_c50_002_resource_summary.txt
=== resumen por cliente ===
[*] Perfil poisson_jitter: llegadas no sincronizadas con Poisson+jitter
[*] pqc_client <= plan: 1:0.000000 7:0.000000 13:0.000000 19:0.000000 25:0.000000 31:0.000000 37:0.000000 43:0.000000 49:0.000000
[*] pqc_client_2 <= plan: 2:0.000000 8:0.000000 14:0.000000 20:0.000000 26:0.000000 32:0.000000 38:0.000000 44:0.000000 50:0.000000
[*] pqc_client_3 <= plan: 3:0.000000 9:0.000000 15:0.000000 21:0.000000 27:0.000000 33:0.000000 39:0.000000 45:0.000000
[*] pqc_client_4 <= plan: 4:0.000000 10:0.000000 16:0.000000 22:0.000000 28:0.000000 34:0.000000 40:0.000000 46:0.000000
[*] pqc_client_5 <= plan: 5:0.000000 11:0.000000 17:0.000000 23:0.000000 29:0.000000 35:0.000000 41:0.000000 47:0.000000
[*] pqc_client_6 <= plan: 6:0.000000 12:0.000000 18:0.000000 24:0.000000 30:0.000000 36:0.000000 42:0.000000 48:0.000000
client=pqc_client total=9 ok=9 err=0
client=pqc_client_2 total=9 ok=9 err=0
client=pqc_client_3 total=8 ok=8 err=0
client=pqc_client_4 total=8 ok=8 err=0
client=pqc_client_5 total=8 ok=8 err=0
client=pqc_client_6 total=8 ok=8 err=0
[*] Resumen guardado en: results/classic_p3_aggressive_c50_002_resource_summary.txt
RUN_ID: classic_p3_aggressive_c50_002
CSV: results/classic_p3_aggressive_c50_002_docker_stats.csv

=== Resumen CPU% y MEM% (avg / max) por contenedor ===
pqc_client_2 -> CPU avg=0.36%, CPU max=1.46%, MEM avg=0.16%, MEM max=0.23%
pqc_client_3 -> CPU avg=0.01%, CPU max=0.05%, MEM avg=0.19%, MEM max=0.31%
pqc_monitor -> CPU avg=0.08%, CPU max=0.11%, MEM avg=0.13%, MEM max=0.13%
pqc_client_4 -> CPU avg=0.85%, CPU max=3.42%, MEM avg=0.17%, MEM max=0.30%
pqc_client_5 -> CPU avg=0.42%, CPU max=1.40%, MEM avg=0.20%, MEM max=0.30%
pqc_server -> CPU avg=0.70%, CPU max=1.85%, MEM avg=0.11%, MEM max=0.11%
pqc_client_6 -> CPU avg=0.52%, CPU max=1.76%, MEM avg=0.26%, MEM max=0.36%
pqc_client -> CPU avg=0.25%, CPU max=0.99%, MEM avg=0.21%, MEM max=0.32%
[2026-05-17 01:27:07] [*] Parando captura en pqc_monitor para classic_p3_aggressive_c50_002
[*] Métricas TXT guardadas en results/classic_p3_aggressive_c50_002_metrics.txt
[*] Métricas CSV guardadas en results/classic_p3_aggressive_c50_002_metrics.csv
[2026-05-17 01:27:31] === RUN END: classic_p3_aggressive_c50_002 ===

[2026-05-17 01:27:31] === RUN START: classic_p3_aggressive_c50_003 ===
[2026-05-17 01:27:31] [*] Arrancando captura en pqc_monitor (eth0) para classic_p3_aggressive_c50_003
[*] Guardando muestras en: results/classic_p3_aggressive_c50_003_docker_stats.csv
[*] Ejecutando comando medido: bash -lc ./scripts/run_client_once_rafaga.sh classic_p3_aggressive_c50_003 50; sleep 3
[*] Ráfaga clásica completada: 50 conexiones en 6 clientes (poisson_jitter)
=== host results ===
-rw-rw-r-- 1 cristian cristian   15050 may 17 01:27 classic_p3_aggressive_c50_003_client_err.txt
-rw-rw-r-- 1 cristian cristian    1049 may 17 01:27 classic_p3_aggressive_c50_003_client.txt
-rwxr-xr-x 1 cristian cristian    1625 may 17 01:27 classic_p3_aggressive_c50_003_docker_stats.csv
-rwxr-xr-x 1 cristian cristian    1731 may 15 19:25 classic_p3_aggressive_c50_003_metrics.csv
-rw-r--r-- 1 cristian cristian   29690 may 15 19:25 classic_p3_aggressive_c50_003_metrics.txt
-rw-r--r-- 1 cristian cristian    2709 may 17 01:27 classic_p3_aggressive_c50_003_pqc_client_2_client_err.txt
-rw-r--r-- 1 cristian cristian       0 may 17 01:27 classic_p3_aggressive_c50_003_pqc_client_2_client.txt
-rw-r--r-- 1 cristian cristian      39 may 17 01:27 classic_p3_aggressive_c50_003_pqc_client_2_summary.txt
-rw-r--r-- 1 cristian cristian    2408 may 17 01:27 classic_p3_aggressive_c50_003_pqc_client_3_client_err.txt
-rw-r--r-- 1 cristian cristian       0 may 17 01:27 classic_p3_aggressive_c50_003_pqc_client_3_client.txt
-rw-r--r-- 1 cristian cristian      39 may 17 01:27 classic_p3_aggressive_c50_003_pqc_client_3_summary.txt
-rw-r--r-- 1 cristian cristian    2408 may 17 01:27 classic_p3_aggressive_c50_003_pqc_client_4_client_err.txt
-rw-r--r-- 1 cristian cristian       0 may 17 01:27 classic_p3_aggressive_c50_003_pqc_client_4_client.txt
-rw-r--r-- 1 cristian cristian      39 may 17 01:27 classic_p3_aggressive_c50_003_pqc_client_4_summary.txt
-rw-r--r-- 1 cristian cristian    2408 may 17 01:27 classic_p3_aggressive_c50_003_pqc_client_5_client_err.txt
-rw-r--r-- 1 cristian cristian       0 may 17 01:27 classic_p3_aggressive_c50_003_pqc_client_5_client.txt
-rw-r--r-- 1 cristian cristian      39 may 17 01:27 classic_p3_aggressive_c50_003_pqc_client_5_summary.txt
-rw-r--r-- 1 cristian cristian    2408 may 17 01:27 classic_p3_aggressive_c50_003_pqc_client_6_client_err.txt
-rw-r--r-- 1 cristian cristian       0 may 17 01:27 classic_p3_aggressive_c50_003_pqc_client_6_client.txt
-rw-r--r-- 1 cristian cristian      39 may 17 01:27 classic_p3_aggressive_c50_003_pqc_client_6_summary.txt
-rw-r--r-- 1 cristian cristian    2709 may 17 01:27 classic_p3_aggressive_c50_003_pqc_client_client_err.txt
-rw-r--r-- 1 cristian cristian       0 may 17 01:27 classic_p3_aggressive_c50_003_pqc_client_client.txt
-rw-r--r-- 1 cristian cristian      37 may 17 01:27 classic_p3_aggressive_c50_003_pqc_client_summary.txt
-rw-r--r-- 1 cristian cristian     752 may 15 19:24 classic_p3_aggressive_c50_003_resource_summary.txt
=== resumen por cliente ===
[*] Perfil poisson_jitter: llegadas no sincronizadas con Poisson+jitter
[*] pqc_client <= plan: 1:0.024783 7:0.024783 13:0.024783 19:0.024783 25:0.024783 31:0.024783 37:0.024437 43:0.024437 49:0.024437
[*] pqc_client_2 <= plan: 2:0.024783 8:0.024783 14:0.024783 20:0.024783 26:0.024783 32:0.024783 38:0.024437 44:0.024437 50:0.024437
[*] pqc_client_3 <= plan: 3:0.024783 9:0.024783 15:0.024783 21:0.024783 27:0.024783 33:0.024783 39:0.024437 45:0.024437
[*] pqc_client_4 <= plan: 4:0.024783 10:0.024783 16:0.024783 22:0.024783 28:0.024783 34:0.024783 40:0.024437 46:0.024437
[*] pqc_client_5 <= plan: 5:0.024783 11:0.024783 17:0.024783 23:0.024783 29:0.024783 35:0.024437 41:0.024437 47:0.024437
[*] pqc_client_6 <= plan: 6:0.024783 12:0.024783 18:0.024783 24:0.024783 30:0.024783 36:0.024437 42:0.024437 48:0.024437
client=pqc_client total=9 ok=9 err=0
client=pqc_client_2 total=9 ok=9 err=0
client=pqc_client_3 total=8 ok=8 err=0
client=pqc_client_4 total=8 ok=8 err=0
client=pqc_client_5 total=8 ok=8 err=0
client=pqc_client_6 total=8 ok=8 err=0
[*] Resumen guardado en: results/classic_p3_aggressive_c50_003_resource_summary.txt
RUN_ID: classic_p3_aggressive_c50_003
CSV: results/classic_p3_aggressive_c50_003_docker_stats.csv

=== Resumen CPU% y MEM% (avg / max) por contenedor ===
pqc_client_2 -> CPU avg=0.46%, CPU max=1.84%, MEM avg=0.17%, MEM max=0.27%
pqc_client_3 -> CPU avg=6.04%, CPU max=24.18%, MEM avg=0.19%, MEM max=0.31%
pqc_monitor -> CPU avg=0.10%, CPU max=0.17%, MEM avg=0.13%, MEM max=0.13%
pqc_client_4 -> CPU avg=0.75%, CPU max=2.31%, MEM avg=0.18%, MEM max=0.30%
pqc_client_5 -> CPU avg=0.34%, CPU max=1.34%, MEM avg=0.21%, MEM max=0.30%
pqc_server -> CPU avg=0.74%, CPU max=2.17%, MEM avg=0.11%, MEM max=0.11%
pqc_client_6 -> CPU avg=0.00%, CPU max=0.00%, MEM avg=0.27%, MEM max=0.36%
pqc_client -> CPU avg=1.44%, CPU max=5.76%, MEM avg=0.17%, MEM max=0.17%
[2026-05-17 01:27:48] [*] Parando captura en pqc_monitor para classic_p3_aggressive_c50_003
[*] Métricas TXT guardadas en results/classic_p3_aggressive_c50_003_metrics.txt
[*] Métricas CSV guardadas en results/classic_p3_aggressive_c50_003_metrics.csv
[2026-05-17 01:28:13] === RUN END: classic_p3_aggressive_c50_003 ===

[2026-05-17 01:28:13] === RUN START: classic_p3_aggressive_c50_004 ===
[2026-05-17 01:28:13] [*] Arrancando captura en pqc_monitor (eth0) para classic_p3_aggressive_c50_004
[*] Guardando muestras en: results/classic_p3_aggressive_c50_004_docker_stats.csv
[*] Ejecutando comando medido: bash -lc ./scripts/run_client_once_rafaga.sh classic_p3_aggressive_c50_004 50; sleep 3
[*] Ráfaga clásica completada: 50 conexiones en 6 clientes (poisson_jitter)
=== host results ===
-rw-rw-r-- 1 cristian cristian   15050 may 17 01:28 classic_p3_aggressive_c50_004_client_err.txt
-rw-rw-r-- 1 cristian cristian    1049 may 17 01:28 classic_p3_aggressive_c50_004_client.txt
-rwxr-xr-x 1 cristian cristian    1620 may 17 01:28 classic_p3_aggressive_c50_004_docker_stats.csv
-rwxr-xr-x 1 cristian cristian    1723 may 15 19:25 classic_p3_aggressive_c50_004_metrics.csv
-rw-r--r-- 1 cristian cristian   29328 may 15 19:25 classic_p3_aggressive_c50_004_metrics.txt
-rw-r--r-- 1 cristian cristian    2709 may 17 01:28 classic_p3_aggressive_c50_004_pqc_client_2_client_err.txt
-rw-r--r-- 1 cristian cristian       0 may 17 01:28 classic_p3_aggressive_c50_004_pqc_client_2_client.txt
-rw-r--r-- 1 cristian cristian      39 may 17 01:28 classic_p3_aggressive_c50_004_pqc_client_2_summary.txt
-rw-r--r-- 1 cristian cristian    2408 may 17 01:28 classic_p3_aggressive_c50_004_pqc_client_3_client_err.txt
-rw-r--r-- 1 cristian cristian       0 may 17 01:28 classic_p3_aggressive_c50_004_pqc_client_3_client.txt
-rw-r--r-- 1 cristian cristian      39 may 17 01:28 classic_p3_aggressive_c50_004_pqc_client_3_summary.txt
-rw-r--r-- 1 cristian cristian    2408 may 17 01:28 classic_p3_aggressive_c50_004_pqc_client_4_client_err.txt
-rw-r--r-- 1 cristian cristian       0 may 17 01:28 classic_p3_aggressive_c50_004_pqc_client_4_client.txt
-rw-r--r-- 1 cristian cristian      39 may 17 01:28 classic_p3_aggressive_c50_004_pqc_client_4_summary.txt
-rw-r--r-- 1 cristian cristian    2408 may 17 01:28 classic_p3_aggressive_c50_004_pqc_client_5_client_err.txt
-rw-r--r-- 1 cristian cristian       0 may 17 01:28 classic_p3_aggressive_c50_004_pqc_client_5_client.txt
-rw-r--r-- 1 cristian cristian      39 may 17 01:28 classic_p3_aggressive_c50_004_pqc_client_5_summary.txt
-rw-r--r-- 1 cristian cristian    2408 may 17 01:28 classic_p3_aggressive_c50_004_pqc_client_6_client_err.txt
-rw-r--r-- 1 cristian cristian       0 may 17 01:28 classic_p3_aggressive_c50_004_pqc_client_6_client.txt
-rw-r--r-- 1 cristian cristian      39 may 17 01:28 classic_p3_aggressive_c50_004_pqc_client_6_summary.txt
-rw-r--r-- 1 cristian cristian    2709 may 17 01:28 classic_p3_aggressive_c50_004_pqc_client_client_err.txt
-rw-r--r-- 1 cristian cristian       0 may 17 01:28 classic_p3_aggressive_c50_004_pqc_client_client.txt
-rw-r--r-- 1 cristian cristian      37 may 17 01:28 classic_p3_aggressive_c50_004_pqc_client_summary.txt
-rw-r--r-- 1 cristian cristian     751 may 15 19:25 classic_p3_aggressive_c50_004_resource_summary.txt
=== resumen por cliente ===
[*] Perfil poisson_jitter: llegadas no sincronizadas con Poisson+jitter
[*] pqc_client <= plan: 1:0.041663 7:0.041663 13:0.041663 19:0.041663 25:0.041663 31:0.041663 37:0.041663 43:0.041663 49:0.041663
[*] pqc_client_2 <= plan: 2:0.041663 8:0.041663 14:0.041663 20:0.041663 26:0.041663 32:0.041663 38:0.041663 44:0.041663 50:0.041663
[*] pqc_client_3 <= plan: 3:0.041663 9:0.041663 15:0.041663 21:0.041663 27:0.041663 33:0.041663 39:0.041663 45:0.041663
[*] pqc_client_4 <= plan: 4:0.041663 10:0.041663 16:0.041663 22:0.041663 28:0.041663 34:0.041663 40:0.041663 46:0.041663
[*] pqc_client_5 <= plan: 5:0.041663 11:0.041663 17:0.041663 23:0.041663 29:0.041663 35:0.041663 41:0.041663 47:0.041663
[*] pqc_client_6 <= plan: 6:0.041663 12:0.041663 18:0.041663 24:0.041663 30:0.041663 36:0.041663 42:0.041663 48:0.041663
client=pqc_client total=9 ok=9 err=0
client=pqc_client_2 total=9 ok=9 err=0
client=pqc_client_3 total=8 ok=8 err=0
client=pqc_client_4 total=8 ok=8 err=0
client=pqc_client_5 total=8 ok=8 err=0
client=pqc_client_6 total=8 ok=8 err=0
[*] Resumen guardado en: results/classic_p3_aggressive_c50_004_resource_summary.txt
RUN_ID: classic_p3_aggressive_c50_004
CSV: results/classic_p3_aggressive_c50_004_docker_stats.csv

=== Resumen CPU% y MEM% (avg / max) por contenedor ===
pqc_client_2 -> CPU avg=0.69%, CPU max=2.74%, MEM avg=0.16%, MEM max=0.23%
pqc_client_3 -> CPU avg=0.12%, CPU max=0.49%, MEM avg=0.18%, MEM max=0.29%
pqc_monitor -> CPU avg=0.07%, CPU max=0.16%, MEM avg=0.13%, MEM max=0.13%
pqc_client_4 -> CPU avg=0.34%, CPU max=1.36%, MEM avg=0.18%, MEM max=0.30%
pqc_client_5 -> CPU avg=0.01%, CPU max=0.05%, MEM avg=0.18%, MEM max=0.30%
pqc_server -> CPU avg=0.89%, CPU max=2.44%, MEM avg=0.11%, MEM max=0.11%
pqc_client_6 -> CPU avg=0.38%, CPU max=1.50%, MEM avg=0.26%, MEM max=0.36%
pqc_client -> CPU avg=0.50%, CPU max=1.99%, MEM avg=0.19%, MEM max=0.26%
[2026-05-17 01:28:30] [*] Parando captura en pqc_monitor para classic_p3_aggressive_c50_004
[*] Métricas TXT guardadas en results/classic_p3_aggressive_c50_004_metrics.txt
[*] Métricas CSV guardadas en results/classic_p3_aggressive_c50_004_metrics.csv
[2026-05-17 01:28:54] === RUN END: classic_p3_aggressive_c50_004 ===

[2026-05-17 01:28:54] === RUN START: classic_p3_aggressive_c50_005 ===
[2026-05-17 01:28:54] [*] Arrancando captura en pqc_monitor (eth0) para classic_p3_aggressive_c50_005
[*] Guardando muestras en: results/classic_p3_aggressive_c50_005_docker_stats.csv
[*] Ejecutando comando medido: bash -lc ./scripts/run_client_once_rafaga.sh classic_p3_aggressive_c50_005 50; sleep 3
[*] Ráfaga clásica completada: 50 conexiones en 6 clientes (poisson_jitter)
=== host results ===
-rw-rw-r-- 1 cristian cristian   15050 may 17 01:29 classic_p3_aggressive_c50_005_client_err.txt
-rw-rw-r-- 1 cristian cristian    1049 may 17 01:29 classic_p3_aggressive_c50_005_client.txt
-rwxr-xr-x 1 cristian cristian    1635 may 17 01:29 classic_p3_aggressive_c50_005_docker_stats.csv
-rwxr-xr-x 1 cristian cristian    1729 may 15 19:26 classic_p3_aggressive_c50_005_metrics.csv
-rw-r--r-- 1 cristian cristian   29353 may 15 19:26 classic_p3_aggressive_c50_005_metrics.txt
-rw-r--r-- 1 cristian cristian    2709 may 17 01:29 classic_p3_aggressive_c50_005_pqc_client_2_client_err.txt
-rw-r--r-- 1 cristian cristian       0 may 17 01:29 classic_p3_aggressive_c50_005_pqc_client_2_client.txt
-rw-r--r-- 1 cristian cristian      39 may 17 01:29 classic_p3_aggressive_c50_005_pqc_client_2_summary.txt
-rw-r--r-- 1 cristian cristian    2408 may 17 01:29 classic_p3_aggressive_c50_005_pqc_client_3_client_err.txt
-rw-r--r-- 1 cristian cristian       0 may 17 01:29 classic_p3_aggressive_c50_005_pqc_client_3_client.txt
-rw-r--r-- 1 cristian cristian      39 may 17 01:29 classic_p3_aggressive_c50_005_pqc_client_3_summary.txt
-rw-r--r-- 1 cristian cristian    2408 may 17 01:29 classic_p3_aggressive_c50_005_pqc_client_4_client_err.txt
-rw-r--r-- 1 cristian cristian       0 may 17 01:29 classic_p3_aggressive_c50_005_pqc_client_4_client.txt
-rw-r--r-- 1 cristian cristian      39 may 17 01:29 classic_p3_aggressive_c50_005_pqc_client_4_summary.txt
-rw-r--r-- 1 cristian cristian    2408 may 17 01:29 classic_p3_aggressive_c50_005_pqc_client_5_client_err.txt
-rw-r--r-- 1 cristian cristian       0 may 17 01:29 classic_p3_aggressive_c50_005_pqc_client_5_client.txt
-rw-r--r-- 1 cristian cristian      39 may 17 01:29 classic_p3_aggressive_c50_005_pqc_client_5_summary.txt
-rw-r--r-- 1 cristian cristian    2408 may 17 01:29 classic_p3_aggressive_c50_005_pqc_client_6_client_err.txt
-rw-r--r-- 1 cristian cristian       0 may 17 01:29 classic_p3_aggressive_c50_005_pqc_client_6_client.txt
-rw-r--r-- 1 cristian cristian      39 may 17 01:29 classic_p3_aggressive_c50_005_pqc_client_6_summary.txt
-rw-r--r-- 1 cristian cristian    2709 may 17 01:28 classic_p3_aggressive_c50_005_pqc_client_client_err.txt
-rw-r--r-- 1 cristian cristian       0 may 17 01:28 classic_p3_aggressive_c50_005_pqc_client_client.txt
-rw-r--r-- 1 cristian cristian      37 may 17 01:28 classic_p3_aggressive_c50_005_pqc_client_summary.txt
-rw-r--r-- 1 cristian cristian     749 may 15 19:26 classic_p3_aggressive_c50_005_resource_summary.txt
=== resumen por cliente ===
[*] Perfil poisson_jitter: llegadas no sincronizadas con Poisson+jitter
[*] pqc_client <= plan: 1:0.011736 7:0.011736 13:0.011736 19:0.011736 25:0.011736 31:0.011736 37:0.011736 43:0.011736 49:0.011736
[*] pqc_client_2 <= plan: 2:0.011736 8:0.011736 14:0.011736 20:0.011736 26:0.011736 32:0.011736 38:0.011736 44:0.011736 50:0.011736
[*] pqc_client_3 <= plan: 3:0.011736 9:0.011736 15:0.011736 21:0.011736 27:0.011736 33:0.011736 39:0.011736 45:0.011736
[*] pqc_client_4 <= plan: 4:0.011736 10:0.011736 16:0.011736 22:0.011736 28:0.011736 34:0.011736 40:0.011736 46:0.011736
[*] pqc_client_5 <= plan: 5:0.011736 11:0.011736 17:0.011736 23:0.011736 29:0.011736 35:0.011736 41:0.011736 47:0.011736
[*] pqc_client_6 <= plan: 6:0.011736 12:0.011736 18:0.011736 24:0.011736 30:0.011736 36:0.011736 42:0.011736 48:0.011736
client=pqc_client total=9 ok=9 err=0
client=pqc_client_2 total=9 ok=9 err=0
client=pqc_client_3 total=8 ok=8 err=0
client=pqc_client_4 total=8 ok=8 err=0
client=pqc_client_5 total=8 ok=8 err=0
client=pqc_client_6 total=8 ok=8 err=0
[*] Resumen guardado en: results/classic_p3_aggressive_c50_005_resource_summary.txt
RUN_ID: classic_p3_aggressive_c50_005
CSV: results/classic_p3_aggressive_c50_005_docker_stats.csv

=== Resumen CPU% y MEM% (avg / max) por contenedor ===
pqc_client_2 -> CPU avg=7.01%, CPU max=25.30%, MEM avg=0.19%, MEM max=0.34%
pqc_client_3 -> CPU avg=0.59%, CPU max=2.36%, MEM avg=0.18%, MEM max=0.31%
pqc_monitor -> CPU avg=0.10%, CPU max=0.20%, MEM avg=0.13%, MEM max=0.13%
pqc_client_4 -> CPU avg=0.99%, CPU max=3.98%, MEM avg=0.17%, MEM max=0.30%
pqc_client_5 -> CPU avg=0.29%, CPU max=1.16%, MEM avg=0.21%, MEM max=0.30%
pqc_server -> CPU avg=0.70%, CPU max=2.19%, MEM avg=0.11%, MEM max=0.11%
pqc_client_6 -> CPU avg=0.02%, CPU max=0.07%, MEM avg=0.27%, MEM max=0.36%
pqc_client -> CPU avg=0.43%, CPU max=1.73%, MEM avg=0.19%, MEM max=0.26%
[2026-05-17 01:29:10] [*] Parando captura en pqc_monitor para classic_p3_aggressive_c50_005
[*] Métricas TXT guardadas en results/classic_p3_aggressive_c50_005_metrics.txt
[*] Métricas CSV guardadas en results/classic_p3_aggressive_c50_005_metrics.csv
[2026-05-17 01:29:35] === RUN END: classic_p3_aggressive_c50_005 ===

[2026-05-17 01:29:35] === RUN START: classic_p3_soft_c50_001 ===
[2026-05-17 01:29:35] [*] Arrancando captura en pqc_monitor (eth0) para classic_p3_soft_c50_001
[*] Guardando muestras en: results/classic_p3_soft_c50_001_docker_stats.csv
[*] Ejecutando comando medido: bash -lc ./scripts/run_client_once_rafaga.sh classic_p3_soft_c50_001 50; sleep 3
[*] Ráfaga clásica completada: 50 conexiones en 6 clientes (poisson_jitter)
=== host results ===
-rw-rw-r-- 1 cristian cristian   15050 may 17 01:29 classic_p3_soft_c50_001_client_err.txt
-rw-rw-r-- 1 cristian cristian    1049 may 17 01:29 classic_p3_soft_c50_001_client.txt
-rwxr-xr-x 1 cristian cristian    1349 may 17 01:29 classic_p3_soft_c50_001_docker_stats.csv
-rwxr-xr-x 1 cristian cristian    1724 may 15 19:26 classic_p3_soft_c50_001_metrics.csv
-rw-r--r-- 1 cristian cristian   29647 may 15 19:26 classic_p3_soft_c50_001_metrics.txt
-rw-r--r-- 1 cristian cristian    2709 may 17 01:29 classic_p3_soft_c50_001_pqc_client_2_client_err.txt
-rw-r--r-- 1 cristian cristian       0 may 17 01:29 classic_p3_soft_c50_001_pqc_client_2_client.txt
-rw-r--r-- 1 cristian cristian      39 may 17 01:29 classic_p3_soft_c50_001_pqc_client_2_summary.txt
-rw-r--r-- 1 cristian cristian    2408 may 17 01:29 classic_p3_soft_c50_001_pqc_client_3_client_err.txt
-rw-r--r-- 1 cristian cristian       0 may 17 01:29 classic_p3_soft_c50_001_pqc_client_3_client.txt
-rw-r--r-- 1 cristian cristian      39 may 17 01:29 classic_p3_soft_c50_001_pqc_client_3_summary.txt
-rw-r--r-- 1 cristian cristian    2408 may 17 01:29 classic_p3_soft_c50_001_pqc_client_4_client_err.txt
-rw-r--r-- 1 cristian cristian       0 may 17 01:29 classic_p3_soft_c50_001_pqc_client_4_client.txt
-rw-r--r-- 1 cristian cristian      39 may 17 01:29 classic_p3_soft_c50_001_pqc_client_4_summary.txt
-rw-r--r-- 1 cristian cristian    2408 may 17 01:29 classic_p3_soft_c50_001_pqc_client_5_client_err.txt
-rw-r--r-- 1 cristian cristian       0 may 17 01:29 classic_p3_soft_c50_001_pqc_client_5_client.txt
-rw-r--r-- 1 cristian cristian      39 may 17 01:29 classic_p3_soft_c50_001_pqc_client_5_summary.txt
-rw-r--r-- 1 cristian cristian    2408 may 17 01:29 classic_p3_soft_c50_001_pqc_client_6_client_err.txt
-rw-r--r-- 1 cristian cristian       0 may 17 01:29 classic_p3_soft_c50_001_pqc_client_6_client.txt
-rw-r--r-- 1 cristian cristian      39 may 17 01:29 classic_p3_soft_c50_001_pqc_client_6_summary.txt
-rw-r--r-- 1 cristian cristian    2709 may 17 01:29 classic_p3_soft_c50_001_pqc_client_client_err.txt
-rw-r--r-- 1 cristian cristian       0 may 17 01:29 classic_p3_soft_c50_001_pqc_client_client.txt
-rw-r--r-- 1 cristian cristian      37 may 17 01:29 classic_p3_soft_c50_001_pqc_client_summary.txt
-rw-r--r-- 1 cristian cristian     740 may 15 19:26 classic_p3_soft_c50_001_resource_summary.txt
=== resumen por cliente ===
[*] Perfil poisson_jitter: llegadas no sincronizadas con Poisson+jitter
[*] pqc_client <= plan: 1:0.086431 7:0.086431 13:0.086431 19:0.086431 25:0.086431 31:0.086431 37:0.086431 43:0.086431 49:0.086431
[*] pqc_client_2 <= plan: 2:0.086431 8:0.086431 14:0.086431 20:0.086431 26:0.086431 32:0.086431 38:0.086431 44:0.086431 50:0.086431
[*] pqc_client_3 <= plan: 3:0.086431 9:0.086431 15:0.086431 21:0.086431 27:0.086431 33:0.086431 39:0.086431 45:0.086431
[*] pqc_client_4 <= plan: 4:0.086431 10:0.086431 16:0.086431 22:0.086431 28:0.086431 34:0.086431 40:0.086431 46:0.086431
[*] pqc_client_5 <= plan: 5:0.086431 11:0.086431 17:0.086431 23:0.086431 29:0.086431 35:0.086431 41:0.086431 47:0.086431
[*] pqc_client_6 <= plan: 6:0.086431 12:0.086431 18:0.086431 24:0.086431 30:0.086431 36:0.086431 42:0.086431 48:0.086431
client=pqc_client total=9 ok=9 err=0
client=pqc_client_2 total=9 ok=9 err=0
client=pqc_client_3 total=8 ok=8 err=0
client=pqc_client_4 total=8 ok=8 err=0
client=pqc_client_5 total=8 ok=8 err=0
client=pqc_client_6 total=8 ok=8 err=0
[*] Resumen guardado en: results/classic_p3_soft_c50_001_resource_summary.txt
RUN_ID: classic_p3_soft_c50_001
CSV: results/classic_p3_soft_c50_001_docker_stats.csv

=== Resumen CPU% y MEM% (avg / max) por contenedor ===
pqc_client_2 -> CPU avg=0.32%, CPU max=1.26%, MEM avg=0.19%, MEM max=0.32%
pqc_client_3 -> CPU avg=0.00%, CPU max=0.00%, MEM avg=0.18%, MEM max=0.31%
pqc_monitor -> CPU avg=0.14%, CPU max=0.23%, MEM avg=0.13%, MEM max=0.13%
pqc_client_4 -> CPU avg=0.83%, CPU max=3.34%, MEM avg=0.17%, MEM max=0.30%
pqc_client_5 -> CPU avg=0.28%, CPU max=1.11%, MEM avg=0.18%, MEM max=0.30%
pqc_server -> CPU avg=1.20%, CPU max=2.52%, MEM avg=0.11%, MEM max=0.11%
pqc_client_6 -> CPU avg=0.51%, CPU max=2.04%, MEM avg=0.26%, MEM max=0.36%
pqc_client -> CPU avg=6.60%, CPU max=26.41%, MEM avg=0.21%, MEM max=0.34%
[2026-05-17 01:29:51] [*] Parando captura en pqc_monitor para classic_p3_soft_c50_001
[*] Métricas TXT guardadas en results/classic_p3_soft_c50_001_metrics.txt
[*] Métricas CSV guardadas en results/classic_p3_soft_c50_001_metrics.csv
[2026-05-17 01:30:16] === RUN END: classic_p3_soft_c50_001 ===

[2026-05-17 01:30:16] === RUN START: classic_p3_soft_c50_002 ===
[2026-05-17 01:30:16] [*] Arrancando captura en pqc_monitor (eth0) para classic_p3_soft_c50_002
[*] Guardando muestras en: results/classic_p3_soft_c50_002_docker_stats.csv
[*] Ejecutando comando medido: bash -lc ./scripts/run_client_once_rafaga.sh classic_p3_soft_c50_002 50; sleep 3
[*] Ráfaga clásica completada: 50 conexiones en 6 clientes (poisson_jitter)
=== host results ===
-rw-rw-r-- 1 cristian cristian   15050 may 17 01:30 classic_p3_soft_c50_002_client_err.txt
-rw-rw-r-- 1 cristian cristian    1049 may 17 01:30 classic_p3_soft_c50_002_client.txt
-rwxr-xr-x 1 cristian cristian    1637 may 17 01:30 classic_p3_soft_c50_002_docker_stats.csv
-rwxr-xr-x 1 cristian cristian    1723 may 15 19:27 classic_p3_soft_c50_002_metrics.csv
-rw-r--r-- 1 cristian cristian   29314 may 15 19:27 classic_p3_soft_c50_002_metrics.txt
-rw-r--r-- 1 cristian cristian    2709 may 17 01:30 classic_p3_soft_c50_002_pqc_client_2_client_err.txt
-rw-r--r-- 1 cristian cristian       0 may 17 01:30 classic_p3_soft_c50_002_pqc_client_2_client.txt
-rw-r--r-- 1 cristian cristian      39 may 17 01:30 classic_p3_soft_c50_002_pqc_client_2_summary.txt
-rw-r--r-- 1 cristian cristian    2408 may 17 01:30 classic_p3_soft_c50_002_pqc_client_3_client_err.txt
-rw-r--r-- 1 cristian cristian       0 may 17 01:30 classic_p3_soft_c50_002_pqc_client_3_client.txt
-rw-r--r-- 1 cristian cristian      39 may 17 01:30 classic_p3_soft_c50_002_pqc_client_3_summary.txt
-rw-r--r-- 1 cristian cristian    2408 may 17 01:30 classic_p3_soft_c50_002_pqc_client_4_client_err.txt
-rw-r--r-- 1 cristian cristian       0 may 17 01:30 classic_p3_soft_c50_002_pqc_client_4_client.txt
-rw-r--r-- 1 cristian cristian      39 may 17 01:30 classic_p3_soft_c50_002_pqc_client_4_summary.txt
-rw-r--r-- 1 cristian cristian    2408 may 17 01:30 classic_p3_soft_c50_002_pqc_client_5_client_err.txt
-rw-r--r-- 1 cristian cristian       0 may 17 01:30 classic_p3_soft_c50_002_pqc_client_5_client.txt
-rw-r--r-- 1 cristian cristian      39 may 17 01:30 classic_p3_soft_c50_002_pqc_client_5_summary.txt
-rw-r--r-- 1 cristian cristian    2408 may 17 01:30 classic_p3_soft_c50_002_pqc_client_6_client_err.txt
-rw-r--r-- 1 cristian cristian       0 may 17 01:30 classic_p3_soft_c50_002_pqc_client_6_client.txt
-rw-r--r-- 1 cristian cristian      39 may 17 01:30 classic_p3_soft_c50_002_pqc_client_6_summary.txt
-rw-r--r-- 1 cristian cristian    2709 may 17 01:30 classic_p3_soft_c50_002_pqc_client_client_err.txt
-rw-r--r-- 1 cristian cristian       0 may 17 01:30 classic_p3_soft_c50_002_pqc_client_client.txt
-rw-r--r-- 1 cristian cristian      37 may 17 01:30 classic_p3_soft_c50_002_pqc_client_summary.txt
-rw-r--r-- 1 cristian cristian     741 may 15 19:27 classic_p3_soft_c50_002_resource_summary.txt
=== resumen por cliente ===
[*] Perfil poisson_jitter: llegadas no sincronizadas con Poisson+jitter
[*] pqc_client <= plan: 1:0.062732 7:0.062732 13:0.062732 19:0.062732 25:0.062732 31:0.062732 37:0.062732 43:0.062732 49:0.062732
[*] pqc_client_2 <= plan: 2:0.062732 8:0.062732 14:0.062732 20:0.062732 26:0.062732 32:0.062732 38:0.062732 44:0.062732 50:0.062732
[*] pqc_client_3 <= plan: 3:0.062732 9:0.062732 15:0.062732 21:0.062732 27:0.062732 33:0.062732 39:0.062732 45:0.062732
[*] pqc_client_4 <= plan: 4:0.062732 10:0.062732 16:0.062732 22:0.062732 28:0.062732 34:0.062732 40:0.062732 46:0.062732
[*] pqc_client_5 <= plan: 5:0.062732 11:0.062732 17:0.062732 23:0.062732 29:0.062732 35:0.062732 41:0.062732 47:0.062732
[*] pqc_client_6 <= plan: 6:0.062732 12:0.062732 18:0.062732 24:0.062732 30:0.062732 36:0.062732 42:0.062732 48:0.062732
client=pqc_client total=9 ok=9 err=0
client=pqc_client_2 total=9 ok=9 err=0
client=pqc_client_3 total=8 ok=8 err=0
client=pqc_client_4 total=8 ok=8 err=0
client=pqc_client_5 total=8 ok=8 err=0
client=pqc_client_6 total=8 ok=8 err=0
[*] Resumen guardado en: results/classic_p3_soft_c50_002_resource_summary.txt
RUN_ID: classic_p3_soft_c50_002
CSV: results/classic_p3_soft_c50_002_docker_stats.csv

=== Resumen CPU% y MEM% (avg / max) por contenedor ===
pqc_client_2 -> CPU avg=0.27%, CPU max=1.09%, MEM avg=0.19%, MEM max=0.30%
pqc_client_3 -> CPU avg=0.00%, CPU max=0.00%, MEM avg=0.18%, MEM max=0.31%
pqc_monitor -> CPU avg=0.08%, CPU max=0.11%, MEM avg=0.13%, MEM max=0.13%
pqc_client_4 -> CPU avg=0.40%, CPU max=1.58%, MEM avg=0.18%, MEM max=0.30%
pqc_client_5 -> CPU avg=0.40%, CPU max=1.29%, MEM avg=0.21%, MEM max=0.31%
pqc_server -> CPU avg=0.72%, CPU max=2.08%, MEM avg=0.11%, MEM max=0.11%
pqc_client_6 -> CPU avg=0.31%, CPU max=1.00%, MEM avg=0.26%, MEM max=0.36%
pqc_client -> CPU avg=0.28%, CPU max=1.11%, MEM avg=0.20%, MEM max=0.28%
[2026-05-17 01:30:33] [*] Parando captura en pqc_monitor para classic_p3_soft_c50_002
[*] Métricas TXT guardadas en results/classic_p3_soft_c50_002_metrics.txt
[*] Métricas CSV guardadas en results/classic_p3_soft_c50_002_metrics.csv
[2026-05-17 01:30:56] === RUN END: classic_p3_soft_c50_002 ===

[2026-05-17 01:30:56] === RUN START: classic_p3_soft_c50_003 ===
[2026-05-17 01:30:56] [*] Arrancando captura en pqc_monitor (eth0) para classic_p3_soft_c50_003
[*] Guardando muestras en: results/classic_p3_soft_c50_003_docker_stats.csv
[*] Ejecutando comando medido: bash -lc ./scripts/run_client_once_rafaga.sh classic_p3_soft_c50_003 50; sleep 3
[*] Ráfaga clásica completada: 50 conexiones en 6 clientes (poisson_jitter)
=== host results ===
-rw-rw-r-- 1 cristian cristian   15050 may 17 01:31 classic_p3_soft_c50_003_client_err.txt
-rw-rw-r-- 1 cristian cristian    1049 may 17 01:31 classic_p3_soft_c50_003_client.txt
-rwxr-xr-x 1 cristian cristian    1356 may 17 01:31 classic_p3_soft_c50_003_docker_stats.csv
-rwxr-xr-x 1 cristian cristian    1724 may 15 19:28 classic_p3_soft_c50_003_metrics.csv
-rw-r--r-- 1 cristian cristian   29316 may 15 19:28 classic_p3_soft_c50_003_metrics.txt
-rw-r--r-- 1 cristian cristian    2709 may 17 01:31 classic_p3_soft_c50_003_pqc_client_2_client_err.txt
-rw-r--r-- 1 cristian cristian       0 may 17 01:31 classic_p3_soft_c50_003_pqc_client_2_client.txt
-rw-r--r-- 1 cristian cristian      39 may 17 01:31 classic_p3_soft_c50_003_pqc_client_2_summary.txt
-rw-r--r-- 1 cristian cristian    2408 may 17 01:31 classic_p3_soft_c50_003_pqc_client_3_client_err.txt
-rw-r--r-- 1 cristian cristian       0 may 17 01:31 classic_p3_soft_c50_003_pqc_client_3_client.txt
-rw-r--r-- 1 cristian cristian      39 may 17 01:31 classic_p3_soft_c50_003_pqc_client_3_summary.txt
-rw-r--r-- 1 cristian cristian    2408 may 17 01:31 classic_p3_soft_c50_003_pqc_client_4_client_err.txt
-rw-r--r-- 1 cristian cristian       0 may 17 01:31 classic_p3_soft_c50_003_pqc_client_4_client.txt
-rw-r--r-- 1 cristian cristian      39 may 17 01:31 classic_p3_soft_c50_003_pqc_client_4_summary.txt
-rw-r--r-- 1 cristian cristian    2408 may 17 01:31 classic_p3_soft_c50_003_pqc_client_5_client_err.txt
-rw-r--r-- 1 cristian cristian       0 may 17 01:31 classic_p3_soft_c50_003_pqc_client_5_client.txt
-rw-r--r-- 1 cristian cristian      39 may 17 01:31 classic_p3_soft_c50_003_pqc_client_5_summary.txt
-rw-r--r-- 1 cristian cristian    2408 may 17 01:31 classic_p3_soft_c50_003_pqc_client_6_client_err.txt
-rw-r--r-- 1 cristian cristian       0 may 17 01:31 classic_p3_soft_c50_003_pqc_client_6_client.txt
-rw-r--r-- 1 cristian cristian      39 may 17 01:31 classic_p3_soft_c50_003_pqc_client_6_summary.txt
-rw-r--r-- 1 cristian cristian    2709 may 17 01:31 classic_p3_soft_c50_003_pqc_client_client_err.txt
-rw-r--r-- 1 cristian cristian       0 may 17 01:31 classic_p3_soft_c50_003_pqc_client_client.txt
-rw-r--r-- 1 cristian cristian      37 may 17 01:31 classic_p3_soft_c50_003_pqc_client_summary.txt
-rw-r--r-- 1 cristian cristian     741 may 15 19:27 classic_p3_soft_c50_003_resource_summary.txt
=== resumen por cliente ===
[*] Perfil poisson_jitter: llegadas no sincronizadas con Poisson+jitter
[*] pqc_client <= plan: 1:0.142530 7:0.142530 13:0.142530 19:0.142530 25:0.142530 31:0.142530 37:0.142530 43:0.138449 49:0.138449
[*] pqc_client_2 <= plan: 2:0.142530 8:0.142530 14:0.142530 20:0.142530 26:0.142530 32:0.142530 38:0.142530 44:0.138449 50:0.138449
[*] pqc_client_3 <= plan: 3:0.142530 9:0.142530 15:0.142530 21:0.142530 27:0.142530 33:0.142530 39:0.142530 45:0.138449
[*] pqc_client_4 <= plan: 4:0.142530 10:0.142530 16:0.142530 22:0.142530 28:0.142530 34:0.142530 40:0.142530 46:0.138449
[*] pqc_client_5 <= plan: 5:0.142530 11:0.142530 17:0.142530 23:0.142530 29:0.142530 35:0.142530 41:0.138449 47:0.138449
[*] pqc_client_6 <= plan: 6:0.142530 12:0.142530 18:0.142530 24:0.142530 30:0.142530 36:0.142530 42:0.138449 48:0.138449
client=pqc_client total=9 ok=9 err=0
client=pqc_client_2 total=9 ok=9 err=0
client=pqc_client_3 total=8 ok=8 err=0
client=pqc_client_4 total=8 ok=8 err=0
client=pqc_client_5 total=8 ok=8 err=0
client=pqc_client_6 total=8 ok=8 err=0
[*] Resumen guardado en: results/classic_p3_soft_c50_003_resource_summary.txt
RUN_ID: classic_p3_soft_c50_003
CSV: results/classic_p3_soft_c50_003_docker_stats.csv

=== Resumen CPU% y MEM% (avg / max) por contenedor ===
pqc_client_2 -> CPU avg=0.12%, CPU max=0.49%, MEM avg=0.20%, MEM max=0.34%
pqc_client_3 -> CPU avg=0.00%, CPU max=0.00%, MEM avg=0.18%, MEM max=0.31%
pqc_monitor -> CPU avg=0.09%, CPU max=0.13%, MEM avg=0.14%, MEM max=0.14%
pqc_client_4 -> CPU avg=0.56%, CPU max=2.24%, MEM avg=0.17%, MEM max=0.30%
pqc_client_5 -> CPU avg=1.36%, CPU max=5.44%, MEM avg=0.18%, MEM max=0.31%
pqc_server -> CPU avg=0.96%, CPU max=1.95%, MEM avg=0.11%, MEM max=0.11%
pqc_client_6 -> CPU avg=0.29%, CPU max=0.83%, MEM avg=0.27%, MEM max=0.36%
pqc_client -> CPU avg=6.63%, CPU max=26.51%, MEM avg=0.22%, MEM max=0.37%
[2026-05-17 01:31:13] [*] Parando captura en pqc_monitor para classic_p3_soft_c50_003
[*] Métricas TXT guardadas en results/classic_p3_soft_c50_003_metrics.txt
[*] Métricas CSV guardadas en results/classic_p3_soft_c50_003_metrics.csv
[2026-05-17 01:31:37] === RUN END: classic_p3_soft_c50_003 ===

[2026-05-17 01:31:37] === RUN START: classic_p3_soft_c50_004 ===
[2026-05-17 01:31:37] [*] Arrancando captura en pqc_monitor (eth0) para classic_p3_soft_c50_004
[*] Guardando muestras en: results/classic_p3_soft_c50_004_docker_stats.csv
[*] Ejecutando comando medido: bash -lc ./scripts/run_client_once_rafaga.sh classic_p3_soft_c50_004 50; sleep 3
[*] Ráfaga clásica completada: 50 conexiones en 6 clientes (poisson_jitter)
=== host results ===
-rw-rw-r-- 1 cristian cristian   15050 may 17 01:31 classic_p3_soft_c50_004_client_err.txt
-rw-rw-r-- 1 cristian cristian    1049 may 17 01:31 classic_p3_soft_c50_004_client.txt
-rwxr-xr-x 1 cristian cristian    1353 may 17 01:31 classic_p3_soft_c50_004_docker_stats.csv
-rwxr-xr-x 1 cristian cristian    1723 may 15 19:28 classic_p3_soft_c50_004_metrics.csv
-rw-r--r-- 1 cristian cristian   29311 may 15 19:28 classic_p3_soft_c50_004_metrics.txt
-rw-r--r-- 1 cristian cristian    2709 may 17 01:31 classic_p3_soft_c50_004_pqc_client_2_client_err.txt
-rw-r--r-- 1 cristian cristian       0 may 17 01:31 classic_p3_soft_c50_004_pqc_client_2_client.txt
-rw-r--r-- 1 cristian cristian      39 may 17 01:31 classic_p3_soft_c50_004_pqc_client_2_summary.txt
-rw-r--r-- 1 cristian cristian    2408 may 17 01:31 classic_p3_soft_c50_004_pqc_client_3_client_err.txt
-rw-r--r-- 1 cristian cristian       0 may 17 01:31 classic_p3_soft_c50_004_pqc_client_3_client.txt
-rw-r--r-- 1 cristian cristian      39 may 17 01:31 classic_p3_soft_c50_004_pqc_client_3_summary.txt
-rw-r--r-- 1 cristian cristian    2408 may 17 01:31 classic_p3_soft_c50_004_pqc_client_4_client_err.txt
-rw-r--r-- 1 cristian cristian       0 may 17 01:31 classic_p3_soft_c50_004_pqc_client_4_client.txt
-rw-r--r-- 1 cristian cristian      39 may 17 01:31 classic_p3_soft_c50_004_pqc_client_4_summary.txt
-rw-r--r-- 1 cristian cristian    2408 may 17 01:31 classic_p3_soft_c50_004_pqc_client_5_client_err.txt
-rw-r--r-- 1 cristian cristian       0 may 17 01:31 classic_p3_soft_c50_004_pqc_client_5_client.txt
-rw-r--r-- 1 cristian cristian      39 may 17 01:31 classic_p3_soft_c50_004_pqc_client_5_summary.txt
-rw-r--r-- 1 cristian cristian    2408 may 17 01:31 classic_p3_soft_c50_004_pqc_client_6_client_err.txt
-rw-r--r-- 1 cristian cristian       0 may 17 01:31 classic_p3_soft_c50_004_pqc_client_6_client.txt
-rw-r--r-- 1 cristian cristian      39 may 17 01:31 classic_p3_soft_c50_004_pqc_client_6_summary.txt
-rw-r--r-- 1 cristian cristian    2709 may 17 01:31 classic_p3_soft_c50_004_pqc_client_client_err.txt
-rw-r--r-- 1 cristian cristian       0 may 17 01:31 classic_p3_soft_c50_004_pqc_client_client.txt
-rw-r--r-- 1 cristian cristian      37 may 17 01:31 classic_p3_soft_c50_004_pqc_client_summary.txt
-rw-r--r-- 1 cristian cristian     737 may 15 19:28 classic_p3_soft_c50_004_resource_summary.txt
=== resumen por cliente ===
[*] Perfil poisson_jitter: llegadas no sincronizadas con Poisson+jitter
[*] pqc_client <= plan: 1:0.053676 7:0.053676 13:0.053676 19:0.053676 25:0.053676 31:0.053676 37:0.053676 43:0.110659 49:0.110659
[*] pqc_client_2 <= plan: 2:0.053676 8:0.053676 14:0.053676 20:0.053676 26:0.053676 32:0.053676 38:0.053676 44:0.110659 50:0.110659
[*] pqc_client_3 <= plan: 3:0.053676 9:0.053676 15:0.053676 21:0.053676 27:0.053676 33:0.053676 39:0.053676 45:0.110659
[*] pqc_client_4 <= plan: 4:0.053676 10:0.053676 16:0.053676 22:0.053676 28:0.053676 34:0.053676 40:0.053676 46:0.110659
[*] pqc_client_5 <= plan: 5:0.053676 11:0.053676 17:0.053676 23:0.053676 29:0.053676 35:0.053676 41:0.053676 47:0.110659
[*] pqc_client_6 <= plan: 6:0.053676 12:0.053676 18:0.053676 24:0.053676 30:0.053676 36:0.053676 42:0.053676 48:0.110659
client=pqc_client total=9 ok=9 err=0
client=pqc_client_2 total=9 ok=9 err=0
client=pqc_client_3 total=8 ok=8 err=0
client=pqc_client_4 total=8 ok=8 err=0
client=pqc_client_5 total=8 ok=8 err=0
client=pqc_client_6 total=8 ok=8 err=0
[*] Resumen guardado en: results/classic_p3_soft_c50_004_resource_summary.txt
RUN_ID: classic_p3_soft_c50_004
CSV: results/classic_p3_soft_c50_004_docker_stats.csv

=== Resumen CPU% y MEM% (avg / max) por contenedor ===
pqc_client_2 -> CPU avg=0.29%, CPU max=1.15%, MEM avg=0.19%, MEM max=0.30%
pqc_client_3 -> CPU avg=0.00%, CPU max=0.00%, MEM avg=0.18%, MEM max=0.31%
pqc_monitor -> CPU avg=0.06%, CPU max=0.11%, MEM avg=0.14%, MEM max=0.14%
pqc_client_4 -> CPU avg=0.54%, CPU max=2.15%, MEM avg=0.17%, MEM max=0.30%
pqc_client_5 -> CPU avg=0.78%, CPU max=3.04%, MEM avg=0.19%, MEM max=0.31%
pqc_server -> CPU avg=0.94%, CPU max=2.11%, MEM avg=0.11%, MEM max=0.11%
pqc_client_6 -> CPU avg=0.24%, CPU max=0.81%, MEM avg=0.27%, MEM max=0.36%
pqc_client -> CPU avg=0.84%, CPU max=3.35%, MEM avg=0.18%, MEM max=0.22%
[2026-05-17 01:31:54] [*] Parando captura en pqc_monitor para classic_p3_soft_c50_004
[*] Métricas TXT guardadas en results/classic_p3_soft_c50_004_metrics.txt
[*] Métricas CSV guardadas en results/classic_p3_soft_c50_004_metrics.csv
[2026-05-17 01:32:19] === RUN END: classic_p3_soft_c50_004 ===

[2026-05-17 01:32:19] === RUN START: classic_p3_soft_c50_005 ===
[2026-05-17 01:32:19] [*] Arrancando captura en pqc_monitor (eth0) para classic_p3_soft_c50_005
[*] Guardando muestras en: results/classic_p3_soft_c50_005_docker_stats.csv
[*] Ejecutando comando medido: bash -lc ./scripts/run_client_once_rafaga.sh classic_p3_soft_c50_005 50; sleep 3
[*] Ráfaga clásica completada: 50 conexiones en 6 clientes (poisson_jitter)
=== host results ===
-rw-rw-r-- 1 cristian cristian   15050 may 17 01:32 classic_p3_soft_c50_005_client_err.txt
-rw-rw-r-- 1 cristian cristian    1049 may 17 01:32 classic_p3_soft_c50_005_client.txt
-rwxr-xr-x 1 cristian cristian    1643 may 17 01:32 classic_p3_soft_c50_005_docker_stats.csv
-rwxr-xr-x 1 cristian cristian    1723 may 15 19:29 classic_p3_soft_c50_005_metrics.csv
-rw-r--r-- 1 cristian cristian   29643 may 15 19:29 classic_p3_soft_c50_005_metrics.txt
-rw-r--r-- 1 cristian cristian    2709 may 17 01:32 classic_p3_soft_c50_005_pqc_client_2_client_err.txt
-rw-r--r-- 1 cristian cristian       0 may 17 01:32 classic_p3_soft_c50_005_pqc_client_2_client.txt
-rw-r--r-- 1 cristian cristian      39 may 17 01:32 classic_p3_soft_c50_005_pqc_client_2_summary.txt
-rw-r--r-- 1 cristian cristian    2408 may 17 01:32 classic_p3_soft_c50_005_pqc_client_3_client_err.txt
-rw-r--r-- 1 cristian cristian       0 may 17 01:32 classic_p3_soft_c50_005_pqc_client_3_client.txt
-rw-r--r-- 1 cristian cristian      39 may 17 01:32 classic_p3_soft_c50_005_pqc_client_3_summary.txt
-rw-r--r-- 1 cristian cristian    2408 may 17 01:32 classic_p3_soft_c50_005_pqc_client_4_client_err.txt
-rw-r--r-- 1 cristian cristian       0 may 17 01:32 classic_p3_soft_c50_005_pqc_client_4_client.txt
-rw-r--r-- 1 cristian cristian      39 may 17 01:32 classic_p3_soft_c50_005_pqc_client_4_summary.txt
-rw-r--r-- 1 cristian cristian    2408 may 17 01:32 classic_p3_soft_c50_005_pqc_client_5_client_err.txt
-rw-r--r-- 1 cristian cristian       0 may 17 01:32 classic_p3_soft_c50_005_pqc_client_5_client.txt
-rw-r--r-- 1 cristian cristian      39 may 17 01:32 classic_p3_soft_c50_005_pqc_client_5_summary.txt
-rw-r--r-- 1 cristian cristian    2408 may 17 01:32 classic_p3_soft_c50_005_pqc_client_6_client_err.txt
-rw-r--r-- 1 cristian cristian       0 may 17 01:32 classic_p3_soft_c50_005_pqc_client_6_client.txt
-rw-r--r-- 1 cristian cristian      39 may 17 01:32 classic_p3_soft_c50_005_pqc_client_6_summary.txt
-rw-r--r-- 1 cristian cristian    2709 may 17 01:32 classic_p3_soft_c50_005_pqc_client_client_err.txt
-rw-r--r-- 1 cristian cristian       0 may 17 01:32 classic_p3_soft_c50_005_pqc_client_client.txt
-rw-r--r-- 1 cristian cristian      37 may 17 01:32 classic_p3_soft_c50_005_pqc_client_summary.txt
-rw-r--r-- 1 cristian cristian     737 may 15 19:28 classic_p3_soft_c50_005_resource_summary.txt
=== resumen por cliente ===
[*] Perfil poisson_jitter: llegadas no sincronizadas con Poisson+jitter
[*] pqc_client <= plan: 1:0.165074 7:0.165074 13:0.165074 19:0.165074 25:0.165074 31:0.021395 37:0.021395 43:0.021395 49:0.021395
[*] pqc_client_2 <= plan: 2:0.165074 8:0.165074 14:0.165074 20:0.165074 26:0.165074 32:0.021395 38:0.021395 44:0.021395 50:0.021395
[*] pqc_client_3 <= plan: 3:0.165074 9:0.165074 15:0.165074 21:0.165074 27:0.165074 33:0.021395 39:0.021395 45:0.021395
[*] pqc_client_4 <= plan: 4:0.165074 10:0.165074 16:0.165074 22:0.165074 28:0.021395 34:0.021395 40:0.021395 46:0.021395
[*] pqc_client_5 <= plan: 5:0.165074 11:0.165074 17:0.165074 23:0.165074 29:0.021395 35:0.021395 41:0.021395 47:0.021395
[*] pqc_client_6 <= plan: 6:0.165074 12:0.165074 18:0.165074 24:0.165074 30:0.021395 36:0.021395 42:0.021395 48:0.021395
client=pqc_client total=9 ok=9 err=0
client=pqc_client_2 total=9 ok=9 err=0
client=pqc_client_3 total=8 ok=8 err=0
client=pqc_client_4 total=8 ok=8 err=0
client=pqc_client_5 total=8 ok=8 err=0
client=pqc_client_6 total=8 ok=8 err=0
[*] Resumen guardado en: results/classic_p3_soft_c50_005_resource_summary.txt
RUN_ID: classic_p3_soft_c50_005
CSV: results/classic_p3_soft_c50_005_docker_stats.csv

=== Resumen CPU% y MEM% (avg / max) por contenedor ===
pqc_client_2 -> CPU avg=0.98%, CPU max=2.49%, MEM avg=0.18%, MEM max=0.28%
pqc_client_3 -> CPU avg=1.09%, CPU max=4.11%, MEM avg=0.18%, MEM max=0.31%
pqc_monitor -> CPU avg=0.06%, CPU max=0.12%, MEM avg=0.14%, MEM max=0.14%
pqc_client_4 -> CPU avg=0.60%, CPU max=2.35%, MEM avg=0.20%, MEM max=0.30%
pqc_client_5 -> CPU avg=0.23%, CPU max=0.94%, MEM avg=0.20%, MEM max=0.31%
pqc_server -> CPU avg=0.80%, CPU max=2.07%, MEM avg=0.11%, MEM max=0.11%
pqc_client_6 -> CPU avg=1.33%, CPU max=4.65%, MEM avg=0.27%, MEM max=0.36%
pqc_client -> CPU avg=0.27%, CPU max=1.07%, MEM avg=0.20%, MEM max=0.28%
[2026-05-17 01:32:35] [*] Parando captura en pqc_monitor para classic_p3_soft_c50_005
[*] Métricas TXT guardadas en results/classic_p3_soft_c50_005_metrics.txt
[*] Métricas CSV guardadas en results/classic_p3_soft_c50_005_metrics.csv
[2026-05-17 01:32:59] === RUN END: classic_p3_soft_c50_005 ===

[2026-05-17 01:32:59] === RUN START: classic_p3_stress_c50_001 ===
[2026-05-17 01:32:59] [*] Arrancando captura en pqc_monitor (eth0) para classic_p3_stress_c50_001
[*] Guardando muestras en: results/classic_p3_stress_c50_001_docker_stats.csv
[*] Ejecutando comando medido: bash -lc ./scripts/run_client_once_rafaga.sh classic_p3_stress_c50_001 50; sleep 3
[*] Ráfaga clásica completada: 50 conexiones en 6 clientes (stress)
=== host results ===
-rw-rw-r-- 1 cristian cristian   15050 may 17 01:33 classic_p3_stress_c50_001_client_err.txt
-rw-rw-r-- 1 cristian cristian     690 may 17 01:33 classic_p3_stress_c50_001_client.txt
-rwxr-xr-x 1 cristian cristian    1544 may 17 01:33 classic_p3_stress_c50_001_docker_stats.csv
-rwxr-xr-x 1 cristian cristian    1725 may 15 19:29 classic_p3_stress_c50_001_metrics.csv
-rw-r--r-- 1 cristian cristian   29657 may 15 19:29 classic_p3_stress_c50_001_metrics.txt
-rw-r--r-- 1 cristian cristian    2709 may 17 01:33 classic_p3_stress_c50_001_pqc_client_2_client_err.txt
-rw-r--r-- 1 cristian cristian       0 may 17 01:33 classic_p3_stress_c50_001_pqc_client_2_client.txt
-rw-r--r-- 1 cristian cristian      39 may 17 01:33 classic_p3_stress_c50_001_pqc_client_2_summary.txt
-rw-r--r-- 1 cristian cristian    2408 may 17 01:33 classic_p3_stress_c50_001_pqc_client_3_client_err.txt
-rw-r--r-- 1 cristian cristian       0 may 17 01:33 classic_p3_stress_c50_001_pqc_client_3_client.txt
-rw-r--r-- 1 cristian cristian      39 may 17 01:33 classic_p3_stress_c50_001_pqc_client_3_summary.txt
-rw-r--r-- 1 cristian cristian    2408 may 17 01:33 classic_p3_stress_c50_001_pqc_client_4_client_err.txt
-rw-r--r-- 1 cristian cristian       0 may 17 01:33 classic_p3_stress_c50_001_pqc_client_4_client.txt
-rw-r--r-- 1 cristian cristian      39 may 17 01:33 classic_p3_stress_c50_001_pqc_client_4_summary.txt
-rw-r--r-- 1 cristian cristian    2408 may 17 01:33 classic_p3_stress_c50_001_pqc_client_5_client_err.txt
-rw-r--r-- 1 cristian cristian       0 may 17 01:33 classic_p3_stress_c50_001_pqc_client_5_client.txt
-rw-r--r-- 1 cristian cristian      39 may 17 01:33 classic_p3_stress_c50_001_pqc_client_5_summary.txt
-rw-r--r-- 1 cristian cristian    2408 may 17 01:33 classic_p3_stress_c50_001_pqc_client_6_client_err.txt
-rw-r--r-- 1 cristian cristian       0 may 17 01:33 classic_p3_stress_c50_001_pqc_client_6_client.txt
-rw-r--r-- 1 cristian cristian      39 may 17 01:33 classic_p3_stress_c50_001_pqc_client_6_summary.txt
-rw-r--r-- 1 cristian cristian    2709 may 17 01:33 classic_p3_stress_c50_001_pqc_client_client_err.txt
-rw-r--r-- 1 cristian cristian       0 may 17 01:33 classic_p3_stress_c50_001_pqc_client_client.txt
-rw-r--r-- 1 cristian cristian      37 may 17 01:33 classic_p3_stress_c50_001_pqc_client_summary.txt
-rw-r--r-- 1 cristian cristian     741 may 15 19:29 classic_p3_stress_c50_001_resource_summary.txt
=== resumen por cliente ===
[*] Perfil stress: conexiones totalmente paralelas por cliente
[*] pqc_client <= plan: 1:0 7:0 13:0 19:0 25:0 31:0 37:0 43:0 49:0
[*] pqc_client_2 <= plan: 2:0 8:0 14:0 20:0 26:0 32:0 38:0 44:0 50:0
[*] pqc_client_3 <= plan: 3:0 9:0 15:0 21:0 27:0 33:0 39:0 45:0
[*] pqc_client_4 <= plan: 4:0 10:0 16:0 22:0 28:0 34:0 40:0 46:0
[*] pqc_client_5 <= plan: 5:0 11:0 17:0 23:0 29:0 35:0 41:0 47:0
[*] pqc_client_6 <= plan: 6:0 12:0 18:0 24:0 30:0 36:0 42:0 48:0
client=pqc_client total=9 ok=9 err=0
client=pqc_client_2 total=9 ok=9 err=0
client=pqc_client_3 total=8 ok=8 err=0
client=pqc_client_4 total=8 ok=8 err=0
client=pqc_client_5 total=8 ok=8 err=0
client=pqc_client_6 total=8 ok=8 err=0
[*] Resumen guardado en: results/classic_p3_stress_c50_001_resource_summary.txt
RUN_ID: classic_p3_stress_c50_001
CSV: results/classic_p3_stress_c50_001_docker_stats.csv

=== Resumen CPU% y MEM% (avg / max) por contenedor ===
pqc_client_2 -> CPU avg=0.62%, CPU max=2.49%, MEM avg=0.16%, MEM max=0.19%
pqc_client_3 -> CPU avg=0.53%, CPU max=2.12%, MEM avg=0.18%, MEM max=0.31%
pqc_monitor -> CPU avg=0.07%, CPU max=0.13%, MEM avg=0.14%, MEM max=0.14%
pqc_client_4 -> CPU avg=0.75%, CPU max=3.01%, MEM avg=0.17%, MEM max=0.30%
pqc_client_5 -> CPU avg=0.81%, CPU max=3.22%, MEM avg=0.19%, MEM max=0.31%
pqc_server -> CPU avg=1.02%, CPU max=2.19%, MEM avg=0.11%, MEM max=0.11%
pqc_client_6 -> CPU avg=0.00%, CPU max=0.00%, MEM avg=0.27%, MEM max=0.36%
pqc_client -> CPU avg=0.63%, CPU max=2.52%, MEM avg=0.20%, MEM max=0.24%
[2026-05-17 01:33:16] [*] Parando captura en pqc_monitor para classic_p3_stress_c50_001
[*] Métricas TXT guardadas en results/classic_p3_stress_c50_001_metrics.txt
[*] Métricas CSV guardadas en results/classic_p3_stress_c50_001_metrics.csv
[2026-05-17 01:33:40] === RUN END: classic_p3_stress_c50_001 ===

[2026-05-17 01:33:40] === RUN START: classic_p3_stress_c50_002 ===
[2026-05-17 01:33:40] [*] Arrancando captura en pqc_monitor (eth0) para classic_p3_stress_c50_002
[*] Guardando muestras en: results/classic_p3_stress_c50_002_docker_stats.csv
[*] Ejecutando comando medido: bash -lc ./scripts/run_client_once_rafaga.sh classic_p3_stress_c50_002 50; sleep 3
[*] Ráfaga clásica completada: 50 conexiones en 6 clientes (stress)
=== host results ===
-rw-rw-r-- 1 cristian cristian   15050 may 17 01:33 classic_p3_stress_c50_002_client_err.txt
-rw-rw-r-- 1 cristian cristian     690 may 17 01:33 classic_p3_stress_c50_002_client.txt
-rwxr-xr-x 1 cristian cristian    1449 may 17 01:33 classic_p3_stress_c50_002_docker_stats.csv
-rwxr-xr-x 1 cristian cristian    1727 may 15 19:30 classic_p3_stress_c50_002_metrics.csv
-rw-r--r-- 1 cristian cristian   28995 may 15 19:30 classic_p3_stress_c50_002_metrics.txt
-rw-r--r-- 1 cristian cristian    2709 may 17 01:33 classic_p3_stress_c50_002_pqc_client_2_client_err.txt
-rw-r--r-- 1 cristian cristian       0 may 17 01:33 classic_p3_stress_c50_002_pqc_client_2_client.txt
-rw-r--r-- 1 cristian cristian      39 may 17 01:33 classic_p3_stress_c50_002_pqc_client_2_summary.txt
-rw-r--r-- 1 cristian cristian    2408 may 17 01:33 classic_p3_stress_c50_002_pqc_client_3_client_err.txt
-rw-r--r-- 1 cristian cristian       0 may 17 01:33 classic_p3_stress_c50_002_pqc_client_3_client.txt
-rw-r--r-- 1 cristian cristian      39 may 17 01:33 classic_p3_stress_c50_002_pqc_client_3_summary.txt
-rw-r--r-- 1 cristian cristian    2408 may 17 01:33 classic_p3_stress_c50_002_pqc_client_4_client_err.txt
-rw-r--r-- 1 cristian cristian       0 may 17 01:33 classic_p3_stress_c50_002_pqc_client_4_client.txt
-rw-r--r-- 1 cristian cristian      39 may 17 01:33 classic_p3_stress_c50_002_pqc_client_4_summary.txt
-rw-r--r-- 1 cristian cristian    2408 may 17 01:33 classic_p3_stress_c50_002_pqc_client_5_client_err.txt
-rw-r--r-- 1 cristian cristian       0 may 17 01:33 classic_p3_stress_c50_002_pqc_client_5_client.txt
-rw-r--r-- 1 cristian cristian      39 may 17 01:33 classic_p3_stress_c50_002_pqc_client_5_summary.txt
-rw-r--r-- 1 cristian cristian    2408 may 17 01:33 classic_p3_stress_c50_002_pqc_client_6_client_err.txt
-rw-r--r-- 1 cristian cristian       0 may 17 01:33 classic_p3_stress_c50_002_pqc_client_6_client.txt
-rw-r--r-- 1 cristian cristian      39 may 17 01:33 classic_p3_stress_c50_002_pqc_client_6_summary.txt
-rw-r--r-- 1 cristian cristian    2709 may 17 01:33 classic_p3_stress_c50_002_pqc_client_client_err.txt
-rw-r--r-- 1 cristian cristian       0 may 17 01:33 classic_p3_stress_c50_002_pqc_client_client.txt
-rw-r--r-- 1 cristian cristian      37 may 17 01:33 classic_p3_stress_c50_002_pqc_client_summary.txt
-rw-r--r-- 1 cristian cristian     742 may 15 19:30 classic_p3_stress_c50_002_resource_summary.txt
=== resumen por cliente ===
[*] Perfil stress: conexiones totalmente paralelas por cliente
[*] pqc_client <= plan: 1:0 7:0 13:0 19:0 25:0 31:0 37:0 43:0 49:0
[*] pqc_client_2 <= plan: 2:0 8:0 14:0 20:0 26:0 32:0 38:0 44:0 50:0
[*] pqc_client_3 <= plan: 3:0 9:0 15:0 21:0 27:0 33:0 39:0 45:0
[*] pqc_client_4 <= plan: 4:0 10:0 16:0 22:0 28:0 34:0 40:0 46:0
[*] pqc_client_5 <= plan: 5:0 11:0 17:0 23:0 29:0 35:0 41:0 47:0
[*] pqc_client_6 <= plan: 6:0 12:0 18:0 24:0 30:0 36:0 42:0 48:0
client=pqc_client total=9 ok=9 err=0
client=pqc_client_2 total=9 ok=9 err=0
client=pqc_client_3 total=8 ok=8 err=0
client=pqc_client_4 total=8 ok=8 err=0
client=pqc_client_5 total=8 ok=8 err=0
client=pqc_client_6 total=8 ok=8 err=0
[*] Resumen guardado en: results/classic_p3_stress_c50_002_resource_summary.txt
RUN_ID: classic_p3_stress_c50_002
CSV: results/classic_p3_stress_c50_002_docker_stats.csv

=== Resumen CPU% y MEM% (avg / max) por contenedor ===
pqc_client_2 -> CPU avg=0.44%, CPU max=1.75%, MEM avg=0.17%, MEM max=0.24%
pqc_client_3 -> CPU avg=0.06%, CPU max=0.22%, MEM avg=0.19%, MEM max=0.32%
pqc_monitor -> CPU avg=0.10%, CPU max=0.19%, MEM avg=0.14%, MEM max=0.14%
pqc_client_4 -> CPU avg=0.00%, CPU max=0.00%, MEM avg=0.17%, MEM max=0.30%
pqc_client_5 -> CPU avg=0.85%, CPU max=3.41%, MEM avg=0.19%, MEM max=0.31%
pqc_server -> CPU avg=1.19%, CPU max=2.46%, MEM avg=0.11%, MEM max=0.11%
pqc_client_6 -> CPU avg=0.39%, CPU max=1.55%, MEM avg=0.26%, MEM max=0.36%
pqc_client -> CPU avg=6.78%, CPU max=27.12%, MEM avg=0.21%, MEM max=0.30%
[2026-05-17 01:33:57] [*] Parando captura en pqc_monitor para classic_p3_stress_c50_002
[*] Métricas TXT guardadas en results/classic_p3_stress_c50_002_metrics.txt
[*] Métricas CSV guardadas en results/classic_p3_stress_c50_002_metrics.csv
[2026-05-17 01:34:21] === RUN END: classic_p3_stress_c50_002 ===

[2026-05-17 01:34:21] === RUN START: classic_p3_stress_c50_003 ===
[2026-05-17 01:34:21] [*] Arrancando captura en pqc_monitor (eth0) para classic_p3_stress_c50_003
[*] Guardando muestras en: results/classic_p3_stress_c50_003_docker_stats.csv
[*] Ejecutando comando medido: bash -lc ./scripts/run_client_once_rafaga.sh classic_p3_stress_c50_003 50; sleep 3
[*] Ráfaga clásica completada: 50 conexiones en 6 clientes (stress)
=== host results ===
-rw-rw-r-- 1 cristian cristian   15050 may 17 01:34 classic_p3_stress_c50_003_client_err.txt
-rw-rw-r-- 1 cristian cristian     690 may 17 01:34 classic_p3_stress_c50_003_client.txt
-rwxr-xr-x 1 cristian cristian    1253 may 17 01:34 classic_p3_stress_c50_003_docker_stats.csv
-rwxr-xr-x 1 cristian cristian    1719 may 15 19:30 classic_p3_stress_c50_003_metrics.csv
-rw-r--r-- 1 cristian cristian   29633 may 15 19:30 classic_p3_stress_c50_003_metrics.txt
-rw-r--r-- 1 cristian cristian    2709 may 17 01:34 classic_p3_stress_c50_003_pqc_client_2_client_err.txt
-rw-r--r-- 1 cristian cristian       0 may 17 01:34 classic_p3_stress_c50_003_pqc_client_2_client.txt
-rw-r--r-- 1 cristian cristian      39 may 17 01:34 classic_p3_stress_c50_003_pqc_client_2_summary.txt
-rw-r--r-- 1 cristian cristian    2408 may 17 01:34 classic_p3_stress_c50_003_pqc_client_3_client_err.txt
-rw-r--r-- 1 cristian cristian       0 may 17 01:34 classic_p3_stress_c50_003_pqc_client_3_client.txt
-rw-r--r-- 1 cristian cristian      39 may 17 01:34 classic_p3_stress_c50_003_pqc_client_3_summary.txt
-rw-r--r-- 1 cristian cristian    2408 may 17 01:34 classic_p3_stress_c50_003_pqc_client_4_client_err.txt
-rw-r--r-- 1 cristian cristian       0 may 17 01:34 classic_p3_stress_c50_003_pqc_client_4_client.txt
-rw-r--r-- 1 cristian cristian      39 may 17 01:34 classic_p3_stress_c50_003_pqc_client_4_summary.txt
-rw-r--r-- 1 cristian cristian    2408 may 17 01:34 classic_p3_stress_c50_003_pqc_client_5_client_err.txt
-rw-r--r-- 1 cristian cristian       0 may 17 01:34 classic_p3_stress_c50_003_pqc_client_5_client.txt
-rw-r--r-- 1 cristian cristian      39 may 17 01:34 classic_p3_stress_c50_003_pqc_client_5_summary.txt
-rw-r--r-- 1 cristian cristian    2408 may 17 01:34 classic_p3_stress_c50_003_pqc_client_6_client_err.txt
-rw-r--r-- 1 cristian cristian       0 may 17 01:34 classic_p3_stress_c50_003_pqc_client_6_client.txt
-rw-r--r-- 1 cristian cristian      39 may 17 01:34 classic_p3_stress_c50_003_pqc_client_6_summary.txt
-rw-r--r-- 1 cristian cristian    2709 may 17 01:34 classic_p3_stress_c50_003_pqc_client_client_err.txt
-rw-r--r-- 1 cristian cristian       0 may 17 01:34 classic_p3_stress_c50_003_pqc_client_client.txt
-rw-r--r-- 1 cristian cristian      37 may 17 01:34 classic_p3_stress_c50_003_pqc_client_summary.txt
-rw-r--r-- 1 cristian cristian     743 may 15 19:30 classic_p3_stress_c50_003_resource_summary.txt
=== resumen por cliente ===
[*] Perfil stress: conexiones totalmente paralelas por cliente
[*] pqc_client <= plan: 1:0 7:0 13:0 19:0 25:0 31:0 37:0 43:0 49:0
[*] pqc_client_2 <= plan: 2:0 8:0 14:0 20:0 26:0 32:0 38:0 44:0 50:0
[*] pqc_client_3 <= plan: 3:0 9:0 15:0 21:0 27:0 33:0 39:0 45:0
[*] pqc_client_4 <= plan: 4:0 10:0 16:0 22:0 28:0 34:0 40:0 46:0
[*] pqc_client_5 <= plan: 5:0 11:0 17:0 23:0 29:0 35:0 41:0 47:0
[*] pqc_client_6 <= plan: 6:0 12:0 18:0 24:0 30:0 36:0 42:0 48:0
client=pqc_client total=9 ok=9 err=0
client=pqc_client_2 total=9 ok=9 err=0
client=pqc_client_3 total=8 ok=8 err=0
client=pqc_client_4 total=8 ok=8 err=0
client=pqc_client_5 total=8 ok=8 err=0
client=pqc_client_6 total=8 ok=8 err=0
[*] Resumen guardado en: results/classic_p3_stress_c50_003_resource_summary.txt
RUN_ID: classic_p3_stress_c50_003
CSV: results/classic_p3_stress_c50_003_docker_stats.csv

=== Resumen CPU% y MEM% (avg / max) por contenedor ===
pqc_client_2 -> CPU avg=0.47%, CPU max=1.89%, MEM avg=0.18%, MEM max=0.26%
pqc_client_3 -> CPU avg=0.07%, CPU max=0.29%, MEM avg=0.19%, MEM max=0.32%
pqc_monitor -> CPU avg=0.13%, CPU max=0.20%, MEM avg=0.14%, MEM max=0.14%
pqc_client_4 -> CPU avg=6.28%, CPU max=25.12%, MEM avg=0.17%, MEM max=0.30%
pqc_client_5 -> CPU avg=0.66%, CPU max=2.63%, MEM avg=0.19%, MEM max=0.31%
pqc_server -> CPU avg=1.12%, CPU max=2.28%, MEM avg=0.11%, MEM max=0.11%
pqc_client_6 -> CPU avg=0.48%, CPU max=1.92%, MEM avg=0.26%, MEM max=0.36%
pqc_client -> CPU avg=0.97%, CPU max=3.89%, MEM avg=0.18%, MEM max=0.18%
[2026-05-17 01:34:37] [*] Parando captura en pqc_monitor para classic_p3_stress_c50_003
[*] Métricas TXT guardadas en results/classic_p3_stress_c50_003_metrics.txt
[*] Métricas CSV guardadas en results/classic_p3_stress_c50_003_metrics.csv
[2026-05-17 01:35:02] === RUN END: classic_p3_stress_c50_003 ===

[2026-05-17 01:35:02] === RUN START: classic_p3_stress_c50_004 ===
[2026-05-17 01:35:02] [*] Arrancando captura en pqc_monitor (eth0) para classic_p3_stress_c50_004
[*] Guardando muestras en: results/classic_p3_stress_c50_004_docker_stats.csv
[*] Ejecutando comando medido: bash -lc ./scripts/run_client_once_rafaga.sh classic_p3_stress_c50_004 50; sleep 3
[*] Ráfaga clásica completada: 50 conexiones en 6 clientes (stress)
=== host results ===
-rw-rw-r-- 1 cristian cristian   15050 may 17 01:35 classic_p3_stress_c50_004_client_err.txt
-rw-rw-r-- 1 cristian cristian     690 may 17 01:35 classic_p3_stress_c50_004_client.txt
-rwxr-xr-x 1 cristian cristian    1157 may 17 01:35 classic_p3_stress_c50_004_docker_stats.csv
-rwxr-xr-x 1 cristian cristian    1727 may 15 19:31 classic_p3_stress_c50_004_metrics.csv
-rw-r--r-- 1 cristian cristian   29661 may 15 19:31 classic_p3_stress_c50_004_metrics.txt
-rw-r--r-- 1 cristian cristian    2709 may 17 01:35 classic_p3_stress_c50_004_pqc_client_2_client_err.txt
-rw-r--r-- 1 cristian cristian       0 may 17 01:35 classic_p3_stress_c50_004_pqc_client_2_client.txt
-rw-r--r-- 1 cristian cristian      39 may 17 01:35 classic_p3_stress_c50_004_pqc_client_2_summary.txt
-rw-r--r-- 1 cristian cristian    2408 may 17 01:35 classic_p3_stress_c50_004_pqc_client_3_client_err.txt
-rw-r--r-- 1 cristian cristian       0 may 17 01:35 classic_p3_stress_c50_004_pqc_client_3_client.txt
-rw-r--r-- 1 cristian cristian      39 may 17 01:35 classic_p3_stress_c50_004_pqc_client_3_summary.txt
-rw-r--r-- 1 cristian cristian    2408 may 17 01:35 classic_p3_stress_c50_004_pqc_client_4_client_err.txt
-rw-r--r-- 1 cristian cristian       0 may 17 01:35 classic_p3_stress_c50_004_pqc_client_4_client.txt
-rw-r--r-- 1 cristian cristian      39 may 17 01:35 classic_p3_stress_c50_004_pqc_client_4_summary.txt
-rw-r--r-- 1 cristian cristian    2408 may 17 01:35 classic_p3_stress_c50_004_pqc_client_5_client_err.txt
-rw-r--r-- 1 cristian cristian       0 may 17 01:35 classic_p3_stress_c50_004_pqc_client_5_client.txt
-rw-r--r-- 1 cristian cristian      39 may 17 01:35 classic_p3_stress_c50_004_pqc_client_5_summary.txt
-rw-r--r-- 1 cristian cristian    2408 may 17 01:35 classic_p3_stress_c50_004_pqc_client_6_client_err.txt
-rw-r--r-- 1 cristian cristian       0 may 17 01:35 classic_p3_stress_c50_004_pqc_client_6_client.txt
-rw-r--r-- 1 cristian cristian      39 may 17 01:35 classic_p3_stress_c50_004_pqc_client_6_summary.txt
-rw-r--r-- 1 cristian cristian    2709 may 17 01:35 classic_p3_stress_c50_004_pqc_client_client_err.txt
-rw-r--r-- 1 cristian cristian       0 may 17 01:35 classic_p3_stress_c50_004_pqc_client_client.txt
-rw-r--r-- 1 cristian cristian      37 may 17 01:35 classic_p3_stress_c50_004_pqc_client_summary.txt
-rw-r--r-- 1 cristian cristian     743 may 15 19:31 classic_p3_stress_c50_004_resource_summary.txt
=== resumen por cliente ===
[*] Perfil stress: conexiones totalmente paralelas por cliente
[*] pqc_client <= plan: 1:0 7:0 13:0 19:0 25:0 31:0 37:0 43:0 49:0
[*] pqc_client_2 <= plan: 2:0 8:0 14:0 20:0 26:0 32:0 38:0 44:0 50:0
[*] pqc_client_3 <= plan: 3:0 9:0 15:0 21:0 27:0 33:0 39:0 45:0
[*] pqc_client_4 <= plan: 4:0 10:0 16:0 22:0 28:0 34:0 40:0 46:0
[*] pqc_client_5 <= plan: 5:0 11:0 17:0 23:0 29:0 35:0 41:0 47:0
[*] pqc_client_6 <= plan: 6:0 12:0 18:0 24:0 30:0 36:0 42:0 48:0
client=pqc_client total=9 ok=9 err=0
client=pqc_client_2 total=9 ok=9 err=0
client=pqc_client_3 total=8 ok=8 err=0
client=pqc_client_4 total=8 ok=8 err=0
client=pqc_client_5 total=8 ok=8 err=0
client=pqc_client_6 total=8 ok=8 err=0
[*] Resumen guardado en: results/classic_p3_stress_c50_004_resource_summary.txt
RUN_ID: classic_p3_stress_c50_004
CSV: results/classic_p3_stress_c50_004_docker_stats.csv

=== Resumen CPU% y MEM% (avg / max) por contenedor ===
pqc_client_2 -> CPU avg=0.70%, CPU max=2.81%, MEM avg=0.16%, MEM max=0.20%
pqc_client_3 -> CPU avg=0.00%, CPU max=0.00%, MEM avg=0.19%, MEM max=0.32%
pqc_monitor -> CPU avg=0.10%, CPU max=0.21%, MEM avg=0.14%, MEM max=0.14%
pqc_client_4 -> CPU avg=0.82%, CPU max=3.29%, MEM avg=0.18%, MEM max=0.31%
pqc_client_5 -> CPU avg=0.51%, CPU max=2.02%, MEM avg=0.21%, MEM max=0.31%
pqc_server -> CPU avg=1.08%, CPU max=2.34%, MEM avg=0.11%, MEM max=0.11%
pqc_client_6 -> CPU avg=6.12%, CPU max=20.93%, MEM avg=0.24%, MEM max=0.36%
pqc_client -> CPU avg=0.45%, CPU max=1.79%, MEM avg=0.20%, MEM max=0.24%
[2026-05-17 01:35:18] [*] Parando captura en pqc_monitor para classic_p3_stress_c50_004
[*] Métricas TXT guardadas en results/classic_p3_stress_c50_004_metrics.txt
[*] Métricas CSV guardadas en results/classic_p3_stress_c50_004_metrics.csv
[2026-05-17 01:35:42] === RUN END: classic_p3_stress_c50_004 ===

[2026-05-17 01:35:42] === RUN START: classic_p3_stress_c50_005 ===
[2026-05-17 01:35:42] [*] Arrancando captura en pqc_monitor (eth0) para classic_p3_stress_c50_005
[*] Guardando muestras en: results/classic_p3_stress_c50_005_docker_stats.csv
[*] Ejecutando comando medido: bash -lc ./scripts/run_client_once_rafaga.sh classic_p3_stress_c50_005 50; sleep 3
[*] Ráfaga clásica completada: 50 conexiones en 6 clientes (stress)
=== host results ===
-rw-rw-r-- 1 cristian cristian   15050 may 17 01:35 classic_p3_stress_c50_005_client_err.txt
-rw-rw-r-- 1 cristian cristian     690 may 17 01:35 classic_p3_stress_c50_005_client.txt
-rwxr-xr-x 1 cristian cristian    1156 may 17 01:35 classic_p3_stress_c50_005_docker_stats.csv
-rwxr-xr-x 1 cristian cristian    1725 may 15 19:32 classic_p3_stress_c50_005_metrics.csv
-rw-r--r-- 1 cristian cristian   29326 may 15 19:32 classic_p3_stress_c50_005_metrics.txt
-rw-r--r-- 1 cristian cristian    2709 may 17 01:35 classic_p3_stress_c50_005_pqc_client_2_client_err.txt
-rw-r--r-- 1 cristian cristian       0 may 17 01:35 classic_p3_stress_c50_005_pqc_client_2_client.txt
-rw-r--r-- 1 cristian cristian      39 may 17 01:35 classic_p3_stress_c50_005_pqc_client_2_summary.txt
-rw-r--r-- 1 cristian cristian    2408 may 17 01:35 classic_p3_stress_c50_005_pqc_client_3_client_err.txt
-rw-r--r-- 1 cristian cristian       0 may 17 01:35 classic_p3_stress_c50_005_pqc_client_3_client.txt
-rw-r--r-- 1 cristian cristian      39 may 17 01:35 classic_p3_stress_c50_005_pqc_client_3_summary.txt
-rw-r--r-- 1 cristian cristian    2408 may 17 01:35 classic_p3_stress_c50_005_pqc_client_4_client_err.txt
-rw-r--r-- 1 cristian cristian       0 may 17 01:35 classic_p3_stress_c50_005_pqc_client_4_client.txt
-rw-r--r-- 1 cristian cristian      39 may 17 01:35 classic_p3_stress_c50_005_pqc_client_4_summary.txt
-rw-r--r-- 1 cristian cristian    2408 may 17 01:35 classic_p3_stress_c50_005_pqc_client_5_client_err.txt
-rw-r--r-- 1 cristian cristian       0 may 17 01:35 classic_p3_stress_c50_005_pqc_client_5_client.txt
-rw-r--r-- 1 cristian cristian      39 may 17 01:35 classic_p3_stress_c50_005_pqc_client_5_summary.txt
-rw-r--r-- 1 cristian cristian    2408 may 17 01:35 classic_p3_stress_c50_005_pqc_client_6_client_err.txt
-rw-r--r-- 1 cristian cristian       0 may 17 01:35 classic_p3_stress_c50_005_pqc_client_6_client.txt
-rw-r--r-- 1 cristian cristian      39 may 17 01:35 classic_p3_stress_c50_005_pqc_client_6_summary.txt
-rw-r--r-- 1 cristian cristian    2709 may 17 01:35 classic_p3_stress_c50_005_pqc_client_client_err.txt
-rw-r--r-- 1 cristian cristian       0 may 17 01:35 classic_p3_stress_c50_005_pqc_client_client.txt
-rw-r--r-- 1 cristian cristian      37 may 17 01:35 classic_p3_stress_c50_005_pqc_client_summary.txt
-rw-r--r-- 1 cristian cristian     742 may 15 19:31 classic_p3_stress_c50_005_resource_summary.txt
=== resumen por cliente ===
[*] Perfil stress: conexiones totalmente paralelas por cliente
[*] pqc_client <= plan: 1:0 7:0 13:0 19:0 25:0 31:0 37:0 43:0 49:0
[*] pqc_client_2 <= plan: 2:0 8:0 14:0 20:0 26:0 32:0 38:0 44:0 50:0
[*] pqc_client_3 <= plan: 3:0 9:0 15:0 21:0 27:0 33:0 39:0 45:0
[*] pqc_client_4 <= plan: 4:0 10:0 16:0 22:0 28:0 34:0 40:0 46:0
[*] pqc_client_5 <= plan: 5:0 11:0 17:0 23:0 29:0 35:0 41:0 47:0
[*] pqc_client_6 <= plan: 6:0 12:0 18:0 24:0 30:0 36:0 42:0 48:0
client=pqc_client total=9 ok=9 err=0
client=pqc_client_2 total=9 ok=9 err=0
client=pqc_client_3 total=8 ok=8 err=0
client=pqc_client_4 total=8 ok=8 err=0
client=pqc_client_5 total=8 ok=8 err=0
client=pqc_client_6 total=8 ok=8 err=0
[*] Resumen guardado en: results/classic_p3_stress_c50_005_resource_summary.txt
RUN_ID: classic_p3_stress_c50_005
CSV: results/classic_p3_stress_c50_005_docker_stats.csv

=== Resumen CPU% y MEM% (avg / max) por contenedor ===
pqc_client_2 -> CPU avg=0.73%, CPU max=2.91%, MEM avg=0.17%, MEM max=0.22%
pqc_client_3 -> CPU avg=0.00%, CPU max=0.00%, MEM avg=0.19%, MEM max=0.32%
pqc_monitor -> CPU avg=0.12%, CPU max=0.25%, MEM avg=0.14%, MEM max=0.14%
pqc_client_4 -> CPU avg=0.82%, CPU max=3.30%, MEM avg=0.18%, MEM max=0.31%
pqc_client_5 -> CPU avg=0.85%, CPU max=3.40%, MEM avg=0.18%, MEM max=0.31%
pqc_server -> CPU avg=0.88%, CPU max=1.77%, MEM avg=0.11%, MEM max=0.11%
pqc_client_6 -> CPU avg=0.44%, CPU max=1.73%, MEM avg=0.25%, MEM max=0.36%
pqc_client -> CPU avg=0.53%, CPU max=2.13%, MEM avg=0.19%, MEM max=0.20%
[2026-05-17 01:35:59] [*] Parando captura en pqc_monitor para classic_p3_stress_c50_005
[*] Métricas TXT guardadas en results/classic_p3_stress_c50_005_metrics.txt
[*] Métricas CSV guardadas en results/classic_p3_stress_c50_005_metrics.csv
[2026-05-17 01:36:23] === RUN END: classic_p3_stress_c50_005 ===

[2026-05-17 01:36:23] ==== Bloque TOTAL_CONN=50 completado ====
[2026-05-17 01:36:23] Campaña clásica finalizada OK.
[2026-05-17 01:36:23] RUN_IDs ejecutados:
classic_p0_balanced_c6_001
classic_p0_balanced_c6_002
classic_p0_balanced_c6_003
classic_p0_balanced_c6_004
classic_p0_balanced_c6_005
classic_p0_aggressive_c6_001
classic_p0_aggressive_c6_002
classic_p0_aggressive_c6_003
classic_p0_aggressive_c6_004
classic_p0_aggressive_c6_005
classic_p0_soft_c6_001
classic_p0_soft_c6_002
classic_p0_soft_c6_003
classic_p0_soft_c6_004
classic_p0_soft_c6_005
classic_p0_stress_c6_001
classic_p0_stress_c6_002
classic_p0_stress_c6_003
classic_p0_stress_c6_004
classic_p0_stress_c6_005
classic_p1_balanced_c6_001
classic_p1_balanced_c6_002
classic_p1_balanced_c6_003
classic_p1_balanced_c6_004
classic_p1_balanced_c6_005
classic_p1_aggressive_c6_001
classic_p1_aggressive_c6_002
classic_p1_aggressive_c6_003
classic_p1_aggressive_c6_004
classic_p1_aggressive_c6_005
classic_p1_soft_c6_001
classic_p1_soft_c6_002
classic_p1_soft_c6_003
classic_p1_soft_c6_004
classic_p1_soft_c6_005
classic_p1_stress_c6_001
classic_p1_stress_c6_002
classic_p1_stress_c6_003
classic_p1_stress_c6_004
classic_p1_stress_c6_005
classic_p2_balanced_c6_001
classic_p2_balanced_c6_002
classic_p2_balanced_c6_003
classic_p2_balanced_c6_004
classic_p2_balanced_c6_005
classic_p2_aggressive_c6_001
classic_p2_aggressive_c6_002
classic_p2_aggressive_c6_003
classic_p2_aggressive_c6_004
classic_p2_aggressive_c6_005
classic_p2_soft_c6_001
classic_p2_soft_c6_002
classic_p2_soft_c6_003
classic_p2_soft_c6_004
classic_p2_soft_c6_005
classic_p2_stress_c6_001
classic_p2_stress_c6_002
classic_p2_stress_c6_003
classic_p2_stress_c6_004
classic_p2_stress_c6_005
classic_p3_balanced_c6_001
classic_p3_balanced_c6_002
classic_p3_balanced_c6_003
classic_p3_balanced_c6_004
classic_p3_balanced_c6_005
classic_p3_aggressive_c6_001
classic_p3_aggressive_c6_002
classic_p3_aggressive_c6_003
classic_p3_aggressive_c6_004
classic_p3_aggressive_c6_005
classic_p3_soft_c6_001
classic_p3_soft_c6_002
classic_p3_soft_c6_003
classic_p3_soft_c6_004
classic_p3_soft_c6_005
classic_p3_stress_c6_001
classic_p3_stress_c6_002
classic_p3_stress_c6_003
classic_p3_stress_c6_004
classic_p3_stress_c6_005
classic_p0_balanced_c50_001
classic_p0_balanced_c50_002
classic_p0_balanced_c50_003
classic_p0_balanced_c50_004
classic_p0_balanced_c50_005
classic_p0_aggressive_c50_001
classic_p0_aggressive_c50_002
classic_p0_aggressive_c50_003
classic_p0_aggressive_c50_004
classic_p0_aggressive_c50_005
classic_p0_soft_c50_001
classic_p0_soft_c50_002
classic_p0_soft_c50_003
classic_p0_soft_c50_004
classic_p0_soft_c50_005
classic_p0_stress_c50_001
classic_p0_stress_c50_002
classic_p0_stress_c50_003
classic_p0_stress_c50_004
classic_p0_stress_c50_005
classic_p1_balanced_c50_001
classic_p1_balanced_c50_002
classic_p1_balanced_c50_003
classic_p1_balanced_c50_004
classic_p1_balanced_c50_005
classic_p1_aggressive_c50_001
classic_p1_aggressive_c50_002
classic_p1_aggressive_c50_003
classic_p1_aggressive_c50_004
classic_p1_aggressive_c50_005
classic_p1_soft_c50_001
classic_p1_soft_c50_002
classic_p1_soft_c50_003
classic_p1_soft_c50_004
classic_p1_soft_c50_005
classic_p1_stress_c50_001
classic_p1_stress_c50_002
classic_p1_stress_c50_003
classic_p1_stress_c50_004
classic_p1_stress_c50_005
classic_p2_balanced_c50_001
classic_p2_balanced_c50_002
classic_p2_balanced_c50_003
classic_p2_balanced_c50_004
classic_p2_balanced_c50_005
classic_p2_aggressive_c50_001
classic_p2_aggressive_c50_002
classic_p2_aggressive_c50_003
classic_p2_aggressive_c50_004
classic_p2_aggressive_c50_005
classic_p2_soft_c50_001
classic_p2_soft_c50_002
classic_p2_soft_c50_003
classic_p2_soft_c50_004
classic_p2_soft_c50_005
classic_p2_stress_c50_001
classic_p2_stress_c50_002
classic_p2_stress_c50_003
classic_p2_stress_c50_004
classic_p2_stress_c50_005
classic_p3_balanced_c50_001
classic_p3_balanced_c50_002
classic_p3_balanced_c50_003
classic_p3_balanced_c50_004
classic_p3_balanced_c50_005
classic_p3_aggressive_c50_001
classic_p3_aggressive_c50_002
classic_p3_aggressive_c50_003
classic_p3_aggressive_c50_004
classic_p3_aggressive_c50_005
classic_p3_soft_c50_001
classic_p3_soft_c50_002
classic_p3_soft_c50_003
classic_p3_soft_c50_004
classic_p3_soft_c50_005
classic_p3_stress_c50_001
classic_p3_stress_c50_002
classic_p3_stress_c50_003
classic_p3_stress_c50_004
classic_p3_stress_c50_005
