[2026-05-16 18:01:55] CLIENTS=pqc_client,pqc_client_2,pqc_client_3,pqc_client_4,pqc_client_5,pqc_client_6
[2026-05-16 18:01:55] RUNS_PER_SCENARIO=5 TOTAL_CONN_VALUES=6 50 STATS_INTERVAL=0.2
[2026-05-16 18:01:55] ==== Iniciando bloque TOTAL_CONN=6 ====
[2026-05-16 18:01:55] ---- Aplicando perfil de red P0 ----
[*] Aplicando perfil P0
[*] Perfil P0 (sin degradación)

[*] Estado qdisc en monitor:
qdisc noqueue 0: root refcnt 2 
qdisc noqueue 0: root refcnt 2 
[2026-05-16 18:01:56] === RUN START: hybrid_p0_balanced_c6_001 ===
[2026-05-16 18:01:56] [*] Arrancando captura en pqc_monitor (eth0) para hybrid_p0_balanced_c6_001
[*] Guardando muestras en: results/hybrid_p0_balanced_c6_001_docker_stats.csv
[*] Ejecutando comando medido: bash -lc ./scripts/run_client_once_rafaga_hibrido.sh hybrid_p0_balanced_c6_001 6; sleep 3
[*] Ráfaga híbrida completada: 6 conexiones en 6 clientes (poisson_jitter)
=== host results ===
-rw-rw-r-- 1 cristian cristian    1350 may 16 18:01 hybrid_p0_balanced_c6_001_client_err.txt
-rw-rw-r-- 1 cristian cristian     524 may 16 18:01 hybrid_p0_balanced_c6_001_client.txt
-rw-rw-r-- 1 cristian cristian      69 may 16 18:01 hybrid_p0_balanced_c6_001_docker_stats.csv
-rw-r--r-- 1 root     root         225 may 16 18:01 hybrid_p0_balanced_c6_001_pqc_client_2_client_err.txt
-rw-r--r-- 1 root     root        2587 may 16 18:01 hybrid_p0_balanced_c6_001_pqc_client_2_client.txt
-rw-r--r-- 1 root     root          39 may 16 18:01 hybrid_p0_balanced_c6_001_pqc_client_2_summary.txt
-rw-r--r-- 1 root     root         225 may 16 18:01 hybrid_p0_balanced_c6_001_pqc_client_3_client_err.txt
-rw-r--r-- 1 root     root        5913 may 16 18:01 hybrid_p0_balanced_c6_001_pqc_client_3_client.txt
-rw-r--r-- 1 root     root          39 may 16 18:01 hybrid_p0_balanced_c6_001_pqc_client_3_summary.txt
-rw-r--r-- 1 root     root         225 may 16 18:01 hybrid_p0_balanced_c6_001_pqc_client_4_client_err.txt
-rw-r--r-- 1 root     root        2587 may 16 18:01 hybrid_p0_balanced_c6_001_pqc_client_4_client.txt
-rw-r--r-- 1 root     root          39 may 16 18:01 hybrid_p0_balanced_c6_001_pqc_client_4_summary.txt
-rw-r--r-- 1 root     root         225 may 16 18:01 hybrid_p0_balanced_c6_001_pqc_client_5_client_err.txt
-rw-r--r-- 1 root     root        2587 may 16 18:01 hybrid_p0_balanced_c6_001_pqc_client_5_client.txt
-rw-r--r-- 1 root     root          39 may 16 18:01 hybrid_p0_balanced_c6_001_pqc_client_5_summary.txt
-rw-r--r-- 1 root     root         225 may 16 18:01 hybrid_p0_balanced_c6_001_pqc_client_6_client_err.txt
-rw-r--r-- 1 root     root        2587 may 16 18:01 hybrid_p0_balanced_c6_001_pqc_client_6_client.txt
-rw-r--r-- 1 root     root          39 may 16 18:01 hybrid_p0_balanced_c6_001_pqc_client_6_summary.txt
-rw-r--r-- 1 root     root         225 may 16 18:01 hybrid_p0_balanced_c6_001_pqc_client_client_err.txt
-rw-r--r-- 1 root     root        5913 may 16 18:01 hybrid_p0_balanced_c6_001_pqc_client_client.txt
-rw-r--r-- 1 root     root          37 may 16 18:01 hybrid_p0_balanced_c6_001_pqc_client_summary.txt
-rw-rw-r-- 1 cristian cristian     741 may 16 17:55 hybrid_p0_balanced_c6_001_resource_summary.txt
=== resumen por cliente ===
[*] Perfil poisson_jitter: llegadas no sincronizadas con Poisson+jitter
[*] pqc_client <= plan: 1:0.000000
[*] pqc_client_2 <= plan: 2:0.000000
[*] pqc_client_3 <= plan: 3:0.000000
[*] pqc_client_4 <= plan: 4:0.000000
[*] pqc_client_5 <= plan: 5:0.000000
[*] pqc_client_6 <= plan: 6:0.000000
client=pqc_client total=1 ok=1 err=0
client=pqc_client_2 total=1 ok=1 err=0
client=pqc_client_3 total=1 ok=1 err=0
client=pqc_client_4 total=1 ok=1 err=0
client=pqc_client_5 total=1 ok=1 err=0
client=pqc_client_6 total=1 ok=1 err=0
[*] Resumen guardado en: results/hybrid_p0_balanced_c6_001_resource_summary.txt
RUN_ID: hybrid_p0_balanced_c6_001
CSV: results/hybrid_p0_balanced_c6_001_docker_stats.csv

=== Resumen CPU% y MEM% (avg / max) por contenedor ===
pqc_client_2 -> CPU avg=0.00%, CPU max=0.00%, MEM avg=0.01%, MEM max=0.01%
pqc_client_3 -> CPU avg=0.00%, CPU max=0.00%, MEM avg=0.02%, MEM max=0.02%
pqc_monitor -> CPU avg=0.14%, CPU max=0.19%, MEM avg=0.05%, MEM max=0.05%
pqc_client_4 -> CPU avg=0.00%, CPU max=0.00%, MEM avg=0.01%, MEM max=0.01%
pqc_client_5 -> CPU avg=0.00%, CPU max=0.00%, MEM avg=0.01%, MEM max=0.01%
pqc_server -> CPU avg=0.00%, CPU max=0.00%, MEM avg=0.11%, MEM max=0.11%
pqc_client_6 -> CPU avg=0.00%, CPU max=0.00%, MEM avg=0.06%, MEM max=0.06%
pqc_client -> CPU avg=0.00%, CPU max=0.00%, MEM avg=0.04%, MEM max=0.04%
[2026-05-16 18:02:09] [*] Parando captura en pqc_monitor para hybrid_p0_balanced_c6_001
[*] Métricas TXT guardadas en results/hybrid_p0_balanced_c6_001_metrics.txt
[*] Métricas CSV guardadas en results/hybrid_p0_balanced_c6_001_metrics.csv
[2026-05-16 18:02:31] === RUN END: hybrid_p0_balanced_c6_001 ===

[2026-05-16 18:02:31] === RUN START: hybrid_p0_balanced_c6_002 ===
[2026-05-16 18:02:31] [*] Arrancando captura en pqc_monitor (eth0) para hybrid_p0_balanced_c6_002
[*] Guardando muestras en: results/hybrid_p0_balanced_c6_002_docker_stats.csv
[*] Ejecutando comando medido: bash -lc ./scripts/run_client_once_rafaga_hibrido.sh hybrid_p0_balanced_c6_002 6; sleep 3
[*] Ráfaga híbrida completada: 6 conexiones en 6 clientes (poisson_jitter)
=== host results ===
-rw-rw-r-- 1 cristian cristian    1350 may 16 18:02 hybrid_p0_balanced_c6_002_client_err.txt
-rw-rw-r-- 1 cristian cristian     524 may 16 18:02 hybrid_p0_balanced_c6_002_client.txt
-rw-rw-r-- 1 cristian cristian      69 may 16 18:02 hybrid_p0_balanced_c6_002_docker_stats.csv
-rw-r--r-- 1 root     root         225 may 16 18:02 hybrid_p0_balanced_c6_002_pqc_client_2_client_err.txt
-rw-r--r-- 1 root     root        5913 may 16 18:02 hybrid_p0_balanced_c6_002_pqc_client_2_client.txt
-rw-r--r-- 1 root     root          39 may 16 18:02 hybrid_p0_balanced_c6_002_pqc_client_2_summary.txt
-rw-r--r-- 1 root     root         225 may 16 18:02 hybrid_p0_balanced_c6_002_pqc_client_3_client_err.txt
-rw-r--r-- 1 root     root        2587 may 16 18:02 hybrid_p0_balanced_c6_002_pqc_client_3_client.txt
-rw-r--r-- 1 root     root          39 may 16 18:02 hybrid_p0_balanced_c6_002_pqc_client_3_summary.txt
-rw-r--r-- 1 root     root         225 may 16 18:02 hybrid_p0_balanced_c6_002_pqc_client_4_client_err.txt
-rw-r--r-- 1 root     root        5913 may 16 18:02 hybrid_p0_balanced_c6_002_pqc_client_4_client.txt
-rw-r--r-- 1 root     root          39 may 16 18:02 hybrid_p0_balanced_c6_002_pqc_client_4_summary.txt
-rw-r--r-- 1 root     root         225 may 16 18:02 hybrid_p0_balanced_c6_002_pqc_client_5_client_err.txt
-rw-r--r-- 1 root     root        5913 may 16 18:02 hybrid_p0_balanced_c6_002_pqc_client_5_client.txt
-rw-r--r-- 1 root     root          39 may 16 18:02 hybrid_p0_balanced_c6_002_pqc_client_5_summary.txt
-rw-r--r-- 1 root     root         225 may 16 18:02 hybrid_p0_balanced_c6_002_pqc_client_6_client_err.txt
-rw-r--r-- 1 root     root        2587 may 16 18:02 hybrid_p0_balanced_c6_002_pqc_client_6_client.txt
-rw-r--r-- 1 root     root          39 may 16 18:02 hybrid_p0_balanced_c6_002_pqc_client_6_summary.txt
-rw-r--r-- 1 root     root         225 may 16 18:02 hybrid_p0_balanced_c6_002_pqc_client_client_err.txt
-rw-r--r-- 1 root     root        2587 may 16 18:02 hybrid_p0_balanced_c6_002_pqc_client_client.txt
-rw-r--r-- 1 root     root          37 may 16 18:02 hybrid_p0_balanced_c6_002_pqc_client_summary.txt
=== resumen por cliente ===
[*] Perfil poisson_jitter: llegadas no sincronizadas con Poisson+jitter
[*] pqc_client <= plan: 1:0.056842
[*] pqc_client_2 <= plan: 2:0.056842
[*] pqc_client_3 <= plan: 3:0.056842
[*] pqc_client_4 <= plan: 4:0.056842
[*] pqc_client_5 <= plan: 5:0.056842
[*] pqc_client_6 <= plan: 6:0.056842
client=pqc_client total=1 ok=1 err=0
client=pqc_client_2 total=1 ok=1 err=0
client=pqc_client_3 total=1 ok=1 err=0
client=pqc_client_4 total=1 ok=1 err=0
client=pqc_client_5 total=1 ok=1 err=0
client=pqc_client_6 total=1 ok=1 err=0
[*] Resumen guardado en: results/hybrid_p0_balanced_c6_002_resource_summary.txt
RUN_ID: hybrid_p0_balanced_c6_002
CSV: results/hybrid_p0_balanced_c6_002_docker_stats.csv

=== Resumen CPU% y MEM% (avg / max) por contenedor ===
pqc_client_2 -> CPU avg=0.00%, CPU max=0.00%, MEM avg=0.01%, MEM max=0.01%
pqc_client_3 -> CPU avg=0.00%, CPU max=0.00%, MEM avg=0.02%, MEM max=0.02%
pqc_monitor -> CPU avg=0.08%, CPU max=0.11%, MEM avg=0.08%, MEM max=0.08%
pqc_client_4 -> CPU avg=0.00%, CPU max=0.00%, MEM avg=0.01%, MEM max=0.01%
pqc_client_5 -> CPU avg=0.00%, CPU max=0.00%, MEM avg=0.01%, MEM max=0.01%
pqc_server -> CPU avg=0.00%, CPU max=0.00%, MEM avg=0.11%, MEM max=0.11%
pqc_client_6 -> CPU avg=0.00%, CPU max=0.00%, MEM avg=0.07%, MEM max=0.07%
pqc_client -> CPU avg=0.00%, CPU max=0.00%, MEM avg=0.04%, MEM max=0.04%
[2026-05-16 18:02:44] [*] Parando captura en pqc_monitor para hybrid_p0_balanced_c6_002
[*] Métricas TXT guardadas en results/hybrid_p0_balanced_c6_002_metrics.txt
[*] Métricas CSV guardadas en results/hybrid_p0_balanced_c6_002_metrics.csv
[2026-05-16 18:03:06] === RUN END: hybrid_p0_balanced_c6_002 ===

[2026-05-16 18:03:06] === RUN START: hybrid_p0_balanced_c6_003 ===
[2026-05-16 18:03:06] [*] Arrancando captura en pqc_monitor (eth0) para hybrid_p0_balanced_c6_003
[*] Guardando muestras en: results/hybrid_p0_balanced_c6_003_docker_stats.csv
[*] Ejecutando comando medido: bash -lc ./scripts/run_client_once_rafaga_hibrido.sh hybrid_p0_balanced_c6_003 6; sleep 3
[*] Ráfaga híbrida completada: 6 conexiones en 6 clientes (poisson_jitter)
=== host results ===
-rw-rw-r-- 1 cristian cristian    1350 may 16 18:03 hybrid_p0_balanced_c6_003_client_err.txt
-rw-rw-r-- 1 cristian cristian     524 may 16 18:03 hybrid_p0_balanced_c6_003_client.txt
-rw-rw-r-- 1 cristian cristian      69 may 16 18:03 hybrid_p0_balanced_c6_003_docker_stats.csv
-rw-r--r-- 1 root     root         225 may 16 18:03 hybrid_p0_balanced_c6_003_pqc_client_2_client_err.txt
-rw-r--r-- 1 root     root        5913 may 16 18:03 hybrid_p0_balanced_c6_003_pqc_client_2_client.txt
-rw-r--r-- 1 root     root          39 may 16 18:03 hybrid_p0_balanced_c6_003_pqc_client_2_summary.txt
-rw-r--r-- 1 root     root         225 may 16 18:03 hybrid_p0_balanced_c6_003_pqc_client_3_client_err.txt
-rw-r--r-- 1 root     root        2587 may 16 18:03 hybrid_p0_balanced_c6_003_pqc_client_3_client.txt
-rw-r--r-- 1 root     root          39 may 16 18:03 hybrid_p0_balanced_c6_003_pqc_client_3_summary.txt
-rw-r--r-- 1 root     root         225 may 16 18:03 hybrid_p0_balanced_c6_003_pqc_client_4_client_err.txt
-rw-r--r-- 1 root     root        5913 may 16 18:03 hybrid_p0_balanced_c6_003_pqc_client_4_client.txt
-rw-r--r-- 1 root     root          39 may 16 18:03 hybrid_p0_balanced_c6_003_pqc_client_4_summary.txt
-rw-r--r-- 1 root     root         225 may 16 18:03 hybrid_p0_balanced_c6_003_pqc_client_5_client_err.txt
-rw-r--r-- 1 root     root        2587 may 16 18:03 hybrid_p0_balanced_c6_003_pqc_client_5_client.txt
-rw-r--r-- 1 root     root          39 may 16 18:03 hybrid_p0_balanced_c6_003_pqc_client_5_summary.txt
-rw-r--r-- 1 root     root         225 may 16 18:03 hybrid_p0_balanced_c6_003_pqc_client_6_client_err.txt
-rw-r--r-- 1 root     root        2587 may 16 18:03 hybrid_p0_balanced_c6_003_pqc_client_6_client.txt
-rw-r--r-- 1 root     root          39 may 16 18:03 hybrid_p0_balanced_c6_003_pqc_client_6_summary.txt
-rw-r--r-- 1 root     root         225 may 16 18:03 hybrid_p0_balanced_c6_003_pqc_client_client_err.txt
-rw-r--r-- 1 root     root        5913 may 16 18:03 hybrid_p0_balanced_c6_003_pqc_client_client.txt
-rw-r--r-- 1 root     root          37 may 16 18:03 hybrid_p0_balanced_c6_003_pqc_client_summary.txt
=== resumen por cliente ===
[*] Perfil poisson_jitter: llegadas no sincronizadas con Poisson+jitter
[*] pqc_client <= plan: 1:0.000000
[*] pqc_client_2 <= plan: 2:0.000000
[*] pqc_client_3 <= plan: 3:0.000000
[*] pqc_client_4 <= plan: 4:0.000000
[*] pqc_client_5 <= plan: 5:0.000000
[*] pqc_client_6 <= plan: 6:0.000000
client=pqc_client total=1 ok=1 err=0
client=pqc_client_2 total=1 ok=1 err=0
client=pqc_client_3 total=1 ok=1 err=0
client=pqc_client_4 total=1 ok=1 err=0
client=pqc_client_5 total=1 ok=1 err=0
client=pqc_client_6 total=1 ok=1 err=0
[*] Resumen guardado en: results/hybrid_p0_balanced_c6_003_resource_summary.txt
RUN_ID: hybrid_p0_balanced_c6_003
CSV: results/hybrid_p0_balanced_c6_003_docker_stats.csv

=== Resumen CPU% y MEM% (avg / max) por contenedor ===
pqc_client_2 -> CPU avg=0.00%, CPU max=0.00%, MEM avg=0.01%, MEM max=0.01%
pqc_client_3 -> CPU avg=4.45%, CPU max=13.36%, MEM avg=0.02%, MEM max=0.02%
pqc_monitor -> CPU avg=0.09%, CPU max=0.12%, MEM avg=0.08%, MEM max=0.09%
pqc_client_4 -> CPU avg=0.00%, CPU max=0.00%, MEM avg=0.01%, MEM max=0.01%
pqc_client_5 -> CPU avg=0.00%, CPU max=0.00%, MEM avg=0.01%, MEM max=0.01%
pqc_server -> CPU avg=0.00%, CPU max=0.00%, MEM avg=0.11%, MEM max=0.11%
pqc_client_6 -> CPU avg=0.00%, CPU max=0.00%, MEM avg=0.07%, MEM max=0.07%
pqc_client -> CPU avg=0.00%, CPU max=0.00%, MEM avg=0.04%, MEM max=0.04%
[2026-05-16 18:03:20] [*] Parando captura en pqc_monitor para hybrid_p0_balanced_c6_003
[*] Métricas TXT guardadas en results/hybrid_p0_balanced_c6_003_metrics.txt
[*] Métricas CSV guardadas en results/hybrid_p0_balanced_c6_003_metrics.csv
[2026-05-16 18:03:42] === RUN END: hybrid_p0_balanced_c6_003 ===

[2026-05-16 18:03:42] === RUN START: hybrid_p0_balanced_c6_004 ===
[2026-05-16 18:03:42] [*] Arrancando captura en pqc_monitor (eth0) para hybrid_p0_balanced_c6_004
[*] Guardando muestras en: results/hybrid_p0_balanced_c6_004_docker_stats.csv
[*] Ejecutando comando medido: bash -lc ./scripts/run_client_once_rafaga_hibrido.sh hybrid_p0_balanced_c6_004 6; sleep 3
[*] Ráfaga híbrida completada: 6 conexiones en 6 clientes (poisson_jitter)
=== host results ===
-rw-rw-r-- 1 cristian cristian    1350 may 16 18:03 hybrid_p0_balanced_c6_004_client_err.txt
-rw-rw-r-- 1 cristian cristian     524 may 16 18:03 hybrid_p0_balanced_c6_004_client.txt
-rw-rw-r-- 1 cristian cristian      69 may 16 18:03 hybrid_p0_balanced_c6_004_docker_stats.csv
-rw-r--r-- 1 root     root         225 may 16 18:03 hybrid_p0_balanced_c6_004_pqc_client_2_client_err.txt
-rw-r--r-- 1 root     root        5913 may 16 18:03 hybrid_p0_balanced_c6_004_pqc_client_2_client.txt
-rw-r--r-- 1 root     root          39 may 16 18:03 hybrid_p0_balanced_c6_004_pqc_client_2_summary.txt
-rw-r--r-- 1 root     root         225 may 16 18:03 hybrid_p0_balanced_c6_004_pqc_client_3_client_err.txt
-rw-r--r-- 1 root     root        5913 may 16 18:03 hybrid_p0_balanced_c6_004_pqc_client_3_client.txt
-rw-r--r-- 1 root     root          39 may 16 18:03 hybrid_p0_balanced_c6_004_pqc_client_3_summary.txt
-rw-r--r-- 1 root     root         225 may 16 18:03 hybrid_p0_balanced_c6_004_pqc_client_4_client_err.txt
-rw-r--r-- 1 root     root        2587 may 16 18:03 hybrid_p0_balanced_c6_004_pqc_client_4_client.txt
-rw-r--r-- 1 root     root          39 may 16 18:03 hybrid_p0_balanced_c6_004_pqc_client_4_summary.txt
-rw-r--r-- 1 root     root         225 may 16 18:03 hybrid_p0_balanced_c6_004_pqc_client_5_client_err.txt
-rw-r--r-- 1 root     root        2587 may 16 18:03 hybrid_p0_balanced_c6_004_pqc_client_5_client.txt
-rw-r--r-- 1 root     root          39 may 16 18:03 hybrid_p0_balanced_c6_004_pqc_client_5_summary.txt
-rw-r--r-- 1 root     root         225 may 16 18:03 hybrid_p0_balanced_c6_004_pqc_client_6_client_err.txt
-rw-r--r-- 1 root     root        2587 may 16 18:03 hybrid_p0_balanced_c6_004_pqc_client_6_client.txt
-rw-r--r-- 1 root     root          39 may 16 18:03 hybrid_p0_balanced_c6_004_pqc_client_6_summary.txt
-rw-r--r-- 1 root     root         225 may 16 18:03 hybrid_p0_balanced_c6_004_pqc_client_client_err.txt
-rw-r--r-- 1 root     root        5913 may 16 18:03 hybrid_p0_balanced_c6_004_pqc_client_client.txt
-rw-r--r-- 1 root     root          37 may 16 18:03 hybrid_p0_balanced_c6_004_pqc_client_summary.txt
=== resumen por cliente ===
[*] Perfil poisson_jitter: llegadas no sincronizadas con Poisson+jitter
[*] pqc_client <= plan: 1:0.015319
[*] pqc_client_2 <= plan: 2:0.015319
[*] pqc_client_3 <= plan: 3:0.015319
[*] pqc_client_4 <= plan: 4:0.015319
[*] pqc_client_5 <= plan: 5:0.015319
[*] pqc_client_6 <= plan: 6:0.015319
client=pqc_client total=1 ok=1 err=0
client=pqc_client_2 total=1 ok=1 err=0
client=pqc_client_3 total=1 ok=1 err=0
client=pqc_client_4 total=1 ok=1 err=0
client=pqc_client_5 total=1 ok=1 err=0
client=pqc_client_6 total=1 ok=1 err=0
[*] Resumen guardado en: results/hybrid_p0_balanced_c6_004_resource_summary.txt
RUN_ID: hybrid_p0_balanced_c6_004
CSV: results/hybrid_p0_balanced_c6_004_docker_stats.csv

=== Resumen CPU% y MEM% (avg / max) por contenedor ===
pqc_client_2 -> CPU avg=0.00%, CPU max=0.00%, MEM avg=0.01%, MEM max=0.01%
pqc_client_3 -> CPU avg=0.00%, CPU max=0.00%, MEM avg=0.02%, MEM max=0.02%
pqc_monitor -> CPU avg=0.07%, CPU max=0.11%, MEM avg=0.09%, MEM max=0.09%
pqc_client_4 -> CPU avg=0.00%, CPU max=0.00%, MEM avg=0.01%, MEM max=0.01%
pqc_client_5 -> CPU avg=0.00%, CPU max=0.00%, MEM avg=0.01%, MEM max=0.01%
pqc_server -> CPU avg=0.00%, CPU max=0.00%, MEM avg=0.11%, MEM max=0.11%
pqc_client_6 -> CPU avg=0.00%, CPU max=0.00%, MEM avg=0.07%, MEM max=0.07%
pqc_client -> CPU avg=0.00%, CPU max=0.00%, MEM avg=0.04%, MEM max=0.04%
[2026-05-16 18:03:55] [*] Parando captura en pqc_monitor para hybrid_p0_balanced_c6_004
[*] Métricas TXT guardadas en results/hybrid_p0_balanced_c6_004_metrics.txt
[*] Métricas CSV guardadas en results/hybrid_p0_balanced_c6_004_metrics.csv
[2026-05-16 18:04:17] === RUN END: hybrid_p0_balanced_c6_004 ===

[2026-05-16 18:04:17] === RUN START: hybrid_p0_balanced_c6_005 ===
[2026-05-16 18:04:17] [*] Arrancando captura en pqc_monitor (eth0) para hybrid_p0_balanced_c6_005
[*] Guardando muestras en: results/hybrid_p0_balanced_c6_005_docker_stats.csv
[*] Ejecutando comando medido: bash -lc ./scripts/run_client_once_rafaga_hibrido.sh hybrid_p0_balanced_c6_005 6; sleep 3
[*] Ráfaga híbrida completada: 6 conexiones en 6 clientes (poisson_jitter)
=== host results ===
-rw-rw-r-- 1 cristian cristian    1350 may 16 18:04 hybrid_p0_balanced_c6_005_client_err.txt
-rw-rw-r-- 1 cristian cristian     524 may 16 18:04 hybrid_p0_balanced_c6_005_client.txt
-rw-rw-r-- 1 cristian cristian      69 may 16 18:04 hybrid_p0_balanced_c6_005_docker_stats.csv
-rw-r--r-- 1 root     root         225 may 16 18:04 hybrid_p0_balanced_c6_005_pqc_client_2_client_err.txt
-rw-r--r-- 1 root     root        2587 may 16 18:04 hybrid_p0_balanced_c6_005_pqc_client_2_client.txt
-rw-r--r-- 1 root     root          39 may 16 18:04 hybrid_p0_balanced_c6_005_pqc_client_2_summary.txt
-rw-r--r-- 1 root     root         225 may 16 18:04 hybrid_p0_balanced_c6_005_pqc_client_3_client_err.txt
-rw-r--r-- 1 root     root        2587 may 16 18:04 hybrid_p0_balanced_c6_005_pqc_client_3_client.txt
-rw-r--r-- 1 root     root          39 may 16 18:04 hybrid_p0_balanced_c6_005_pqc_client_3_summary.txt
-rw-r--r-- 1 root     root         225 may 16 18:04 hybrid_p0_balanced_c6_005_pqc_client_4_client_err.txt
-rw-r--r-- 1 root     root        2587 may 16 18:04 hybrid_p0_balanced_c6_005_pqc_client_4_client.txt
-rw-r--r-- 1 root     root          39 may 16 18:04 hybrid_p0_balanced_c6_005_pqc_client_4_summary.txt
-rw-r--r-- 1 root     root         225 may 16 18:04 hybrid_p0_balanced_c6_005_pqc_client_5_client_err.txt
-rw-r--r-- 1 root     root        5913 may 16 18:04 hybrid_p0_balanced_c6_005_pqc_client_5_client.txt
-rw-r--r-- 1 root     root          39 may 16 18:04 hybrid_p0_balanced_c6_005_pqc_client_5_summary.txt
-rw-r--r-- 1 root     root         225 may 16 18:04 hybrid_p0_balanced_c6_005_pqc_client_6_client_err.txt
-rw-r--r-- 1 root     root        5913 may 16 18:04 hybrid_p0_balanced_c6_005_pqc_client_6_client.txt
-rw-r--r-- 1 root     root          39 may 16 18:04 hybrid_p0_balanced_c6_005_pqc_client_6_summary.txt
-rw-r--r-- 1 root     root         225 may 16 18:04 hybrid_p0_balanced_c6_005_pqc_client_client_err.txt
-rw-r--r-- 1 root     root        5913 may 16 18:04 hybrid_p0_balanced_c6_005_pqc_client_client.txt
-rw-r--r-- 1 root     root          37 may 16 18:04 hybrid_p0_balanced_c6_005_pqc_client_summary.txt
=== resumen por cliente ===
[*] Perfil poisson_jitter: llegadas no sincronizadas con Poisson+jitter
[*] pqc_client <= plan: 1:0.001708
[*] pqc_client_2 <= plan: 2:0.001708
[*] pqc_client_3 <= plan: 3:0.001708
[*] pqc_client_4 <= plan: 4:0.001708
[*] pqc_client_5 <= plan: 5:0.001708
[*] pqc_client_6 <= plan: 6:0.001708
client=pqc_client total=1 ok=1 err=0
client=pqc_client_2 total=1 ok=1 err=0
client=pqc_client_3 total=1 ok=1 err=0
client=pqc_client_4 total=1 ok=1 err=0
client=pqc_client_5 total=1 ok=1 err=0
client=pqc_client_6 total=1 ok=1 err=0
[*] Resumen guardado en: results/hybrid_p0_balanced_c6_005_resource_summary.txt
RUN_ID: hybrid_p0_balanced_c6_005
CSV: results/hybrid_p0_balanced_c6_005_docker_stats.csv

=== Resumen CPU% y MEM% (avg / max) por contenedor ===
pqc_client_2 -> CPU avg=3.22%, CPU max=9.65%, MEM avg=0.01%, MEM max=0.01%
pqc_client_3 -> CPU avg=0.00%, CPU max=0.00%, MEM avg=0.02%, MEM max=0.02%
pqc_monitor -> CPU avg=0.05%, CPU max=0.07%, MEM avg=0.09%, MEM max=0.09%
pqc_client_4 -> CPU avg=0.00%, CPU max=0.00%, MEM avg=0.01%, MEM max=0.01%
pqc_client_5 -> CPU avg=0.00%, CPU max=0.00%, MEM avg=0.01%, MEM max=0.01%
pqc_server -> CPU avg=0.00%, CPU max=0.00%, MEM avg=0.11%, MEM max=0.11%
pqc_client_6 -> CPU avg=0.00%, CPU max=0.00%, MEM avg=0.07%, MEM max=0.07%
pqc_client -> CPU avg=0.00%, CPU max=0.00%, MEM avg=0.04%, MEM max=0.04%
[2026-05-16 18:04:31] [*] Parando captura en pqc_monitor para hybrid_p0_balanced_c6_005
[*] Métricas TXT guardadas en results/hybrid_p0_balanced_c6_005_metrics.txt
[*] Métricas CSV guardadas en results/hybrid_p0_balanced_c6_005_metrics.csv
[2026-05-16 18:04:52] === RUN END: hybrid_p0_balanced_c6_005 ===

[2026-05-16 18:04:52] === RUN START: hybrid_p0_aggressive_c6_001 ===
[2026-05-16 18:04:52] [*] Arrancando captura en pqc_monitor (eth0) para hybrid_p0_aggressive_c6_001
[*] Guardando muestras en: results/hybrid_p0_aggressive_c6_001_docker_stats.csv
[*] Ejecutando comando medido: bash -lc ./scripts/run_client_once_rafaga_hibrido.sh hybrid_p0_aggressive_c6_001 6; sleep 3
[*] Ráfaga híbrida completada: 6 conexiones en 6 clientes (poisson_jitter)
=== host results ===
-rw-rw-r-- 1 cristian cristian    1350 may 16 18:04 hybrid_p0_aggressive_c6_001_client_err.txt
-rw-rw-r-- 1 cristian cristian     524 may 16 18:04 hybrid_p0_aggressive_c6_001_client.txt
-rw-rw-r-- 1 cristian cristian      69 may 16 18:04 hybrid_p0_aggressive_c6_001_docker_stats.csv
-rw-r--r-- 1 root     root         225 may 16 18:04 hybrid_p0_aggressive_c6_001_pqc_client_2_client_err.txt
-rw-r--r-- 1 root     root        2587 may 16 18:04 hybrid_p0_aggressive_c6_001_pqc_client_2_client.txt
-rw-r--r-- 1 root     root          39 may 16 18:04 hybrid_p0_aggressive_c6_001_pqc_client_2_summary.txt
-rw-r--r-- 1 root     root         225 may 16 18:04 hybrid_p0_aggressive_c6_001_pqc_client_3_client_err.txt
-rw-r--r-- 1 root     root        2587 may 16 18:04 hybrid_p0_aggressive_c6_001_pqc_client_3_client.txt
-rw-r--r-- 1 root     root          39 may 16 18:04 hybrid_p0_aggressive_c6_001_pqc_client_3_summary.txt
-rw-r--r-- 1 root     root         225 may 16 18:04 hybrid_p0_aggressive_c6_001_pqc_client_4_client_err.txt
-rw-r--r-- 1 root     root        2587 may 16 18:04 hybrid_p0_aggressive_c6_001_pqc_client_4_client.txt
-rw-r--r-- 1 root     root          39 may 16 18:04 hybrid_p0_aggressive_c6_001_pqc_client_4_summary.txt
-rw-r--r-- 1 root     root         225 may 16 18:04 hybrid_p0_aggressive_c6_001_pqc_client_5_client_err.txt
-rw-r--r-- 1 root     root        2587 may 16 18:04 hybrid_p0_aggressive_c6_001_pqc_client_5_client.txt
-rw-r--r-- 1 root     root          39 may 16 18:04 hybrid_p0_aggressive_c6_001_pqc_client_5_summary.txt
-rw-r--r-- 1 root     root         225 may 16 18:04 hybrid_p0_aggressive_c6_001_pqc_client_6_client_err.txt
-rw-r--r-- 1 root     root        5913 may 16 18:04 hybrid_p0_aggressive_c6_001_pqc_client_6_client.txt
-rw-r--r-- 1 root     root          39 may 16 18:04 hybrid_p0_aggressive_c6_001_pqc_client_6_summary.txt
-rw-r--r-- 1 root     root         225 may 16 18:04 hybrid_p0_aggressive_c6_001_pqc_client_client_err.txt
-rw-r--r-- 1 root     root        2587 may 16 18:04 hybrid_p0_aggressive_c6_001_pqc_client_client.txt
-rw-r--r-- 1 root     root          37 may 16 18:04 hybrid_p0_aggressive_c6_001_pqc_client_summary.txt
=== resumen por cliente ===
[*] Perfil poisson_jitter: llegadas no sincronizadas con Poisson+jitter
[*] pqc_client <= plan: 1:0.015123
[*] pqc_client_2 <= plan: 2:0.015123
[*] pqc_client_3 <= plan: 3:0.015123
[*] pqc_client_4 <= plan: 4:0.015123
[*] pqc_client_5 <= plan: 5:0.015123
[*] pqc_client_6 <= plan: 6:0.015123
client=pqc_client total=1 ok=1 err=0
client=pqc_client_2 total=1 ok=1 err=0
client=pqc_client_3 total=1 ok=1 err=0
client=pqc_client_4 total=1 ok=1 err=0
client=pqc_client_5 total=1 ok=1 err=0
client=pqc_client_6 total=1 ok=1 err=0
[*] Resumen guardado en: results/hybrid_p0_aggressive_c6_001_resource_summary.txt
RUN_ID: hybrid_p0_aggressive_c6_001
CSV: results/hybrid_p0_aggressive_c6_001_docker_stats.csv

=== Resumen CPU% y MEM% (avg / max) por contenedor ===
pqc_client_2 -> CPU avg=0.00%, CPU max=0.00%, MEM avg=0.01%, MEM max=0.01%
pqc_client_3 -> CPU avg=0.00%, CPU max=0.00%, MEM avg=0.02%, MEM max=0.02%
pqc_monitor -> CPU avg=0.18%, CPU max=0.30%, MEM avg=0.09%, MEM max=0.09%
pqc_client_4 -> CPU avg=0.00%, CPU max=0.00%, MEM avg=0.01%, MEM max=0.01%
pqc_client_5 -> CPU avg=0.00%, CPU max=0.00%, MEM avg=0.01%, MEM max=0.01%
pqc_server -> CPU avg=0.00%, CPU max=0.00%, MEM avg=0.11%, MEM max=0.11%
pqc_client_6 -> CPU avg=0.00%, CPU max=0.00%, MEM avg=0.07%, MEM max=0.07%
pqc_client -> CPU avg=0.00%, CPU max=0.00%, MEM avg=0.04%, MEM max=0.04%
[2026-05-16 18:05:05] [*] Parando captura en pqc_monitor para hybrid_p0_aggressive_c6_001
[*] Métricas TXT guardadas en results/hybrid_p0_aggressive_c6_001_metrics.txt
[*] Métricas CSV guardadas en results/hybrid_p0_aggressive_c6_001_metrics.csv
[2026-05-16 18:05:27] === RUN END: hybrid_p0_aggressive_c6_001 ===

[2026-05-16 18:05:27] === RUN START: hybrid_p0_aggressive_c6_002 ===
[2026-05-16 18:05:27] [*] Arrancando captura en pqc_monitor (eth0) para hybrid_p0_aggressive_c6_002
[*] Guardando muestras en: results/hybrid_p0_aggressive_c6_002_docker_stats.csv
[*] Ejecutando comando medido: bash -lc ./scripts/run_client_once_rafaga_hibrido.sh hybrid_p0_aggressive_c6_002 6; sleep 3
[*] Ráfaga híbrida completada: 6 conexiones en 6 clientes (poisson_jitter)
=== host results ===
-rw-rw-r-- 1 cristian cristian    1350 may 16 18:05 hybrid_p0_aggressive_c6_002_client_err.txt
-rw-rw-r-- 1 cristian cristian     524 may 16 18:05 hybrid_p0_aggressive_c6_002_client.txt
-rw-rw-r-- 1 cristian cristian      69 may 16 18:05 hybrid_p0_aggressive_c6_002_docker_stats.csv
-rw-r--r-- 1 root     root         225 may 16 18:05 hybrid_p0_aggressive_c6_002_pqc_client_2_client_err.txt
-rw-r--r-- 1 root     root        2587 may 16 18:05 hybrid_p0_aggressive_c6_002_pqc_client_2_client.txt
-rw-r--r-- 1 root     root          39 may 16 18:05 hybrid_p0_aggressive_c6_002_pqc_client_2_summary.txt
-rw-r--r-- 1 root     root         225 may 16 18:05 hybrid_p0_aggressive_c6_002_pqc_client_3_client_err.txt
-rw-r--r-- 1 root     root        2587 may 16 18:05 hybrid_p0_aggressive_c6_002_pqc_client_3_client.txt
-rw-r--r-- 1 root     root          39 may 16 18:05 hybrid_p0_aggressive_c6_002_pqc_client_3_summary.txt
-rw-r--r-- 1 root     root         225 may 16 18:05 hybrid_p0_aggressive_c6_002_pqc_client_4_client_err.txt
-rw-r--r-- 1 root     root        2587 may 16 18:05 hybrid_p0_aggressive_c6_002_pqc_client_4_client.txt
-rw-r--r-- 1 root     root          39 may 16 18:05 hybrid_p0_aggressive_c6_002_pqc_client_4_summary.txt
-rw-r--r-- 1 root     root         225 may 16 18:05 hybrid_p0_aggressive_c6_002_pqc_client_5_client_err.txt
-rw-r--r-- 1 root     root        2587 may 16 18:05 hybrid_p0_aggressive_c6_002_pqc_client_5_client.txt
-rw-r--r-- 1 root     root          39 may 16 18:05 hybrid_p0_aggressive_c6_002_pqc_client_5_summary.txt
-rw-r--r-- 1 root     root         225 may 16 18:05 hybrid_p0_aggressive_c6_002_pqc_client_6_client_err.txt
-rw-r--r-- 1 root     root        2587 may 16 18:05 hybrid_p0_aggressive_c6_002_pqc_client_6_client.txt
-rw-r--r-- 1 root     root          39 may 16 18:05 hybrid_p0_aggressive_c6_002_pqc_client_6_summary.txt
-rw-r--r-- 1 root     root         225 may 16 18:05 hybrid_p0_aggressive_c6_002_pqc_client_client_err.txt
-rw-r--r-- 1 root     root        5913 may 16 18:05 hybrid_p0_aggressive_c6_002_pqc_client_client.txt
-rw-r--r-- 1 root     root          37 may 16 18:05 hybrid_p0_aggressive_c6_002_pqc_client_summary.txt
=== resumen por cliente ===
[*] Perfil poisson_jitter: llegadas no sincronizadas con Poisson+jitter
[*] pqc_client <= plan: 1:0.021144
[*] pqc_client_2 <= plan: 2:0.021144
[*] pqc_client_3 <= plan: 3:0.021144
[*] pqc_client_4 <= plan: 4:0.021144
[*] pqc_client_5 <= plan: 5:0.021144
[*] pqc_client_6 <= plan: 6:0.021144
client=pqc_client total=1 ok=1 err=0
client=pqc_client_2 total=1 ok=1 err=0
client=pqc_client_3 total=1 ok=1 err=0
client=pqc_client_4 total=1 ok=1 err=0
client=pqc_client_5 total=1 ok=1 err=0
client=pqc_client_6 total=1 ok=1 err=0
[*] Resumen guardado en: results/hybrid_p0_aggressive_c6_002_resource_summary.txt
RUN_ID: hybrid_p0_aggressive_c6_002
CSV: results/hybrid_p0_aggressive_c6_002_docker_stats.csv

=== Resumen CPU% y MEM% (avg / max) por contenedor ===
pqc_client_2 -> CPU avg=0.00%, CPU max=0.00%, MEM avg=0.01%, MEM max=0.01%
pqc_client_3 -> CPU avg=0.00%, CPU max=0.00%, MEM avg=0.02%, MEM max=0.02%
pqc_monitor -> CPU avg=0.07%, CPU max=0.11%, MEM avg=0.09%, MEM max=0.09%
pqc_client_4 -> CPU avg=0.00%, CPU max=0.00%, MEM avg=0.01%, MEM max=0.01%
pqc_client_5 -> CPU avg=0.00%, CPU max=0.00%, MEM avg=0.01%, MEM max=0.01%
pqc_server -> CPU avg=0.00%, CPU max=0.00%, MEM avg=0.11%, MEM max=0.11%
pqc_client_6 -> CPU avg=0.00%, CPU max=0.00%, MEM avg=0.07%, MEM max=0.07%
pqc_client -> CPU avg=0.00%, CPU max=0.00%, MEM avg=0.04%, MEM max=0.04%
[2026-05-16 18:05:37] [*] Parando captura en pqc_monitor para hybrid_p0_aggressive_c6_002
[*] Métricas TXT guardadas en results/hybrid_p0_aggressive_c6_002_metrics.txt
[*] Métricas CSV guardadas en results/hybrid_p0_aggressive_c6_002_metrics.csv
[2026-05-16 18:05:59] === RUN END: hybrid_p0_aggressive_c6_002 ===

[2026-05-16 18:05:59] === RUN START: hybrid_p0_aggressive_c6_003 ===
[2026-05-16 18:05:59] [*] Arrancando captura en pqc_monitor (eth0) para hybrid_p0_aggressive_c6_003
[*] Guardando muestras en: results/hybrid_p0_aggressive_c6_003_docker_stats.csv
[*] Ejecutando comando medido: bash -lc ./scripts/run_client_once_rafaga_hibrido.sh hybrid_p0_aggressive_c6_003 6; sleep 3
[*] Ráfaga híbrida completada: 6 conexiones en 6 clientes (poisson_jitter)
=== host results ===
-rw-rw-r-- 1 cristian cristian    1350 may 16 18:06 hybrid_p0_aggressive_c6_003_client_err.txt
-rw-rw-r-- 1 cristian cristian     524 may 16 18:06 hybrid_p0_aggressive_c6_003_client.txt
-rw-rw-r-- 1 cristian cristian      69 may 16 18:06 hybrid_p0_aggressive_c6_003_docker_stats.csv
-rw-r--r-- 1 root     root         225 may 16 18:06 hybrid_p0_aggressive_c6_003_pqc_client_2_client_err.txt
-rw-r--r-- 1 root     root        5913 may 16 18:06 hybrid_p0_aggressive_c6_003_pqc_client_2_client.txt
-rw-r--r-- 1 root     root          39 may 16 18:06 hybrid_p0_aggressive_c6_003_pqc_client_2_summary.txt
-rw-r--r-- 1 root     root         225 may 16 18:06 hybrid_p0_aggressive_c6_003_pqc_client_3_client_err.txt
-rw-r--r-- 1 root     root        2587 may 16 18:06 hybrid_p0_aggressive_c6_003_pqc_client_3_client.txt
-rw-r--r-- 1 root     root          39 may 16 18:06 hybrid_p0_aggressive_c6_003_pqc_client_3_summary.txt
-rw-r--r-- 1 root     root         225 may 16 18:06 hybrid_p0_aggressive_c6_003_pqc_client_4_client_err.txt
-rw-r--r-- 1 root     root        5913 may 16 18:06 hybrid_p0_aggressive_c6_003_pqc_client_4_client.txt
-rw-r--r-- 1 root     root          39 may 16 18:06 hybrid_p0_aggressive_c6_003_pqc_client_4_summary.txt
-rw-r--r-- 1 root     root         225 may 16 18:06 hybrid_p0_aggressive_c6_003_pqc_client_5_client_err.txt
-rw-r--r-- 1 root     root        5913 may 16 18:06 hybrid_p0_aggressive_c6_003_pqc_client_5_client.txt
-rw-r--r-- 1 root     root          39 may 16 18:06 hybrid_p0_aggressive_c6_003_pqc_client_5_summary.txt
-rw-r--r-- 1 root     root         225 may 16 18:06 hybrid_p0_aggressive_c6_003_pqc_client_6_client_err.txt
-rw-r--r-- 1 root     root        2587 may 16 18:06 hybrid_p0_aggressive_c6_003_pqc_client_6_client.txt
-rw-r--r-- 1 root     root          39 may 16 18:06 hybrid_p0_aggressive_c6_003_pqc_client_6_summary.txt
-rw-r--r-- 1 root     root         225 may 16 18:06 hybrid_p0_aggressive_c6_003_pqc_client_client_err.txt
-rw-r--r-- 1 root     root        5913 may 16 18:06 hybrid_p0_aggressive_c6_003_pqc_client_client.txt
-rw-r--r-- 1 root     root          37 may 16 18:06 hybrid_p0_aggressive_c6_003_pqc_client_summary.txt
=== resumen por cliente ===
[*] Perfil poisson_jitter: llegadas no sincronizadas con Poisson+jitter
[*] pqc_client <= plan: 1:0.007701
[*] pqc_client_2 <= plan: 2:0.007701
[*] pqc_client_3 <= plan: 3:0.007701
[*] pqc_client_4 <= plan: 4:0.007701
[*] pqc_client_5 <= plan: 5:0.007701
[*] pqc_client_6 <= plan: 6:0.007701
client=pqc_client total=1 ok=1 err=0
client=pqc_client_2 total=1 ok=1 err=0
client=pqc_client_3 total=1 ok=1 err=0
client=pqc_client_4 total=1 ok=1 err=0
client=pqc_client_5 total=1 ok=1 err=0
client=pqc_client_6 total=1 ok=1 err=0
[*] Resumen guardado en: results/hybrid_p0_aggressive_c6_003_resource_summary.txt
RUN_ID: hybrid_p0_aggressive_c6_003
CSV: results/hybrid_p0_aggressive_c6_003_docker_stats.csv

=== Resumen CPU% y MEM% (avg / max) por contenedor ===
pqc_client_2 -> CPU avg=0.00%, CPU max=0.00%, MEM avg=0.01%, MEM max=0.01%
pqc_client_3 -> CPU avg=0.00%, CPU max=0.00%, MEM avg=0.02%, MEM max=0.02%
pqc_monitor -> CPU avg=0.04%, CPU max=0.06%, MEM avg=0.09%, MEM max=0.09%
pqc_client_4 -> CPU avg=0.00%, CPU max=0.00%, MEM avg=0.01%, MEM max=0.01%
pqc_client_5 -> CPU avg=0.00%, CPU max=0.00%, MEM avg=0.01%, MEM max=0.01%
pqc_server -> CPU avg=0.00%, CPU max=0.00%, MEM avg=0.11%, MEM max=0.11%
pqc_client_6 -> CPU avg=3.81%, CPU max=11.44%, MEM avg=0.07%, MEM max=0.07%
pqc_client -> CPU avg=0.00%, CPU max=0.00%, MEM avg=0.04%, MEM max=0.04%
[2026-05-16 18:06:11] [*] Parando captura en pqc_monitor para hybrid_p0_aggressive_c6_003
[*] Métricas TXT guardadas en results/hybrid_p0_aggressive_c6_003_metrics.txt
[*] Métricas CSV guardadas en results/hybrid_p0_aggressive_c6_003_metrics.csv
[2026-05-16 18:06:33] === RUN END: hybrid_p0_aggressive_c6_003 ===

[2026-05-16 18:06:33] === RUN START: hybrid_p0_aggressive_c6_004 ===
[2026-05-16 18:06:33] [*] Arrancando captura en pqc_monitor (eth0) para hybrid_p0_aggressive_c6_004
[*] Guardando muestras en: results/hybrid_p0_aggressive_c6_004_docker_stats.csv
[*] Ejecutando comando medido: bash -lc ./scripts/run_client_once_rafaga_hibrido.sh hybrid_p0_aggressive_c6_004 6; sleep 3
[*] Ráfaga híbrida completada: 6 conexiones en 6 clientes (poisson_jitter)
=== host results ===
-rw-rw-r-- 1 cristian cristian    1350 may 16 18:06 hybrid_p0_aggressive_c6_004_client_err.txt
-rw-rw-r-- 1 cristian cristian     524 may 16 18:06 hybrid_p0_aggressive_c6_004_client.txt
-rw-rw-r-- 1 cristian cristian      69 may 16 18:06 hybrid_p0_aggressive_c6_004_docker_stats.csv
-rw-r--r-- 1 root     root         225 may 16 18:06 hybrid_p0_aggressive_c6_004_pqc_client_2_client_err.txt
-rw-r--r-- 1 root     root        2587 may 16 18:06 hybrid_p0_aggressive_c6_004_pqc_client_2_client.txt
-rw-r--r-- 1 root     root          39 may 16 18:06 hybrid_p0_aggressive_c6_004_pqc_client_2_summary.txt
-rw-r--r-- 1 root     root         225 may 16 18:06 hybrid_p0_aggressive_c6_004_pqc_client_3_client_err.txt
-rw-r--r-- 1 root     root        2587 may 16 18:06 hybrid_p0_aggressive_c6_004_pqc_client_3_client.txt
-rw-r--r-- 1 root     root          39 may 16 18:06 hybrid_p0_aggressive_c6_004_pqc_client_3_summary.txt
-rw-r--r-- 1 root     root         225 may 16 18:06 hybrid_p0_aggressive_c6_004_pqc_client_4_client_err.txt
-rw-r--r-- 1 root     root        2587 may 16 18:06 hybrid_p0_aggressive_c6_004_pqc_client_4_client.txt
-rw-r--r-- 1 root     root          39 may 16 18:06 hybrid_p0_aggressive_c6_004_pqc_client_4_summary.txt
-rw-r--r-- 1 root     root         225 may 16 18:06 hybrid_p0_aggressive_c6_004_pqc_client_5_client_err.txt
-rw-r--r-- 1 root     root        5913 may 16 18:06 hybrid_p0_aggressive_c6_004_pqc_client_5_client.txt
-rw-r--r-- 1 root     root          39 may 16 18:06 hybrid_p0_aggressive_c6_004_pqc_client_5_summary.txt
-rw-r--r-- 1 root     root         225 may 16 18:06 hybrid_p0_aggressive_c6_004_pqc_client_6_client_err.txt
-rw-r--r-- 1 root     root        2587 may 16 18:06 hybrid_p0_aggressive_c6_004_pqc_client_6_client.txt
-rw-r--r-- 1 root     root          39 may 16 18:06 hybrid_p0_aggressive_c6_004_pqc_client_6_summary.txt
-rw-r--r-- 1 root     root         225 may 16 18:06 hybrid_p0_aggressive_c6_004_pqc_client_client_err.txt
-rw-r--r-- 1 root     root        5913 may 16 18:06 hybrid_p0_aggressive_c6_004_pqc_client_client.txt
-rw-r--r-- 1 root     root          37 may 16 18:06 hybrid_p0_aggressive_c6_004_pqc_client_summary.txt
=== resumen por cliente ===
[*] Perfil poisson_jitter: llegadas no sincronizadas con Poisson+jitter
[*] pqc_client <= plan: 1:0.089838
[*] pqc_client_2 <= plan: 2:0.089838
[*] pqc_client_3 <= plan: 3:0.089838
[*] pqc_client_4 <= plan: 4:0.089838
[*] pqc_client_5 <= plan: 5:0.089838
[*] pqc_client_6 <= plan: 6:0.089838
client=pqc_client total=1 ok=1 err=0
client=pqc_client_2 total=1 ok=1 err=0
client=pqc_client_3 total=1 ok=1 err=0
client=pqc_client_4 total=1 ok=1 err=0
client=pqc_client_5 total=1 ok=1 err=0
client=pqc_client_6 total=1 ok=1 err=0
[*] Resumen guardado en: results/hybrid_p0_aggressive_c6_004_resource_summary.txt
RUN_ID: hybrid_p0_aggressive_c6_004
CSV: results/hybrid_p0_aggressive_c6_004_docker_stats.csv

=== Resumen CPU% y MEM% (avg / max) por contenedor ===
pqc_client_2 -> CPU avg=3.91%, CPU max=11.74%, MEM avg=0.01%, MEM max=0.01%
pqc_client_3 -> CPU avg=0.00%, CPU max=0.00%, MEM avg=0.02%, MEM max=0.02%
pqc_monitor -> CPU avg=0.04%, CPU max=0.08%, MEM avg=0.09%, MEM max=0.09%
pqc_client_4 -> CPU avg=0.00%, CPU max=0.00%, MEM avg=0.01%, MEM max=0.01%
pqc_client_5 -> CPU avg=0.00%, CPU max=0.00%, MEM avg=0.01%, MEM max=0.01%
pqc_server -> CPU avg=0.00%, CPU max=0.00%, MEM avg=0.11%, MEM max=0.11%
pqc_client_6 -> CPU avg=0.00%, CPU max=0.00%, MEM avg=0.07%, MEM max=0.07%
pqc_client -> CPU avg=0.00%, CPU max=0.00%, MEM avg=0.04%, MEM max=0.04%
[2026-05-16 18:06:46] [*] Parando captura en pqc_monitor para hybrid_p0_aggressive_c6_004
[*] Métricas TXT guardadas en results/hybrid_p0_aggressive_c6_004_metrics.txt
[*] Métricas CSV guardadas en results/hybrid_p0_aggressive_c6_004_metrics.csv
[2026-05-16 18:07:09] === RUN END: hybrid_p0_aggressive_c6_004 ===

[2026-05-16 18:07:09] === RUN START: hybrid_p0_aggressive_c6_005 ===
[2026-05-16 18:07:09] [*] Arrancando captura en pqc_monitor (eth0) para hybrid_p0_aggressive_c6_005
[*] Guardando muestras en: results/hybrid_p0_aggressive_c6_005_docker_stats.csv
[*] Ejecutando comando medido: bash -lc ./scripts/run_client_once_rafaga_hibrido.sh hybrid_p0_aggressive_c6_005 6; sleep 3
[*] Ráfaga híbrida completada: 6 conexiones en 6 clientes (poisson_jitter)
=== host results ===
-rw-rw-r-- 1 cristian cristian    1350 may 16 18:07 hybrid_p0_aggressive_c6_005_client_err.txt
-rw-rw-r-- 1 cristian cristian     524 may 16 18:07 hybrid_p0_aggressive_c6_005_client.txt
-rw-rw-r-- 1 cristian cristian      69 may 16 18:07 hybrid_p0_aggressive_c6_005_docker_stats.csv
-rw-r--r-- 1 root     root         225 may 16 18:07 hybrid_p0_aggressive_c6_005_pqc_client_2_client_err.txt
-rw-r--r-- 1 root     root        2587 may 16 18:07 hybrid_p0_aggressive_c6_005_pqc_client_2_client.txt
-rw-r--r-- 1 root     root          39 may 16 18:07 hybrid_p0_aggressive_c6_005_pqc_client_2_summary.txt
-rw-r--r-- 1 root     root         225 may 16 18:07 hybrid_p0_aggressive_c6_005_pqc_client_3_client_err.txt
-rw-r--r-- 1 root     root        2587 may 16 18:07 hybrid_p0_aggressive_c6_005_pqc_client_3_client.txt
-rw-r--r-- 1 root     root          39 may 16 18:07 hybrid_p0_aggressive_c6_005_pqc_client_3_summary.txt
-rw-r--r-- 1 root     root         225 may 16 18:07 hybrid_p0_aggressive_c6_005_pqc_client_4_client_err.txt
-rw-r--r-- 1 root     root        2587 may 16 18:07 hybrid_p0_aggressive_c6_005_pqc_client_4_client.txt
-rw-r--r-- 1 root     root          39 may 16 18:07 hybrid_p0_aggressive_c6_005_pqc_client_4_summary.txt
-rw-r--r-- 1 root     root         225 may 16 18:07 hybrid_p0_aggressive_c6_005_pqc_client_5_client_err.txt
-rw-r--r-- 1 root     root        2587 may 16 18:07 hybrid_p0_aggressive_c6_005_pqc_client_5_client.txt
-rw-r--r-- 1 root     root          39 may 16 18:07 hybrid_p0_aggressive_c6_005_pqc_client_5_summary.txt
-rw-r--r-- 1 root     root         225 may 16 18:07 hybrid_p0_aggressive_c6_005_pqc_client_6_client_err.txt
-rw-r--r-- 1 root     root        2587 may 16 18:07 hybrid_p0_aggressive_c6_005_pqc_client_6_client.txt
-rw-r--r-- 1 root     root          39 may 16 18:07 hybrid_p0_aggressive_c6_005_pqc_client_6_summary.txt
-rw-r--r-- 1 root     root         225 may 16 18:07 hybrid_p0_aggressive_c6_005_pqc_client_client_err.txt
-rw-r--r-- 1 root     root        2587 may 16 18:07 hybrid_p0_aggressive_c6_005_pqc_client_client.txt
-rw-r--r-- 1 root     root          37 may 16 18:07 hybrid_p0_aggressive_c6_005_pqc_client_summary.txt
=== resumen por cliente ===
[*] Perfil poisson_jitter: llegadas no sincronizadas con Poisson+jitter
[*] pqc_client <= plan: 1:0.000000
[*] pqc_client_2 <= plan: 2:0.000000
[*] pqc_client_3 <= plan: 3:0.000000
[*] pqc_client_4 <= plan: 4:0.000000
[*] pqc_client_5 <= plan: 5:0.000000
[*] pqc_client_6 <= plan: 6:0.000000
client=pqc_client total=1 ok=1 err=0
client=pqc_client_2 total=1 ok=1 err=0
client=pqc_client_3 total=1 ok=1 err=0
client=pqc_client_4 total=1 ok=1 err=0
client=pqc_client_5 total=1 ok=1 err=0
client=pqc_client_6 total=1 ok=1 err=0
[*] Resumen guardado en: results/hybrid_p0_aggressive_c6_005_resource_summary.txt
RUN_ID: hybrid_p0_aggressive_c6_005
CSV: results/hybrid_p0_aggressive_c6_005_docker_stats.csv

=== Resumen CPU% y MEM% (avg / max) por contenedor ===
pqc_client_2 -> CPU avg=0.00%, CPU max=0.00%, MEM avg=0.01%, MEM max=0.01%
pqc_client_3 -> CPU avg=0.00%, CPU max=0.00%, MEM avg=0.02%, MEM max=0.02%
pqc_monitor -> CPU avg=0.05%, CPU max=0.12%, MEM avg=0.09%, MEM max=0.09%
pqc_client_4 -> CPU avg=0.00%, CPU max=0.00%, MEM avg=0.01%, MEM max=0.01%
pqc_client_5 -> CPU avg=0.00%, CPU max=0.00%, MEM avg=0.01%, MEM max=0.01%
pqc_server -> CPU avg=0.00%, CPU max=0.00%, MEM avg=0.11%, MEM max=0.11%
pqc_client_6 -> CPU avg=0.00%, CPU max=0.00%, MEM avg=0.07%, MEM max=0.07%
pqc_client -> CPU avg=0.00%, CPU max=0.00%, MEM avg=0.04%, MEM max=0.04%
[2026-05-16 18:07:22] [*] Parando captura en pqc_monitor para hybrid_p0_aggressive_c6_005
[*] Métricas TXT guardadas en results/hybrid_p0_aggressive_c6_005_metrics.txt
[*] Métricas CSV guardadas en results/hybrid_p0_aggressive_c6_005_metrics.csv
[2026-05-16 18:07:43] === RUN END: hybrid_p0_aggressive_c6_005 ===

[2026-05-16 18:07:43] === RUN START: hybrid_p0_soft_c6_001 ===
[2026-05-16 18:07:44] [*] Arrancando captura en pqc_monitor (eth0) para hybrid_p0_soft_c6_001
[*] Guardando muestras en: results/hybrid_p0_soft_c6_001_docker_stats.csv
[*] Ejecutando comando medido: bash -lc ./scripts/run_client_once_rafaga_hibrido.sh hybrid_p0_soft_c6_001 6; sleep 3
[*] Ráfaga híbrida completada: 6 conexiones en 6 clientes (poisson_jitter)
=== host results ===
-rw-rw-r-- 1 cristian cristian    1350 may 16 18:07 hybrid_p0_soft_c6_001_client_err.txt
-rw-rw-r-- 1 cristian cristian     524 may 16 18:07 hybrid_p0_soft_c6_001_client.txt
-rw-rw-r-- 1 cristian cristian      69 may 16 18:07 hybrid_p0_soft_c6_001_docker_stats.csv
-rw-r--r-- 1 root     root         225 may 16 18:07 hybrid_p0_soft_c6_001_pqc_client_2_client_err.txt
-rw-r--r-- 1 root     root        5913 may 16 18:07 hybrid_p0_soft_c6_001_pqc_client_2_client.txt
-rw-r--r-- 1 root     root          39 may 16 18:07 hybrid_p0_soft_c6_001_pqc_client_2_summary.txt
-rw-r--r-- 1 root     root         225 may 16 18:07 hybrid_p0_soft_c6_001_pqc_client_3_client_err.txt
-rw-r--r-- 1 root     root        2587 may 16 18:07 hybrid_p0_soft_c6_001_pqc_client_3_client.txt
-rw-r--r-- 1 root     root          39 may 16 18:07 hybrid_p0_soft_c6_001_pqc_client_3_summary.txt
-rw-r--r-- 1 root     root         225 may 16 18:07 hybrid_p0_soft_c6_001_pqc_client_4_client_err.txt
-rw-r--r-- 1 root     root        2587 may 16 18:07 hybrid_p0_soft_c6_001_pqc_client_4_client.txt
-rw-r--r-- 1 root     root          39 may 16 18:07 hybrid_p0_soft_c6_001_pqc_client_4_summary.txt
-rw-r--r-- 1 root     root         225 may 16 18:07 hybrid_p0_soft_c6_001_pqc_client_5_client_err.txt
-rw-r--r-- 1 root     root        2587 may 16 18:07 hybrid_p0_soft_c6_001_pqc_client_5_client.txt
-rw-r--r-- 1 root     root          39 may 16 18:07 hybrid_p0_soft_c6_001_pqc_client_5_summary.txt
-rw-r--r-- 1 root     root         225 may 16 18:07 hybrid_p0_soft_c6_001_pqc_client_6_client_err.txt
-rw-r--r-- 1 root     root        2587 may 16 18:07 hybrid_p0_soft_c6_001_pqc_client_6_client.txt
-rw-r--r-- 1 root     root          39 may 16 18:07 hybrid_p0_soft_c6_001_pqc_client_6_summary.txt
-rw-r--r-- 1 root     root         225 may 16 18:07 hybrid_p0_soft_c6_001_pqc_client_client_err.txt
-rw-r--r-- 1 root     root        2587 may 16 18:07 hybrid_p0_soft_c6_001_pqc_client_client.txt
-rw-r--r-- 1 root     root          37 may 16 18:07 hybrid_p0_soft_c6_001_pqc_client_summary.txt
=== resumen por cliente ===
[*] Perfil poisson_jitter: llegadas no sincronizadas con Poisson+jitter
[*] pqc_client <= plan: 1:0.021548
[*] pqc_client_2 <= plan: 2:0.021548
[*] pqc_client_3 <= plan: 3:0.021548
[*] pqc_client_4 <= plan: 4:0.021548
[*] pqc_client_5 <= plan: 5:0.021548
[*] pqc_client_6 <= plan: 6:0.021548
client=pqc_client total=1 ok=1 err=0
client=pqc_client_2 total=1 ok=1 err=0
client=pqc_client_3 total=1 ok=1 err=0
client=pqc_client_4 total=1 ok=1 err=0
client=pqc_client_5 total=1 ok=1 err=0
client=pqc_client_6 total=1 ok=1 err=0
[*] Resumen guardado en: results/hybrid_p0_soft_c6_001_resource_summary.txt
RUN_ID: hybrid_p0_soft_c6_001
CSV: results/hybrid_p0_soft_c6_001_docker_stats.csv

=== Resumen CPU% y MEM% (avg / max) por contenedor ===
pqc_client_2 -> CPU avg=0.00%, CPU max=0.00%, MEM avg=0.01%, MEM max=0.01%
pqc_client_3 -> CPU avg=0.00%, CPU max=0.00%, MEM avg=0.02%, MEM max=0.02%
pqc_monitor -> CPU avg=0.09%, CPU max=0.11%, MEM avg=0.09%, MEM max=0.09%
pqc_client_4 -> CPU avg=0.00%, CPU max=0.00%, MEM avg=0.01%, MEM max=0.01%
pqc_client_5 -> CPU avg=0.00%, CPU max=0.00%, MEM avg=0.01%, MEM max=0.01%
pqc_server -> CPU avg=0.00%, CPU max=0.00%, MEM avg=0.11%, MEM max=0.11%
pqc_client_6 -> CPU avg=0.00%, CPU max=0.00%, MEM avg=0.07%, MEM max=0.07%
pqc_client -> CPU avg=5.57%, CPU max=11.14%, MEM avg=0.04%, MEM max=0.04%
[2026-05-16 18:07:53] [*] Parando captura en pqc_monitor para hybrid_p0_soft_c6_001
[*] Métricas TXT guardadas en results/hybrid_p0_soft_c6_001_metrics.txt
[*] Métricas CSV guardadas en results/hybrid_p0_soft_c6_001_metrics.csv
[2026-05-16 18:08:15] === RUN END: hybrid_p0_soft_c6_001 ===

[2026-05-16 18:08:15] === RUN START: hybrid_p0_soft_c6_002 ===
[2026-05-16 18:08:15] [*] Arrancando captura en pqc_monitor (eth0) para hybrid_p0_soft_c6_002
[*] Guardando muestras en: results/hybrid_p0_soft_c6_002_docker_stats.csv
[*] Ejecutando comando medido: bash -lc ./scripts/run_client_once_rafaga_hibrido.sh hybrid_p0_soft_c6_002 6; sleep 3
[*] Ráfaga híbrida completada: 6 conexiones en 6 clientes (poisson_jitter)
=== host results ===
-rw-rw-r-- 1 cristian cristian    1350 may 16 18:08 hybrid_p0_soft_c6_002_client_err.txt
-rw-rw-r-- 1 cristian cristian     524 may 16 18:08 hybrid_p0_soft_c6_002_client.txt
-rw-rw-r-- 1 cristian cristian      69 may 16 18:08 hybrid_p0_soft_c6_002_docker_stats.csv
-rw-r--r-- 1 root     root         225 may 16 18:08 hybrid_p0_soft_c6_002_pqc_client_2_client_err.txt
-rw-r--r-- 1 root     root        2587 may 16 18:08 hybrid_p0_soft_c6_002_pqc_client_2_client.txt
-rw-r--r-- 1 root     root          39 may 16 18:08 hybrid_p0_soft_c6_002_pqc_client_2_summary.txt
-rw-r--r-- 1 root     root         225 may 16 18:08 hybrid_p0_soft_c6_002_pqc_client_3_client_err.txt
-rw-r--r-- 1 root     root        2587 may 16 18:08 hybrid_p0_soft_c6_002_pqc_client_3_client.txt
-rw-r--r-- 1 root     root          39 may 16 18:08 hybrid_p0_soft_c6_002_pqc_client_3_summary.txt
-rw-r--r-- 1 root     root         225 may 16 18:08 hybrid_p0_soft_c6_002_pqc_client_4_client_err.txt
-rw-r--r-- 1 root     root        2587 may 16 18:08 hybrid_p0_soft_c6_002_pqc_client_4_client.txt
-rw-r--r-- 1 root     root          39 may 16 18:08 hybrid_p0_soft_c6_002_pqc_client_4_summary.txt
-rw-r--r-- 1 root     root         225 may 16 18:08 hybrid_p0_soft_c6_002_pqc_client_5_client_err.txt
-rw-r--r-- 1 root     root        2587 may 16 18:08 hybrid_p0_soft_c6_002_pqc_client_5_client.txt
-rw-r--r-- 1 root     root          39 may 16 18:08 hybrid_p0_soft_c6_002_pqc_client_5_summary.txt
-rw-r--r-- 1 root     root         225 may 16 18:08 hybrid_p0_soft_c6_002_pqc_client_6_client_err.txt
-rw-r--r-- 1 root     root        5913 may 16 18:08 hybrid_p0_soft_c6_002_pqc_client_6_client.txt
-rw-r--r-- 1 root     root          39 may 16 18:08 hybrid_p0_soft_c6_002_pqc_client_6_summary.txt
-rw-r--r-- 1 root     root         225 may 16 18:08 hybrid_p0_soft_c6_002_pqc_client_client_err.txt
-rw-r--r-- 1 root     root        5913 may 16 18:08 hybrid_p0_soft_c6_002_pqc_client_client.txt
-rw-r--r-- 1 root     root          37 may 16 18:08 hybrid_p0_soft_c6_002_pqc_client_summary.txt
=== resumen por cliente ===
[*] Perfil poisson_jitter: llegadas no sincronizadas con Poisson+jitter
[*] pqc_client <= plan: 1:0.069732
[*] pqc_client_2 <= plan: 2:0.069732
[*] pqc_client_3 <= plan: 3:0.069732
[*] pqc_client_4 <= plan: 4:0.069732
[*] pqc_client_5 <= plan: 5:0.069732
[*] pqc_client_6 <= plan: 6:0.069732
client=pqc_client total=1 ok=1 err=0
client=pqc_client_2 total=1 ok=1 err=0
client=pqc_client_3 total=1 ok=1 err=0
client=pqc_client_4 total=1 ok=1 err=0
client=pqc_client_5 total=1 ok=1 err=0
client=pqc_client_6 total=1 ok=1 err=0
[*] Resumen guardado en: results/hybrid_p0_soft_c6_002_resource_summary.txt
RUN_ID: hybrid_p0_soft_c6_002
CSV: results/hybrid_p0_soft_c6_002_docker_stats.csv

=== Resumen CPU% y MEM% (avg / max) por contenedor ===
pqc_client_2 -> CPU avg=0.00%, CPU max=0.00%, MEM avg=0.01%, MEM max=0.01%
pqc_client_3 -> CPU avg=0.00%, CPU max=0.00%, MEM avg=0.02%, MEM max=0.02%
pqc_monitor -> CPU avg=0.09%, CPU max=0.11%, MEM avg=0.09%, MEM max=0.09%
pqc_client_4 -> CPU avg=0.00%, CPU max=0.00%, MEM avg=0.01%, MEM max=0.01%
pqc_client_5 -> CPU avg=0.00%, CPU max=0.00%, MEM avg=0.01%, MEM max=0.01%
pqc_server -> CPU avg=0.00%, CPU max=0.00%, MEM avg=0.11%, MEM max=0.11%
pqc_client_6 -> CPU avg=0.00%, CPU max=0.00%, MEM avg=0.07%, MEM max=0.07%
pqc_client -> CPU avg=0.00%, CPU max=0.00%, MEM avg=0.04%, MEM max=0.04%
[2026-05-16 18:08:28] [*] Parando captura en pqc_monitor para hybrid_p0_soft_c6_002
[*] Métricas TXT guardadas en results/hybrid_p0_soft_c6_002_metrics.txt
[*] Métricas CSV guardadas en results/hybrid_p0_soft_c6_002_metrics.csv
[2026-05-16 18:08:47] === RUN END: hybrid_p0_soft_c6_002 ===

[2026-05-16 18:08:47] === RUN START: hybrid_p0_soft_c6_003 ===
[2026-05-16 18:08:47] [*] Arrancando captura en pqc_monitor (eth0) para hybrid_p0_soft_c6_003
[*] Guardando muestras en: results/hybrid_p0_soft_c6_003_docker_stats.csv
[*] Ejecutando comando medido: bash -lc ./scripts/run_client_once_rafaga_hibrido.sh hybrid_p0_soft_c6_003 6; sleep 3
[*] Ráfaga híbrida completada: 6 conexiones en 6 clientes (poisson_jitter)
=== host results ===
-rw-rw-r-- 1 cristian cristian    1350 may 16 18:08 hybrid_p0_soft_c6_003_client_err.txt
-rw-rw-r-- 1 cristian cristian     524 may 16 18:08 hybrid_p0_soft_c6_003_client.txt
-rw-rw-r-- 1 cristian cristian      69 may 16 18:08 hybrid_p0_soft_c6_003_docker_stats.csv
-rw-r--r-- 1 root     root         225 may 16 18:08 hybrid_p0_soft_c6_003_pqc_client_2_client_err.txt
-rw-r--r-- 1 root     root        2587 may 16 18:08 hybrid_p0_soft_c6_003_pqc_client_2_client.txt
-rw-r--r-- 1 root     root          39 may 16 18:08 hybrid_p0_soft_c6_003_pqc_client_2_summary.txt
-rw-r--r-- 1 root     root         225 may 16 18:08 hybrid_p0_soft_c6_003_pqc_client_3_client_err.txt
-rw-r--r-- 1 root     root        2587 may 16 18:08 hybrid_p0_soft_c6_003_pqc_client_3_client.txt
-rw-r--r-- 1 root     root          39 may 16 18:08 hybrid_p0_soft_c6_003_pqc_client_3_summary.txt
-rw-r--r-- 1 root     root         225 may 16 18:08 hybrid_p0_soft_c6_003_pqc_client_4_client_err.txt
-rw-r--r-- 1 root     root        4250 may 16 18:08 hybrid_p0_soft_c6_003_pqc_client_4_client.txt
-rw-r--r-- 1 root     root          39 may 16 18:08 hybrid_p0_soft_c6_003_pqc_client_4_summary.txt
-rw-r--r-- 1 root     root         225 may 16 18:08 hybrid_p0_soft_c6_003_pqc_client_5_client_err.txt
-rw-r--r-- 1 root     root        2587 may 16 18:08 hybrid_p0_soft_c6_003_pqc_client_5_client.txt
-rw-r--r-- 1 root     root          39 may 16 18:08 hybrid_p0_soft_c6_003_pqc_client_5_summary.txt
-rw-r--r-- 1 root     root         225 may 16 18:08 hybrid_p0_soft_c6_003_pqc_client_6_client_err.txt
-rw-r--r-- 1 root     root        2587 may 16 18:08 hybrid_p0_soft_c6_003_pqc_client_6_client.txt
-rw-r--r-- 1 root     root          39 may 16 18:08 hybrid_p0_soft_c6_003_pqc_client_6_summary.txt
-rw-r--r-- 1 root     root         225 may 16 18:08 hybrid_p0_soft_c6_003_pqc_client_client_err.txt
-rw-r--r-- 1 root     root        2587 may 16 18:08 hybrid_p0_soft_c6_003_pqc_client_client.txt
-rw-r--r-- 1 root     root          37 may 16 18:08 hybrid_p0_soft_c6_003_pqc_client_summary.txt
=== resumen por cliente ===
[*] Perfil poisson_jitter: llegadas no sincronizadas con Poisson+jitter
[*] pqc_client <= plan: 1:0.184980
[*] pqc_client_2 <= plan: 2:0.184980
[*] pqc_client_3 <= plan: 3:0.184980
[*] pqc_client_4 <= plan: 4:0.184980
[*] pqc_client_5 <= plan: 5:0.184980
[*] pqc_client_6 <= plan: 6:0.184980
client=pqc_client total=1 ok=1 err=0
client=pqc_client_2 total=1 ok=1 err=0
client=pqc_client_3 total=1 ok=1 err=0
client=pqc_client_4 total=1 ok=1 err=0
client=pqc_client_5 total=1 ok=1 err=0
client=pqc_client_6 total=1 ok=1 err=0
[*] Resumen guardado en: results/hybrid_p0_soft_c6_003_resource_summary.txt
RUN_ID: hybrid_p0_soft_c6_003
CSV: results/hybrid_p0_soft_c6_003_docker_stats.csv

=== Resumen CPU% y MEM% (avg / max) por contenedor ===
pqc_client_2 -> CPU avg=0.00%, CPU max=0.00%, MEM avg=0.01%, MEM max=0.01%
pqc_client_3 -> CPU avg=0.00%, CPU max=0.00%, MEM avg=0.02%, MEM max=0.02%
pqc_monitor -> CPU avg=0.18%, CPU max=0.26%, MEM avg=0.09%, MEM max=0.09%
pqc_client_4 -> CPU avg=0.00%, CPU max=0.00%, MEM avg=0.01%, MEM max=0.01%
pqc_client_5 -> CPU avg=0.00%, CPU max=0.00%, MEM avg=0.01%, MEM max=0.01%
pqc_server -> CPU avg=0.00%, CPU max=0.00%, MEM avg=0.11%, MEM max=0.11%
pqc_client_6 -> CPU avg=0.00%, CPU max=0.00%, MEM avg=0.07%, MEM max=0.07%
pqc_client -> CPU avg=0.00%, CPU max=0.00%, MEM avg=0.04%, MEM max=0.04%
[2026-05-16 18:09:00] [*] Parando captura en pqc_monitor para hybrid_p0_soft_c6_003
[*] Métricas TXT guardadas en results/hybrid_p0_soft_c6_003_metrics.txt
[*] Métricas CSV guardadas en results/hybrid_p0_soft_c6_003_metrics.csv
[2026-05-16 18:09:22] === RUN END: hybrid_p0_soft_c6_003 ===

[2026-05-16 18:09:22] === RUN START: hybrid_p0_soft_c6_004 ===
[2026-05-16 18:09:22] [*] Arrancando captura en pqc_monitor (eth0) para hybrid_p0_soft_c6_004
[*] Guardando muestras en: results/hybrid_p0_soft_c6_004_docker_stats.csv
[*] Ejecutando comando medido: bash -lc ./scripts/run_client_once_rafaga_hibrido.sh hybrid_p0_soft_c6_004 6; sleep 3
[*] Ráfaga híbrida completada: 6 conexiones en 6 clientes (poisson_jitter)
=== host results ===
-rw-rw-r-- 1 cristian cristian    1350 may 16 18:09 hybrid_p0_soft_c6_004_client_err.txt
-rw-rw-r-- 1 cristian cristian     524 may 16 18:09 hybrid_p0_soft_c6_004_client.txt
-rw-rw-r-- 1 cristian cristian      69 may 16 18:09 hybrid_p0_soft_c6_004_docker_stats.csv
-rw-r--r-- 1 root     root         225 may 16 18:09 hybrid_p0_soft_c6_004_pqc_client_2_client_err.txt
-rw-r--r-- 1 root     root        2587 may 16 18:09 hybrid_p0_soft_c6_004_pqc_client_2_client.txt
-rw-r--r-- 1 root     root          39 may 16 18:09 hybrid_p0_soft_c6_004_pqc_client_2_summary.txt
-rw-r--r-- 1 root     root         225 may 16 18:09 hybrid_p0_soft_c6_004_pqc_client_3_client_err.txt
-rw-r--r-- 1 root     root        5913 may 16 18:09 hybrid_p0_soft_c6_004_pqc_client_3_client.txt
-rw-r--r-- 1 root     root          39 may 16 18:09 hybrid_p0_soft_c6_004_pqc_client_3_summary.txt
-rw-r--r-- 1 root     root         225 may 16 18:09 hybrid_p0_soft_c6_004_pqc_client_4_client_err.txt
-rw-r--r-- 1 root     root        5913 may 16 18:09 hybrid_p0_soft_c6_004_pqc_client_4_client.txt
-rw-r--r-- 1 root     root          39 may 16 18:09 hybrid_p0_soft_c6_004_pqc_client_4_summary.txt
-rw-r--r-- 1 root     root         225 may 16 18:09 hybrid_p0_soft_c6_004_pqc_client_5_client_err.txt
-rw-r--r-- 1 root     root        5913 may 16 18:09 hybrid_p0_soft_c6_004_pqc_client_5_client.txt
-rw-r--r-- 1 root     root          39 may 16 18:09 hybrid_p0_soft_c6_004_pqc_client_5_summary.txt
-rw-r--r-- 1 root     root         225 may 16 18:09 hybrid_p0_soft_c6_004_pqc_client_6_client_err.txt
-rw-r--r-- 1 root     root        2587 may 16 18:09 hybrid_p0_soft_c6_004_pqc_client_6_client.txt
-rw-r--r-- 1 root     root          39 may 16 18:09 hybrid_p0_soft_c6_004_pqc_client_6_summary.txt
-rw-r--r-- 1 root     root         225 may 16 18:09 hybrid_p0_soft_c6_004_pqc_client_client_err.txt
-rw-r--r-- 1 root     root        5913 may 16 18:09 hybrid_p0_soft_c6_004_pqc_client_client.txt
-rw-r--r-- 1 root     root          37 may 16 18:09 hybrid_p0_soft_c6_004_pqc_client_summary.txt
=== resumen por cliente ===
[*] Perfil poisson_jitter: llegadas no sincronizadas con Poisson+jitter
[*] pqc_client <= plan: 1:0.000000
[*] pqc_client_2 <= plan: 2:0.000000
[*] pqc_client_3 <= plan: 3:0.000000
[*] pqc_client_4 <= plan: 4:0.000000
[*] pqc_client_5 <= plan: 5:0.000000
[*] pqc_client_6 <= plan: 6:0.000000
client=pqc_client total=1 ok=1 err=0
client=pqc_client_2 total=1 ok=1 err=0
client=pqc_client_3 total=1 ok=1 err=0
client=pqc_client_4 total=1 ok=1 err=0
client=pqc_client_5 total=1 ok=1 err=0
client=pqc_client_6 total=1 ok=1 err=0
[*] Resumen guardado en: results/hybrid_p0_soft_c6_004_resource_summary.txt
RUN_ID: hybrid_p0_soft_c6_004
CSV: results/hybrid_p0_soft_c6_004_docker_stats.csv

=== Resumen CPU% y MEM% (avg / max) por contenedor ===
pqc_client_2 -> CPU avg=0.00%, CPU max=0.00%, MEM avg=0.01%, MEM max=0.01%
pqc_client_3 -> CPU avg=0.00%, CPU max=0.00%, MEM avg=0.02%, MEM max=0.02%
pqc_monitor -> CPU avg=0.10%, CPU max=0.13%, MEM avg=0.09%, MEM max=0.09%
pqc_client_4 -> CPU avg=0.00%, CPU max=0.00%, MEM avg=0.01%, MEM max=0.01%
pqc_client_5 -> CPU avg=0.00%, CPU max=0.00%, MEM avg=0.01%, MEM max=0.01%
pqc_server -> CPU avg=0.00%, CPU max=0.00%, MEM avg=0.11%, MEM max=0.11%
pqc_client_6 -> CPU avg=0.00%, CPU max=0.00%, MEM avg=0.07%, MEM max=0.07%
pqc_client -> CPU avg=0.00%, CPU max=0.00%, MEM avg=0.04%, MEM max=0.04%
[2026-05-16 18:09:35] [*] Parando captura en pqc_monitor para hybrid_p0_soft_c6_004
[*] Métricas TXT guardadas en results/hybrid_p0_soft_c6_004_metrics.txt
[*] Métricas CSV guardadas en results/hybrid_p0_soft_c6_004_metrics.csv
[2026-05-16 18:09:54] === RUN END: hybrid_p0_soft_c6_004 ===

[2026-05-16 18:09:54] === RUN START: hybrid_p0_soft_c6_005 ===
[2026-05-16 18:09:54] [*] Arrancando captura en pqc_monitor (eth0) para hybrid_p0_soft_c6_005
[*] Guardando muestras en: results/hybrid_p0_soft_c6_005_docker_stats.csv
[*] Ejecutando comando medido: bash -lc ./scripts/run_client_once_rafaga_hibrido.sh hybrid_p0_soft_c6_005 6; sleep 3
[*] Ráfaga híbrida completada: 6 conexiones en 6 clientes (poisson_jitter)
=== host results ===
-rw-rw-r-- 1 cristian cristian    1350 may 16 18:09 hybrid_p0_soft_c6_005_client_err.txt
-rw-rw-r-- 1 cristian cristian     524 may 16 18:09 hybrid_p0_soft_c6_005_client.txt
-rw-rw-r-- 1 cristian cristian      69 may 16 18:09 hybrid_p0_soft_c6_005_docker_stats.csv
-rw-r--r-- 1 root     root         225 may 16 18:09 hybrid_p0_soft_c6_005_pqc_client_2_client_err.txt
-rw-r--r-- 1 root     root        2587 may 16 18:09 hybrid_p0_soft_c6_005_pqc_client_2_client.txt
-rw-r--r-- 1 root     root          39 may 16 18:09 hybrid_p0_soft_c6_005_pqc_client_2_summary.txt
-rw-r--r-- 1 root     root         225 may 16 18:09 hybrid_p0_soft_c6_005_pqc_client_3_client_err.txt
-rw-r--r-- 1 root     root        2587 may 16 18:09 hybrid_p0_soft_c6_005_pqc_client_3_client.txt
-rw-r--r-- 1 root     root          39 may 16 18:09 hybrid_p0_soft_c6_005_pqc_client_3_summary.txt
-rw-r--r-- 1 root     root         225 may 16 18:09 hybrid_p0_soft_c6_005_pqc_client_4_client_err.txt
-rw-r--r-- 1 root     root        2587 may 16 18:09 hybrid_p0_soft_c6_005_pqc_client_4_client.txt
-rw-r--r-- 1 root     root          39 may 16 18:09 hybrid_p0_soft_c6_005_pqc_client_4_summary.txt
-rw-r--r-- 1 root     root         225 may 16 18:09 hybrid_p0_soft_c6_005_pqc_client_5_client_err.txt
-rw-r--r-- 1 root     root        2587 may 16 18:09 hybrid_p0_soft_c6_005_pqc_client_5_client.txt
-rw-r--r-- 1 root     root          39 may 16 18:09 hybrid_p0_soft_c6_005_pqc_client_5_summary.txt
-rw-r--r-- 1 root     root         225 may 16 18:09 hybrid_p0_soft_c6_005_pqc_client_6_client_err.txt
-rw-r--r-- 1 root     root        2587 may 16 18:09 hybrid_p0_soft_c6_005_pqc_client_6_client.txt
-rw-r--r-- 1 root     root          39 may 16 18:09 hybrid_p0_soft_c6_005_pqc_client_6_summary.txt
-rw-r--r-- 1 root     root         225 may 16 18:09 hybrid_p0_soft_c6_005_pqc_client_client_err.txt
-rw-r--r-- 1 root     root        5913 may 16 18:09 hybrid_p0_soft_c6_005_pqc_client_client.txt
-rw-r--r-- 1 root     root          37 may 16 18:09 hybrid_p0_soft_c6_005_pqc_client_summary.txt
=== resumen por cliente ===
[*] Perfil poisson_jitter: llegadas no sincronizadas con Poisson+jitter
[*] pqc_client <= plan: 1:0.084690
[*] pqc_client_2 <= plan: 2:0.084690
[*] pqc_client_3 <= plan: 3:0.084690
[*] pqc_client_4 <= plan: 4:0.084690
[*] pqc_client_5 <= plan: 5:0.084690
[*] pqc_client_6 <= plan: 6:0.084690
client=pqc_client total=1 ok=1 err=0
client=pqc_client_2 total=1 ok=1 err=0
client=pqc_client_3 total=1 ok=1 err=0
client=pqc_client_4 total=1 ok=1 err=0
client=pqc_client_5 total=1 ok=1 err=0
client=pqc_client_6 total=1 ok=1 err=0
[*] Resumen guardado en: results/hybrid_p0_soft_c6_005_resource_summary.txt
RUN_ID: hybrid_p0_soft_c6_005
CSV: results/hybrid_p0_soft_c6_005_docker_stats.csv

=== Resumen CPU% y MEM% (avg / max) por contenedor ===
pqc_client_2 -> CPU avg=0.00%, CPU max=0.00%, MEM avg=0.01%, MEM max=0.01%
pqc_client_3 -> CPU avg=0.00%, CPU max=0.00%, MEM avg=0.02%, MEM max=0.02%
pqc_monitor -> CPU avg=0.11%, CPU max=0.13%, MEM avg=0.09%, MEM max=0.09%
pqc_client_4 -> CPU avg=0.00%, CPU max=0.00%, MEM avg=0.01%, MEM max=0.01%
pqc_client_5 -> CPU avg=0.00%, CPU max=0.00%, MEM avg=0.01%, MEM max=0.01%
pqc_server -> CPU avg=0.00%, CPU max=0.00%, MEM avg=0.11%, MEM max=0.11%
pqc_client_6 -> CPU avg=0.00%, CPU max=0.00%, MEM avg=0.07%, MEM max=0.07%
pqc_client -> CPU avg=0.00%, CPU max=0.00%, MEM avg=0.04%, MEM max=0.04%
[2026-05-16 18:10:07] [*] Parando captura en pqc_monitor para hybrid_p0_soft_c6_005
[*] Métricas TXT guardadas en results/hybrid_p0_soft_c6_005_metrics.txt
[*] Métricas CSV guardadas en results/hybrid_p0_soft_c6_005_metrics.csv
[2026-05-16 18:10:26] === RUN END: hybrid_p0_soft_c6_005 ===

[2026-05-16 18:10:26] === RUN START: hybrid_p0_stress_c6_001 ===
[2026-05-16 18:10:26] [*] Arrancando captura en pqc_monitor (eth0) para hybrid_p0_stress_c6_001
[*] Guardando muestras en: results/hybrid_p0_stress_c6_001_docker_stats.csv
[*] Ejecutando comando medido: bash -lc ./scripts/run_client_once_rafaga_hibrido.sh hybrid_p0_stress_c6_001 6; sleep 3
[*] Ráfaga híbrida completada: 6 conexiones en 6 clientes (stress)
=== host results ===
-rw-rw-r-- 1 cristian cristian    1350 may 16 18:10 hybrid_p0_stress_c6_001_client_err.txt
-rw-rw-r-- 1 cristian cristian     473 may 16 18:10 hybrid_p0_stress_c6_001_client.txt
-rw-rw-r-- 1 cristian cristian      69 may 16 18:10 hybrid_p0_stress_c6_001_docker_stats.csv
-rw-r--r-- 1 root     root         225 may 16 18:10 hybrid_p0_stress_c6_001_pqc_client_2_client_err.txt
-rw-r--r-- 1 root     root        2587 may 16 18:10 hybrid_p0_stress_c6_001_pqc_client_2_client.txt
-rw-r--r-- 1 root     root          39 may 16 18:10 hybrid_p0_stress_c6_001_pqc_client_2_summary.txt
-rw-r--r-- 1 root     root         225 may 16 18:10 hybrid_p0_stress_c6_001_pqc_client_3_client_err.txt
-rw-r--r-- 1 root     root        5913 may 16 18:10 hybrid_p0_stress_c6_001_pqc_client_3_client.txt
-rw-r--r-- 1 root     root          39 may 16 18:10 hybrid_p0_stress_c6_001_pqc_client_3_summary.txt
-rw-r--r-- 1 root     root         225 may 16 18:10 hybrid_p0_stress_c6_001_pqc_client_4_client_err.txt
-rw-r--r-- 1 root     root        2587 may 16 18:10 hybrid_p0_stress_c6_001_pqc_client_4_client.txt
-rw-r--r-- 1 root     root          39 may 16 18:10 hybrid_p0_stress_c6_001_pqc_client_4_summary.txt
-rw-r--r-- 1 root     root         225 may 16 18:10 hybrid_p0_stress_c6_001_pqc_client_5_client_err.txt
-rw-r--r-- 1 root     root        2587 may 16 18:10 hybrid_p0_stress_c6_001_pqc_client_5_client.txt
-rw-r--r-- 1 root     root          39 may 16 18:10 hybrid_p0_stress_c6_001_pqc_client_5_summary.txt
-rw-r--r-- 1 root     root         225 may 16 18:10 hybrid_p0_stress_c6_001_pqc_client_6_client_err.txt
-rw-r--r-- 1 root     root        2587 may 16 18:10 hybrid_p0_stress_c6_001_pqc_client_6_client.txt
-rw-r--r-- 1 root     root          39 may 16 18:10 hybrid_p0_stress_c6_001_pqc_client_6_summary.txt
-rw-r--r-- 1 root     root         225 may 16 18:10 hybrid_p0_stress_c6_001_pqc_client_client_err.txt
-rw-r--r-- 1 root     root        2587 may 16 18:10 hybrid_p0_stress_c6_001_pqc_client_client.txt
-rw-r--r-- 1 root     root          37 may 16 18:10 hybrid_p0_stress_c6_001_pqc_client_summary.txt
=== resumen por cliente ===
[*] Perfil stress: conexiones totalmente paralelas por cliente
[*] pqc_client <= plan: 1:0
[*] pqc_client_2 <= plan: 2:0
[*] pqc_client_3 <= plan: 3:0
[*] pqc_client_4 <= plan: 4:0
[*] pqc_client_5 <= plan: 5:0
[*] pqc_client_6 <= plan: 6:0
client=pqc_client total=1 ok=1 err=0
client=pqc_client_2 total=1 ok=1 err=0
client=pqc_client_3 total=1 ok=1 err=0
client=pqc_client_4 total=1 ok=1 err=0
client=pqc_client_5 total=1 ok=1 err=0
client=pqc_client_6 total=1 ok=1 err=0
[*] Resumen guardado en: results/hybrid_p0_stress_c6_001_resource_summary.txt
RUN_ID: hybrid_p0_stress_c6_001
CSV: results/hybrid_p0_stress_c6_001_docker_stats.csv

=== Resumen CPU% y MEM% (avg / max) por contenedor ===
pqc_client_2 -> CPU avg=0.00%, CPU max=0.00%, MEM avg=0.02%, MEM max=0.02%
pqc_client_3 -> CPU avg=0.00%, CPU max=0.00%, MEM avg=0.02%, MEM max=0.02%
pqc_monitor -> CPU avg=0.05%, CPU max=0.06%, MEM avg=0.09%, MEM max=0.09%
pqc_client_4 -> CPU avg=0.00%, CPU max=0.00%, MEM avg=0.01%, MEM max=0.01%
pqc_client_5 -> CPU avg=0.00%, CPU max=0.00%, MEM avg=0.01%, MEM max=0.01%
pqc_server -> CPU avg=0.00%, CPU max=0.00%, MEM avg=0.11%, MEM max=0.11%
pqc_client_6 -> CPU avg=0.00%, CPU max=0.00%, MEM avg=0.07%, MEM max=0.07%
pqc_client -> CPU avg=4.14%, CPU max=12.42%, MEM avg=0.04%, MEM max=0.04%
[2026-05-16 18:10:39] [*] Parando captura en pqc_monitor para hybrid_p0_stress_c6_001
[*] Métricas TXT guardadas en results/hybrid_p0_stress_c6_001_metrics.txt
[*] Métricas CSV guardadas en results/hybrid_p0_stress_c6_001_metrics.csv
[2026-05-16 18:10:58] === RUN END: hybrid_p0_stress_c6_001 ===

[2026-05-16 18:10:58] === RUN START: hybrid_p0_stress_c6_002 ===
[2026-05-16 18:10:58] [*] Arrancando captura en pqc_monitor (eth0) para hybrid_p0_stress_c6_002
[*] Guardando muestras en: results/hybrid_p0_stress_c6_002_docker_stats.csv
[*] Ejecutando comando medido: bash -lc ./scripts/run_client_once_rafaga_hibrido.sh hybrid_p0_stress_c6_002 6; sleep 3
[*] Ráfaga híbrida completada: 6 conexiones en 6 clientes (stress)
=== host results ===
-rw-rw-r-- 1 cristian cristian    1350 may 16 18:11 hybrid_p0_stress_c6_002_client_err.txt
-rw-rw-r-- 1 cristian cristian     473 may 16 18:11 hybrid_p0_stress_c6_002_client.txt
-rw-rw-r-- 1 cristian cristian      69 may 16 18:11 hybrid_p0_stress_c6_002_docker_stats.csv
-rw-r--r-- 1 root     root         225 may 16 18:11 hybrid_p0_stress_c6_002_pqc_client_2_client_err.txt
-rw-r--r-- 1 root     root        2587 may 16 18:11 hybrid_p0_stress_c6_002_pqc_client_2_client.txt
-rw-r--r-- 1 root     root          39 may 16 18:11 hybrid_p0_stress_c6_002_pqc_client_2_summary.txt
-rw-r--r-- 1 root     root         225 may 16 18:11 hybrid_p0_stress_c6_002_pqc_client_3_client_err.txt
-rw-r--r-- 1 root     root        5913 may 16 18:11 hybrid_p0_stress_c6_002_pqc_client_3_client.txt
-rw-r--r-- 1 root     root          39 may 16 18:11 hybrid_p0_stress_c6_002_pqc_client_3_summary.txt
-rw-r--r-- 1 root     root         225 may 16 18:11 hybrid_p0_stress_c6_002_pqc_client_4_client_err.txt
-rw-r--r-- 1 root     root        2587 may 16 18:11 hybrid_p0_stress_c6_002_pqc_client_4_client.txt
-rw-r--r-- 1 root     root          39 may 16 18:11 hybrid_p0_stress_c6_002_pqc_client_4_summary.txt
-rw-r--r-- 1 root     root         225 may 16 18:11 hybrid_p0_stress_c6_002_pqc_client_5_client_err.txt
-rw-r--r-- 1 root     root        2587 may 16 18:11 hybrid_p0_stress_c6_002_pqc_client_5_client.txt
-rw-r--r-- 1 root     root          39 may 16 18:11 hybrid_p0_stress_c6_002_pqc_client_5_summary.txt
-rw-r--r-- 1 root     root         225 may 16 18:11 hybrid_p0_stress_c6_002_pqc_client_6_client_err.txt
-rw-r--r-- 1 root     root        5913 may 16 18:11 hybrid_p0_stress_c6_002_pqc_client_6_client.txt
-rw-r--r-- 1 root     root          39 may 16 18:11 hybrid_p0_stress_c6_002_pqc_client_6_summary.txt
-rw-r--r-- 1 root     root         225 may 16 18:11 hybrid_p0_stress_c6_002_pqc_client_client_err.txt
-rw-r--r-- 1 root     root        5913 may 16 18:11 hybrid_p0_stress_c6_002_pqc_client_client.txt
-rw-r--r-- 1 root     root          37 may 16 18:11 hybrid_p0_stress_c6_002_pqc_client_summary.txt
=== resumen por cliente ===
[*] Perfil stress: conexiones totalmente paralelas por cliente
[*] pqc_client <= plan: 1:0
[*] pqc_client_2 <= plan: 2:0
[*] pqc_client_3 <= plan: 3:0
[*] pqc_client_4 <= plan: 4:0
[*] pqc_client_5 <= plan: 5:0
[*] pqc_client_6 <= plan: 6:0
client=pqc_client total=1 ok=1 err=0
client=pqc_client_2 total=1 ok=1 err=0
client=pqc_client_3 total=1 ok=1 err=0
client=pqc_client_4 total=1 ok=1 err=0
client=pqc_client_5 total=1 ok=1 err=0
client=pqc_client_6 total=1 ok=1 err=0
[*] Resumen guardado en: results/hybrid_p0_stress_c6_002_resource_summary.txt
RUN_ID: hybrid_p0_stress_c6_002
CSV: results/hybrid_p0_stress_c6_002_docker_stats.csv

=== Resumen CPU% y MEM% (avg / max) por contenedor ===
pqc_client_2 -> CPU avg=0.00%, CPU max=0.00%, MEM avg=0.02%, MEM max=0.02%
pqc_client_3 -> CPU avg=0.00%, CPU max=0.00%, MEM avg=0.02%, MEM max=0.02%
pqc_monitor -> CPU avg=0.14%, CPU max=0.21%, MEM avg=0.09%, MEM max=0.09%
pqc_client_4 -> CPU avg=0.00%, CPU max=0.00%, MEM avg=0.01%, MEM max=0.01%
pqc_client_5 -> CPU avg=0.00%, CPU max=0.00%, MEM avg=0.01%, MEM max=0.01%
pqc_server -> CPU avg=0.00%, CPU max=0.00%, MEM avg=0.11%, MEM max=0.11%
pqc_client_6 -> CPU avg=0.00%, CPU max=0.00%, MEM avg=0.07%, MEM max=0.07%
pqc_client -> CPU avg=0.00%, CPU max=0.00%, MEM avg=0.04%, MEM max=0.04%
[2026-05-16 18:11:11] [*] Parando captura en pqc_monitor para hybrid_p0_stress_c6_002
[*] Métricas TXT guardadas en results/hybrid_p0_stress_c6_002_metrics.txt
[*] Métricas CSV guardadas en results/hybrid_p0_stress_c6_002_metrics.csv
[2026-05-16 18:11:34] === RUN END: hybrid_p0_stress_c6_002 ===

[2026-05-16 18:11:34] === RUN START: hybrid_p0_stress_c6_003 ===
[2026-05-16 18:11:34] [*] Arrancando captura en pqc_monitor (eth0) para hybrid_p0_stress_c6_003
[*] Guardando muestras en: results/hybrid_p0_stress_c6_003_docker_stats.csv
[*] Ejecutando comando medido: bash -lc ./scripts/run_client_once_rafaga_hibrido.sh hybrid_p0_stress_c6_003 6; sleep 3
[*] Ráfaga híbrida completada: 6 conexiones en 6 clientes (stress)
=== host results ===
-rw-rw-r-- 1 cristian cristian    1350 may 16 18:11 hybrid_p0_stress_c6_003_client_err.txt
-rw-rw-r-- 1 cristian cristian     473 may 16 18:11 hybrid_p0_stress_c6_003_client.txt
-rw-rw-r-- 1 cristian cristian      69 may 16 18:11 hybrid_p0_stress_c6_003_docker_stats.csv
-rw-r--r-- 1 root     root         225 may 16 18:11 hybrid_p0_stress_c6_003_pqc_client_2_client_err.txt
-rw-r--r-- 1 root     root        2587 may 16 18:11 hybrid_p0_stress_c6_003_pqc_client_2_client.txt
-rw-r--r-- 1 root     root          39 may 16 18:11 hybrid_p0_stress_c6_003_pqc_client_2_summary.txt
-rw-r--r-- 1 root     root         225 may 16 18:11 hybrid_p0_stress_c6_003_pqc_client_3_client_err.txt
-rw-r--r-- 1 root     root        2587 may 16 18:11 hybrid_p0_stress_c6_003_pqc_client_3_client.txt
-rw-r--r-- 1 root     root          39 may 16 18:11 hybrid_p0_stress_c6_003_pqc_client_3_summary.txt
-rw-r--r-- 1 root     root         225 may 16 18:11 hybrid_p0_stress_c6_003_pqc_client_4_client_err.txt
-rw-r--r-- 1 root     root        5913 may 16 18:11 hybrid_p0_stress_c6_003_pqc_client_4_client.txt
-rw-r--r-- 1 root     root          39 may 16 18:11 hybrid_p0_stress_c6_003_pqc_client_4_summary.txt
-rw-r--r-- 1 root     root         225 may 16 18:11 hybrid_p0_stress_c6_003_pqc_client_5_client_err.txt
-rw-r--r-- 1 root     root        2587 may 16 18:11 hybrid_p0_stress_c6_003_pqc_client_5_client.txt
-rw-r--r-- 1 root     root          39 may 16 18:11 hybrid_p0_stress_c6_003_pqc_client_5_summary.txt
-rw-r--r-- 1 root     root         225 may 16 18:11 hybrid_p0_stress_c6_003_pqc_client_6_client_err.txt
-rw-r--r-- 1 root     root        2587 may 16 18:11 hybrid_p0_stress_c6_003_pqc_client_6_client.txt
-rw-r--r-- 1 root     root          39 may 16 18:11 hybrid_p0_stress_c6_003_pqc_client_6_summary.txt
-rw-r--r-- 1 root     root         225 may 16 18:11 hybrid_p0_stress_c6_003_pqc_client_client_err.txt
-rw-r--r-- 1 root     root        2587 may 16 18:11 hybrid_p0_stress_c6_003_pqc_client_client.txt
-rw-r--r-- 1 root     root          37 may 16 18:11 hybrid_p0_stress_c6_003_pqc_client_summary.txt
=== resumen por cliente ===
[*] Perfil stress: conexiones totalmente paralelas por cliente
[*] pqc_client <= plan: 1:0
[*] pqc_client_2 <= plan: 2:0
[*] pqc_client_3 <= plan: 3:0
[*] pqc_client_4 <= plan: 4:0
[*] pqc_client_5 <= plan: 5:0
[*] pqc_client_6 <= plan: 6:0
client=pqc_client total=1 ok=1 err=0
client=pqc_client_2 total=1 ok=1 err=0
client=pqc_client_3 total=1 ok=1 err=0
client=pqc_client_4 total=1 ok=1 err=0
client=pqc_client_5 total=1 ok=1 err=0
client=pqc_client_6 total=1 ok=1 err=0
[*] Resumen guardado en: results/hybrid_p0_stress_c6_003_resource_summary.txt
RUN_ID: hybrid_p0_stress_c6_003
CSV: results/hybrid_p0_stress_c6_003_docker_stats.csv

=== Resumen CPU% y MEM% (avg / max) por contenedor ===
pqc_client_2 -> CPU avg=0.00%, CPU max=0.00%, MEM avg=0.02%, MEM max=0.02%
pqc_client_3 -> CPU avg=0.00%, CPU max=0.00%, MEM avg=0.02%, MEM max=0.02%
pqc_monitor -> CPU avg=0.17%, CPU max=0.17%, MEM avg=0.09%, MEM max=0.09%
pqc_client_4 -> CPU avg=0.00%, CPU max=0.00%, MEM avg=0.01%, MEM max=0.01%
pqc_client_5 -> CPU avg=0.00%, CPU max=0.00%, MEM avg=0.01%, MEM max=0.01%
pqc_server -> CPU avg=0.00%, CPU max=0.00%, MEM avg=0.11%, MEM max=0.11%
pqc_client_6 -> CPU avg=0.00%, CPU max=0.00%, MEM avg=0.07%, MEM max=0.07%
pqc_client -> CPU avg=0.00%, CPU max=0.00%, MEM avg=0.04%, MEM max=0.04%
[2026-05-16 18:11:43] [*] Parando captura en pqc_monitor para hybrid_p0_stress_c6_003
[*] Métricas TXT guardadas en results/hybrid_p0_stress_c6_003_metrics.txt
[*] Métricas CSV guardadas en results/hybrid_p0_stress_c6_003_metrics.csv
[2026-05-16 18:12:06] === RUN END: hybrid_p0_stress_c6_003 ===

[2026-05-16 18:12:07] === RUN START: hybrid_p0_stress_c6_004 ===
[2026-05-16 18:12:07] [*] Arrancando captura en pqc_monitor (eth0) para hybrid_p0_stress_c6_004
[*] Guardando muestras en: results/hybrid_p0_stress_c6_004_docker_stats.csv
[*] Ejecutando comando medido: bash -lc ./scripts/run_client_once_rafaga_hibrido.sh hybrid_p0_stress_c6_004 6; sleep 3
[*] Ráfaga híbrida completada: 6 conexiones en 6 clientes (stress)
=== host results ===
-rw-rw-r-- 1 cristian cristian    1350 may 16 18:12 hybrid_p0_stress_c6_004_client_err.txt
-rw-rw-r-- 1 cristian cristian     473 may 16 18:12 hybrid_p0_stress_c6_004_client.txt
-rw-rw-r-- 1 cristian cristian      69 may 16 18:12 hybrid_p0_stress_c6_004_docker_stats.csv
-rw-r--r-- 1 root     root         225 may 16 18:12 hybrid_p0_stress_c6_004_pqc_client_2_client_err.txt
-rw-r--r-- 1 root     root        2587 may 16 18:12 hybrid_p0_stress_c6_004_pqc_client_2_client.txt
-rw-r--r-- 1 root     root          39 may 16 18:12 hybrid_p0_stress_c6_004_pqc_client_2_summary.txt
-rw-r--r-- 1 root     root         225 may 16 18:12 hybrid_p0_stress_c6_004_pqc_client_3_client_err.txt
-rw-r--r-- 1 root     root        5913 may 16 18:12 hybrid_p0_stress_c6_004_pqc_client_3_client.txt
-rw-r--r-- 1 root     root          39 may 16 18:12 hybrid_p0_stress_c6_004_pqc_client_3_summary.txt
-rw-r--r-- 1 root     root         225 may 16 18:12 hybrid_p0_stress_c6_004_pqc_client_4_client_err.txt
-rw-r--r-- 1 root     root        2587 may 16 18:12 hybrid_p0_stress_c6_004_pqc_client_4_client.txt
-rw-r--r-- 1 root     root          39 may 16 18:12 hybrid_p0_stress_c6_004_pqc_client_4_summary.txt
-rw-r--r-- 1 root     root         225 may 16 18:12 hybrid_p0_stress_c6_004_pqc_client_5_client_err.txt
-rw-r--r-- 1 root     root        5913 may 16 18:12 hybrid_p0_stress_c6_004_pqc_client_5_client.txt
-rw-r--r-- 1 root     root          39 may 16 18:12 hybrid_p0_stress_c6_004_pqc_client_5_summary.txt
-rw-r--r-- 1 root     root         225 may 16 18:12 hybrid_p0_stress_c6_004_pqc_client_6_client_err.txt
-rw-r--r-- 1 root     root        2587 may 16 18:12 hybrid_p0_stress_c6_004_pqc_client_6_client.txt
-rw-r--r-- 1 root     root          39 may 16 18:12 hybrid_p0_stress_c6_004_pqc_client_6_summary.txt
-rw-r--r-- 1 root     root         225 may 16 18:12 hybrid_p0_stress_c6_004_pqc_client_client_err.txt
-rw-r--r-- 1 root     root        5913 may 16 18:12 hybrid_p0_stress_c6_004_pqc_client_client.txt
-rw-r--r-- 1 root     root          37 may 16 18:12 hybrid_p0_stress_c6_004_pqc_client_summary.txt
=== resumen por cliente ===
[*] Perfil stress: conexiones totalmente paralelas por cliente
[*] pqc_client <= plan: 1:0
[*] pqc_client_2 <= plan: 2:0
[*] pqc_client_3 <= plan: 3:0
[*] pqc_client_4 <= plan: 4:0
[*] pqc_client_5 <= plan: 5:0
[*] pqc_client_6 <= plan: 6:0
client=pqc_client total=1 ok=1 err=0
client=pqc_client_2 total=1 ok=1 err=0
client=pqc_client_3 total=1 ok=1 err=0
client=pqc_client_4 total=1 ok=1 err=0
client=pqc_client_5 total=1 ok=1 err=0
client=pqc_client_6 total=1 ok=1 err=0
[*] Resumen guardado en: results/hybrid_p0_stress_c6_004_resource_summary.txt
RUN_ID: hybrid_p0_stress_c6_004
CSV: results/hybrid_p0_stress_c6_004_docker_stats.csv

=== Resumen CPU% y MEM% (avg / max) por contenedor ===
pqc_client_2 -> CPU avg=0.00%, CPU max=0.00%, MEM avg=0.02%, MEM max=0.02%
pqc_client_3 -> CPU avg=0.00%, CPU max=0.00%, MEM avg=0.02%, MEM max=0.02%
pqc_monitor -> CPU avg=0.10%, CPU max=0.12%, MEM avg=0.09%, MEM max=0.09%
pqc_client_4 -> CPU avg=0.00%, CPU max=0.00%, MEM avg=0.01%, MEM max=0.01%
pqc_client_5 -> CPU avg=0.00%, CPU max=0.00%, MEM avg=0.01%, MEM max=0.01%
pqc_server -> CPU avg=0.00%, CPU max=0.00%, MEM avg=0.11%, MEM max=0.11%
pqc_client_6 -> CPU avg=0.00%, CPU max=0.00%, MEM avg=0.07%, MEM max=0.07%
pqc_client -> CPU avg=0.00%, CPU max=0.00%, MEM avg=0.04%, MEM max=0.04%
[2026-05-16 18:12:16] [*] Parando captura en pqc_monitor para hybrid_p0_stress_c6_004
[*] Métricas TXT guardadas en results/hybrid_p0_stress_c6_004_metrics.txt
[*] Métricas CSV guardadas en results/hybrid_p0_stress_c6_004_metrics.csv
[2026-05-16 18:12:39] === RUN END: hybrid_p0_stress_c6_004 ===

[2026-05-16 18:12:39] === RUN START: hybrid_p0_stress_c6_005 ===
[2026-05-16 18:12:39] [*] Arrancando captura en pqc_monitor (eth0) para hybrid_p0_stress_c6_005
[*] Guardando muestras en: results/hybrid_p0_stress_c6_005_docker_stats.csv
[*] Ejecutando comando medido: bash -lc ./scripts/run_client_once_rafaga_hibrido.sh hybrid_p0_stress_c6_005 6; sleep 3
[*] Ráfaga híbrida completada: 6 conexiones en 6 clientes (stress)
=== host results ===
-rw-rw-r-- 1 cristian cristian    1350 may 16 18:12 hybrid_p0_stress_c6_005_client_err.txt
-rw-rw-r-- 1 cristian cristian     473 may 16 18:12 hybrid_p0_stress_c6_005_client.txt
-rw-rw-r-- 1 cristian cristian      69 may 16 18:12 hybrid_p0_stress_c6_005_docker_stats.csv
-rw-r--r-- 1 root     root         225 may 16 18:12 hybrid_p0_stress_c6_005_pqc_client_2_client_err.txt
-rw-r--r-- 1 root     root        2587 may 16 18:12 hybrid_p0_stress_c6_005_pqc_client_2_client.txt
-rw-r--r-- 1 root     root          39 may 16 18:12 hybrid_p0_stress_c6_005_pqc_client_2_summary.txt
-rw-r--r-- 1 root     root         225 may 16 18:12 hybrid_p0_stress_c6_005_pqc_client_3_client_err.txt
-rw-r--r-- 1 root     root        2587 may 16 18:12 hybrid_p0_stress_c6_005_pqc_client_3_client.txt
-rw-r--r-- 1 root     root          39 may 16 18:12 hybrid_p0_stress_c6_005_pqc_client_3_summary.txt
-rw-r--r-- 1 root     root         225 may 16 18:12 hybrid_p0_stress_c6_005_pqc_client_4_client_err.txt
-rw-r--r-- 1 root     root        5913 may 16 18:12 hybrid_p0_stress_c6_005_pqc_client_4_client.txt
-rw-r--r-- 1 root     root          39 may 16 18:12 hybrid_p0_stress_c6_005_pqc_client_4_summary.txt
-rw-r--r-- 1 root     root         225 may 16 18:12 hybrid_p0_stress_c6_005_pqc_client_5_client_err.txt
-rw-r--r-- 1 root     root        5913 may 16 18:12 hybrid_p0_stress_c6_005_pqc_client_5_client.txt
-rw-r--r-- 1 root     root          39 may 16 18:12 hybrid_p0_stress_c6_005_pqc_client_5_summary.txt
-rw-r--r-- 1 root     root         225 may 16 18:12 hybrid_p0_stress_c6_005_pqc_client_6_client_err.txt
-rw-r--r-- 1 root     root        2587 may 16 18:12 hybrid_p0_stress_c6_005_pqc_client_6_client.txt
-rw-r--r-- 1 root     root          39 may 16 18:12 hybrid_p0_stress_c6_005_pqc_client_6_summary.txt
-rw-r--r-- 1 root     root         225 may 16 18:12 hybrid_p0_stress_c6_005_pqc_client_client_err.txt
-rw-r--r-- 1 root     root        2587 may 16 18:12 hybrid_p0_stress_c6_005_pqc_client_client.txt
-rw-r--r-- 1 root     root          37 may 16 18:12 hybrid_p0_stress_c6_005_pqc_client_summary.txt
=== resumen por cliente ===
[*] Perfil stress: conexiones totalmente paralelas por cliente
[*] pqc_client <= plan: 1:0
[*] pqc_client_2 <= plan: 2:0
[*] pqc_client_3 <= plan: 3:0
[*] pqc_client_4 <= plan: 4:0
[*] pqc_client_5 <= plan: 5:0
[*] pqc_client_6 <= plan: 6:0
client=pqc_client total=1 ok=1 err=0
client=pqc_client_2 total=1 ok=1 err=0
client=pqc_client_3 total=1 ok=1 err=0
client=pqc_client_4 total=1 ok=1 err=0
client=pqc_client_5 total=1 ok=1 err=0
client=pqc_client_6 total=1 ok=1 err=0
[*] Resumen guardado en: results/hybrid_p0_stress_c6_005_resource_summary.txt
RUN_ID: hybrid_p0_stress_c6_005
CSV: results/hybrid_p0_stress_c6_005_docker_stats.csv

=== Resumen CPU% y MEM% (avg / max) por contenedor ===
pqc_client_2 -> CPU avg=0.00%, CPU max=0.00%, MEM avg=0.02%, MEM max=0.02%
pqc_client_3 -> CPU avg=0.00%, CPU max=0.00%, MEM avg=0.02%, MEM max=0.02%
pqc_monitor -> CPU avg=0.05%, CPU max=0.10%, MEM avg=0.09%, MEM max=0.09%
pqc_client_4 -> CPU avg=0.00%, CPU max=0.00%, MEM avg=0.01%, MEM max=0.01%
pqc_client_5 -> CPU avg=0.00%, CPU max=0.00%, MEM avg=0.01%, MEM max=0.01%
pqc_server -> CPU avg=0.00%, CPU max=0.00%, MEM avg=0.11%, MEM max=0.11%
pqc_client_6 -> CPU avg=0.00%, CPU max=0.00%, MEM avg=0.07%, MEM max=0.07%
pqc_client -> CPU avg=4.03%, CPU max=12.08%, MEM avg=0.04%, MEM max=0.04%
[2026-05-16 18:12:52] [*] Parando captura en pqc_monitor para hybrid_p0_stress_c6_005
[*] Métricas TXT guardadas en results/hybrid_p0_stress_c6_005_metrics.txt
[*] Métricas CSV guardadas en results/hybrid_p0_stress_c6_005_metrics.csv
[2026-05-16 18:13:15] === RUN END: hybrid_p0_stress_c6_005 ===

[2026-05-16 18:13:15] ---- Aplicando perfil de red P1 ----
[*] Aplicando perfil P1

[*] Estado qdisc en monitor:
qdisc netem 8001: root refcnt 5 limit 1000 delay 15ms
qdisc netem 8002: root refcnt 5 limit 1000 delay 15ms
[2026-05-16 18:13:16] === RUN START: hybrid_p1_balanced_c6_001 ===
[2026-05-16 18:13:16] [*] Arrancando captura en pqc_monitor (eth0) para hybrid_p1_balanced_c6_001
[*] Guardando muestras en: results/hybrid_p1_balanced_c6_001_docker_stats.csv
[*] Ejecutando comando medido: bash -lc ./scripts/run_client_once_rafaga_hibrido.sh hybrid_p1_balanced_c6_001 6; sleep 3
[*] Ráfaga híbrida completada: 6 conexiones en 6 clientes (poisson_jitter)
=== host results ===
-rw-rw-r-- 1 cristian cristian    1350 may 16 18:13 hybrid_p1_balanced_c6_001_client_err.txt
-rw-rw-r-- 1 cristian cristian     524 may 16 18:13 hybrid_p1_balanced_c6_001_client.txt
-rw-rw-r-- 1 cristian cristian      69 may 16 18:13 hybrid_p1_balanced_c6_001_docker_stats.csv
-rw-r--r-- 1 root     root         225 may 16 18:13 hybrid_p1_balanced_c6_001_pqc_client_2_client_err.txt
-rw-r--r-- 1 root     root        2587 may 16 18:13 hybrid_p1_balanced_c6_001_pqc_client_2_client.txt
-rw-r--r-- 1 root     root          39 may 16 18:13 hybrid_p1_balanced_c6_001_pqc_client_2_summary.txt
-rw-r--r-- 1 root     root         225 may 16 18:13 hybrid_p1_balanced_c6_001_pqc_client_3_client_err.txt
-rw-r--r-- 1 root     root        2587 may 16 18:13 hybrid_p1_balanced_c6_001_pqc_client_3_client.txt
-rw-r--r-- 1 root     root          39 may 16 18:13 hybrid_p1_balanced_c6_001_pqc_client_3_summary.txt
-rw-r--r-- 1 root     root         225 may 16 18:13 hybrid_p1_balanced_c6_001_pqc_client_4_client_err.txt
-rw-r--r-- 1 root     root        2587 may 16 18:13 hybrid_p1_balanced_c6_001_pqc_client_4_client.txt
-rw-r--r-- 1 root     root          39 may 16 18:13 hybrid_p1_balanced_c6_001_pqc_client_4_summary.txt
-rw-r--r-- 1 root     root         225 may 16 18:13 hybrid_p1_balanced_c6_001_pqc_client_5_client_err.txt
-rw-r--r-- 1 root     root        2587 may 16 18:13 hybrid_p1_balanced_c6_001_pqc_client_5_client.txt
-rw-r--r-- 1 root     root          39 may 16 18:13 hybrid_p1_balanced_c6_001_pqc_client_5_summary.txt
-rw-r--r-- 1 root     root         225 may 16 18:13 hybrid_p1_balanced_c6_001_pqc_client_6_client_err.txt
-rw-r--r-- 1 root     root        2587 may 16 18:13 hybrid_p1_balanced_c6_001_pqc_client_6_client.txt
-rw-r--r-- 1 root     root          39 may 16 18:13 hybrid_p1_balanced_c6_001_pqc_client_6_summary.txt
-rw-r--r-- 1 root     root         225 may 16 18:13 hybrid_p1_balanced_c6_001_pqc_client_client_err.txt
-rw-r--r-- 1 root     root        2587 may 16 18:13 hybrid_p1_balanced_c6_001_pqc_client_client.txt
-rw-r--r-- 1 root     root          37 may 16 18:13 hybrid_p1_balanced_c6_001_pqc_client_summary.txt
=== resumen por cliente ===
[*] Perfil poisson_jitter: llegadas no sincronizadas con Poisson+jitter
[*] pqc_client <= plan: 1:0.000000
[*] pqc_client_2 <= plan: 2:0.000000
[*] pqc_client_3 <= plan: 3:0.000000
[*] pqc_client_4 <= plan: 4:0.000000
[*] pqc_client_5 <= plan: 5:0.000000
[*] pqc_client_6 <= plan: 6:0.000000
client=pqc_client total=1 ok=1 err=0
client=pqc_client_2 total=1 ok=1 err=0
client=pqc_client_3 total=1 ok=1 err=0
client=pqc_client_4 total=1 ok=1 err=0
client=pqc_client_5 total=1 ok=1 err=0
client=pqc_client_6 total=1 ok=1 err=0
[*] Resumen guardado en: results/hybrid_p1_balanced_c6_001_resource_summary.txt
RUN_ID: hybrid_p1_balanced_c6_001
CSV: results/hybrid_p1_balanced_c6_001_docker_stats.csv

=== Resumen CPU% y MEM% (avg / max) por contenedor ===
pqc_client_2 -> CPU avg=0.00%, CPU max=0.00%, MEM avg=0.02%, MEM max=0.02%
pqc_client_3 -> CPU avg=0.00%, CPU max=0.00%, MEM avg=0.02%, MEM max=0.02%
pqc_monitor -> CPU avg=0.26%, CPU max=0.27%, MEM avg=0.09%, MEM max=0.09%
pqc_client_4 -> CPU avg=0.00%, CPU max=0.00%, MEM avg=0.01%, MEM max=0.01%
pqc_client_5 -> CPU avg=0.00%, CPU max=0.00%, MEM avg=0.02%, MEM max=0.02%
pqc_server -> CPU avg=0.00%, CPU max=0.00%, MEM avg=0.11%, MEM max=0.11%
pqc_client_6 -> CPU avg=0.00%, CPU max=0.00%, MEM avg=0.07%, MEM max=0.07%
pqc_client -> CPU avg=0.00%, CPU max=0.00%, MEM avg=0.04%, MEM max=0.04%
[2026-05-16 18:13:26] [*] Parando captura en pqc_monitor para hybrid_p1_balanced_c6_001
[*] Métricas TXT guardadas en results/hybrid_p1_balanced_c6_001_metrics.txt
[*] Métricas CSV guardadas en results/hybrid_p1_balanced_c6_001_metrics.csv
[2026-05-16 18:13:49] === RUN END: hybrid_p1_balanced_c6_001 ===

[2026-05-16 18:13:49] === RUN START: hybrid_p1_balanced_c6_002 ===
[2026-05-16 18:13:49] [*] Arrancando captura en pqc_monitor (eth0) para hybrid_p1_balanced_c6_002
[*] Guardando muestras en: results/hybrid_p1_balanced_c6_002_docker_stats.csv
[*] Ejecutando comando medido: bash -lc ./scripts/run_client_once_rafaga_hibrido.sh hybrid_p1_balanced_c6_002 6; sleep 3
[*] Ráfaga híbrida completada: 6 conexiones en 6 clientes (poisson_jitter)
=== host results ===
-rw-rw-r-- 1 cristian cristian    1350 may 16 18:13 hybrid_p1_balanced_c6_002_client_err.txt
-rw-rw-r-- 1 cristian cristian     524 may 16 18:13 hybrid_p1_balanced_c6_002_client.txt
-rw-rw-r-- 1 cristian cristian      69 may 16 18:13 hybrid_p1_balanced_c6_002_docker_stats.csv
-rw-r--r-- 1 root     root         225 may 16 18:13 hybrid_p1_balanced_c6_002_pqc_client_2_client_err.txt
-rw-r--r-- 1 root     root        2587 may 16 18:13 hybrid_p1_balanced_c6_002_pqc_client_2_client.txt
-rw-r--r-- 1 root     root          39 may 16 18:13 hybrid_p1_balanced_c6_002_pqc_client_2_summary.txt
-rw-r--r-- 1 root     root         225 may 16 18:13 hybrid_p1_balanced_c6_002_pqc_client_3_client_err.txt
-rw-r--r-- 1 root     root        2587 may 16 18:13 hybrid_p1_balanced_c6_002_pqc_client_3_client.txt
-rw-r--r-- 1 root     root          39 may 16 18:13 hybrid_p1_balanced_c6_002_pqc_client_3_summary.txt
-rw-r--r-- 1 root     root         225 may 16 18:13 hybrid_p1_balanced_c6_002_pqc_client_4_client_err.txt
-rw-r--r-- 1 root     root        2587 may 16 18:13 hybrid_p1_balanced_c6_002_pqc_client_4_client.txt
-rw-r--r-- 1 root     root          39 may 16 18:13 hybrid_p1_balanced_c6_002_pqc_client_4_summary.txt
-rw-r--r-- 1 root     root         225 may 16 18:13 hybrid_p1_balanced_c6_002_pqc_client_5_client_err.txt
-rw-r--r-- 1 root     root        2587 may 16 18:13 hybrid_p1_balanced_c6_002_pqc_client_5_client.txt
-rw-r--r-- 1 root     root          39 may 16 18:13 hybrid_p1_balanced_c6_002_pqc_client_5_summary.txt
-rw-r--r-- 1 root     root         225 may 16 18:13 hybrid_p1_balanced_c6_002_pqc_client_6_client_err.txt
-rw-r--r-- 1 root     root        2587 may 16 18:13 hybrid_p1_balanced_c6_002_pqc_client_6_client.txt
-rw-r--r-- 1 root     root          39 may 16 18:13 hybrid_p1_balanced_c6_002_pqc_client_6_summary.txt
-rw-r--r-- 1 root     root         225 may 16 18:13 hybrid_p1_balanced_c6_002_pqc_client_client_err.txt
-rw-r--r-- 1 root     root        2587 may 16 18:13 hybrid_p1_balanced_c6_002_pqc_client_client.txt
-rw-r--r-- 1 root     root          37 may 16 18:13 hybrid_p1_balanced_c6_002_pqc_client_summary.txt
=== resumen por cliente ===
[*] Perfil poisson_jitter: llegadas no sincronizadas con Poisson+jitter
[*] pqc_client <= plan: 1:0.000000
[*] pqc_client_2 <= plan: 2:0.000000
[*] pqc_client_3 <= plan: 3:0.000000
[*] pqc_client_4 <= plan: 4:0.000000
[*] pqc_client_5 <= plan: 5:0.000000
[*] pqc_client_6 <= plan: 6:0.000000
client=pqc_client total=1 ok=1 err=0
client=pqc_client_2 total=1 ok=1 err=0
client=pqc_client_3 total=1 ok=1 err=0
client=pqc_client_4 total=1 ok=1 err=0
client=pqc_client_5 total=1 ok=1 err=0
client=pqc_client_6 total=1 ok=1 err=0
[*] Resumen guardado en: results/hybrid_p1_balanced_c6_002_resource_summary.txt
RUN_ID: hybrid_p1_balanced_c6_002
CSV: results/hybrid_p1_balanced_c6_002_docker_stats.csv

=== Resumen CPU% y MEM% (avg / max) por contenedor ===
pqc_client_2 -> CPU avg=0.00%, CPU max=0.00%, MEM avg=0.02%, MEM max=0.02%
pqc_client_3 -> CPU avg=0.00%, CPU max=0.00%, MEM avg=0.02%, MEM max=0.02%
pqc_monitor -> CPU avg=0.15%, CPU max=0.18%, MEM avg=0.09%, MEM max=0.09%
pqc_client_4 -> CPU avg=0.00%, CPU max=0.00%, MEM avg=0.02%, MEM max=0.02%
pqc_client_5 -> CPU avg=0.00%, CPU max=0.00%, MEM avg=0.02%, MEM max=0.02%
pqc_server -> CPU avg=0.00%, CPU max=0.00%, MEM avg=0.11%, MEM max=0.11%
pqc_client_6 -> CPU avg=0.00%, CPU max=0.00%, MEM avg=0.07%, MEM max=0.07%
pqc_client -> CPU avg=3.62%, CPU max=10.86%, MEM avg=0.04%, MEM max=0.04%
[2026-05-16 18:14:03] [*] Parando captura en pqc_monitor para hybrid_p1_balanced_c6_002
[*] Métricas TXT guardadas en results/hybrid_p1_balanced_c6_002_metrics.txt
[*] Métricas CSV guardadas en results/hybrid_p1_balanced_c6_002_metrics.csv
[2026-05-16 18:14:26] === RUN END: hybrid_p1_balanced_c6_002 ===

[2026-05-16 18:14:26] === RUN START: hybrid_p1_balanced_c6_003 ===
[2026-05-16 18:14:26] [*] Arrancando captura en pqc_monitor (eth0) para hybrid_p1_balanced_c6_003
[*] Guardando muestras en: results/hybrid_p1_balanced_c6_003_docker_stats.csv
[*] Ejecutando comando medido: bash -lc ./scripts/run_client_once_rafaga_hibrido.sh hybrid_p1_balanced_c6_003 6; sleep 3
[*] Ráfaga híbrida completada: 6 conexiones en 6 clientes (poisson_jitter)
=== host results ===
-rw-rw-r-- 1 cristian cristian    1350 may 16 18:14 hybrid_p1_balanced_c6_003_client_err.txt
-rw-rw-r-- 1 cristian cristian     524 may 16 18:14 hybrid_p1_balanced_c6_003_client.txt
-rw-rw-r-- 1 cristian cristian      69 may 16 18:14 hybrid_p1_balanced_c6_003_docker_stats.csv
-rw-r--r-- 1 root     root         225 may 16 18:14 hybrid_p1_balanced_c6_003_pqc_client_2_client_err.txt
-rw-r--r-- 1 root     root        2587 may 16 18:14 hybrid_p1_balanced_c6_003_pqc_client_2_client.txt
-rw-r--r-- 1 root     root          39 may 16 18:14 hybrid_p1_balanced_c6_003_pqc_client_2_summary.txt
-rw-r--r-- 1 root     root         225 may 16 18:14 hybrid_p1_balanced_c6_003_pqc_client_3_client_err.txt
-rw-r--r-- 1 root     root        2587 may 16 18:14 hybrid_p1_balanced_c6_003_pqc_client_3_client.txt
-rw-r--r-- 1 root     root          39 may 16 18:14 hybrid_p1_balanced_c6_003_pqc_client_3_summary.txt
-rw-r--r-- 1 root     root         225 may 16 18:14 hybrid_p1_balanced_c6_003_pqc_client_4_client_err.txt
-rw-r--r-- 1 root     root        2587 may 16 18:14 hybrid_p1_balanced_c6_003_pqc_client_4_client.txt
-rw-r--r-- 1 root     root          39 may 16 18:14 hybrid_p1_balanced_c6_003_pqc_client_4_summary.txt
-rw-r--r-- 1 root     root         225 may 16 18:14 hybrid_p1_balanced_c6_003_pqc_client_5_client_err.txt
-rw-r--r-- 1 root     root        2587 may 16 18:14 hybrid_p1_balanced_c6_003_pqc_client_5_client.txt
-rw-r--r-- 1 root     root          39 may 16 18:14 hybrid_p1_balanced_c6_003_pqc_client_5_summary.txt
-rw-r--r-- 1 root     root         225 may 16 18:14 hybrid_p1_balanced_c6_003_pqc_client_6_client_err.txt
-rw-r--r-- 1 root     root        2587 may 16 18:14 hybrid_p1_balanced_c6_003_pqc_client_6_client.txt
-rw-r--r-- 1 root     root          39 may 16 18:14 hybrid_p1_balanced_c6_003_pqc_client_6_summary.txt
-rw-r--r-- 1 root     root         225 may 16 18:14 hybrid_p1_balanced_c6_003_pqc_client_client_err.txt
-rw-r--r-- 1 root     root        2587 may 16 18:14 hybrid_p1_balanced_c6_003_pqc_client_client.txt
-rw-r--r-- 1 root     root          37 may 16 18:14 hybrid_p1_balanced_c6_003_pqc_client_summary.txt
=== resumen por cliente ===
[*] Perfil poisson_jitter: llegadas no sincronizadas con Poisson+jitter
[*] pqc_client <= plan: 1:0.043486
[*] pqc_client_2 <= plan: 2:0.043486
[*] pqc_client_3 <= plan: 3:0.043486
[*] pqc_client_4 <= plan: 4:0.043486
[*] pqc_client_5 <= plan: 5:0.043486
[*] pqc_client_6 <= plan: 6:0.043486
client=pqc_client total=1 ok=1 err=0
client=pqc_client_2 total=1 ok=1 err=0
client=pqc_client_3 total=1 ok=1 err=0
client=pqc_client_4 total=1 ok=1 err=0
client=pqc_client_5 total=1 ok=1 err=0
client=pqc_client_6 total=1 ok=1 err=0
[*] Resumen guardado en: results/hybrid_p1_balanced_c6_003_resource_summary.txt
RUN_ID: hybrid_p1_balanced_c6_003
CSV: results/hybrid_p1_balanced_c6_003_docker_stats.csv

=== Resumen CPU% y MEM% (avg / max) por contenedor ===
pqc_client_2 -> CPU avg=0.00%, CPU max=0.00%, MEM avg=0.02%, MEM max=0.02%
pqc_client_3 -> CPU avg=0.00%, CPU max=0.00%, MEM avg=0.02%, MEM max=0.02%
pqc_monitor -> CPU avg=0.11%, CPU max=0.15%, MEM avg=0.09%, MEM max=0.09%
pqc_client_4 -> CPU avg=0.00%, CPU max=0.00%, MEM avg=0.02%, MEM max=0.02%
pqc_client_5 -> CPU avg=0.00%, CPU max=0.00%, MEM avg=0.02%, MEM max=0.02%
pqc_server -> CPU avg=0.00%, CPU max=0.00%, MEM avg=0.11%, MEM max=0.11%
pqc_client_6 -> CPU avg=0.00%, CPU max=0.00%, MEM avg=0.07%, MEM max=0.07%
pqc_client -> CPU avg=0.00%, CPU max=0.00%, MEM avg=0.04%, MEM max=0.04%
[2026-05-16 18:14:39] [*] Parando captura en pqc_monitor para hybrid_p1_balanced_c6_003
[*] Métricas TXT guardadas en results/hybrid_p1_balanced_c6_003_metrics.txt
[*] Métricas CSV guardadas en results/hybrid_p1_balanced_c6_003_metrics.csv
[2026-05-16 18:15:02] === RUN END: hybrid_p1_balanced_c6_003 ===

[2026-05-16 18:15:02] === RUN START: hybrid_p1_balanced_c6_004 ===
[2026-05-16 18:15:02] [*] Arrancando captura en pqc_monitor (eth0) para hybrid_p1_balanced_c6_004
[*] Guardando muestras en: results/hybrid_p1_balanced_c6_004_docker_stats.csv
[*] Ejecutando comando medido: bash -lc ./scripts/run_client_once_rafaga_hibrido.sh hybrid_p1_balanced_c6_004 6; sleep 3
[*] Ráfaga híbrida completada: 6 conexiones en 6 clientes (poisson_jitter)
=== host results ===
-rw-rw-r-- 1 cristian cristian    1350 may 16 18:15 hybrid_p1_balanced_c6_004_client_err.txt
-rw-rw-r-- 1 cristian cristian     524 may 16 18:15 hybrid_p1_balanced_c6_004_client.txt
-rw-rw-r-- 1 cristian cristian      69 may 16 18:15 hybrid_p1_balanced_c6_004_docker_stats.csv
-rw-r--r-- 1 root     root         225 may 16 18:15 hybrid_p1_balanced_c6_004_pqc_client_2_client_err.txt
-rw-r--r-- 1 root     root        2587 may 16 18:15 hybrid_p1_balanced_c6_004_pqc_client_2_client.txt
-rw-r--r-- 1 root     root          39 may 16 18:15 hybrid_p1_balanced_c6_004_pqc_client_2_summary.txt
-rw-r--r-- 1 root     root         225 may 16 18:15 hybrid_p1_balanced_c6_004_pqc_client_3_client_err.txt
-rw-r--r-- 1 root     root        2587 may 16 18:15 hybrid_p1_balanced_c6_004_pqc_client_3_client.txt
-rw-r--r-- 1 root     root          39 may 16 18:15 hybrid_p1_balanced_c6_004_pqc_client_3_summary.txt
-rw-r--r-- 1 root     root         225 may 16 18:15 hybrid_p1_balanced_c6_004_pqc_client_4_client_err.txt
-rw-r--r-- 1 root     root        2587 may 16 18:15 hybrid_p1_balanced_c6_004_pqc_client_4_client.txt
-rw-r--r-- 1 root     root          39 may 16 18:15 hybrid_p1_balanced_c6_004_pqc_client_4_summary.txt
-rw-r--r-- 1 root     root         225 may 16 18:15 hybrid_p1_balanced_c6_004_pqc_client_5_client_err.txt
-rw-r--r-- 1 root     root        2587 may 16 18:15 hybrid_p1_balanced_c6_004_pqc_client_5_client.txt
-rw-r--r-- 1 root     root          39 may 16 18:15 hybrid_p1_balanced_c6_004_pqc_client_5_summary.txt
-rw-r--r-- 1 root     root         225 may 16 18:15 hybrid_p1_balanced_c6_004_pqc_client_6_client_err.txt
-rw-r--r-- 1 root     root        2587 may 16 18:15 hybrid_p1_balanced_c6_004_pqc_client_6_client.txt
-rw-r--r-- 1 root     root          39 may 16 18:15 hybrid_p1_balanced_c6_004_pqc_client_6_summary.txt
-rw-r--r-- 1 root     root         225 may 16 18:15 hybrid_p1_balanced_c6_004_pqc_client_client_err.txt
-rw-r--r-- 1 root     root        2587 may 16 18:15 hybrid_p1_balanced_c6_004_pqc_client_client.txt
-rw-r--r-- 1 root     root          37 may 16 18:15 hybrid_p1_balanced_c6_004_pqc_client_summary.txt
=== resumen por cliente ===
[*] Perfil poisson_jitter: llegadas no sincronizadas con Poisson+jitter
[*] pqc_client <= plan: 1:0.084087
[*] pqc_client_2 <= plan: 2:0.084087
[*] pqc_client_3 <= plan: 3:0.084087
[*] pqc_client_4 <= plan: 4:0.084087
[*] pqc_client_5 <= plan: 5:0.084087
[*] pqc_client_6 <= plan: 6:0.084087
client=pqc_client total=1 ok=1 err=0
client=pqc_client_2 total=1 ok=1 err=0
client=pqc_client_3 total=1 ok=1 err=0
client=pqc_client_4 total=1 ok=1 err=0
client=pqc_client_5 total=1 ok=1 err=0
client=pqc_client_6 total=1 ok=1 err=0
[*] Resumen guardado en: results/hybrid_p1_balanced_c6_004_resource_summary.txt
RUN_ID: hybrid_p1_balanced_c6_004
CSV: results/hybrid_p1_balanced_c6_004_docker_stats.csv

=== Resumen CPU% y MEM% (avg / max) por contenedor ===
pqc_client_2 -> CPU avg=0.00%, CPU max=0.00%, MEM avg=0.02%, MEM max=0.02%
pqc_client_3 -> CPU avg=0.00%, CPU max=0.00%, MEM avg=0.02%, MEM max=0.02%
pqc_monitor -> CPU avg=0.16%, CPU max=0.27%, MEM avg=0.09%, MEM max=0.09%
pqc_client_4 -> CPU avg=0.00%, CPU max=0.00%, MEM avg=0.02%, MEM max=0.02%
pqc_client_5 -> CPU avg=0.00%, CPU max=0.00%, MEM avg=0.02%, MEM max=0.02%
pqc_server -> CPU avg=0.00%, CPU max=0.00%, MEM avg=0.11%, MEM max=0.11%
pqc_client_6 -> CPU avg=0.00%, CPU max=0.00%, MEM avg=0.07%, MEM max=0.07%
pqc_client -> CPU avg=0.00%, CPU max=0.00%, MEM avg=0.04%, MEM max=0.04%
[2026-05-16 18:15:15] [*] Parando captura en pqc_monitor para hybrid_p1_balanced_c6_004
[*] Métricas TXT guardadas en results/hybrid_p1_balanced_c6_004_metrics.txt
[*] Métricas CSV guardadas en results/hybrid_p1_balanced_c6_004_metrics.csv
[2026-05-16 18:15:40] === RUN END: hybrid_p1_balanced_c6_004 ===

[2026-05-16 18:15:40] === RUN START: hybrid_p1_balanced_c6_005 ===
[2026-05-16 18:15:40] [*] Arrancando captura en pqc_monitor (eth0) para hybrid_p1_balanced_c6_005
[*] Guardando muestras en: results/hybrid_p1_balanced_c6_005_docker_stats.csv
[*] Ejecutando comando medido: bash -lc ./scripts/run_client_once_rafaga_hibrido.sh hybrid_p1_balanced_c6_005 6; sleep 3
[*] Ráfaga híbrida completada: 6 conexiones en 6 clientes (poisson_jitter)
=== host results ===
-rw-rw-r-- 1 cristian cristian    1350 may 16 18:15 hybrid_p1_balanced_c6_005_client_err.txt
-rw-rw-r-- 1 cristian cristian     524 may 16 18:15 hybrid_p1_balanced_c6_005_client.txt
-rw-rw-r-- 1 cristian cristian      69 may 16 18:15 hybrid_p1_balanced_c6_005_docker_stats.csv
-rw-r--r-- 1 root     root         225 may 16 18:15 hybrid_p1_balanced_c6_005_pqc_client_2_client_err.txt
-rw-r--r-- 1 root     root        2587 may 16 18:15 hybrid_p1_balanced_c6_005_pqc_client_2_client.txt
-rw-r--r-- 1 root     root          39 may 16 18:15 hybrid_p1_balanced_c6_005_pqc_client_2_summary.txt
-rw-r--r-- 1 root     root         225 may 16 18:15 hybrid_p1_balanced_c6_005_pqc_client_3_client_err.txt
-rw-r--r-- 1 root     root        2587 may 16 18:15 hybrid_p1_balanced_c6_005_pqc_client_3_client.txt
-rw-r--r-- 1 root     root          39 may 16 18:15 hybrid_p1_balanced_c6_005_pqc_client_3_summary.txt
-rw-r--r-- 1 root     root         225 may 16 18:15 hybrid_p1_balanced_c6_005_pqc_client_4_client_err.txt
-rw-r--r-- 1 root     root        2587 may 16 18:15 hybrid_p1_balanced_c6_005_pqc_client_4_client.txt
-rw-r--r-- 1 root     root          39 may 16 18:15 hybrid_p1_balanced_c6_005_pqc_client_4_summary.txt
-rw-r--r-- 1 root     root         225 may 16 18:15 hybrid_p1_balanced_c6_005_pqc_client_5_client_err.txt
-rw-r--r-- 1 root     root        2587 may 16 18:15 hybrid_p1_balanced_c6_005_pqc_client_5_client.txt
-rw-r--r-- 1 root     root          39 may 16 18:15 hybrid_p1_balanced_c6_005_pqc_client_5_summary.txt
-rw-r--r-- 1 root     root         225 may 16 18:15 hybrid_p1_balanced_c6_005_pqc_client_6_client_err.txt
-rw-r--r-- 1 root     root        2587 may 16 18:15 hybrid_p1_balanced_c6_005_pqc_client_6_client.txt
-rw-r--r-- 1 root     root          39 may 16 18:15 hybrid_p1_balanced_c6_005_pqc_client_6_summary.txt
-rw-r--r-- 1 root     root         225 may 16 18:15 hybrid_p1_balanced_c6_005_pqc_client_client_err.txt
-rw-r--r-- 1 root     root        2587 may 16 18:15 hybrid_p1_balanced_c6_005_pqc_client_client.txt
-rw-r--r-- 1 root     root          37 may 16 18:15 hybrid_p1_balanced_c6_005_pqc_client_summary.txt
=== resumen por cliente ===
[*] Perfil poisson_jitter: llegadas no sincronizadas con Poisson+jitter
[*] pqc_client <= plan: 1:0.075734
[*] pqc_client_2 <= plan: 2:0.075734
[*] pqc_client_3 <= plan: 3:0.075734
[*] pqc_client_4 <= plan: 4:0.075734
[*] pqc_client_5 <= plan: 5:0.075734
[*] pqc_client_6 <= plan: 6:0.075734
client=pqc_client total=1 ok=1 err=0
client=pqc_client_2 total=1 ok=1 err=0
client=pqc_client_3 total=1 ok=1 err=0
client=pqc_client_4 total=1 ok=1 err=0
client=pqc_client_5 total=1 ok=1 err=0
client=pqc_client_6 total=1 ok=1 err=0
[*] Resumen guardado en: results/hybrid_p1_balanced_c6_005_resource_summary.txt
RUN_ID: hybrid_p1_balanced_c6_005
CSV: results/hybrid_p1_balanced_c6_005_docker_stats.csv

=== Resumen CPU% y MEM% (avg / max) por contenedor ===
pqc_client_2 -> CPU avg=0.00%, CPU max=0.00%, MEM avg=0.02%, MEM max=0.02%
pqc_client_3 -> CPU avg=4.05%, CPU max=12.15%, MEM avg=0.02%, MEM max=0.02%
pqc_monitor -> CPU avg=0.08%, CPU max=0.15%, MEM avg=0.09%, MEM max=0.09%
pqc_client_4 -> CPU avg=0.00%, CPU max=0.00%, MEM avg=0.02%, MEM max=0.02%
pqc_client_5 -> CPU avg=0.00%, CPU max=0.00%, MEM avg=0.02%, MEM max=0.02%
pqc_server -> CPU avg=0.00%, CPU max=0.00%, MEM avg=0.11%, MEM max=0.11%
pqc_client_6 -> CPU avg=0.00%, CPU max=0.00%, MEM avg=0.07%, MEM max=0.07%
pqc_client -> CPU avg=3.90%, CPU max=11.70%, MEM avg=0.04%, MEM max=0.04%
[2026-05-16 18:15:53] [*] Parando captura en pqc_monitor para hybrid_p1_balanced_c6_005
[*] Métricas TXT guardadas en results/hybrid_p1_balanced_c6_005_metrics.txt
[*] Métricas CSV guardadas en results/hybrid_p1_balanced_c6_005_metrics.csv
[2026-05-16 18:16:15] === RUN END: hybrid_p1_balanced_c6_005 ===

[2026-05-16 18:16:15] === RUN START: hybrid_p1_aggressive_c6_001 ===
[2026-05-16 18:16:15] [*] Arrancando captura en pqc_monitor (eth0) para hybrid_p1_aggressive_c6_001
[*] Guardando muestras en: results/hybrid_p1_aggressive_c6_001_docker_stats.csv
[*] Ejecutando comando medido: bash -lc ./scripts/run_client_once_rafaga_hibrido.sh hybrid_p1_aggressive_c6_001 6; sleep 3
[*] Ráfaga híbrida completada: 6 conexiones en 6 clientes (poisson_jitter)
=== host results ===
-rw-rw-r-- 1 cristian cristian    1350 may 16 18:16 hybrid_p1_aggressive_c6_001_client_err.txt
-rw-rw-r-- 1 cristian cristian     524 may 16 18:16 hybrid_p1_aggressive_c6_001_client.txt
-rw-rw-r-- 1 cristian cristian      69 may 16 18:16 hybrid_p1_aggressive_c6_001_docker_stats.csv
-rw-r--r-- 1 root     root         225 may 16 18:16 hybrid_p1_aggressive_c6_001_pqc_client_2_client_err.txt
-rw-r--r-- 1 root     root        2587 may 16 18:16 hybrid_p1_aggressive_c6_001_pqc_client_2_client.txt
-rw-r--r-- 1 root     root          39 may 16 18:16 hybrid_p1_aggressive_c6_001_pqc_client_2_summary.txt
-rw-r--r-- 1 root     root         225 may 16 18:16 hybrid_p1_aggressive_c6_001_pqc_client_3_client_err.txt
-rw-r--r-- 1 root     root        2587 may 16 18:16 hybrid_p1_aggressive_c6_001_pqc_client_3_client.txt
-rw-r--r-- 1 root     root          39 may 16 18:16 hybrid_p1_aggressive_c6_001_pqc_client_3_summary.txt
-rw-r--r-- 1 root     root         225 may 16 18:16 hybrid_p1_aggressive_c6_001_pqc_client_4_client_err.txt
-rw-r--r-- 1 root     root        2587 may 16 18:16 hybrid_p1_aggressive_c6_001_pqc_client_4_client.txt
-rw-r--r-- 1 root     root          39 may 16 18:16 hybrid_p1_aggressive_c6_001_pqc_client_4_summary.txt
-rw-r--r-- 1 root     root         225 may 16 18:16 hybrid_p1_aggressive_c6_001_pqc_client_5_client_err.txt
-rw-r--r-- 1 root     root        2587 may 16 18:16 hybrid_p1_aggressive_c6_001_pqc_client_5_client.txt
-rw-r--r-- 1 root     root          39 may 16 18:16 hybrid_p1_aggressive_c6_001_pqc_client_5_summary.txt
-rw-r--r-- 1 root     root         225 may 16 18:16 hybrid_p1_aggressive_c6_001_pqc_client_6_client_err.txt
-rw-r--r-- 1 root     root        2587 may 16 18:16 hybrid_p1_aggressive_c6_001_pqc_client_6_client.txt
-rw-r--r-- 1 root     root          39 may 16 18:16 hybrid_p1_aggressive_c6_001_pqc_client_6_summary.txt
-rw-r--r-- 1 root     root         225 may 16 18:16 hybrid_p1_aggressive_c6_001_pqc_client_client_err.txt
-rw-r--r-- 1 root     root        2587 may 16 18:16 hybrid_p1_aggressive_c6_001_pqc_client_client.txt
-rw-r--r-- 1 root     root          37 may 16 18:16 hybrid_p1_aggressive_c6_001_pqc_client_summary.txt
=== resumen por cliente ===
[*] Perfil poisson_jitter: llegadas no sincronizadas con Poisson+jitter
[*] pqc_client <= plan: 1:0.019425
[*] pqc_client_2 <= plan: 2:0.019425
[*] pqc_client_3 <= plan: 3:0.019425
[*] pqc_client_4 <= plan: 4:0.019425
[*] pqc_client_5 <= plan: 5:0.019425
[*] pqc_client_6 <= plan: 6:0.019425
client=pqc_client total=1 ok=1 err=0
client=pqc_client_2 total=1 ok=1 err=0
client=pqc_client_3 total=1 ok=1 err=0
client=pqc_client_4 total=1 ok=1 err=0
client=pqc_client_5 total=1 ok=1 err=0
client=pqc_client_6 total=1 ok=1 err=0
[*] Resumen guardado en: results/hybrid_p1_aggressive_c6_001_resource_summary.txt
RUN_ID: hybrid_p1_aggressive_c6_001
CSV: results/hybrid_p1_aggressive_c6_001_docker_stats.csv

=== Resumen CPU% y MEM% (avg / max) por contenedor ===
pqc_client_2 -> CPU avg=0.00%, CPU max=0.00%, MEM avg=0.02%, MEM max=0.02%
pqc_client_3 -> CPU avg=0.00%, CPU max=0.00%, MEM avg=0.02%, MEM max=0.02%
pqc_monitor -> CPU avg=0.05%, CPU max=0.08%, MEM avg=0.09%, MEM max=0.09%
pqc_client_4 -> CPU avg=0.00%, CPU max=0.00%, MEM avg=0.02%, MEM max=0.02%
pqc_client_5 -> CPU avg=0.00%, CPU max=0.00%, MEM avg=0.02%, MEM max=0.02%
pqc_server -> CPU avg=0.00%, CPU max=0.00%, MEM avg=0.11%, MEM max=0.11%
pqc_client_6 -> CPU avg=0.00%, CPU max=0.00%, MEM avg=0.07%, MEM max=0.07%
pqc_client -> CPU avg=0.00%, CPU max=0.00%, MEM avg=0.04%, MEM max=0.04%
[2026-05-16 18:16:28] [*] Parando captura en pqc_monitor para hybrid_p1_aggressive_c6_001
[*] Métricas TXT guardadas en results/hybrid_p1_aggressive_c6_001_metrics.txt
[*] Métricas CSV guardadas en results/hybrid_p1_aggressive_c6_001_metrics.csv
[2026-05-16 18:16:51] === RUN END: hybrid_p1_aggressive_c6_001 ===

[2026-05-16 18:16:51] === RUN START: hybrid_p1_aggressive_c6_002 ===
[2026-05-16 18:16:51] [*] Arrancando captura en pqc_monitor (eth0) para hybrid_p1_aggressive_c6_002
[*] Guardando muestras en: results/hybrid_p1_aggressive_c6_002_docker_stats.csv
[*] Ejecutando comando medido: bash -lc ./scripts/run_client_once_rafaga_hibrido.sh hybrid_p1_aggressive_c6_002 6; sleep 3
[*] Ráfaga híbrida completada: 6 conexiones en 6 clientes (poisson_jitter)
=== host results ===
-rw-rw-r-- 1 cristian cristian    1350 may 16 18:16 hybrid_p1_aggressive_c6_002_client_err.txt
-rw-rw-r-- 1 cristian cristian     524 may 16 18:16 hybrid_p1_aggressive_c6_002_client.txt
-rw-rw-r-- 1 cristian cristian      69 may 16 18:16 hybrid_p1_aggressive_c6_002_docker_stats.csv
-rw-r--r-- 1 root     root         225 may 16 18:16 hybrid_p1_aggressive_c6_002_pqc_client_2_client_err.txt
-rw-r--r-- 1 root     root        2587 may 16 18:16 hybrid_p1_aggressive_c6_002_pqc_client_2_client.txt
-rw-r--r-- 1 root     root          39 may 16 18:16 hybrid_p1_aggressive_c6_002_pqc_client_2_summary.txt
-rw-r--r-- 1 root     root         225 may 16 18:16 hybrid_p1_aggressive_c6_002_pqc_client_3_client_err.txt
-rw-r--r-- 1 root     root        2587 may 16 18:16 hybrid_p1_aggressive_c6_002_pqc_client_3_client.txt
-rw-r--r-- 1 root     root          39 may 16 18:16 hybrid_p1_aggressive_c6_002_pqc_client_3_summary.txt
-rw-r--r-- 1 root     root         225 may 16 18:16 hybrid_p1_aggressive_c6_002_pqc_client_4_client_err.txt
-rw-r--r-- 1 root     root        2587 may 16 18:16 hybrid_p1_aggressive_c6_002_pqc_client_4_client.txt
-rw-r--r-- 1 root     root          39 may 16 18:16 hybrid_p1_aggressive_c6_002_pqc_client_4_summary.txt
-rw-r--r-- 1 root     root         225 may 16 18:16 hybrid_p1_aggressive_c6_002_pqc_client_5_client_err.txt
-rw-r--r-- 1 root     root        2587 may 16 18:16 hybrid_p1_aggressive_c6_002_pqc_client_5_client.txt
-rw-r--r-- 1 root     root          39 may 16 18:16 hybrid_p1_aggressive_c6_002_pqc_client_5_summary.txt
-rw-r--r-- 1 root     root         225 may 16 18:16 hybrid_p1_aggressive_c6_002_pqc_client_6_client_err.txt
-rw-r--r-- 1 root     root        2587 may 16 18:16 hybrid_p1_aggressive_c6_002_pqc_client_6_client.txt
-rw-r--r-- 1 root     root          39 may 16 18:16 hybrid_p1_aggressive_c6_002_pqc_client_6_summary.txt
-rw-r--r-- 1 root     root         225 may 16 18:16 hybrid_p1_aggressive_c6_002_pqc_client_client_err.txt
-rw-r--r-- 1 root     root        2587 may 16 18:16 hybrid_p1_aggressive_c6_002_pqc_client_client.txt
-rw-r--r-- 1 root     root          37 may 16 18:16 hybrid_p1_aggressive_c6_002_pqc_client_summary.txt
=== resumen por cliente ===
[*] Perfil poisson_jitter: llegadas no sincronizadas con Poisson+jitter
[*] pqc_client <= plan: 1:0.025591
[*] pqc_client_2 <= plan: 2:0.025591
[*] pqc_client_3 <= plan: 3:0.025591
[*] pqc_client_4 <= plan: 4:0.025591
[*] pqc_client_5 <= plan: 5:0.025591
[*] pqc_client_6 <= plan: 6:0.025591
client=pqc_client total=1 ok=1 err=0
client=pqc_client_2 total=1 ok=1 err=0
client=pqc_client_3 total=1 ok=1 err=0
client=pqc_client_4 total=1 ok=1 err=0
client=pqc_client_5 total=1 ok=1 err=0
client=pqc_client_6 total=1 ok=1 err=0
[*] Resumen guardado en: results/hybrid_p1_aggressive_c6_002_resource_summary.txt
RUN_ID: hybrid_p1_aggressive_c6_002
CSV: results/hybrid_p1_aggressive_c6_002_docker_stats.csv

=== Resumen CPU% y MEM% (avg / max) por contenedor ===
pqc_client_2 -> CPU avg=0.00%, CPU max=0.00%, MEM avg=0.02%, MEM max=0.02%
pqc_client_3 -> CPU avg=0.00%, CPU max=0.00%, MEM avg=0.02%, MEM max=0.02%
pqc_monitor -> CPU avg=0.15%, CPU max=0.26%, MEM avg=0.09%, MEM max=0.09%
pqc_client_4 -> CPU avg=0.00%, CPU max=0.00%, MEM avg=0.02%, MEM max=0.02%
pqc_client_5 -> CPU avg=0.00%, CPU max=0.00%, MEM avg=0.02%, MEM max=0.02%
pqc_server -> CPU avg=0.00%, CPU max=0.00%, MEM avg=0.11%, MEM max=0.11%
pqc_client_6 -> CPU avg=0.00%, CPU max=0.00%, MEM avg=0.07%, MEM max=0.07%
pqc_client -> CPU avg=0.00%, CPU max=0.00%, MEM avg=0.04%, MEM max=0.04%
[2026-05-16 18:17:04] [*] Parando captura en pqc_monitor para hybrid_p1_aggressive_c6_002
[*] Métricas TXT guardadas en results/hybrid_p1_aggressive_c6_002_metrics.txt
[*] Métricas CSV guardadas en results/hybrid_p1_aggressive_c6_002_metrics.csv
[2026-05-16 18:17:27] === RUN END: hybrid_p1_aggressive_c6_002 ===

[2026-05-16 18:17:27] === RUN START: hybrid_p1_aggressive_c6_003 ===
[2026-05-16 18:17:27] [*] Arrancando captura en pqc_monitor (eth0) para hybrid_p1_aggressive_c6_003
[*] Guardando muestras en: results/hybrid_p1_aggressive_c6_003_docker_stats.csv
[*] Ejecutando comando medido: bash -lc ./scripts/run_client_once_rafaga_hibrido.sh hybrid_p1_aggressive_c6_003 6; sleep 3
[*] Ráfaga híbrida completada: 6 conexiones en 6 clientes (poisson_jitter)
=== host results ===
-rw-rw-r-- 1 cristian cristian    1350 may 16 18:17 hybrid_p1_aggressive_c6_003_client_err.txt
-rw-rw-r-- 1 cristian cristian     524 may 16 18:17 hybrid_p1_aggressive_c6_003_client.txt
-rw-rw-r-- 1 cristian cristian      69 may 16 18:17 hybrid_p1_aggressive_c6_003_docker_stats.csv
-rw-r--r-- 1 root     root         225 may 16 18:17 hybrid_p1_aggressive_c6_003_pqc_client_2_client_err.txt
-rw-r--r-- 1 root     root        2587 may 16 18:17 hybrid_p1_aggressive_c6_003_pqc_client_2_client.txt
-rw-r--r-- 1 root     root          39 may 16 18:17 hybrid_p1_aggressive_c6_003_pqc_client_2_summary.txt
-rw-r--r-- 1 root     root         225 may 16 18:17 hybrid_p1_aggressive_c6_003_pqc_client_3_client_err.txt
-rw-r--r-- 1 root     root        2587 may 16 18:17 hybrid_p1_aggressive_c6_003_pqc_client_3_client.txt
-rw-r--r-- 1 root     root          39 may 16 18:17 hybrid_p1_aggressive_c6_003_pqc_client_3_summary.txt
-rw-r--r-- 1 root     root         225 may 16 18:17 hybrid_p1_aggressive_c6_003_pqc_client_4_client_err.txt
-rw-r--r-- 1 root     root        2587 may 16 18:17 hybrid_p1_aggressive_c6_003_pqc_client_4_client.txt
-rw-r--r-- 1 root     root          39 may 16 18:17 hybrid_p1_aggressive_c6_003_pqc_client_4_summary.txt
-rw-r--r-- 1 root     root         225 may 16 18:17 hybrid_p1_aggressive_c6_003_pqc_client_5_client_err.txt
-rw-r--r-- 1 root     root        2587 may 16 18:17 hybrid_p1_aggressive_c6_003_pqc_client_5_client.txt
-rw-r--r-- 1 root     root          39 may 16 18:17 hybrid_p1_aggressive_c6_003_pqc_client_5_summary.txt
-rw-r--r-- 1 root     root         225 may 16 18:17 hybrid_p1_aggressive_c6_003_pqc_client_6_client_err.txt
-rw-r--r-- 1 root     root        2587 may 16 18:17 hybrid_p1_aggressive_c6_003_pqc_client_6_client.txt
-rw-r--r-- 1 root     root          39 may 16 18:17 hybrid_p1_aggressive_c6_003_pqc_client_6_summary.txt
-rw-r--r-- 1 root     root         225 may 16 18:17 hybrid_p1_aggressive_c6_003_pqc_client_client_err.txt
-rw-r--r-- 1 root     root        2587 may 16 18:17 hybrid_p1_aggressive_c6_003_pqc_client_client.txt
-rw-r--r-- 1 root     root          37 may 16 18:17 hybrid_p1_aggressive_c6_003_pqc_client_summary.txt
=== resumen por cliente ===
[*] Perfil poisson_jitter: llegadas no sincronizadas con Poisson+jitter
[*] pqc_client <= plan: 1:0.052313
[*] pqc_client_2 <= plan: 2:0.052313
[*] pqc_client_3 <= plan: 3:0.052313
[*] pqc_client_4 <= plan: 4:0.052313
[*] pqc_client_5 <= plan: 5:0.052313
[*] pqc_client_6 <= plan: 6:0.052313
client=pqc_client total=1 ok=1 err=0
client=pqc_client_2 total=1 ok=1 err=0
client=pqc_client_3 total=1 ok=1 err=0
client=pqc_client_4 total=1 ok=1 err=0
client=pqc_client_5 total=1 ok=1 err=0
client=pqc_client_6 total=1 ok=1 err=0
[*] Resumen guardado en: results/hybrid_p1_aggressive_c6_003_resource_summary.txt
RUN_ID: hybrid_p1_aggressive_c6_003
CSV: results/hybrid_p1_aggressive_c6_003_docker_stats.csv

=== Resumen CPU% y MEM% (avg / max) por contenedor ===
pqc_client_2 -> CPU avg=0.00%, CPU max=0.00%, MEM avg=0.02%, MEM max=0.02%
pqc_client_3 -> CPU avg=0.00%, CPU max=0.00%, MEM avg=0.02%, MEM max=0.02%
pqc_monitor -> CPU avg=0.04%, CPU max=0.09%, MEM avg=0.09%, MEM max=0.09%
pqc_client_4 -> CPU avg=0.00%, CPU max=0.00%, MEM avg=0.02%, MEM max=0.02%
pqc_client_5 -> CPU avg=0.00%, CPU max=0.00%, MEM avg=0.02%, MEM max=0.02%
pqc_server -> CPU avg=0.00%, CPU max=0.00%, MEM avg=0.11%, MEM max=0.11%
pqc_client_6 -> CPU avg=0.00%, CPU max=0.00%, MEM avg=0.07%, MEM max=0.07%
pqc_client -> CPU avg=0.00%, CPU max=0.00%, MEM avg=0.04%, MEM max=0.04%
[2026-05-16 18:17:40] [*] Parando captura en pqc_monitor para hybrid_p1_aggressive_c6_003
[*] Métricas TXT guardadas en results/hybrid_p1_aggressive_c6_003_metrics.txt
[*] Métricas CSV guardadas en results/hybrid_p1_aggressive_c6_003_metrics.csv
[2026-05-16 18:18:03] === RUN END: hybrid_p1_aggressive_c6_003 ===

[2026-05-16 18:18:03] === RUN START: hybrid_p1_aggressive_c6_004 ===
[2026-05-16 18:18:03] [*] Arrancando captura en pqc_monitor (eth0) para hybrid_p1_aggressive_c6_004
[*] Guardando muestras en: results/hybrid_p1_aggressive_c6_004_docker_stats.csv
[*] Ejecutando comando medido: bash -lc ./scripts/run_client_once_rafaga_hibrido.sh hybrid_p1_aggressive_c6_004 6; sleep 3
[*] Ráfaga híbrida completada: 6 conexiones en 6 clientes (poisson_jitter)
=== host results ===
-rw-rw-r-- 1 cristian cristian    1350 may 16 18:18 hybrid_p1_aggressive_c6_004_client_err.txt
-rw-rw-r-- 1 cristian cristian     524 may 16 18:18 hybrid_p1_aggressive_c6_004_client.txt
-rw-rw-r-- 1 cristian cristian      69 may 16 18:18 hybrid_p1_aggressive_c6_004_docker_stats.csv
-rw-r--r-- 1 root     root         225 may 16 18:18 hybrid_p1_aggressive_c6_004_pqc_client_2_client_err.txt
-rw-r--r-- 1 root     root        2587 may 16 18:18 hybrid_p1_aggressive_c6_004_pqc_client_2_client.txt
-rw-r--r-- 1 root     root          39 may 16 18:18 hybrid_p1_aggressive_c6_004_pqc_client_2_summary.txt
-rw-r--r-- 1 root     root         225 may 16 18:18 hybrid_p1_aggressive_c6_004_pqc_client_3_client_err.txt
-rw-r--r-- 1 root     root        2587 may 16 18:18 hybrid_p1_aggressive_c6_004_pqc_client_3_client.txt
-rw-r--r-- 1 root     root          39 may 16 18:18 hybrid_p1_aggressive_c6_004_pqc_client_3_summary.txt
-rw-r--r-- 1 root     root         225 may 16 18:18 hybrid_p1_aggressive_c6_004_pqc_client_4_client_err.txt
-rw-r--r-- 1 root     root        2587 may 16 18:18 hybrid_p1_aggressive_c6_004_pqc_client_4_client.txt
-rw-r--r-- 1 root     root          39 may 16 18:18 hybrid_p1_aggressive_c6_004_pqc_client_4_summary.txt
-rw-r--r-- 1 root     root         225 may 16 18:18 hybrid_p1_aggressive_c6_004_pqc_client_5_client_err.txt
-rw-r--r-- 1 root     root        2587 may 16 18:18 hybrid_p1_aggressive_c6_004_pqc_client_5_client.txt
-rw-r--r-- 1 root     root          39 may 16 18:18 hybrid_p1_aggressive_c6_004_pqc_client_5_summary.txt
-rw-r--r-- 1 root     root         225 may 16 18:18 hybrid_p1_aggressive_c6_004_pqc_client_6_client_err.txt
-rw-r--r-- 1 root     root        2587 may 16 18:18 hybrid_p1_aggressive_c6_004_pqc_client_6_client.txt
-rw-r--r-- 1 root     root          39 may 16 18:18 hybrid_p1_aggressive_c6_004_pqc_client_6_summary.txt
-rw-r--r-- 1 root     root         225 may 16 18:18 hybrid_p1_aggressive_c6_004_pqc_client_client_err.txt
-rw-r--r-- 1 root     root        2587 may 16 18:18 hybrid_p1_aggressive_c6_004_pqc_client_client.txt
-rw-r--r-- 1 root     root          37 may 16 18:18 hybrid_p1_aggressive_c6_004_pqc_client_summary.txt
=== resumen por cliente ===
[*] Perfil poisson_jitter: llegadas no sincronizadas con Poisson+jitter
[*] pqc_client <= plan: 1:0.033713
[*] pqc_client_2 <= plan: 2:0.033713
[*] pqc_client_3 <= plan: 3:0.033713
[*] pqc_client_4 <= plan: 4:0.033713
[*] pqc_client_5 <= plan: 5:0.033713
[*] pqc_client_6 <= plan: 6:0.033713
client=pqc_client total=1 ok=1 err=0
client=pqc_client_2 total=1 ok=1 err=0
client=pqc_client_3 total=1 ok=1 err=0
client=pqc_client_4 total=1 ok=1 err=0
client=pqc_client_5 total=1 ok=1 err=0
client=pqc_client_6 total=1 ok=1 err=0
[*] Resumen guardado en: results/hybrid_p1_aggressive_c6_004_resource_summary.txt
RUN_ID: hybrid_p1_aggressive_c6_004
CSV: results/hybrid_p1_aggressive_c6_004_docker_stats.csv

=== Resumen CPU% y MEM% (avg / max) por contenedor ===
pqc_client_2 -> CPU avg=4.33%, CPU max=12.98%, MEM avg=0.02%, MEM max=0.02%
pqc_client_3 -> CPU avg=0.00%, CPU max=0.00%, MEM avg=0.03%, MEM max=0.03%
pqc_monitor -> CPU avg=0.09%, CPU max=0.16%, MEM avg=0.09%, MEM max=0.09%
pqc_client_4 -> CPU avg=0.00%, CPU max=0.00%, MEM avg=0.02%, MEM max=0.02%
pqc_client_5 -> CPU avg=0.00%, CPU max=0.00%, MEM avg=0.02%, MEM max=0.02%
pqc_server -> CPU avg=0.00%, CPU max=0.00%, MEM avg=0.11%, MEM max=0.11%
pqc_client_6 -> CPU avg=0.00%, CPU max=0.00%, MEM avg=0.07%, MEM max=0.07%
pqc_client -> CPU avg=4.23%, CPU max=12.70%, MEM avg=0.04%, MEM max=0.04%
[2026-05-16 18:18:16] [*] Parando captura en pqc_monitor para hybrid_p1_aggressive_c6_004
[*] Métricas TXT guardadas en results/hybrid_p1_aggressive_c6_004_metrics.txt
[*] Métricas CSV guardadas en results/hybrid_p1_aggressive_c6_004_metrics.csv
[2026-05-16 18:18:39] === RUN END: hybrid_p1_aggressive_c6_004 ===

[2026-05-16 18:18:39] === RUN START: hybrid_p1_aggressive_c6_005 ===
[2026-05-16 18:18:39] [*] Arrancando captura en pqc_monitor (eth0) para hybrid_p1_aggressive_c6_005
[*] Guardando muestras en: results/hybrid_p1_aggressive_c6_005_docker_stats.csv
[*] Ejecutando comando medido: bash -lc ./scripts/run_client_once_rafaga_hibrido.sh hybrid_p1_aggressive_c6_005 6; sleep 3
[*] Ráfaga híbrida completada: 6 conexiones en 6 clientes (poisson_jitter)
=== host results ===
-rw-rw-r-- 1 cristian cristian    1350 may 16 18:18 hybrid_p1_aggressive_c6_005_client_err.txt
-rw-rw-r-- 1 cristian cristian     524 may 16 18:18 hybrid_p1_aggressive_c6_005_client.txt
-rw-rw-r-- 1 cristian cristian      69 may 16 18:18 hybrid_p1_aggressive_c6_005_docker_stats.csv
-rw-r--r-- 1 root     root         225 may 16 18:18 hybrid_p1_aggressive_c6_005_pqc_client_2_client_err.txt
-rw-r--r-- 1 root     root        2587 may 16 18:18 hybrid_p1_aggressive_c6_005_pqc_client_2_client.txt
-rw-r--r-- 1 root     root          39 may 16 18:18 hybrid_p1_aggressive_c6_005_pqc_client_2_summary.txt
-rw-r--r-- 1 root     root         225 may 16 18:18 hybrid_p1_aggressive_c6_005_pqc_client_3_client_err.txt
-rw-r--r-- 1 root     root        2587 may 16 18:18 hybrid_p1_aggressive_c6_005_pqc_client_3_client.txt
-rw-r--r-- 1 root     root          39 may 16 18:18 hybrid_p1_aggressive_c6_005_pqc_client_3_summary.txt
-rw-r--r-- 1 root     root         225 may 16 18:18 hybrid_p1_aggressive_c6_005_pqc_client_4_client_err.txt
-rw-r--r-- 1 root     root        2587 may 16 18:18 hybrid_p1_aggressive_c6_005_pqc_client_4_client.txt
-rw-r--r-- 1 root     root          39 may 16 18:18 hybrid_p1_aggressive_c6_005_pqc_client_4_summary.txt
-rw-r--r-- 1 root     root         225 may 16 18:18 hybrid_p1_aggressive_c6_005_pqc_client_5_client_err.txt
-rw-r--r-- 1 root     root        2587 may 16 18:18 hybrid_p1_aggressive_c6_005_pqc_client_5_client.txt
-rw-r--r-- 1 root     root          39 may 16 18:18 hybrid_p1_aggressive_c6_005_pqc_client_5_summary.txt
-rw-r--r-- 1 root     root         225 may 16 18:18 hybrid_p1_aggressive_c6_005_pqc_client_6_client_err.txt
-rw-r--r-- 1 root     root        2587 may 16 18:18 hybrid_p1_aggressive_c6_005_pqc_client_6_client.txt
-rw-r--r-- 1 root     root          39 may 16 18:18 hybrid_p1_aggressive_c6_005_pqc_client_6_summary.txt
-rw-r--r-- 1 root     root         225 may 16 18:18 hybrid_p1_aggressive_c6_005_pqc_client_client_err.txt
-rw-r--r-- 1 root     root        2587 may 16 18:18 hybrid_p1_aggressive_c6_005_pqc_client_client.txt
-rw-r--r-- 1 root     root          37 may 16 18:18 hybrid_p1_aggressive_c6_005_pqc_client_summary.txt
=== resumen por cliente ===
[*] Perfil poisson_jitter: llegadas no sincronizadas con Poisson+jitter
[*] pqc_client <= plan: 1:0.039024
[*] pqc_client_2 <= plan: 2:0.039024
[*] pqc_client_3 <= plan: 3:0.039024
[*] pqc_client_4 <= plan: 4:0.039024
[*] pqc_client_5 <= plan: 5:0.039024
[*] pqc_client_6 <= plan: 6:0.039024
client=pqc_client total=1 ok=1 err=0
client=pqc_client_2 total=1 ok=1 err=0
client=pqc_client_3 total=1 ok=1 err=0
client=pqc_client_4 total=1 ok=1 err=0
client=pqc_client_5 total=1 ok=1 err=0
client=pqc_client_6 total=1 ok=1 err=0
[*] Resumen guardado en: results/hybrid_p1_aggressive_c6_005_resource_summary.txt
RUN_ID: hybrid_p1_aggressive_c6_005
CSV: results/hybrid_p1_aggressive_c6_005_docker_stats.csv

=== Resumen CPU% y MEM% (avg / max) por contenedor ===
pqc_client_2 -> CPU avg=0.00%, CPU max=0.00%, MEM avg=0.02%, MEM max=0.02%
pqc_client_3 -> CPU avg=0.00%, CPU max=0.00%, MEM avg=0.03%, MEM max=0.03%
pqc_monitor -> CPU avg=0.05%, CPU max=0.07%, MEM avg=0.09%, MEM max=0.09%
pqc_client_4 -> CPU avg=4.28%, CPU max=12.84%, MEM avg=0.02%, MEM max=0.02%
pqc_client_5 -> CPU avg=0.00%, CPU max=0.00%, MEM avg=0.02%, MEM max=0.02%
pqc_server -> CPU avg=0.00%, CPU max=0.00%, MEM avg=0.11%, MEM max=0.11%
pqc_client_6 -> CPU avg=0.00%, CPU max=0.00%, MEM avg=0.07%, MEM max=0.07%
pqc_client -> CPU avg=0.00%, CPU max=0.00%, MEM avg=0.04%, MEM max=0.04%
[2026-05-16 18:18:52] [*] Parando captura en pqc_monitor para hybrid_p1_aggressive_c6_005
[*] Métricas TXT guardadas en results/hybrid_p1_aggressive_c6_005_metrics.txt
[*] Métricas CSV guardadas en results/hybrid_p1_aggressive_c6_005_metrics.csv
[2026-05-16 18:19:15] === RUN END: hybrid_p1_aggressive_c6_005 ===

[2026-05-16 18:19:15] === RUN START: hybrid_p1_soft_c6_001 ===
[2026-05-16 18:19:15] [*] Arrancando captura en pqc_monitor (eth0) para hybrid_p1_soft_c6_001
[*] Guardando muestras en: results/hybrid_p1_soft_c6_001_docker_stats.csv
[*] Ejecutando comando medido: bash -lc ./scripts/run_client_once_rafaga_hibrido.sh hybrid_p1_soft_c6_001 6; sleep 3
[*] Ráfaga híbrida completada: 6 conexiones en 6 clientes (poisson_jitter)
=== host results ===
-rw-rw-r-- 1 cristian cristian    1350 may 16 18:19 hybrid_p1_soft_c6_001_client_err.txt
-rw-rw-r-- 1 cristian cristian     524 may 16 18:19 hybrid_p1_soft_c6_001_client.txt
-rw-rw-r-- 1 cristian cristian      69 may 16 18:19 hybrid_p1_soft_c6_001_docker_stats.csv
-rw-r--r-- 1 root     root         225 may 16 18:19 hybrid_p1_soft_c6_001_pqc_client_2_client_err.txt
-rw-r--r-- 1 root     root        2587 may 16 18:19 hybrid_p1_soft_c6_001_pqc_client_2_client.txt
-rw-r--r-- 1 root     root          39 may 16 18:19 hybrid_p1_soft_c6_001_pqc_client_2_summary.txt
-rw-r--r-- 1 root     root         225 may 16 18:19 hybrid_p1_soft_c6_001_pqc_client_3_client_err.txt
-rw-r--r-- 1 root     root        2587 may 16 18:19 hybrid_p1_soft_c6_001_pqc_client_3_client.txt
-rw-r--r-- 1 root     root          39 may 16 18:19 hybrid_p1_soft_c6_001_pqc_client_3_summary.txt
-rw-r--r-- 1 root     root         225 may 16 18:19 hybrid_p1_soft_c6_001_pqc_client_4_client_err.txt
-rw-r--r-- 1 root     root        2587 may 16 18:19 hybrid_p1_soft_c6_001_pqc_client_4_client.txt
-rw-r--r-- 1 root     root          39 may 16 18:19 hybrid_p1_soft_c6_001_pqc_client_4_summary.txt
-rw-r--r-- 1 root     root         225 may 16 18:19 hybrid_p1_soft_c6_001_pqc_client_5_client_err.txt
-rw-r--r-- 1 root     root        2587 may 16 18:19 hybrid_p1_soft_c6_001_pqc_client_5_client.txt
-rw-r--r-- 1 root     root          39 may 16 18:19 hybrid_p1_soft_c6_001_pqc_client_5_summary.txt
-rw-r--r-- 1 root     root         225 may 16 18:19 hybrid_p1_soft_c6_001_pqc_client_6_client_err.txt
-rw-r--r-- 1 root     root        2587 may 16 18:19 hybrid_p1_soft_c6_001_pqc_client_6_client.txt
-rw-r--r-- 1 root     root          39 may 16 18:19 hybrid_p1_soft_c6_001_pqc_client_6_summary.txt
-rw-r--r-- 1 root     root         225 may 16 18:19 hybrid_p1_soft_c6_001_pqc_client_client_err.txt
-rw-r--r-- 1 root     root        2587 may 16 18:19 hybrid_p1_soft_c6_001_pqc_client_client.txt
-rw-r--r-- 1 root     root          37 may 16 18:19 hybrid_p1_soft_c6_001_pqc_client_summary.txt
=== resumen por cliente ===
[*] Perfil poisson_jitter: llegadas no sincronizadas con Poisson+jitter
[*] pqc_client <= plan: 1:0.000000
[*] pqc_client_2 <= plan: 2:0.000000
[*] pqc_client_3 <= plan: 3:0.000000
[*] pqc_client_4 <= plan: 4:0.000000
[*] pqc_client_5 <= plan: 5:0.000000
[*] pqc_client_6 <= plan: 6:0.000000
client=pqc_client total=1 ok=1 err=0
client=pqc_client_2 total=1 ok=1 err=0
client=pqc_client_3 total=1 ok=1 err=0
client=pqc_client_4 total=1 ok=1 err=0
client=pqc_client_5 total=1 ok=1 err=0
client=pqc_client_6 total=1 ok=1 err=0
[*] Resumen guardado en: results/hybrid_p1_soft_c6_001_resource_summary.txt
RUN_ID: hybrid_p1_soft_c6_001
CSV: results/hybrid_p1_soft_c6_001_docker_stats.csv

=== Resumen CPU% y MEM% (avg / max) por contenedor ===
pqc_client_2 -> CPU avg=0.00%, CPU max=0.00%, MEM avg=0.02%, MEM max=0.02%
pqc_client_3 -> CPU avg=0.00%, CPU max=0.00%, MEM avg=0.03%, MEM max=0.03%
pqc_monitor -> CPU avg=0.05%, CPU max=0.07%, MEM avg=0.09%, MEM max=0.09%
pqc_client_4 -> CPU avg=0.00%, CPU max=0.00%, MEM avg=0.02%, MEM max=0.02%
pqc_client_5 -> CPU avg=5.93%, CPU max=11.86%, MEM avg=0.02%, MEM max=0.02%
pqc_server -> CPU avg=0.00%, CPU max=0.00%, MEM avg=0.11%, MEM max=0.11%
pqc_client_6 -> CPU avg=0.00%, CPU max=0.00%, MEM avg=0.07%, MEM max=0.07%
pqc_client -> CPU avg=0.00%, CPU max=0.00%, MEM avg=0.04%, MEM max=0.04%
[2026-05-16 18:19:25] [*] Parando captura en pqc_monitor para hybrid_p1_soft_c6_001
[*] Métricas TXT guardadas en results/hybrid_p1_soft_c6_001_metrics.txt
[*] Métricas CSV guardadas en results/hybrid_p1_soft_c6_001_metrics.csv
[2026-05-16 18:19:49] === RUN END: hybrid_p1_soft_c6_001 ===

[2026-05-16 18:19:49] === RUN START: hybrid_p1_soft_c6_002 ===
[2026-05-16 18:19:49] [*] Arrancando captura en pqc_monitor (eth0) para hybrid_p1_soft_c6_002
[*] Guardando muestras en: results/hybrid_p1_soft_c6_002_docker_stats.csv
[*] Ejecutando comando medido: bash -lc ./scripts/run_client_once_rafaga_hibrido.sh hybrid_p1_soft_c6_002 6; sleep 3
[*] Ráfaga híbrida completada: 6 conexiones en 6 clientes (poisson_jitter)
=== host results ===
-rw-rw-r-- 1 cristian cristian    1350 may 16 18:19 hybrid_p1_soft_c6_002_client_err.txt
-rw-rw-r-- 1 cristian cristian     524 may 16 18:19 hybrid_p1_soft_c6_002_client.txt
-rw-rw-r-- 1 cristian cristian      69 may 16 18:19 hybrid_p1_soft_c6_002_docker_stats.csv
-rw-r--r-- 1 root     root         225 may 16 18:19 hybrid_p1_soft_c6_002_pqc_client_2_client_err.txt
-rw-r--r-- 1 root     root        2587 may 16 18:19 hybrid_p1_soft_c6_002_pqc_client_2_client.txt
-rw-r--r-- 1 root     root          39 may 16 18:19 hybrid_p1_soft_c6_002_pqc_client_2_summary.txt
-rw-r--r-- 1 root     root         225 may 16 18:19 hybrid_p1_soft_c6_002_pqc_client_3_client_err.txt
-rw-r--r-- 1 root     root        2587 may 16 18:19 hybrid_p1_soft_c6_002_pqc_client_3_client.txt
-rw-r--r-- 1 root     root          39 may 16 18:19 hybrid_p1_soft_c6_002_pqc_client_3_summary.txt
-rw-r--r-- 1 root     root         225 may 16 18:19 hybrid_p1_soft_c6_002_pqc_client_4_client_err.txt
-rw-r--r-- 1 root     root        2587 may 16 18:19 hybrid_p1_soft_c6_002_pqc_client_4_client.txt
-rw-r--r-- 1 root     root          39 may 16 18:19 hybrid_p1_soft_c6_002_pqc_client_4_summary.txt
-rw-r--r-- 1 root     root         225 may 16 18:19 hybrid_p1_soft_c6_002_pqc_client_5_client_err.txt
-rw-r--r-- 1 root     root        2587 may 16 18:19 hybrid_p1_soft_c6_002_pqc_client_5_client.txt
-rw-r--r-- 1 root     root          39 may 16 18:19 hybrid_p1_soft_c6_002_pqc_client_5_summary.txt
-rw-r--r-- 1 root     root         225 may 16 18:19 hybrid_p1_soft_c6_002_pqc_client_6_client_err.txt
-rw-r--r-- 1 root     root        2587 may 16 18:19 hybrid_p1_soft_c6_002_pqc_client_6_client.txt
-rw-r--r-- 1 root     root          39 may 16 18:19 hybrid_p1_soft_c6_002_pqc_client_6_summary.txt
-rw-r--r-- 1 root     root         225 may 16 18:19 hybrid_p1_soft_c6_002_pqc_client_client_err.txt
-rw-r--r-- 1 root     root        2587 may 16 18:19 hybrid_p1_soft_c6_002_pqc_client_client.txt
-rw-r--r-- 1 root     root          37 may 16 18:19 hybrid_p1_soft_c6_002_pqc_client_summary.txt
=== resumen por cliente ===
[*] Perfil poisson_jitter: llegadas no sincronizadas con Poisson+jitter
[*] pqc_client <= plan: 1:0.323240
[*] pqc_client_2 <= plan: 2:0.323240
[*] pqc_client_3 <= plan: 3:0.323240
[*] pqc_client_4 <= plan: 4:0.323240
[*] pqc_client_5 <= plan: 5:0.323240
[*] pqc_client_6 <= plan: 6:0.323240
client=pqc_client total=1 ok=1 err=0
client=pqc_client_2 total=1 ok=1 err=0
client=pqc_client_3 total=1 ok=1 err=0
client=pqc_client_4 total=1 ok=1 err=0
client=pqc_client_5 total=1 ok=1 err=0
client=pqc_client_6 total=1 ok=1 err=0
[*] Resumen guardado en: results/hybrid_p1_soft_c6_002_resource_summary.txt
RUN_ID: hybrid_p1_soft_c6_002
CSV: results/hybrid_p1_soft_c6_002_docker_stats.csv

=== Resumen CPU% y MEM% (avg / max) por contenedor ===
pqc_client_2 -> CPU avg=0.00%, CPU max=0.00%, MEM avg=0.02%, MEM max=0.02%
pqc_client_3 -> CPU avg=0.00%, CPU max=0.00%, MEM avg=0.03%, MEM max=0.03%
pqc_monitor -> CPU avg=0.08%, CPU max=0.12%, MEM avg=0.09%, MEM max=0.09%
pqc_client_4 -> CPU avg=0.00%, CPU max=0.00%, MEM avg=0.02%, MEM max=0.02%
pqc_client_5 -> CPU avg=0.00%, CPU max=0.00%, MEM avg=0.02%, MEM max=0.02%
pqc_server -> CPU avg=0.00%, CPU max=0.00%, MEM avg=0.11%, MEM max=0.11%
pqc_client_6 -> CPU avg=0.00%, CPU max=0.00%, MEM avg=0.07%, MEM max=0.07%
pqc_client -> CPU avg=0.00%, CPU max=0.00%, MEM avg=0.04%, MEM max=0.04%
[2026-05-16 18:20:02] [*] Parando captura en pqc_monitor para hybrid_p1_soft_c6_002
[*] Métricas TXT guardadas en results/hybrid_p1_soft_c6_002_metrics.txt
[*] Métricas CSV guardadas en results/hybrid_p1_soft_c6_002_metrics.csv
[2026-05-16 18:20:26] === RUN END: hybrid_p1_soft_c6_002 ===

[2026-05-16 18:20:26] === RUN START: hybrid_p1_soft_c6_003 ===
[2026-05-16 18:20:26] [*] Arrancando captura en pqc_monitor (eth0) para hybrid_p1_soft_c6_003
[*] Guardando muestras en: results/hybrid_p1_soft_c6_003_docker_stats.csv
[*] Ejecutando comando medido: bash -lc ./scripts/run_client_once_rafaga_hibrido.sh hybrid_p1_soft_c6_003 6; sleep 3
[*] Ráfaga híbrida completada: 6 conexiones en 6 clientes (poisson_jitter)
=== host results ===
-rw-rw-r-- 1 cristian cristian    1350 may 16 18:20 hybrid_p1_soft_c6_003_client_err.txt
-rw-rw-r-- 1 cristian cristian     524 may 16 18:20 hybrid_p1_soft_c6_003_client.txt
-rw-rw-r-- 1 cristian cristian      69 may 16 18:20 hybrid_p1_soft_c6_003_docker_stats.csv
-rw-r--r-- 1 root     root         225 may 16 18:20 hybrid_p1_soft_c6_003_pqc_client_2_client_err.txt
-rw-r--r-- 1 root     root        2587 may 16 18:20 hybrid_p1_soft_c6_003_pqc_client_2_client.txt
-rw-r--r-- 1 root     root          39 may 16 18:20 hybrid_p1_soft_c6_003_pqc_client_2_summary.txt
-rw-r--r-- 1 root     root         225 may 16 18:20 hybrid_p1_soft_c6_003_pqc_client_3_client_err.txt
-rw-r--r-- 1 root     root        2587 may 16 18:20 hybrid_p1_soft_c6_003_pqc_client_3_client.txt
-rw-r--r-- 1 root     root          39 may 16 18:20 hybrid_p1_soft_c6_003_pqc_client_3_summary.txt
-rw-r--r-- 1 root     root         225 may 16 18:20 hybrid_p1_soft_c6_003_pqc_client_4_client_err.txt
-rw-r--r-- 1 root     root        2587 may 16 18:20 hybrid_p1_soft_c6_003_pqc_client_4_client.txt
-rw-r--r-- 1 root     root          39 may 16 18:20 hybrid_p1_soft_c6_003_pqc_client_4_summary.txt
-rw-r--r-- 1 root     root         225 may 16 18:20 hybrid_p1_soft_c6_003_pqc_client_5_client_err.txt
-rw-r--r-- 1 root     root        2587 may 16 18:20 hybrid_p1_soft_c6_003_pqc_client_5_client.txt
-rw-r--r-- 1 root     root          39 may 16 18:20 hybrid_p1_soft_c6_003_pqc_client_5_summary.txt
-rw-r--r-- 1 root     root         225 may 16 18:20 hybrid_p1_soft_c6_003_pqc_client_6_client_err.txt
-rw-r--r-- 1 root     root        2587 may 16 18:20 hybrid_p1_soft_c6_003_pqc_client_6_client.txt
-rw-r--r-- 1 root     root          39 may 16 18:20 hybrid_p1_soft_c6_003_pqc_client_6_summary.txt
-rw-r--r-- 1 root     root         225 may 16 18:20 hybrid_p1_soft_c6_003_pqc_client_client_err.txt
-rw-r--r-- 1 root     root        2587 may 16 18:20 hybrid_p1_soft_c6_003_pqc_client_client.txt
-rw-r--r-- 1 root     root          37 may 16 18:20 hybrid_p1_soft_c6_003_pqc_client_summary.txt
=== resumen por cliente ===
[*] Perfil poisson_jitter: llegadas no sincronizadas con Poisson+jitter
[*] pqc_client <= plan: 1:0.282996
[*] pqc_client_2 <= plan: 2:0.282996
[*] pqc_client_3 <= plan: 3:0.282996
[*] pqc_client_4 <= plan: 4:0.282996
[*] pqc_client_5 <= plan: 5:0.282996
[*] pqc_client_6 <= plan: 6:0.282996
client=pqc_client total=1 ok=1 err=0
client=pqc_client_2 total=1 ok=1 err=0
client=pqc_client_3 total=1 ok=1 err=0
client=pqc_client_4 total=1 ok=1 err=0
client=pqc_client_5 total=1 ok=1 err=0
client=pqc_client_6 total=1 ok=1 err=0
[*] Resumen guardado en: results/hybrid_p1_soft_c6_003_resource_summary.txt
RUN_ID: hybrid_p1_soft_c6_003
CSV: results/hybrid_p1_soft_c6_003_docker_stats.csv

=== Resumen CPU% y MEM% (avg / max) por contenedor ===
pqc_client_2 -> CPU avg=0.00%, CPU max=0.00%, MEM avg=0.02%, MEM max=0.02%
pqc_client_3 -> CPU avg=0.00%, CPU max=0.00%, MEM avg=0.03%, MEM max=0.03%
pqc_monitor -> CPU avg=0.08%, CPU max=0.13%, MEM avg=0.09%, MEM max=0.09%
pqc_client_4 -> CPU avg=0.00%, CPU max=0.00%, MEM avg=0.02%, MEM max=0.02%
pqc_client_5 -> CPU avg=0.00%, CPU max=0.00%, MEM avg=0.02%, MEM max=0.02%
pqc_server -> CPU avg=0.00%, CPU max=0.00%, MEM avg=0.11%, MEM max=0.11%
pqc_client_6 -> CPU avg=0.00%, CPU max=0.00%, MEM avg=0.07%, MEM max=0.07%
pqc_client -> CPU avg=0.00%, CPU max=0.00%, MEM avg=0.05%, MEM max=0.05%
[2026-05-16 18:20:38] [*] Parando captura en pqc_monitor para hybrid_p1_soft_c6_003
[*] Métricas TXT guardadas en results/hybrid_p1_soft_c6_003_metrics.txt
[*] Métricas CSV guardadas en results/hybrid_p1_soft_c6_003_metrics.csv
[2026-05-16 18:21:01] === RUN END: hybrid_p1_soft_c6_003 ===

[2026-05-16 18:21:01] === RUN START: hybrid_p1_soft_c6_004 ===
[2026-05-16 18:21:01] [*] Arrancando captura en pqc_monitor (eth0) para hybrid_p1_soft_c6_004
[*] Guardando muestras en: results/hybrid_p1_soft_c6_004_docker_stats.csv
[*] Ejecutando comando medido: bash -lc ./scripts/run_client_once_rafaga_hibrido.sh hybrid_p1_soft_c6_004 6; sleep 3
[*] Ráfaga híbrida completada: 6 conexiones en 6 clientes (poisson_jitter)
=== host results ===
-rw-rw-r-- 1 cristian cristian    1350 may 16 18:21 hybrid_p1_soft_c6_004_client_err.txt
-rw-rw-r-- 1 cristian cristian     524 may 16 18:21 hybrid_p1_soft_c6_004_client.txt
-rw-rw-r-- 1 cristian cristian      69 may 16 18:21 hybrid_p1_soft_c6_004_docker_stats.csv
-rw-r--r-- 1 root     root         225 may 16 18:21 hybrid_p1_soft_c6_004_pqc_client_2_client_err.txt
-rw-r--r-- 1 root     root        2587 may 16 18:21 hybrid_p1_soft_c6_004_pqc_client_2_client.txt
-rw-r--r-- 1 root     root          39 may 16 18:21 hybrid_p1_soft_c6_004_pqc_client_2_summary.txt
-rw-r--r-- 1 root     root         225 may 16 18:21 hybrid_p1_soft_c6_004_pqc_client_3_client_err.txt
-rw-r--r-- 1 root     root        2587 may 16 18:21 hybrid_p1_soft_c6_004_pqc_client_3_client.txt
-rw-r--r-- 1 root     root          39 may 16 18:21 hybrid_p1_soft_c6_004_pqc_client_3_summary.txt
-rw-r--r-- 1 root     root         225 may 16 18:21 hybrid_p1_soft_c6_004_pqc_client_4_client_err.txt
-rw-r--r-- 1 root     root        2587 may 16 18:21 hybrid_p1_soft_c6_004_pqc_client_4_client.txt
-rw-r--r-- 1 root     root          39 may 16 18:21 hybrid_p1_soft_c6_004_pqc_client_4_summary.txt
-rw-r--r-- 1 root     root         225 may 16 18:21 hybrid_p1_soft_c6_004_pqc_client_5_client_err.txt
-rw-r--r-- 1 root     root        2587 may 16 18:21 hybrid_p1_soft_c6_004_pqc_client_5_client.txt
-rw-r--r-- 1 root     root          39 may 16 18:21 hybrid_p1_soft_c6_004_pqc_client_5_summary.txt
-rw-r--r-- 1 root     root         225 may 16 18:21 hybrid_p1_soft_c6_004_pqc_client_6_client_err.txt
-rw-r--r-- 1 root     root        2587 may 16 18:21 hybrid_p1_soft_c6_004_pqc_client_6_client.txt
-rw-r--r-- 1 root     root          39 may 16 18:21 hybrid_p1_soft_c6_004_pqc_client_6_summary.txt
-rw-r--r-- 1 root     root         225 may 16 18:21 hybrid_p1_soft_c6_004_pqc_client_client_err.txt
-rw-r--r-- 1 root     root        2587 may 16 18:21 hybrid_p1_soft_c6_004_pqc_client_client.txt
-rw-r--r-- 1 root     root          37 may 16 18:21 hybrid_p1_soft_c6_004_pqc_client_summary.txt
=== resumen por cliente ===
[*] Perfil poisson_jitter: llegadas no sincronizadas con Poisson+jitter
[*] pqc_client <= plan: 1:0.053849
[*] pqc_client_2 <= plan: 2:0.053849
[*] pqc_client_3 <= plan: 3:0.053849
[*] pqc_client_4 <= plan: 4:0.053849
[*] pqc_client_5 <= plan: 5:0.053849
[*] pqc_client_6 <= plan: 6:0.053849
client=pqc_client total=1 ok=1 err=0
client=pqc_client_2 total=1 ok=1 err=0
client=pqc_client_3 total=1 ok=1 err=0
client=pqc_client_4 total=1 ok=1 err=0
client=pqc_client_5 total=1 ok=1 err=0
client=pqc_client_6 total=1 ok=1 err=0
[*] Resumen guardado en: results/hybrid_p1_soft_c6_004_resource_summary.txt
RUN_ID: hybrid_p1_soft_c6_004
CSV: results/hybrid_p1_soft_c6_004_docker_stats.csv

=== Resumen CPU% y MEM% (avg / max) por contenedor ===
pqc_client_2 -> CPU avg=0.00%, CPU max=0.00%, MEM avg=0.02%, MEM max=0.02%
pqc_client_3 -> CPU avg=0.00%, CPU max=0.00%, MEM avg=0.03%, MEM max=0.03%
pqc_monitor -> CPU avg=0.06%, CPU max=0.13%, MEM avg=0.09%, MEM max=0.09%
pqc_client_4 -> CPU avg=0.00%, CPU max=0.00%, MEM avg=0.02%, MEM max=0.02%
pqc_client_5 -> CPU avg=0.00%, CPU max=0.00%, MEM avg=0.02%, MEM max=0.02%
pqc_server -> CPU avg=0.00%, CPU max=0.00%, MEM avg=0.11%, MEM max=0.11%
pqc_client_6 -> CPU avg=0.00%, CPU max=0.00%, MEM avg=0.07%, MEM max=0.07%
pqc_client -> CPU avg=0.00%, CPU max=0.00%, MEM avg=0.05%, MEM max=0.05%
[2026-05-16 18:21:14] [*] Parando captura en pqc_monitor para hybrid_p1_soft_c6_004
[*] Métricas TXT guardadas en results/hybrid_p1_soft_c6_004_metrics.txt
[*] Métricas CSV guardadas en results/hybrid_p1_soft_c6_004_metrics.csv
[2026-05-16 18:21:37] === RUN END: hybrid_p1_soft_c6_004 ===

[2026-05-16 18:21:37] === RUN START: hybrid_p1_soft_c6_005 ===
[2026-05-16 18:21:37] [*] Arrancando captura en pqc_monitor (eth0) para hybrid_p1_soft_c6_005
[*] Guardando muestras en: results/hybrid_p1_soft_c6_005_docker_stats.csv
[*] Ejecutando comando medido: bash -lc ./scripts/run_client_once_rafaga_hibrido.sh hybrid_p1_soft_c6_005 6; sleep 3
[*] Ráfaga híbrida completada: 6 conexiones en 6 clientes (poisson_jitter)
=== host results ===
-rw-rw-r-- 1 cristian cristian    1350 may 16 18:21 hybrid_p1_soft_c6_005_client_err.txt
-rw-rw-r-- 1 cristian cristian     524 may 16 18:21 hybrid_p1_soft_c6_005_client.txt
-rw-rw-r-- 1 cristian cristian      69 may 16 18:21 hybrid_p1_soft_c6_005_docker_stats.csv
-rw-r--r-- 1 root     root         225 may 16 18:21 hybrid_p1_soft_c6_005_pqc_client_2_client_err.txt
-rw-r--r-- 1 root     root        2587 may 16 18:21 hybrid_p1_soft_c6_005_pqc_client_2_client.txt
-rw-r--r-- 1 root     root          39 may 16 18:21 hybrid_p1_soft_c6_005_pqc_client_2_summary.txt
-rw-r--r-- 1 root     root         225 may 16 18:21 hybrid_p1_soft_c6_005_pqc_client_3_client_err.txt
-rw-r--r-- 1 root     root        2587 may 16 18:21 hybrid_p1_soft_c6_005_pqc_client_3_client.txt
-rw-r--r-- 1 root     root          39 may 16 18:21 hybrid_p1_soft_c6_005_pqc_client_3_summary.txt
-rw-r--r-- 1 root     root         225 may 16 18:21 hybrid_p1_soft_c6_005_pqc_client_4_client_err.txt
-rw-r--r-- 1 root     root        2587 may 16 18:21 hybrid_p1_soft_c6_005_pqc_client_4_client.txt
-rw-r--r-- 1 root     root          39 may 16 18:21 hybrid_p1_soft_c6_005_pqc_client_4_summary.txt
-rw-r--r-- 1 root     root         225 may 16 18:21 hybrid_p1_soft_c6_005_pqc_client_5_client_err.txt
-rw-r--r-- 1 root     root        2587 may 16 18:21 hybrid_p1_soft_c6_005_pqc_client_5_client.txt
-rw-r--r-- 1 root     root          39 may 16 18:21 hybrid_p1_soft_c6_005_pqc_client_5_summary.txt
-rw-r--r-- 1 root     root         225 may 16 18:21 hybrid_p1_soft_c6_005_pqc_client_6_client_err.txt
-rw-r--r-- 1 root     root        2587 may 16 18:21 hybrid_p1_soft_c6_005_pqc_client_6_client.txt
-rw-r--r-- 1 root     root          39 may 16 18:21 hybrid_p1_soft_c6_005_pqc_client_6_summary.txt
-rw-r--r-- 1 root     root         225 may 16 18:21 hybrid_p1_soft_c6_005_pqc_client_client_err.txt
-rw-r--r-- 1 root     root        2587 may 16 18:21 hybrid_p1_soft_c6_005_pqc_client_client.txt
-rw-r--r-- 1 root     root          37 may 16 18:21 hybrid_p1_soft_c6_005_pqc_client_summary.txt
=== resumen por cliente ===
[*] Perfil poisson_jitter: llegadas no sincronizadas con Poisson+jitter
[*] pqc_client <= plan: 1:0.084471
[*] pqc_client_2 <= plan: 2:0.084471
[*] pqc_client_3 <= plan: 3:0.084471
[*] pqc_client_4 <= plan: 4:0.084471
[*] pqc_client_5 <= plan: 5:0.084471
[*] pqc_client_6 <= plan: 6:0.084471
client=pqc_client total=1 ok=1 err=0
client=pqc_client_2 total=1 ok=1 err=0
client=pqc_client_3 total=1 ok=1 err=0
client=pqc_client_4 total=1 ok=1 err=0
client=pqc_client_5 total=1 ok=1 err=0
client=pqc_client_6 total=1 ok=1 err=0
[*] Resumen guardado en: results/hybrid_p1_soft_c6_005_resource_summary.txt
RUN_ID: hybrid_p1_soft_c6_005
CSV: results/hybrid_p1_soft_c6_005_docker_stats.csv

=== Resumen CPU% y MEM% (avg / max) por contenedor ===
pqc_client_2 -> CPU avg=0.00%, CPU max=0.00%, MEM avg=0.02%, MEM max=0.02%
pqc_client_3 -> CPU avg=0.00%, CPU max=0.00%, MEM avg=0.03%, MEM max=0.03%
pqc_monitor -> CPU avg=0.08%, CPU max=0.12%, MEM avg=0.09%, MEM max=0.09%
pqc_client_4 -> CPU avg=0.00%, CPU max=0.00%, MEM avg=0.02%, MEM max=0.02%
pqc_client_5 -> CPU avg=0.00%, CPU max=0.00%, MEM avg=0.02%, MEM max=0.02%
pqc_server -> CPU avg=0.00%, CPU max=0.00%, MEM avg=0.11%, MEM max=0.11%
pqc_client_6 -> CPU avg=0.00%, CPU max=0.00%, MEM avg=0.07%, MEM max=0.07%
pqc_client -> CPU avg=0.00%, CPU max=0.00%, MEM avg=0.05%, MEM max=0.05%
[2026-05-16 18:21:47] [*] Parando captura en pqc_monitor para hybrid_p1_soft_c6_005
[*] Métricas TXT guardadas en results/hybrid_p1_soft_c6_005_metrics.txt
[*] Métricas CSV guardadas en results/hybrid_p1_soft_c6_005_metrics.csv
[2026-05-16 18:22:10] === RUN END: hybrid_p1_soft_c6_005 ===

[2026-05-16 18:22:10] === RUN START: hybrid_p1_stress_c6_001 ===
[2026-05-16 18:22:10] [*] Arrancando captura en pqc_monitor (eth0) para hybrid_p1_stress_c6_001
[*] Guardando muestras en: results/hybrid_p1_stress_c6_001_docker_stats.csv
[*] Ejecutando comando medido: bash -lc ./scripts/run_client_once_rafaga_hibrido.sh hybrid_p1_stress_c6_001 6; sleep 3
[*] Ráfaga híbrida completada: 6 conexiones en 6 clientes (stress)
=== host results ===
-rw-rw-r-- 1 cristian cristian    1350 may 16 18:22 hybrid_p1_stress_c6_001_client_err.txt
-rw-rw-r-- 1 cristian cristian     473 may 16 18:22 hybrid_p1_stress_c6_001_client.txt
-rw-rw-r-- 1 cristian cristian      69 may 16 18:22 hybrid_p1_stress_c6_001_docker_stats.csv
-rw-r--r-- 1 root     root         225 may 16 18:22 hybrid_p1_stress_c6_001_pqc_client_2_client_err.txt
-rw-r--r-- 1 root     root        2587 may 16 18:22 hybrid_p1_stress_c6_001_pqc_client_2_client.txt
-rw-r--r-- 1 root     root          39 may 16 18:22 hybrid_p1_stress_c6_001_pqc_client_2_summary.txt
-rw-r--r-- 1 root     root         225 may 16 18:22 hybrid_p1_stress_c6_001_pqc_client_3_client_err.txt
-rw-r--r-- 1 root     root        2587 may 16 18:22 hybrid_p1_stress_c6_001_pqc_client_3_client.txt
-rw-r--r-- 1 root     root          39 may 16 18:22 hybrid_p1_stress_c6_001_pqc_client_3_summary.txt
-rw-r--r-- 1 root     root         225 may 16 18:22 hybrid_p1_stress_c6_001_pqc_client_4_client_err.txt
-rw-r--r-- 1 root     root        2587 may 16 18:22 hybrid_p1_stress_c6_001_pqc_client_4_client.txt
-rw-r--r-- 1 root     root          39 may 16 18:22 hybrid_p1_stress_c6_001_pqc_client_4_summary.txt
-rw-r--r-- 1 root     root         225 may 16 18:22 hybrid_p1_stress_c6_001_pqc_client_5_client_err.txt
-rw-r--r-- 1 root     root        2587 may 16 18:22 hybrid_p1_stress_c6_001_pqc_client_5_client.txt
-rw-r--r-- 1 root     root          39 may 16 18:22 hybrid_p1_stress_c6_001_pqc_client_5_summary.txt
-rw-r--r-- 1 root     root         225 may 16 18:22 hybrid_p1_stress_c6_001_pqc_client_6_client_err.txt
-rw-r--r-- 1 root     root        2587 may 16 18:22 hybrid_p1_stress_c6_001_pqc_client_6_client.txt
-rw-r--r-- 1 root     root          39 may 16 18:22 hybrid_p1_stress_c6_001_pqc_client_6_summary.txt
-rw-r--r-- 1 root     root         225 may 16 18:22 hybrid_p1_stress_c6_001_pqc_client_client_err.txt
-rw-r--r-- 1 root     root        2587 may 16 18:22 hybrid_p1_stress_c6_001_pqc_client_client.txt
-rw-r--r-- 1 root     root          37 may 16 18:22 hybrid_p1_stress_c6_001_pqc_client_summary.txt
=== resumen por cliente ===
[*] Perfil stress: conexiones totalmente paralelas por cliente
[*] pqc_client <= plan: 1:0
[*] pqc_client_2 <= plan: 2:0
[*] pqc_client_3 <= plan: 3:0
[*] pqc_client_4 <= plan: 4:0
[*] pqc_client_5 <= plan: 5:0
[*] pqc_client_6 <= plan: 6:0
client=pqc_client total=1 ok=1 err=0
client=pqc_client_2 total=1 ok=1 err=0
client=pqc_client_3 total=1 ok=1 err=0
client=pqc_client_4 total=1 ok=1 err=0
client=pqc_client_5 total=1 ok=1 err=0
client=pqc_client_6 total=1 ok=1 err=0
[*] Resumen guardado en: results/hybrid_p1_stress_c6_001_resource_summary.txt
RUN_ID: hybrid_p1_stress_c6_001
CSV: results/hybrid_p1_stress_c6_001_docker_stats.csv

=== Resumen CPU% y MEM% (avg / max) por contenedor ===
pqc_client_2 -> CPU avg=0.00%, CPU max=0.00%, MEM avg=0.02%, MEM max=0.02%
pqc_client_3 -> CPU avg=0.00%, CPU max=0.00%, MEM avg=0.03%, MEM max=0.03%
pqc_monitor -> CPU avg=0.08%, CPU max=0.14%, MEM avg=0.09%, MEM max=0.09%
pqc_client_4 -> CPU avg=0.00%, CPU max=0.00%, MEM avg=0.02%, MEM max=0.02%
pqc_client_5 -> CPU avg=0.00%, CPU max=0.00%, MEM avg=0.02%, MEM max=0.02%
pqc_server -> CPU avg=0.00%, CPU max=0.00%, MEM avg=0.11%, MEM max=0.11%
pqc_client_6 -> CPU avg=0.00%, CPU max=0.00%, MEM avg=0.07%, MEM max=0.07%
pqc_client -> CPU avg=4.22%, CPU max=12.66%, MEM avg=0.05%, MEM max=0.05%
[2026-05-16 18:22:23] [*] Parando captura en pqc_monitor para hybrid_p1_stress_c6_001
[*] Métricas TXT guardadas en results/hybrid_p1_stress_c6_001_metrics.txt
[*] Métricas CSV guardadas en results/hybrid_p1_stress_c6_001_metrics.csv
[2026-05-16 18:22:46] === RUN END: hybrid_p1_stress_c6_001 ===

[2026-05-16 18:22:46] === RUN START: hybrid_p1_stress_c6_002 ===
[2026-05-16 18:22:46] [*] Arrancando captura en pqc_monitor (eth0) para hybrid_p1_stress_c6_002
[*] Guardando muestras en: results/hybrid_p1_stress_c6_002_docker_stats.csv
[*] Ejecutando comando medido: bash -lc ./scripts/run_client_once_rafaga_hibrido.sh hybrid_p1_stress_c6_002 6; sleep 3
[*] Ráfaga híbrida completada: 6 conexiones en 6 clientes (stress)
=== host results ===
-rw-rw-r-- 1 cristian cristian    1350 may 16 18:22 hybrid_p1_stress_c6_002_client_err.txt
-rw-rw-r-- 1 cristian cristian     473 may 16 18:22 hybrid_p1_stress_c6_002_client.txt
-rw-rw-r-- 1 cristian cristian      69 may 16 18:22 hybrid_p1_stress_c6_002_docker_stats.csv
-rw-r--r-- 1 root     root         225 may 16 18:22 hybrid_p1_stress_c6_002_pqc_client_2_client_err.txt
-rw-r--r-- 1 root     root        2587 may 16 18:22 hybrid_p1_stress_c6_002_pqc_client_2_client.txt
-rw-r--r-- 1 root     root          39 may 16 18:22 hybrid_p1_stress_c6_002_pqc_client_2_summary.txt
-rw-r--r-- 1 root     root         225 may 16 18:22 hybrid_p1_stress_c6_002_pqc_client_3_client_err.txt
-rw-r--r-- 1 root     root        2587 may 16 18:22 hybrid_p1_stress_c6_002_pqc_client_3_client.txt
-rw-r--r-- 1 root     root          39 may 16 18:22 hybrid_p1_stress_c6_002_pqc_client_3_summary.txt
-rw-r--r-- 1 root     root         225 may 16 18:22 hybrid_p1_stress_c6_002_pqc_client_4_client_err.txt
-rw-r--r-- 1 root     root        2587 may 16 18:22 hybrid_p1_stress_c6_002_pqc_client_4_client.txt
-rw-r--r-- 1 root     root          39 may 16 18:22 hybrid_p1_stress_c6_002_pqc_client_4_summary.txt
-rw-r--r-- 1 root     root         225 may 16 18:22 hybrid_p1_stress_c6_002_pqc_client_5_client_err.txt
-rw-r--r-- 1 root     root        2587 may 16 18:22 hybrid_p1_stress_c6_002_pqc_client_5_client.txt
-rw-r--r-- 1 root     root          39 may 16 18:22 hybrid_p1_stress_c6_002_pqc_client_5_summary.txt
-rw-r--r-- 1 root     root         225 may 16 18:22 hybrid_p1_stress_c6_002_pqc_client_6_client_err.txt
-rw-r--r-- 1 root     root        2587 may 16 18:22 hybrid_p1_stress_c6_002_pqc_client_6_client.txt
-rw-r--r-- 1 root     root          39 may 16 18:22 hybrid_p1_stress_c6_002_pqc_client_6_summary.txt
-rw-r--r-- 1 root     root         225 may 16 18:22 hybrid_p1_stress_c6_002_pqc_client_client_err.txt
-rw-r--r-- 1 root     root        2587 may 16 18:22 hybrid_p1_stress_c6_002_pqc_client_client.txt
-rw-r--r-- 1 root     root          37 may 16 18:22 hybrid_p1_stress_c6_002_pqc_client_summary.txt
=== resumen por cliente ===
[*] Perfil stress: conexiones totalmente paralelas por cliente
[*] pqc_client <= plan: 1:0
[*] pqc_client_2 <= plan: 2:0
[*] pqc_client_3 <= plan: 3:0
[*] pqc_client_4 <= plan: 4:0
[*] pqc_client_5 <= plan: 5:0
[*] pqc_client_6 <= plan: 6:0
client=pqc_client total=1 ok=1 err=0
client=pqc_client_2 total=1 ok=1 err=0
client=pqc_client_3 total=1 ok=1 err=0
client=pqc_client_4 total=1 ok=1 err=0
client=pqc_client_5 total=1 ok=1 err=0
client=pqc_client_6 total=1 ok=1 err=0
[*] Resumen guardado en: results/hybrid_p1_stress_c6_002_resource_summary.txt
RUN_ID: hybrid_p1_stress_c6_002
CSV: results/hybrid_p1_stress_c6_002_docker_stats.csv

=== Resumen CPU% y MEM% (avg / max) por contenedor ===
pqc_client_2 -> CPU avg=0.00%, CPU max=0.00%, MEM avg=0.02%, MEM max=0.02%
pqc_client_3 -> CPU avg=0.00%, CPU max=0.00%, MEM avg=0.03%, MEM max=0.03%
pqc_monitor -> CPU avg=0.07%, CPU max=0.12%, MEM avg=0.09%, MEM max=0.09%
pqc_client_4 -> CPU avg=0.00%, CPU max=0.00%, MEM avg=0.02%, MEM max=0.02%
pqc_client_5 -> CPU avg=0.00%, CPU max=0.00%, MEM avg=0.02%, MEM max=0.02%
pqc_server -> CPU avg=0.00%, CPU max=0.00%, MEM avg=0.11%, MEM max=0.11%
pqc_client_6 -> CPU avg=0.00%, CPU max=0.00%, MEM avg=0.07%, MEM max=0.07%
pqc_client -> CPU avg=0.00%, CPU max=0.00%, MEM avg=0.05%, MEM max=0.05%
[2026-05-16 18:22:57] [*] Parando captura en pqc_monitor para hybrid_p1_stress_c6_002
[*] Métricas TXT guardadas en results/hybrid_p1_stress_c6_002_metrics.txt
[*] Métricas CSV guardadas en results/hybrid_p1_stress_c6_002_metrics.csv
[2026-05-16 18:23:20] === RUN END: hybrid_p1_stress_c6_002 ===

[2026-05-16 18:23:20] === RUN START: hybrid_p1_stress_c6_003 ===
[2026-05-16 18:23:20] [*] Arrancando captura en pqc_monitor (eth0) para hybrid_p1_stress_c6_003
[*] Guardando muestras en: results/hybrid_p1_stress_c6_003_docker_stats.csv
[*] Ejecutando comando medido: bash -lc ./scripts/run_client_once_rafaga_hibrido.sh hybrid_p1_stress_c6_003 6; sleep 3
[*] Ráfaga híbrida completada: 6 conexiones en 6 clientes (stress)
=== host results ===
-rw-rw-r-- 1 cristian cristian    1350 may 16 18:23 hybrid_p1_stress_c6_003_client_err.txt
-rw-rw-r-- 1 cristian cristian     473 may 16 18:23 hybrid_p1_stress_c6_003_client.txt
-rw-rw-r-- 1 cristian cristian      69 may 16 18:23 hybrid_p1_stress_c6_003_docker_stats.csv
-rw-r--r-- 1 root     root         225 may 16 18:23 hybrid_p1_stress_c6_003_pqc_client_2_client_err.txt
-rw-r--r-- 1 root     root        2587 may 16 18:23 hybrid_p1_stress_c6_003_pqc_client_2_client.txt
-rw-r--r-- 1 root     root          39 may 16 18:23 hybrid_p1_stress_c6_003_pqc_client_2_summary.txt
-rw-r--r-- 1 root     root         225 may 16 18:23 hybrid_p1_stress_c6_003_pqc_client_3_client_err.txt
-rw-r--r-- 1 root     root        2587 may 16 18:23 hybrid_p1_stress_c6_003_pqc_client_3_client.txt
-rw-r--r-- 1 root     root          39 may 16 18:23 hybrid_p1_stress_c6_003_pqc_client_3_summary.txt
-rw-r--r-- 1 root     root         225 may 16 18:23 hybrid_p1_stress_c6_003_pqc_client_4_client_err.txt
-rw-r--r-- 1 root     root        2587 may 16 18:23 hybrid_p1_stress_c6_003_pqc_client_4_client.txt
-rw-r--r-- 1 root     root          39 may 16 18:23 hybrid_p1_stress_c6_003_pqc_client_4_summary.txt
-rw-r--r-- 1 root     root         225 may 16 18:23 hybrid_p1_stress_c6_003_pqc_client_5_client_err.txt
-rw-r--r-- 1 root     root        2587 may 16 18:23 hybrid_p1_stress_c6_003_pqc_client_5_client.txt
-rw-r--r-- 1 root     root          39 may 16 18:23 hybrid_p1_stress_c6_003_pqc_client_5_summary.txt
-rw-r--r-- 1 root     root         225 may 16 18:23 hybrid_p1_stress_c6_003_pqc_client_6_client_err.txt
-rw-r--r-- 1 root     root        2587 may 16 18:23 hybrid_p1_stress_c6_003_pqc_client_6_client.txt
-rw-r--r-- 1 root     root          39 may 16 18:23 hybrid_p1_stress_c6_003_pqc_client_6_summary.txt
-rw-r--r-- 1 root     root         225 may 16 18:23 hybrid_p1_stress_c6_003_pqc_client_client_err.txt
-rw-r--r-- 1 root     root        2587 may 16 18:23 hybrid_p1_stress_c6_003_pqc_client_client.txt
-rw-r--r-- 1 root     root          37 may 16 18:23 hybrid_p1_stress_c6_003_pqc_client_summary.txt
=== resumen por cliente ===
[*] Perfil stress: conexiones totalmente paralelas por cliente
[*] pqc_client <= plan: 1:0
[*] pqc_client_2 <= plan: 2:0
[*] pqc_client_3 <= plan: 3:0
[*] pqc_client_4 <= plan: 4:0
[*] pqc_client_5 <= plan: 5:0
[*] pqc_client_6 <= plan: 6:0
client=pqc_client total=1 ok=1 err=0
client=pqc_client_2 total=1 ok=1 err=0
client=pqc_client_3 total=1 ok=1 err=0
client=pqc_client_4 total=1 ok=1 err=0
client=pqc_client_5 total=1 ok=1 err=0
client=pqc_client_6 total=1 ok=1 err=0
[*] Resumen guardado en: results/hybrid_p1_stress_c6_003_resource_summary.txt
RUN_ID: hybrid_p1_stress_c6_003
CSV: results/hybrid_p1_stress_c6_003_docker_stats.csv

=== Resumen CPU% y MEM% (avg / max) por contenedor ===
pqc_client_2 -> CPU avg=0.00%, CPU max=0.00%, MEM avg=0.02%, MEM max=0.02%
pqc_client_3 -> CPU avg=0.00%, CPU max=0.00%, MEM avg=0.03%, MEM max=0.03%
pqc_monitor -> CPU avg=0.05%, CPU max=0.08%, MEM avg=0.09%, MEM max=0.09%
pqc_client_4 -> CPU avg=0.00%, CPU max=0.00%, MEM avg=0.02%, MEM max=0.02%
pqc_client_5 -> CPU avg=0.00%, CPU max=0.00%, MEM avg=0.02%, MEM max=0.02%
pqc_server -> CPU avg=0.00%, CPU max=0.00%, MEM avg=0.11%, MEM max=0.11%
pqc_client_6 -> CPU avg=0.00%, CPU max=0.00%, MEM avg=0.07%, MEM max=0.07%
pqc_client -> CPU avg=0.00%, CPU max=0.00%, MEM avg=0.05%, MEM max=0.05%
[2026-05-16 18:23:33] [*] Parando captura en pqc_monitor para hybrid_p1_stress_c6_003
[*] Métricas TXT guardadas en results/hybrid_p1_stress_c6_003_metrics.txt
[*] Métricas CSV guardadas en results/hybrid_p1_stress_c6_003_metrics.csv
[2026-05-16 18:23:55] === RUN END: hybrid_p1_stress_c6_003 ===

[2026-05-16 18:23:55] === RUN START: hybrid_p1_stress_c6_004 ===
[2026-05-16 18:23:55] [*] Arrancando captura en pqc_monitor (eth0) para hybrid_p1_stress_c6_004
[*] Guardando muestras en: results/hybrid_p1_stress_c6_004_docker_stats.csv
[*] Ejecutando comando medido: bash -lc ./scripts/run_client_once_rafaga_hibrido.sh hybrid_p1_stress_c6_004 6; sleep 3
[*] Ráfaga híbrida completada: 6 conexiones en 6 clientes (stress)
=== host results ===
-rw-rw-r-- 1 cristian cristian    1350 may 16 18:23 hybrid_p1_stress_c6_004_client_err.txt
-rw-rw-r-- 1 cristian cristian     473 may 16 18:23 hybrid_p1_stress_c6_004_client.txt
-rw-rw-r-- 1 cristian cristian      69 may 16 18:23 hybrid_p1_stress_c6_004_docker_stats.csv
-rw-r--r-- 1 root     root         225 may 16 18:23 hybrid_p1_stress_c6_004_pqc_client_2_client_err.txt
-rw-r--r-- 1 root     root        2587 may 16 18:23 hybrid_p1_stress_c6_004_pqc_client_2_client.txt
-rw-r--r-- 1 root     root          39 may 16 18:23 hybrid_p1_stress_c6_004_pqc_client_2_summary.txt
-rw-r--r-- 1 root     root         225 may 16 18:23 hybrid_p1_stress_c6_004_pqc_client_3_client_err.txt
-rw-r--r-- 1 root     root        2587 may 16 18:23 hybrid_p1_stress_c6_004_pqc_client_3_client.txt
-rw-r--r-- 1 root     root          39 may 16 18:23 hybrid_p1_stress_c6_004_pqc_client_3_summary.txt
-rw-r--r-- 1 root     root         225 may 16 18:23 hybrid_p1_stress_c6_004_pqc_client_4_client_err.txt
-rw-r--r-- 1 root     root        2587 may 16 18:23 hybrid_p1_stress_c6_004_pqc_client_4_client.txt
-rw-r--r-- 1 root     root          39 may 16 18:23 hybrid_p1_stress_c6_004_pqc_client_4_summary.txt
-rw-r--r-- 1 root     root         225 may 16 18:23 hybrid_p1_stress_c6_004_pqc_client_5_client_err.txt
-rw-r--r-- 1 root     root        2587 may 16 18:23 hybrid_p1_stress_c6_004_pqc_client_5_client.txt
-rw-r--r-- 1 root     root          39 may 16 18:23 hybrid_p1_stress_c6_004_pqc_client_5_summary.txt
-rw-r--r-- 1 root     root         225 may 16 18:23 hybrid_p1_stress_c6_004_pqc_client_6_client_err.txt
-rw-r--r-- 1 root     root        2587 may 16 18:23 hybrid_p1_stress_c6_004_pqc_client_6_client.txt
-rw-r--r-- 1 root     root          39 may 16 18:23 hybrid_p1_stress_c6_004_pqc_client_6_summary.txt
-rw-r--r-- 1 root     root         225 may 16 18:23 hybrid_p1_stress_c6_004_pqc_client_client_err.txt
-rw-r--r-- 1 root     root        2587 may 16 18:23 hybrid_p1_stress_c6_004_pqc_client_client.txt
-rw-r--r-- 1 root     root          37 may 16 18:23 hybrid_p1_stress_c6_004_pqc_client_summary.txt
=== resumen por cliente ===
[*] Perfil stress: conexiones totalmente paralelas por cliente
[*] pqc_client <= plan: 1:0
[*] pqc_client_2 <= plan: 2:0
[*] pqc_client_3 <= plan: 3:0
[*] pqc_client_4 <= plan: 4:0
[*] pqc_client_5 <= plan: 5:0
[*] pqc_client_6 <= plan: 6:0
client=pqc_client total=1 ok=1 err=0
client=pqc_client_2 total=1 ok=1 err=0
client=pqc_client_3 total=1 ok=1 err=0
client=pqc_client_4 total=1 ok=1 err=0
client=pqc_client_5 total=1 ok=1 err=0
client=pqc_client_6 total=1 ok=1 err=0
[*] Resumen guardado en: results/hybrid_p1_stress_c6_004_resource_summary.txt
RUN_ID: hybrid_p1_stress_c6_004
CSV: results/hybrid_p1_stress_c6_004_docker_stats.csv

=== Resumen CPU% y MEM% (avg / max) por contenedor ===
pqc_client_2 -> CPU avg=0.00%, CPU max=0.00%, MEM avg=0.02%, MEM max=0.02%
pqc_client_3 -> CPU avg=0.00%, CPU max=0.00%, MEM avg=0.03%, MEM max=0.03%
pqc_monitor -> CPU avg=0.09%, CPU max=0.18%, MEM avg=0.09%, MEM max=0.09%
pqc_client_4 -> CPU avg=0.00%, CPU max=0.00%, MEM avg=0.02%, MEM max=0.02%
pqc_client_5 -> CPU avg=0.00%, CPU max=0.00%, MEM avg=0.02%, MEM max=0.02%
pqc_server -> CPU avg=0.00%, CPU max=0.00%, MEM avg=0.11%, MEM max=0.11%
pqc_client_6 -> CPU avg=0.00%, CPU max=0.00%, MEM avg=0.07%, MEM max=0.07%
pqc_client -> CPU avg=0.00%, CPU max=0.00%, MEM avg=0.05%, MEM max=0.05%
[2026-05-16 18:24:09] [*] Parando captura en pqc_monitor para hybrid_p1_stress_c6_004
[*] Métricas TXT guardadas en results/hybrid_p1_stress_c6_004_metrics.txt
[*] Métricas CSV guardadas en results/hybrid_p1_stress_c6_004_metrics.csv
[2026-05-16 18:24:31] === RUN END: hybrid_p1_stress_c6_004 ===

[2026-05-16 18:24:31] === RUN START: hybrid_p1_stress_c6_005 ===
[2026-05-16 18:24:31] [*] Arrancando captura en pqc_monitor (eth0) para hybrid_p1_stress_c6_005
[*] Guardando muestras en: results/hybrid_p1_stress_c6_005_docker_stats.csv
[*] Ejecutando comando medido: bash -lc ./scripts/run_client_once_rafaga_hibrido.sh hybrid_p1_stress_c6_005 6; sleep 3
[*] Ráfaga híbrida completada: 6 conexiones en 6 clientes (stress)
=== host results ===
-rw-rw-r-- 1 cristian cristian    1350 may 16 18:24 hybrid_p1_stress_c6_005_client_err.txt
-rw-rw-r-- 1 cristian cristian     473 may 16 18:24 hybrid_p1_stress_c6_005_client.txt
-rw-rw-r-- 1 cristian cristian      69 may 16 18:24 hybrid_p1_stress_c6_005_docker_stats.csv
-rw-r--r-- 1 root     root         225 may 16 18:24 hybrid_p1_stress_c6_005_pqc_client_2_client_err.txt
-rw-r--r-- 1 root     root        2587 may 16 18:24 hybrid_p1_stress_c6_005_pqc_client_2_client.txt
-rw-r--r-- 1 root     root          39 may 16 18:24 hybrid_p1_stress_c6_005_pqc_client_2_summary.txt
-rw-r--r-- 1 root     root         225 may 16 18:24 hybrid_p1_stress_c6_005_pqc_client_3_client_err.txt
-rw-r--r-- 1 root     root        2587 may 16 18:24 hybrid_p1_stress_c6_005_pqc_client_3_client.txt
-rw-r--r-- 1 root     root          39 may 16 18:24 hybrid_p1_stress_c6_005_pqc_client_3_summary.txt
-rw-r--r-- 1 root     root         225 may 16 18:24 hybrid_p1_stress_c6_005_pqc_client_4_client_err.txt
-rw-r--r-- 1 root     root        2587 may 16 18:24 hybrid_p1_stress_c6_005_pqc_client_4_client.txt
-rw-r--r-- 1 root     root          39 may 16 18:24 hybrid_p1_stress_c6_005_pqc_client_4_summary.txt
-rw-r--r-- 1 root     root         225 may 16 18:24 hybrid_p1_stress_c6_005_pqc_client_5_client_err.txt
-rw-r--r-- 1 root     root        2587 may 16 18:24 hybrid_p1_stress_c6_005_pqc_client_5_client.txt
-rw-r--r-- 1 root     root          39 may 16 18:24 hybrid_p1_stress_c6_005_pqc_client_5_summary.txt
-rw-r--r-- 1 root     root         225 may 16 18:24 hybrid_p1_stress_c6_005_pqc_client_6_client_err.txt
-rw-r--r-- 1 root     root        2587 may 16 18:24 hybrid_p1_stress_c6_005_pqc_client_6_client.txt
-rw-r--r-- 1 root     root          39 may 16 18:24 hybrid_p1_stress_c6_005_pqc_client_6_summary.txt
-rw-r--r-- 1 root     root         225 may 16 18:24 hybrid_p1_stress_c6_005_pqc_client_client_err.txt
-rw-r--r-- 1 root     root        2587 may 16 18:24 hybrid_p1_stress_c6_005_pqc_client_client.txt
-rw-r--r-- 1 root     root          37 may 16 18:24 hybrid_p1_stress_c6_005_pqc_client_summary.txt
=== resumen por cliente ===
[*] Perfil stress: conexiones totalmente paralelas por cliente
[*] pqc_client <= plan: 1:0
[*] pqc_client_2 <= plan: 2:0
[*] pqc_client_3 <= plan: 3:0
[*] pqc_client_4 <= plan: 4:0
[*] pqc_client_5 <= plan: 5:0
[*] pqc_client_6 <= plan: 6:0
client=pqc_client total=1 ok=1 err=0
client=pqc_client_2 total=1 ok=1 err=0
client=pqc_client_3 total=1 ok=1 err=0
client=pqc_client_4 total=1 ok=1 err=0
client=pqc_client_5 total=1 ok=1 err=0
client=pqc_client_6 total=1 ok=1 err=0
[*] Resumen guardado en: results/hybrid_p1_stress_c6_005_resource_summary.txt
RUN_ID: hybrid_p1_stress_c6_005
CSV: results/hybrid_p1_stress_c6_005_docker_stats.csv

=== Resumen CPU% y MEM% (avg / max) por contenedor ===
pqc_client_2 -> CPU avg=0.00%, CPU max=0.00%, MEM avg=0.02%, MEM max=0.02%
pqc_client_3 -> CPU avg=0.00%, CPU max=0.00%, MEM avg=0.03%, MEM max=0.03%
pqc_monitor -> CPU avg=0.05%, CPU max=0.10%, MEM avg=0.09%, MEM max=0.09%
pqc_client_4 -> CPU avg=0.00%, CPU max=0.00%, MEM avg=0.02%, MEM max=0.02%
pqc_client_5 -> CPU avg=0.00%, CPU max=0.00%, MEM avg=0.02%, MEM max=0.02%
pqc_server -> CPU avg=0.00%, CPU max=0.00%, MEM avg=0.11%, MEM max=0.11%
pqc_client_6 -> CPU avg=0.00%, CPU max=0.00%, MEM avg=0.07%, MEM max=0.07%
pqc_client -> CPU avg=0.00%, CPU max=0.00%, MEM avg=0.05%, MEM max=0.05%
[2026-05-16 18:24:44] [*] Parando captura en pqc_monitor para hybrid_p1_stress_c6_005
[*] Métricas TXT guardadas en results/hybrid_p1_stress_c6_005_metrics.txt
[*] Métricas CSV guardadas en results/hybrid_p1_stress_c6_005_metrics.csv
[2026-05-16 18:25:07] === RUN END: hybrid_p1_stress_c6_005 ===

[2026-05-16 18:25:07] ---- Aplicando perfil de red P2 ----
[*] Aplicando perfil P2

[*] Estado qdisc en monitor:
qdisc netem 8003: root refcnt 5 limit 1000 delay 25ms loss 0.1%
qdisc netem 8004: root refcnt 5 limit 1000 delay 25ms loss 0.1%
[2026-05-16 18:25:08] === RUN START: hybrid_p2_balanced_c6_001 ===
[2026-05-16 18:25:08] [*] Arrancando captura en pqc_monitor (eth0) para hybrid_p2_balanced_c6_001
[*] Guardando muestras en: results/hybrid_p2_balanced_c6_001_docker_stats.csv
[*] Ejecutando comando medido: bash -lc ./scripts/run_client_once_rafaga_hibrido.sh hybrid_p2_balanced_c6_001 6; sleep 3
[*] Ráfaga híbrida completada: 6 conexiones en 6 clientes (poisson_jitter)
=== host results ===
-rw-rw-r-- 1 cristian cristian    1350 may 16 18:25 hybrid_p2_balanced_c6_001_client_err.txt
-rw-rw-r-- 1 cristian cristian     524 may 16 18:25 hybrid_p2_balanced_c6_001_client.txt
-rw-rw-r-- 1 cristian cristian      69 may 16 18:25 hybrid_p2_balanced_c6_001_docker_stats.csv
-rw-r--r-- 1 root     root         225 may 16 18:25 hybrid_p2_balanced_c6_001_pqc_client_2_client_err.txt
-rw-r--r-- 1 root     root        2587 may 16 18:25 hybrid_p2_balanced_c6_001_pqc_client_2_client.txt
-rw-r--r-- 1 root     root          39 may 16 18:25 hybrid_p2_balanced_c6_001_pqc_client_2_summary.txt
-rw-r--r-- 1 root     root         225 may 16 18:25 hybrid_p2_balanced_c6_001_pqc_client_3_client_err.txt
-rw-r--r-- 1 root     root        2587 may 16 18:25 hybrid_p2_balanced_c6_001_pqc_client_3_client.txt
-rw-r--r-- 1 root     root          39 may 16 18:25 hybrid_p2_balanced_c6_001_pqc_client_3_summary.txt
-rw-r--r-- 1 root     root         225 may 16 18:25 hybrid_p2_balanced_c6_001_pqc_client_4_client_err.txt
-rw-r--r-- 1 root     root        2587 may 16 18:25 hybrid_p2_balanced_c6_001_pqc_client_4_client.txt
-rw-r--r-- 1 root     root          39 may 16 18:25 hybrid_p2_balanced_c6_001_pqc_client_4_summary.txt
-rw-r--r-- 1 root     root         225 may 16 18:25 hybrid_p2_balanced_c6_001_pqc_client_5_client_err.txt
-rw-r--r-- 1 root     root        2587 may 16 18:25 hybrid_p2_balanced_c6_001_pqc_client_5_client.txt
-rw-r--r-- 1 root     root          39 may 16 18:25 hybrid_p2_balanced_c6_001_pqc_client_5_summary.txt
-rw-r--r-- 1 root     root         225 may 16 18:25 hybrid_p2_balanced_c6_001_pqc_client_6_client_err.txt
-rw-r--r-- 1 root     root        2587 may 16 18:25 hybrid_p2_balanced_c6_001_pqc_client_6_client.txt
-rw-r--r-- 1 root     root          39 may 16 18:25 hybrid_p2_balanced_c6_001_pqc_client_6_summary.txt
-rw-r--r-- 1 root     root         225 may 16 18:25 hybrid_p2_balanced_c6_001_pqc_client_client_err.txt
-rw-r--r-- 1 root     root        2587 may 16 18:25 hybrid_p2_balanced_c6_001_pqc_client_client.txt
-rw-r--r-- 1 root     root          37 may 16 18:25 hybrid_p2_balanced_c6_001_pqc_client_summary.txt
=== resumen por cliente ===
[*] Perfil poisson_jitter: llegadas no sincronizadas con Poisson+jitter
[*] pqc_client <= plan: 1:0.018508
[*] pqc_client_2 <= plan: 2:0.018508
[*] pqc_client_3 <= plan: 3:0.018508
[*] pqc_client_4 <= plan: 4:0.018508
[*] pqc_client_5 <= plan: 5:0.018508
[*] pqc_client_6 <= plan: 6:0.018508
client=pqc_client total=1 ok=1 err=0
client=pqc_client_2 total=1 ok=1 err=0
client=pqc_client_3 total=1 ok=1 err=0
client=pqc_client_4 total=1 ok=1 err=0
client=pqc_client_5 total=1 ok=1 err=0
client=pqc_client_6 total=1 ok=1 err=0
[*] Resumen guardado en: results/hybrid_p2_balanced_c6_001_resource_summary.txt
RUN_ID: hybrid_p2_balanced_c6_001
CSV: results/hybrid_p2_balanced_c6_001_docker_stats.csv

=== Resumen CPU% y MEM% (avg / max) por contenedor ===
pqc_client_2 -> CPU avg=0.00%, CPU max=0.00%, MEM avg=0.02%, MEM max=0.02%
pqc_client_3 -> CPU avg=0.00%, CPU max=0.00%, MEM avg=0.03%, MEM max=0.03%
pqc_monitor -> CPU avg=0.09%, CPU max=0.12%, MEM avg=0.09%, MEM max=0.09%
pqc_client_4 -> CPU avg=0.00%, CPU max=0.00%, MEM avg=0.02%, MEM max=0.02%
pqc_client_5 -> CPU avg=0.00%, CPU max=0.00%, MEM avg=0.02%, MEM max=0.02%
pqc_server -> CPU avg=0.00%, CPU max=0.00%, MEM avg=0.11%, MEM max=0.11%
pqc_client_6 -> CPU avg=0.00%, CPU max=0.00%, MEM avg=0.07%, MEM max=0.07%
pqc_client -> CPU avg=0.00%, CPU max=0.00%, MEM avg=0.05%, MEM max=0.05%
[2026-05-16 18:25:21] [*] Parando captura en pqc_monitor para hybrid_p2_balanced_c6_001
[*] Métricas TXT guardadas en results/hybrid_p2_balanced_c6_001_metrics.txt
[*] Métricas CSV guardadas en results/hybrid_p2_balanced_c6_001_metrics.csv
[2026-05-16 18:25:43] === RUN END: hybrid_p2_balanced_c6_001 ===

[2026-05-16 18:25:43] === RUN START: hybrid_p2_balanced_c6_002 ===
[2026-05-16 18:25:43] [*] Arrancando captura en pqc_monitor (eth0) para hybrid_p2_balanced_c6_002
[*] Guardando muestras en: results/hybrid_p2_balanced_c6_002_docker_stats.csv
[*] Ejecutando comando medido: bash -lc ./scripts/run_client_once_rafaga_hibrido.sh hybrid_p2_balanced_c6_002 6; sleep 3
[*] Ráfaga híbrida completada: 6 conexiones en 6 clientes (poisson_jitter)
=== host results ===
-rw-rw-r-- 1 cristian cristian    1350 may 16 18:25 hybrid_p2_balanced_c6_002_client_err.txt
-rw-rw-r-- 1 cristian cristian     524 may 16 18:25 hybrid_p2_balanced_c6_002_client.txt
-rw-rw-r-- 1 cristian cristian      69 may 16 18:25 hybrid_p2_balanced_c6_002_docker_stats.csv
-rw-r--r-- 1 root     root         225 may 16 18:25 hybrid_p2_balanced_c6_002_pqc_client_2_client_err.txt
-rw-r--r-- 1 root     root        2587 may 16 18:25 hybrid_p2_balanced_c6_002_pqc_client_2_client.txt
-rw-r--r-- 1 root     root          39 may 16 18:25 hybrid_p2_balanced_c6_002_pqc_client_2_summary.txt
-rw-r--r-- 1 root     root         225 may 16 18:25 hybrid_p2_balanced_c6_002_pqc_client_3_client_err.txt
-rw-r--r-- 1 root     root        2587 may 16 18:25 hybrid_p2_balanced_c6_002_pqc_client_3_client.txt
-rw-r--r-- 1 root     root          39 may 16 18:25 hybrid_p2_balanced_c6_002_pqc_client_3_summary.txt
-rw-r--r-- 1 root     root         225 may 16 18:25 hybrid_p2_balanced_c6_002_pqc_client_4_client_err.txt
-rw-r--r-- 1 root     root        2587 may 16 18:25 hybrid_p2_balanced_c6_002_pqc_client_4_client.txt
-rw-r--r-- 1 root     root          39 may 16 18:25 hybrid_p2_balanced_c6_002_pqc_client_4_summary.txt
-rw-r--r-- 1 root     root         225 may 16 18:25 hybrid_p2_balanced_c6_002_pqc_client_5_client_err.txt
-rw-r--r-- 1 root     root        2587 may 16 18:25 hybrid_p2_balanced_c6_002_pqc_client_5_client.txt
-rw-r--r-- 1 root     root          39 may 16 18:25 hybrid_p2_balanced_c6_002_pqc_client_5_summary.txt
-rw-r--r-- 1 root     root         225 may 16 18:25 hybrid_p2_balanced_c6_002_pqc_client_6_client_err.txt
-rw-r--r-- 1 root     root        2587 may 16 18:25 hybrid_p2_balanced_c6_002_pqc_client_6_client.txt
-rw-r--r-- 1 root     root          39 may 16 18:25 hybrid_p2_balanced_c6_002_pqc_client_6_summary.txt
-rw-r--r-- 1 root     root         225 may 16 18:25 hybrid_p2_balanced_c6_002_pqc_client_client_err.txt
-rw-r--r-- 1 root     root        2587 may 16 18:25 hybrid_p2_balanced_c6_002_pqc_client_client.txt
-rw-r--r-- 1 root     root          37 may 16 18:25 hybrid_p2_balanced_c6_002_pqc_client_summary.txt
=== resumen por cliente ===
[*] Perfil poisson_jitter: llegadas no sincronizadas con Poisson+jitter
[*] pqc_client <= plan: 1:0.081937
[*] pqc_client_2 <= plan: 2:0.081937
[*] pqc_client_3 <= plan: 3:0.081937
[*] pqc_client_4 <= plan: 4:0.081937
[*] pqc_client_5 <= plan: 5:0.081937
[*] pqc_client_6 <= plan: 6:0.081937
client=pqc_client total=1 ok=1 err=0
client=pqc_client_2 total=1 ok=1 err=0
client=pqc_client_3 total=1 ok=1 err=0
client=pqc_client_4 total=1 ok=1 err=0
client=pqc_client_5 total=1 ok=1 err=0
client=pqc_client_6 total=1 ok=1 err=0
[*] Resumen guardado en: results/hybrid_p2_balanced_c6_002_resource_summary.txt
RUN_ID: hybrid_p2_balanced_c6_002
CSV: results/hybrid_p2_balanced_c6_002_docker_stats.csv

=== Resumen CPU% y MEM% (avg / max) por contenedor ===
pqc_client_2 -> CPU avg=0.00%, CPU max=0.00%, MEM avg=0.02%, MEM max=0.02%
pqc_client_3 -> CPU avg=0.00%, CPU max=0.00%, MEM avg=0.03%, MEM max=0.03%
pqc_monitor -> CPU avg=0.16%, CPU max=0.22%, MEM avg=0.09%, MEM max=0.09%
pqc_client_4 -> CPU avg=0.00%, CPU max=0.00%, MEM avg=0.02%, MEM max=0.02%
pqc_client_5 -> CPU avg=0.00%, CPU max=0.00%, MEM avg=0.02%, MEM max=0.02%
pqc_server -> CPU avg=0.00%, CPU max=0.00%, MEM avg=0.11%, MEM max=0.11%
pqc_client_6 -> CPU avg=0.00%, CPU max=0.00%, MEM avg=0.07%, MEM max=0.07%
pqc_client -> CPU avg=0.00%, CPU max=0.00%, MEM avg=0.05%, MEM max=0.05%
[2026-05-16 18:25:56] [*] Parando captura en pqc_monitor para hybrid_p2_balanced_c6_002
[*] Métricas TXT guardadas en results/hybrid_p2_balanced_c6_002_metrics.txt
[*] Métricas CSV guardadas en results/hybrid_p2_balanced_c6_002_metrics.csv
[2026-05-16 18:26:19] === RUN END: hybrid_p2_balanced_c6_002 ===

[2026-05-16 18:26:19] === RUN START: hybrid_p2_balanced_c6_003 ===
[2026-05-16 18:26:19] [*] Arrancando captura en pqc_monitor (eth0) para hybrid_p2_balanced_c6_003
[*] Guardando muestras en: results/hybrid_p2_balanced_c6_003_docker_stats.csv
[*] Ejecutando comando medido: bash -lc ./scripts/run_client_once_rafaga_hibrido.sh hybrid_p2_balanced_c6_003 6; sleep 3
[*] Ráfaga híbrida completada: 6 conexiones en 6 clientes (poisson_jitter)
=== host results ===
-rw-rw-r-- 1 cristian cristian    1350 may 16 18:26 hybrid_p2_balanced_c6_003_client_err.txt
-rw-rw-r-- 1 cristian cristian     524 may 16 18:26 hybrid_p2_balanced_c6_003_client.txt
-rw-rw-r-- 1 cristian cristian      69 may 16 18:26 hybrid_p2_balanced_c6_003_docker_stats.csv
-rw-r--r-- 1 root     root         225 may 16 18:26 hybrid_p2_balanced_c6_003_pqc_client_2_client_err.txt
-rw-r--r-- 1 root     root        2587 may 16 18:26 hybrid_p2_balanced_c6_003_pqc_client_2_client.txt
-rw-r--r-- 1 root     root          39 may 16 18:26 hybrid_p2_balanced_c6_003_pqc_client_2_summary.txt
-rw-r--r-- 1 root     root         225 may 16 18:26 hybrid_p2_balanced_c6_003_pqc_client_3_client_err.txt
-rw-r--r-- 1 root     root        2587 may 16 18:26 hybrid_p2_balanced_c6_003_pqc_client_3_client.txt
-rw-r--r-- 1 root     root          39 may 16 18:26 hybrid_p2_balanced_c6_003_pqc_client_3_summary.txt
-rw-r--r-- 1 root     root         225 may 16 18:26 hybrid_p2_balanced_c6_003_pqc_client_4_client_err.txt
-rw-r--r-- 1 root     root        2587 may 16 18:26 hybrid_p2_balanced_c6_003_pqc_client_4_client.txt
-rw-r--r-- 1 root     root          39 may 16 18:26 hybrid_p2_balanced_c6_003_pqc_client_4_summary.txt
-rw-r--r-- 1 root     root         225 may 16 18:26 hybrid_p2_balanced_c6_003_pqc_client_5_client_err.txt
-rw-r--r-- 1 root     root        2587 may 16 18:26 hybrid_p2_balanced_c6_003_pqc_client_5_client.txt
-rw-r--r-- 1 root     root          39 may 16 18:26 hybrid_p2_balanced_c6_003_pqc_client_5_summary.txt
-rw-r--r-- 1 root     root         225 may 16 18:26 hybrid_p2_balanced_c6_003_pqc_client_6_client_err.txt
-rw-r--r-- 1 root     root        2587 may 16 18:26 hybrid_p2_balanced_c6_003_pqc_client_6_client.txt
-rw-r--r-- 1 root     root          39 may 16 18:26 hybrid_p2_balanced_c6_003_pqc_client_6_summary.txt
-rw-r--r-- 1 root     root         225 may 16 18:26 hybrid_p2_balanced_c6_003_pqc_client_client_err.txt
-rw-r--r-- 1 root     root        2587 may 16 18:26 hybrid_p2_balanced_c6_003_pqc_client_client.txt
-rw-r--r-- 1 root     root          37 may 16 18:26 hybrid_p2_balanced_c6_003_pqc_client_summary.txt
=== resumen por cliente ===
[*] Perfil poisson_jitter: llegadas no sincronizadas con Poisson+jitter
[*] pqc_client <= plan: 1:0.039646
[*] pqc_client_2 <= plan: 2:0.039646
[*] pqc_client_3 <= plan: 3:0.039646
[*] pqc_client_4 <= plan: 4:0.039646
[*] pqc_client_5 <= plan: 5:0.039646
[*] pqc_client_6 <= plan: 6:0.039646
client=pqc_client total=1 ok=1 err=0
client=pqc_client_2 total=1 ok=1 err=0
client=pqc_client_3 total=1 ok=1 err=0
client=pqc_client_4 total=1 ok=1 err=0
client=pqc_client_5 total=1 ok=1 err=0
client=pqc_client_6 total=1 ok=1 err=0
[*] Resumen guardado en: results/hybrid_p2_balanced_c6_003_resource_summary.txt
RUN_ID: hybrid_p2_balanced_c6_003
CSV: results/hybrid_p2_balanced_c6_003_docker_stats.csv

=== Resumen CPU% y MEM% (avg / max) por contenedor ===
pqc_client_2 -> CPU avg=0.00%, CPU max=0.00%, MEM avg=0.02%, MEM max=0.02%
pqc_client_3 -> CPU avg=4.07%, CPU max=12.20%, MEM avg=0.03%, MEM max=0.03%
pqc_monitor -> CPU avg=0.17%, CPU max=0.31%, MEM avg=0.09%, MEM max=0.09%
pqc_client_4 -> CPU avg=0.00%, CPU max=0.00%, MEM avg=0.02%, MEM max=0.02%
pqc_client_5 -> CPU avg=0.00%, CPU max=0.00%, MEM avg=0.02%, MEM max=0.02%
pqc_server -> CPU avg=0.00%, CPU max=0.00%, MEM avg=0.11%, MEM max=0.11%
pqc_client_6 -> CPU avg=0.00%, CPU max=0.00%, MEM avg=0.07%, MEM max=0.07%
pqc_client -> CPU avg=0.00%, CPU max=0.00%, MEM avg=0.05%, MEM max=0.05%
[2026-05-16 18:26:32] [*] Parando captura en pqc_monitor para hybrid_p2_balanced_c6_003
[*] Métricas TXT guardadas en results/hybrid_p2_balanced_c6_003_metrics.txt
[*] Métricas CSV guardadas en results/hybrid_p2_balanced_c6_003_metrics.csv
[2026-05-16 18:26:55] === RUN END: hybrid_p2_balanced_c6_003 ===

[2026-05-16 18:26:55] === RUN START: hybrid_p2_balanced_c6_004 ===
[2026-05-16 18:26:55] [*] Arrancando captura en pqc_monitor (eth0) para hybrid_p2_balanced_c6_004
[*] Guardando muestras en: results/hybrid_p2_balanced_c6_004_docker_stats.csv
[*] Ejecutando comando medido: bash -lc ./scripts/run_client_once_rafaga_hibrido.sh hybrid_p2_balanced_c6_004 6; sleep 3
[*] Ráfaga híbrida completada: 6 conexiones en 6 clientes (poisson_jitter)
=== host results ===
-rw-rw-r-- 1 cristian cristian    1350 may 16 18:26 hybrid_p2_balanced_c6_004_client_err.txt
-rw-rw-r-- 1 cristian cristian     524 may 16 18:26 hybrid_p2_balanced_c6_004_client.txt
-rw-rw-r-- 1 cristian cristian      69 may 16 18:26 hybrid_p2_balanced_c6_004_docker_stats.csv
-rw-r--r-- 1 root     root         225 may 16 18:26 hybrid_p2_balanced_c6_004_pqc_client_2_client_err.txt
-rw-r--r-- 1 root     root        2587 may 16 18:26 hybrid_p2_balanced_c6_004_pqc_client_2_client.txt
-rw-r--r-- 1 root     root          39 may 16 18:26 hybrid_p2_balanced_c6_004_pqc_client_2_summary.txt
-rw-r--r-- 1 root     root         225 may 16 18:26 hybrid_p2_balanced_c6_004_pqc_client_3_client_err.txt
-rw-r--r-- 1 root     root        2587 may 16 18:26 hybrid_p2_balanced_c6_004_pqc_client_3_client.txt
-rw-r--r-- 1 root     root          39 may 16 18:26 hybrid_p2_balanced_c6_004_pqc_client_3_summary.txt
-rw-r--r-- 1 root     root         225 may 16 18:26 hybrid_p2_balanced_c6_004_pqc_client_4_client_err.txt
-rw-r--r-- 1 root     root        2587 may 16 18:26 hybrid_p2_balanced_c6_004_pqc_client_4_client.txt
-rw-r--r-- 1 root     root          39 may 16 18:26 hybrid_p2_balanced_c6_004_pqc_client_4_summary.txt
-rw-r--r-- 1 root     root         225 may 16 18:26 hybrid_p2_balanced_c6_004_pqc_client_5_client_err.txt
-rw-r--r-- 1 root     root        2587 may 16 18:26 hybrid_p2_balanced_c6_004_pqc_client_5_client.txt
-rw-r--r-- 1 root     root          39 may 16 18:26 hybrid_p2_balanced_c6_004_pqc_client_5_summary.txt
-rw-r--r-- 1 root     root         225 may 16 18:26 hybrid_p2_balanced_c6_004_pqc_client_6_client_err.txt
-rw-r--r-- 1 root     root        2587 may 16 18:26 hybrid_p2_balanced_c6_004_pqc_client_6_client.txt
-rw-r--r-- 1 root     root          39 may 16 18:26 hybrid_p2_balanced_c6_004_pqc_client_6_summary.txt
-rw-r--r-- 1 root     root         225 may 16 18:26 hybrid_p2_balanced_c6_004_pqc_client_client_err.txt
-rw-r--r-- 1 root     root        2587 may 16 18:26 hybrid_p2_balanced_c6_004_pqc_client_client.txt
-rw-r--r-- 1 root     root          37 may 16 18:26 hybrid_p2_balanced_c6_004_pqc_client_summary.txt
=== resumen por cliente ===
[*] Perfil poisson_jitter: llegadas no sincronizadas con Poisson+jitter
[*] pqc_client <= plan: 1:0.000000
[*] pqc_client_2 <= plan: 2:0.000000
[*] pqc_client_3 <= plan: 3:0.000000
[*] pqc_client_4 <= plan: 4:0.000000
[*] pqc_client_5 <= plan: 5:0.000000
[*] pqc_client_6 <= plan: 6:0.000000
client=pqc_client total=1 ok=1 err=0
client=pqc_client_2 total=1 ok=1 err=0
client=pqc_client_3 total=1 ok=1 err=0
client=pqc_client_4 total=1 ok=1 err=0
client=pqc_client_5 total=1 ok=1 err=0
client=pqc_client_6 total=1 ok=1 err=0
[*] Resumen guardado en: results/hybrid_p2_balanced_c6_004_resource_summary.txt
RUN_ID: hybrid_p2_balanced_c6_004
CSV: results/hybrid_p2_balanced_c6_004_docker_stats.csv

=== Resumen CPU% y MEM% (avg / max) por contenedor ===
pqc_client_2 -> CPU avg=0.00%, CPU max=0.00%, MEM avg=0.02%, MEM max=0.02%
pqc_client_3 -> CPU avg=0.00%, CPU max=0.00%, MEM avg=0.03%, MEM max=0.03%
pqc_monitor -> CPU avg=0.10%, CPU max=0.12%, MEM avg=0.09%, MEM max=0.09%
pqc_client_4 -> CPU avg=0.00%, CPU max=0.00%, MEM avg=0.02%, MEM max=0.02%
pqc_client_5 -> CPU avg=0.00%, CPU max=0.00%, MEM avg=0.02%, MEM max=0.02%
pqc_server -> CPU avg=0.00%, CPU max=0.00%, MEM avg=0.11%, MEM max=0.11%
pqc_client_6 -> CPU avg=0.00%, CPU max=0.00%, MEM avg=0.07%, MEM max=0.07%
pqc_client -> CPU avg=0.00%, CPU max=0.00%, MEM avg=0.05%, MEM max=0.05%
[2026-05-16 18:27:08] [*] Parando captura en pqc_monitor para hybrid_p2_balanced_c6_004
[*] Métricas TXT guardadas en results/hybrid_p2_balanced_c6_004_metrics.txt
[*] Métricas CSV guardadas en results/hybrid_p2_balanced_c6_004_metrics.csv
[2026-05-16 18:27:30] === RUN END: hybrid_p2_balanced_c6_004 ===

[2026-05-16 18:27:30] === RUN START: hybrid_p2_balanced_c6_005 ===
[2026-05-16 18:27:30] [*] Arrancando captura en pqc_monitor (eth0) para hybrid_p2_balanced_c6_005
[*] Guardando muestras en: results/hybrid_p2_balanced_c6_005_docker_stats.csv
[*] Ejecutando comando medido: bash -lc ./scripts/run_client_once_rafaga_hibrido.sh hybrid_p2_balanced_c6_005 6; sleep 3
[*] Ráfaga híbrida completada: 6 conexiones en 6 clientes (poisson_jitter)
=== host results ===
-rw-rw-r-- 1 cristian cristian    1350 may 16 18:27 hybrid_p2_balanced_c6_005_client_err.txt
-rw-rw-r-- 1 cristian cristian     524 may 16 18:27 hybrid_p2_balanced_c6_005_client.txt
-rw-rw-r-- 1 cristian cristian      69 may 16 18:27 hybrid_p2_balanced_c6_005_docker_stats.csv
-rw-r--r-- 1 root     root         225 may 16 18:27 hybrid_p2_balanced_c6_005_pqc_client_2_client_err.txt
-rw-r--r-- 1 root     root        2587 may 16 18:27 hybrid_p2_balanced_c6_005_pqc_client_2_client.txt
-rw-r--r-- 1 root     root          39 may 16 18:27 hybrid_p2_balanced_c6_005_pqc_client_2_summary.txt
-rw-r--r-- 1 root     root         225 may 16 18:27 hybrid_p2_balanced_c6_005_pqc_client_3_client_err.txt
-rw-r--r-- 1 root     root        2587 may 16 18:27 hybrid_p2_balanced_c6_005_pqc_client_3_client.txt
-rw-r--r-- 1 root     root          39 may 16 18:27 hybrid_p2_balanced_c6_005_pqc_client_3_summary.txt
-rw-r--r-- 1 root     root         225 may 16 18:27 hybrid_p2_balanced_c6_005_pqc_client_4_client_err.txt
-rw-r--r-- 1 root     root        2587 may 16 18:27 hybrid_p2_balanced_c6_005_pqc_client_4_client.txt
-rw-r--r-- 1 root     root          39 may 16 18:27 hybrid_p2_balanced_c6_005_pqc_client_4_summary.txt
-rw-r--r-- 1 root     root         225 may 16 18:27 hybrid_p2_balanced_c6_005_pqc_client_5_client_err.txt
-rw-r--r-- 1 root     root        2587 may 16 18:27 hybrid_p2_balanced_c6_005_pqc_client_5_client.txt
-rw-r--r-- 1 root     root          39 may 16 18:27 hybrid_p2_balanced_c6_005_pqc_client_5_summary.txt
-rw-r--r-- 1 root     root         225 may 16 18:27 hybrid_p2_balanced_c6_005_pqc_client_6_client_err.txt
-rw-r--r-- 1 root     root        2587 may 16 18:27 hybrid_p2_balanced_c6_005_pqc_client_6_client.txt
-rw-r--r-- 1 root     root          39 may 16 18:27 hybrid_p2_balanced_c6_005_pqc_client_6_summary.txt
-rw-r--r-- 1 root     root         225 may 16 18:27 hybrid_p2_balanced_c6_005_pqc_client_client_err.txt
-rw-r--r-- 1 root     root        2587 may 16 18:27 hybrid_p2_balanced_c6_005_pqc_client_client.txt
-rw-r--r-- 1 root     root          37 may 16 18:27 hybrid_p2_balanced_c6_005_pqc_client_summary.txt
=== resumen por cliente ===
[*] Perfil poisson_jitter: llegadas no sincronizadas con Poisson+jitter
[*] pqc_client <= plan: 1:0.051505
[*] pqc_client_2 <= plan: 2:0.051505
[*] pqc_client_3 <= plan: 3:0.051505
[*] pqc_client_4 <= plan: 4:0.051505
[*] pqc_client_5 <= plan: 5:0.051505
[*] pqc_client_6 <= plan: 6:0.051505
client=pqc_client total=1 ok=1 err=0
client=pqc_client_2 total=1 ok=1 err=0
client=pqc_client_3 total=1 ok=1 err=0
client=pqc_client_4 total=1 ok=1 err=0
client=pqc_client_5 total=1 ok=1 err=0
client=pqc_client_6 total=1 ok=1 err=0
[*] Resumen guardado en: results/hybrid_p2_balanced_c6_005_resource_summary.txt
RUN_ID: hybrid_p2_balanced_c6_005
CSV: results/hybrid_p2_balanced_c6_005_docker_stats.csv

=== Resumen CPU% y MEM% (avg / max) por contenedor ===
pqc_client_2 -> CPU avg=0.00%, CPU max=0.00%, MEM avg=0.02%, MEM max=0.02%
pqc_client_3 -> CPU avg=0.00%, CPU max=0.00%, MEM avg=0.03%, MEM max=0.03%
pqc_monitor -> CPU avg=0.09%, CPU max=0.13%, MEM avg=0.09%, MEM max=0.09%
pqc_client_4 -> CPU avg=0.00%, CPU max=0.00%, MEM avg=0.02%, MEM max=0.02%
pqc_client_5 -> CPU avg=0.00%, CPU max=0.00%, MEM avg=0.02%, MEM max=0.02%
pqc_server -> CPU avg=0.00%, CPU max=0.00%, MEM avg=0.11%, MEM max=0.11%
pqc_client_6 -> CPU avg=0.00%, CPU max=0.00%, MEM avg=0.07%, MEM max=0.07%
pqc_client -> CPU avg=0.00%, CPU max=0.00%, MEM avg=0.05%, MEM max=0.05%
[2026-05-16 18:27:43] [*] Parando captura en pqc_monitor para hybrid_p2_balanced_c6_005
[*] Métricas TXT guardadas en results/hybrid_p2_balanced_c6_005_metrics.txt
[*] Métricas CSV guardadas en results/hybrid_p2_balanced_c6_005_metrics.csv
[2026-05-16 18:28:06] === RUN END: hybrid_p2_balanced_c6_005 ===

[2026-05-16 18:28:06] === RUN START: hybrid_p2_aggressive_c6_001 ===
[2026-05-16 18:28:06] [*] Arrancando captura en pqc_monitor (eth0) para hybrid_p2_aggressive_c6_001
[*] Guardando muestras en: results/hybrid_p2_aggressive_c6_001_docker_stats.csv
[*] Ejecutando comando medido: bash -lc ./scripts/run_client_once_rafaga_hibrido.sh hybrid_p2_aggressive_c6_001 6; sleep 3
[*] Ráfaga híbrida completada: 6 conexiones en 6 clientes (poisson_jitter)
=== host results ===
-rw-rw-r-- 1 cristian cristian    1350 may 16 18:28 hybrid_p2_aggressive_c6_001_client_err.txt
-rw-rw-r-- 1 cristian cristian     524 may 16 18:28 hybrid_p2_aggressive_c6_001_client.txt
-rw-rw-r-- 1 cristian cristian      69 may 16 18:28 hybrid_p2_aggressive_c6_001_docker_stats.csv
-rw-r--r-- 1 root     root         225 may 16 18:28 hybrid_p2_aggressive_c6_001_pqc_client_2_client_err.txt
-rw-r--r-- 1 root     root        2587 may 16 18:28 hybrid_p2_aggressive_c6_001_pqc_client_2_client.txt
-rw-r--r-- 1 root     root          39 may 16 18:28 hybrid_p2_aggressive_c6_001_pqc_client_2_summary.txt
-rw-r--r-- 1 root     root         225 may 16 18:28 hybrid_p2_aggressive_c6_001_pqc_client_3_client_err.txt
-rw-r--r-- 1 root     root        2587 may 16 18:28 hybrid_p2_aggressive_c6_001_pqc_client_3_client.txt
-rw-r--r-- 1 root     root          39 may 16 18:28 hybrid_p2_aggressive_c6_001_pqc_client_3_summary.txt
-rw-r--r-- 1 root     root         225 may 16 18:28 hybrid_p2_aggressive_c6_001_pqc_client_4_client_err.txt
-rw-r--r-- 1 root     root        2587 may 16 18:28 hybrid_p2_aggressive_c6_001_pqc_client_4_client.txt
-rw-r--r-- 1 root     root          39 may 16 18:28 hybrid_p2_aggressive_c6_001_pqc_client_4_summary.txt
-rw-r--r-- 1 root     root         225 may 16 18:28 hybrid_p2_aggressive_c6_001_pqc_client_5_client_err.txt
-rw-r--r-- 1 root     root        2587 may 16 18:28 hybrid_p2_aggressive_c6_001_pqc_client_5_client.txt
-rw-r--r-- 1 root     root          39 may 16 18:28 hybrid_p2_aggressive_c6_001_pqc_client_5_summary.txt
-rw-r--r-- 1 root     root         225 may 16 18:28 hybrid_p2_aggressive_c6_001_pqc_client_6_client_err.txt
-rw-r--r-- 1 root     root        2587 may 16 18:28 hybrid_p2_aggressive_c6_001_pqc_client_6_client.txt
-rw-r--r-- 1 root     root          39 may 16 18:28 hybrid_p2_aggressive_c6_001_pqc_client_6_summary.txt
-rw-r--r-- 1 root     root         225 may 16 18:28 hybrid_p2_aggressive_c6_001_pqc_client_client_err.txt
-rw-r--r-- 1 root     root        2587 may 16 18:28 hybrid_p2_aggressive_c6_001_pqc_client_client.txt
-rw-r--r-- 1 root     root          37 may 16 18:28 hybrid_p2_aggressive_c6_001_pqc_client_summary.txt
=== resumen por cliente ===
[*] Perfil poisson_jitter: llegadas no sincronizadas con Poisson+jitter
[*] pqc_client <= plan: 1:0.004439
[*] pqc_client_2 <= plan: 2:0.004439
[*] pqc_client_3 <= plan: 3:0.039612
[*] pqc_client_4 <= plan: 4:0.039612
[*] pqc_client_5 <= plan: 5:0.039612
[*] pqc_client_6 <= plan: 6:0.039612
client=pqc_client total=1 ok=1 err=0
client=pqc_client_2 total=1 ok=1 err=0
client=pqc_client_3 total=1 ok=1 err=0
client=pqc_client_4 total=1 ok=1 err=0
client=pqc_client_5 total=1 ok=1 err=0
client=pqc_client_6 total=1 ok=1 err=0
[*] Resumen guardado en: results/hybrid_p2_aggressive_c6_001_resource_summary.txt
RUN_ID: hybrid_p2_aggressive_c6_001
CSV: results/hybrid_p2_aggressive_c6_001_docker_stats.csv

=== Resumen CPU% y MEM% (avg / max) por contenedor ===
pqc_client_2 -> CPU avg=0.00%, CPU max=0.00%, MEM avg=0.02%, MEM max=0.02%
pqc_client_3 -> CPU avg=0.00%, CPU max=0.00%, MEM avg=0.03%, MEM max=0.03%
pqc_monitor -> CPU avg=0.04%, CPU max=0.06%, MEM avg=0.09%, MEM max=0.09%
pqc_client_4 -> CPU avg=0.00%, CPU max=0.00%, MEM avg=0.02%, MEM max=0.02%
pqc_client_5 -> CPU avg=4.64%, CPU max=13.93%, MEM avg=0.02%, MEM max=0.02%
pqc_server -> CPU avg=0.00%, CPU max=0.00%, MEM avg=0.11%, MEM max=0.11%
pqc_client_6 -> CPU avg=0.00%, CPU max=0.00%, MEM avg=0.07%, MEM max=0.07%
pqc_client -> CPU avg=0.00%, CPU max=0.00%, MEM avg=0.05%, MEM max=0.05%
[2026-05-16 18:28:18] [*] Parando captura en pqc_monitor para hybrid_p2_aggressive_c6_001
[*] Métricas TXT guardadas en results/hybrid_p2_aggressive_c6_001_metrics.txt
[*] Métricas CSV guardadas en results/hybrid_p2_aggressive_c6_001_metrics.csv
[2026-05-16 18:28:41] === RUN END: hybrid_p2_aggressive_c6_001 ===

[2026-05-16 18:28:41] === RUN START: hybrid_p2_aggressive_c6_002 ===
[2026-05-16 18:28:41] [*] Arrancando captura en pqc_monitor (eth0) para hybrid_p2_aggressive_c6_002
[*] Guardando muestras en: results/hybrid_p2_aggressive_c6_002_docker_stats.csv
[*] Ejecutando comando medido: bash -lc ./scripts/run_client_once_rafaga_hibrido.sh hybrid_p2_aggressive_c6_002 6; sleep 3
[*] Ráfaga híbrida completada: 6 conexiones en 6 clientes (poisson_jitter)
=== host results ===
-rw-rw-r-- 1 cristian cristian    1350 may 16 18:28 hybrid_p2_aggressive_c6_002_client_err.txt
-rw-rw-r-- 1 cristian cristian     524 may 16 18:28 hybrid_p2_aggressive_c6_002_client.txt
-rw-rw-r-- 1 cristian cristian      69 may 16 18:28 hybrid_p2_aggressive_c6_002_docker_stats.csv
-rw-r--r-- 1 root     root         225 may 16 18:28 hybrid_p2_aggressive_c6_002_pqc_client_2_client_err.txt
-rw-r--r-- 1 root     root        2587 may 16 18:28 hybrid_p2_aggressive_c6_002_pqc_client_2_client.txt
-rw-r--r-- 1 root     root          39 may 16 18:28 hybrid_p2_aggressive_c6_002_pqc_client_2_summary.txt
-rw-r--r-- 1 root     root         225 may 16 18:28 hybrid_p2_aggressive_c6_002_pqc_client_3_client_err.txt
-rw-r--r-- 1 root     root        2587 may 16 18:28 hybrid_p2_aggressive_c6_002_pqc_client_3_client.txt
-rw-r--r-- 1 root     root          39 may 16 18:28 hybrid_p2_aggressive_c6_002_pqc_client_3_summary.txt
-rw-r--r-- 1 root     root         225 may 16 18:28 hybrid_p2_aggressive_c6_002_pqc_client_4_client_err.txt
-rw-r--r-- 1 root     root        2587 may 16 18:28 hybrid_p2_aggressive_c6_002_pqc_client_4_client.txt
-rw-r--r-- 1 root     root          39 may 16 18:28 hybrid_p2_aggressive_c6_002_pqc_client_4_summary.txt
-rw-r--r-- 1 root     root         225 may 16 18:28 hybrid_p2_aggressive_c6_002_pqc_client_5_client_err.txt
-rw-r--r-- 1 root     root        2587 may 16 18:28 hybrid_p2_aggressive_c6_002_pqc_client_5_client.txt
-rw-r--r-- 1 root     root          39 may 16 18:28 hybrid_p2_aggressive_c6_002_pqc_client_5_summary.txt
-rw-r--r-- 1 root     root         225 may 16 18:28 hybrid_p2_aggressive_c6_002_pqc_client_6_client_err.txt
-rw-r--r-- 1 root     root        2587 may 16 18:28 hybrid_p2_aggressive_c6_002_pqc_client_6_client.txt
-rw-r--r-- 1 root     root          39 may 16 18:28 hybrid_p2_aggressive_c6_002_pqc_client_6_summary.txt
-rw-r--r-- 1 root     root         225 may 16 18:28 hybrid_p2_aggressive_c6_002_pqc_client_client_err.txt
-rw-r--r-- 1 root     root        2587 may 16 18:28 hybrid_p2_aggressive_c6_002_pqc_client_client.txt
-rw-r--r-- 1 root     root          37 may 16 18:28 hybrid_p2_aggressive_c6_002_pqc_client_summary.txt
=== resumen por cliente ===
[*] Perfil poisson_jitter: llegadas no sincronizadas con Poisson+jitter
[*] pqc_client <= plan: 1:0.037610
[*] pqc_client_2 <= plan: 2:0.037610
[*] pqc_client_3 <= plan: 3:0.037610
[*] pqc_client_4 <= plan: 4:0.037610
[*] pqc_client_5 <= plan: 5:0.037610
[*] pqc_client_6 <= plan: 6:0.037610
client=pqc_client total=1 ok=1 err=0
client=pqc_client_2 total=1 ok=1 err=0
client=pqc_client_3 total=1 ok=1 err=0
client=pqc_client_4 total=1 ok=1 err=0
client=pqc_client_5 total=1 ok=1 err=0
client=pqc_client_6 total=1 ok=1 err=0
[*] Resumen guardado en: results/hybrid_p2_aggressive_c6_002_resource_summary.txt
RUN_ID: hybrid_p2_aggressive_c6_002
CSV: results/hybrid_p2_aggressive_c6_002_docker_stats.csv

=== Resumen CPU% y MEM% (avg / max) por contenedor ===
pqc_client_2 -> CPU avg=0.00%, CPU max=0.00%, MEM avg=0.02%, MEM max=0.02%
pqc_client_3 -> CPU avg=0.00%, CPU max=0.00%, MEM avg=0.03%, MEM max=0.03%
pqc_monitor -> CPU avg=0.16%, CPU max=0.30%, MEM avg=0.09%, MEM max=0.09%
pqc_client_4 -> CPU avg=0.00%, CPU max=0.00%, MEM avg=0.02%, MEM max=0.02%
pqc_client_5 -> CPU avg=0.00%, CPU max=0.00%, MEM avg=0.02%, MEM max=0.02%
pqc_server -> CPU avg=0.00%, CPU max=0.00%, MEM avg=0.11%, MEM max=0.11%
pqc_client_6 -> CPU avg=3.37%, CPU max=10.10%, MEM avg=0.07%, MEM max=0.07%
pqc_client -> CPU avg=0.00%, CPU max=0.00%, MEM avg=0.05%, MEM max=0.05%
[2026-05-16 18:28:54] [*] Parando captura en pqc_monitor para hybrid_p2_aggressive_c6_002
[*] Métricas TXT guardadas en results/hybrid_p2_aggressive_c6_002_metrics.txt
[*] Métricas CSV guardadas en results/hybrid_p2_aggressive_c6_002_metrics.csv
[2026-05-16 18:29:17] === RUN END: hybrid_p2_aggressive_c6_002 ===

[2026-05-16 18:29:17] === RUN START: hybrid_p2_aggressive_c6_003 ===
[2026-05-16 18:29:17] [*] Arrancando captura en pqc_monitor (eth0) para hybrid_p2_aggressive_c6_003
[*] Guardando muestras en: results/hybrid_p2_aggressive_c6_003_docker_stats.csv
[*] Ejecutando comando medido: bash -lc ./scripts/run_client_once_rafaga_hibrido.sh hybrid_p2_aggressive_c6_003 6; sleep 3
[*] Ráfaga híbrida completada: 6 conexiones en 6 clientes (poisson_jitter)
=== host results ===
-rw-rw-r-- 1 cristian cristian    1350 may 16 18:29 hybrid_p2_aggressive_c6_003_client_err.txt
-rw-rw-r-- 1 cristian cristian     524 may 16 18:29 hybrid_p2_aggressive_c6_003_client.txt
-rw-rw-r-- 1 cristian cristian      69 may 16 18:29 hybrid_p2_aggressive_c6_003_docker_stats.csv
-rw-r--r-- 1 root     root         225 may 16 18:29 hybrid_p2_aggressive_c6_003_pqc_client_2_client_err.txt
-rw-r--r-- 1 root     root        2587 may 16 18:29 hybrid_p2_aggressive_c6_003_pqc_client_2_client.txt
-rw-r--r-- 1 root     root          39 may 16 18:29 hybrid_p2_aggressive_c6_003_pqc_client_2_summary.txt
-rw-r--r-- 1 root     root         225 may 16 18:29 hybrid_p2_aggressive_c6_003_pqc_client_3_client_err.txt
-rw-r--r-- 1 root     root        2587 may 16 18:29 hybrid_p2_aggressive_c6_003_pqc_client_3_client.txt
-rw-r--r-- 1 root     root          39 may 16 18:29 hybrid_p2_aggressive_c6_003_pqc_client_3_summary.txt
-rw-r--r-- 1 root     root         225 may 16 18:29 hybrid_p2_aggressive_c6_003_pqc_client_4_client_err.txt
-rw-r--r-- 1 root     root        2587 may 16 18:29 hybrid_p2_aggressive_c6_003_pqc_client_4_client.txt
-rw-r--r-- 1 root     root          39 may 16 18:29 hybrid_p2_aggressive_c6_003_pqc_client_4_summary.txt
-rw-r--r-- 1 root     root         225 may 16 18:29 hybrid_p2_aggressive_c6_003_pqc_client_5_client_err.txt
-rw-r--r-- 1 root     root        2587 may 16 18:29 hybrid_p2_aggressive_c6_003_pqc_client_5_client.txt
-rw-r--r-- 1 root     root          39 may 16 18:29 hybrid_p2_aggressive_c6_003_pqc_client_5_summary.txt
-rw-r--r-- 1 root     root         225 may 16 18:29 hybrid_p2_aggressive_c6_003_pqc_client_6_client_err.txt
-rw-r--r-- 1 root     root        2587 may 16 18:29 hybrid_p2_aggressive_c6_003_pqc_client_6_client.txt
-rw-r--r-- 1 root     root          39 may 16 18:29 hybrid_p2_aggressive_c6_003_pqc_client_6_summary.txt
-rw-r--r-- 1 root     root         225 may 16 18:29 hybrid_p2_aggressive_c6_003_pqc_client_client_err.txt
-rw-r--r-- 1 root     root        2587 may 16 18:29 hybrid_p2_aggressive_c6_003_pqc_client_client.txt
-rw-r--r-- 1 root     root          37 may 16 18:29 hybrid_p2_aggressive_c6_003_pqc_client_summary.txt
=== resumen por cliente ===
[*] Perfil poisson_jitter: llegadas no sincronizadas con Poisson+jitter
[*] pqc_client <= plan: 1:0.000000
[*] pqc_client_2 <= plan: 2:0.000000
[*] pqc_client_3 <= plan: 3:0.000000
[*] pqc_client_4 <= plan: 4:0.057640
[*] pqc_client_5 <= plan: 5:0.057640
[*] pqc_client_6 <= plan: 6:0.057640
client=pqc_client total=1 ok=1 err=0
client=pqc_client_2 total=1 ok=1 err=0
client=pqc_client_3 total=1 ok=1 err=0
client=pqc_client_4 total=1 ok=1 err=0
client=pqc_client_5 total=1 ok=1 err=0
client=pqc_client_6 total=1 ok=1 err=0
[*] Resumen guardado en: results/hybrid_p2_aggressive_c6_003_resource_summary.txt
RUN_ID: hybrid_p2_aggressive_c6_003
CSV: results/hybrid_p2_aggressive_c6_003_docker_stats.csv

=== Resumen CPU% y MEM% (avg / max) por contenedor ===
pqc_client_2 -> CPU avg=0.00%, CPU max=0.00%, MEM avg=0.02%, MEM max=0.02%
pqc_client_3 -> CPU avg=0.00%, CPU max=0.00%, MEM avg=0.03%, MEM max=0.03%
pqc_monitor -> CPU avg=0.11%, CPU max=0.25%, MEM avg=0.09%, MEM max=0.09%
pqc_client_4 -> CPU avg=0.00%, CPU max=0.00%, MEM avg=0.02%, MEM max=0.02%
pqc_client_5 -> CPU avg=0.00%, CPU max=0.00%, MEM avg=0.02%, MEM max=0.02%
pqc_server -> CPU avg=0.00%, CPU max=0.00%, MEM avg=0.11%, MEM max=0.11%
pqc_client_6 -> CPU avg=0.00%, CPU max=0.00%, MEM avg=0.07%, MEM max=0.07%
pqc_client -> CPU avg=0.00%, CPU max=0.00%, MEM avg=0.05%, MEM max=0.05%
[2026-05-16 18:29:30] [*] Parando captura en pqc_monitor para hybrid_p2_aggressive_c6_003
[*] Métricas TXT guardadas en results/hybrid_p2_aggressive_c6_003_metrics.txt
[*] Métricas CSV guardadas en results/hybrid_p2_aggressive_c6_003_metrics.csv
[2026-05-16 18:29:53] === RUN END: hybrid_p2_aggressive_c6_003 ===

[2026-05-16 18:29:53] === RUN START: hybrid_p2_aggressive_c6_004 ===
[2026-05-16 18:29:53] [*] Arrancando captura en pqc_monitor (eth0) para hybrid_p2_aggressive_c6_004
[*] Guardando muestras en: results/hybrid_p2_aggressive_c6_004_docker_stats.csv
[*] Ejecutando comando medido: bash -lc ./scripts/run_client_once_rafaga_hibrido.sh hybrid_p2_aggressive_c6_004 6; sleep 3
[*] Ráfaga híbrida completada: 6 conexiones en 6 clientes (poisson_jitter)
=== host results ===
-rw-rw-r-- 1 cristian cristian    1350 may 16 18:29 hybrid_p2_aggressive_c6_004_client_err.txt
-rw-rw-r-- 1 cristian cristian     524 may 16 18:29 hybrid_p2_aggressive_c6_004_client.txt
-rw-rw-r-- 1 cristian cristian      69 may 16 18:29 hybrid_p2_aggressive_c6_004_docker_stats.csv
-rw-r--r-- 1 root     root         225 may 16 18:29 hybrid_p2_aggressive_c6_004_pqc_client_2_client_err.txt
-rw-r--r-- 1 root     root        2587 may 16 18:29 hybrid_p2_aggressive_c6_004_pqc_client_2_client.txt
-rw-r--r-- 1 root     root          39 may 16 18:29 hybrid_p2_aggressive_c6_004_pqc_client_2_summary.txt
-rw-r--r-- 1 root     root         225 may 16 18:29 hybrid_p2_aggressive_c6_004_pqc_client_3_client_err.txt
-rw-r--r-- 1 root     root        2587 may 16 18:29 hybrid_p2_aggressive_c6_004_pqc_client_3_client.txt
-rw-r--r-- 1 root     root          39 may 16 18:29 hybrid_p2_aggressive_c6_004_pqc_client_3_summary.txt
-rw-r--r-- 1 root     root         225 may 16 18:29 hybrid_p2_aggressive_c6_004_pqc_client_4_client_err.txt
-rw-r--r-- 1 root     root        2587 may 16 18:29 hybrid_p2_aggressive_c6_004_pqc_client_4_client.txt
-rw-r--r-- 1 root     root          39 may 16 18:29 hybrid_p2_aggressive_c6_004_pqc_client_4_summary.txt
-rw-r--r-- 1 root     root         225 may 16 18:29 hybrid_p2_aggressive_c6_004_pqc_client_5_client_err.txt
-rw-r--r-- 1 root     root        2587 may 16 18:29 hybrid_p2_aggressive_c6_004_pqc_client_5_client.txt
-rw-r--r-- 1 root     root          39 may 16 18:29 hybrid_p2_aggressive_c6_004_pqc_client_5_summary.txt
-rw-r--r-- 1 root     root         225 may 16 18:29 hybrid_p2_aggressive_c6_004_pqc_client_6_client_err.txt
-rw-r--r-- 1 root     root        2587 may 16 18:29 hybrid_p2_aggressive_c6_004_pqc_client_6_client.txt
-rw-r--r-- 1 root     root          39 may 16 18:29 hybrid_p2_aggressive_c6_004_pqc_client_6_summary.txt
-rw-r--r-- 1 root     root         225 may 16 18:29 hybrid_p2_aggressive_c6_004_pqc_client_client_err.txt
-rw-r--r-- 1 root     root        2587 may 16 18:29 hybrid_p2_aggressive_c6_004_pqc_client_client.txt
-rw-r--r-- 1 root     root          37 may 16 18:29 hybrid_p2_aggressive_c6_004_pqc_client_summary.txt
=== resumen por cliente ===
[*] Perfil poisson_jitter: llegadas no sincronizadas con Poisson+jitter
[*] pqc_client <= plan: 1:0.027122
[*] pqc_client_2 <= plan: 2:0.027122
[*] pqc_client_3 <= plan: 3:0.027122
[*] pqc_client_4 <= plan: 4:0.027122
[*] pqc_client_5 <= plan: 5:0.027122
[*] pqc_client_6 <= plan: 6:0.027122
client=pqc_client total=1 ok=1 err=0
client=pqc_client_2 total=1 ok=1 err=0
client=pqc_client_3 total=1 ok=1 err=0
client=pqc_client_4 total=1 ok=1 err=0
client=pqc_client_5 total=1 ok=1 err=0
client=pqc_client_6 total=1 ok=1 err=0
[*] Resumen guardado en: results/hybrid_p2_aggressive_c6_004_resource_summary.txt
RUN_ID: hybrid_p2_aggressive_c6_004
CSV: results/hybrid_p2_aggressive_c6_004_docker_stats.csv

=== Resumen CPU% y MEM% (avg / max) por contenedor ===
pqc_client_2 -> CPU avg=0.00%, CPU max=0.00%, MEM avg=0.02%, MEM max=0.02%
pqc_client_3 -> CPU avg=0.00%, CPU max=0.00%, MEM avg=0.03%, MEM max=0.03%
pqc_monitor -> CPU avg=0.14%, CPU max=0.18%, MEM avg=0.09%, MEM max=0.09%
pqc_client_4 -> CPU avg=0.00%, CPU max=0.00%, MEM avg=0.02%, MEM max=0.02%
pqc_client_5 -> CPU avg=0.00%, CPU max=0.00%, MEM avg=0.02%, MEM max=0.02%
pqc_server -> CPU avg=0.00%, CPU max=0.00%, MEM avg=0.11%, MEM max=0.11%
pqc_client_6 -> CPU avg=0.00%, CPU max=0.00%, MEM avg=0.07%, MEM max=0.07%
pqc_client -> CPU avg=0.00%, CPU max=0.00%, MEM avg=0.05%, MEM max=0.05%
[2026-05-16 18:30:06] [*] Parando captura en pqc_monitor para hybrid_p2_aggressive_c6_004
[*] Métricas TXT guardadas en results/hybrid_p2_aggressive_c6_004_metrics.txt
[*] Métricas CSV guardadas en results/hybrid_p2_aggressive_c6_004_metrics.csv
[2026-05-16 18:30:29] === RUN END: hybrid_p2_aggressive_c6_004 ===

[2026-05-16 18:30:29] === RUN START: hybrid_p2_aggressive_c6_005 ===
[2026-05-16 18:30:29] [*] Arrancando captura en pqc_monitor (eth0) para hybrid_p2_aggressive_c6_005
[*] Guardando muestras en: results/hybrid_p2_aggressive_c6_005_docker_stats.csv
[*] Ejecutando comando medido: bash -lc ./scripts/run_client_once_rafaga_hibrido.sh hybrid_p2_aggressive_c6_005 6; sleep 3
[*] Ráfaga híbrida completada: 6 conexiones en 6 clientes (poisson_jitter)
=== host results ===
-rw-rw-r-- 1 cristian cristian    1350 may 16 18:30 hybrid_p2_aggressive_c6_005_client_err.txt
-rw-rw-r-- 1 cristian cristian     524 may 16 18:30 hybrid_p2_aggressive_c6_005_client.txt
-rw-rw-r-- 1 cristian cristian      69 may 16 18:30 hybrid_p2_aggressive_c6_005_docker_stats.csv
-rw-r--r-- 1 root     root         225 may 16 18:30 hybrid_p2_aggressive_c6_005_pqc_client_2_client_err.txt
-rw-r--r-- 1 root     root        2587 may 16 18:30 hybrid_p2_aggressive_c6_005_pqc_client_2_client.txt
-rw-r--r-- 1 root     root          39 may 16 18:30 hybrid_p2_aggressive_c6_005_pqc_client_2_summary.txt
-rw-r--r-- 1 root     root         225 may 16 18:30 hybrid_p2_aggressive_c6_005_pqc_client_3_client_err.txt
-rw-r--r-- 1 root     root        2587 may 16 18:30 hybrid_p2_aggressive_c6_005_pqc_client_3_client.txt
-rw-r--r-- 1 root     root          39 may 16 18:30 hybrid_p2_aggressive_c6_005_pqc_client_3_summary.txt
-rw-r--r-- 1 root     root         225 may 16 18:30 hybrid_p2_aggressive_c6_005_pqc_client_4_client_err.txt
-rw-r--r-- 1 root     root        2587 may 16 18:30 hybrid_p2_aggressive_c6_005_pqc_client_4_client.txt
-rw-r--r-- 1 root     root          39 may 16 18:30 hybrid_p2_aggressive_c6_005_pqc_client_4_summary.txt
-rw-r--r-- 1 root     root         225 may 16 18:30 hybrid_p2_aggressive_c6_005_pqc_client_5_client_err.txt
-rw-r--r-- 1 root     root        2587 may 16 18:30 hybrid_p2_aggressive_c6_005_pqc_client_5_client.txt
-rw-r--r-- 1 root     root          39 may 16 18:30 hybrid_p2_aggressive_c6_005_pqc_client_5_summary.txt
-rw-r--r-- 1 root     root         225 may 16 18:30 hybrid_p2_aggressive_c6_005_pqc_client_6_client_err.txt
-rw-r--r-- 1 root     root        2587 may 16 18:30 hybrid_p2_aggressive_c6_005_pqc_client_6_client.txt
-rw-r--r-- 1 root     root          39 may 16 18:30 hybrid_p2_aggressive_c6_005_pqc_client_6_summary.txt
-rw-r--r-- 1 root     root         225 may 16 18:30 hybrid_p2_aggressive_c6_005_pqc_client_client_err.txt
-rw-r--r-- 1 root     root        2587 may 16 18:30 hybrid_p2_aggressive_c6_005_pqc_client_client.txt
-rw-r--r-- 1 root     root          37 may 16 18:30 hybrid_p2_aggressive_c6_005_pqc_client_summary.txt
=== resumen por cliente ===
[*] Perfil poisson_jitter: llegadas no sincronizadas con Poisson+jitter
[*] pqc_client <= plan: 1:0.017384
[*] pqc_client_2 <= plan: 2:0.017384
[*] pqc_client_3 <= plan: 3:0.017384
[*] pqc_client_4 <= plan: 4:0.017384
[*] pqc_client_5 <= plan: 5:0.017384
[*] pqc_client_6 <= plan: 6:0.017384
client=pqc_client total=1 ok=1 err=0
client=pqc_client_2 total=1 ok=1 err=0
client=pqc_client_3 total=1 ok=1 err=0
client=pqc_client_4 total=1 ok=1 err=0
client=pqc_client_5 total=1 ok=1 err=0
client=pqc_client_6 total=1 ok=1 err=0
[*] Resumen guardado en: results/hybrid_p2_aggressive_c6_005_resource_summary.txt
RUN_ID: hybrid_p2_aggressive_c6_005
CSV: results/hybrid_p2_aggressive_c6_005_docker_stats.csv

=== Resumen CPU% y MEM% (avg / max) por contenedor ===
pqc_client_2 -> CPU avg=0.00%, CPU max=0.00%, MEM avg=0.02%, MEM max=0.02%
pqc_client_3 -> CPU avg=0.39%, CPU max=1.16%, MEM avg=0.03%, MEM max=0.03%
pqc_monitor -> CPU avg=0.10%, CPU max=0.15%, MEM avg=0.09%, MEM max=0.09%
pqc_client_4 -> CPU avg=0.37%, CPU max=1.12%, MEM avg=0.02%, MEM max=0.02%
pqc_client_5 -> CPU avg=0.52%, CPU max=1.55%, MEM avg=0.02%, MEM max=0.02%
pqc_server -> CPU avg=0.19%, CPU max=0.56%, MEM avg=0.11%, MEM max=0.11%
pqc_client_6 -> CPU avg=0.43%, CPU max=1.28%, MEM avg=0.07%, MEM max=0.07%
pqc_client -> CPU avg=0.00%, CPU max=0.00%, MEM avg=0.05%, MEM max=0.05%
[2026-05-16 18:30:42] [*] Parando captura en pqc_monitor para hybrid_p2_aggressive_c6_005
[*] Métricas TXT guardadas en results/hybrid_p2_aggressive_c6_005_metrics.txt
[*] Métricas CSV guardadas en results/hybrid_p2_aggressive_c6_005_metrics.csv
[2026-05-16 18:31:04] === RUN END: hybrid_p2_aggressive_c6_005 ===

[2026-05-16 18:31:04] === RUN START: hybrid_p2_soft_c6_001 ===
[2026-05-16 18:31:04] [*] Arrancando captura en pqc_monitor (eth0) para hybrid_p2_soft_c6_001
[*] Guardando muestras en: results/hybrid_p2_soft_c6_001_docker_stats.csv
[*] Ejecutando comando medido: bash -lc ./scripts/run_client_once_rafaga_hibrido.sh hybrid_p2_soft_c6_001 6; sleep 3
[*] Ráfaga híbrida completada: 6 conexiones en 6 clientes (poisson_jitter)
=== host results ===
-rw-rw-r-- 1 cristian cristian    1350 may 16 18:31 hybrid_p2_soft_c6_001_client_err.txt
-rw-rw-r-- 1 cristian cristian     524 may 16 18:31 hybrid_p2_soft_c6_001_client.txt
-rw-rw-r-- 1 cristian cristian      69 may 16 18:31 hybrid_p2_soft_c6_001_docker_stats.csv
-rw-r--r-- 1 root     root         225 may 16 18:31 hybrid_p2_soft_c6_001_pqc_client_2_client_err.txt
-rw-r--r-- 1 root     root        2587 may 16 18:31 hybrid_p2_soft_c6_001_pqc_client_2_client.txt
-rw-r--r-- 1 root     root          39 may 16 18:31 hybrid_p2_soft_c6_001_pqc_client_2_summary.txt
-rw-r--r-- 1 root     root         225 may 16 18:31 hybrid_p2_soft_c6_001_pqc_client_3_client_err.txt
-rw-r--r-- 1 root     root        2587 may 16 18:31 hybrid_p2_soft_c6_001_pqc_client_3_client.txt
-rw-r--r-- 1 root     root          39 may 16 18:31 hybrid_p2_soft_c6_001_pqc_client_3_summary.txt
-rw-r--r-- 1 root     root         225 may 16 18:31 hybrid_p2_soft_c6_001_pqc_client_4_client_err.txt
-rw-r--r-- 1 root     root        2587 may 16 18:31 hybrid_p2_soft_c6_001_pqc_client_4_client.txt
-rw-r--r-- 1 root     root          39 may 16 18:31 hybrid_p2_soft_c6_001_pqc_client_4_summary.txt
-rw-r--r-- 1 root     root         225 may 16 18:31 hybrid_p2_soft_c6_001_pqc_client_5_client_err.txt
-rw-r--r-- 1 root     root        2587 may 16 18:31 hybrid_p2_soft_c6_001_pqc_client_5_client.txt
-rw-r--r-- 1 root     root          39 may 16 18:31 hybrid_p2_soft_c6_001_pqc_client_5_summary.txt
-rw-r--r-- 1 root     root         225 may 16 18:31 hybrid_p2_soft_c6_001_pqc_client_6_client_err.txt
-rw-r--r-- 1 root     root        2587 may 16 18:31 hybrid_p2_soft_c6_001_pqc_client_6_client.txt
-rw-r--r-- 1 root     root          39 may 16 18:31 hybrid_p2_soft_c6_001_pqc_client_6_summary.txt
-rw-r--r-- 1 root     root         225 may 16 18:31 hybrid_p2_soft_c6_001_pqc_client_client_err.txt
-rw-r--r-- 1 root     root        2587 may 16 18:31 hybrid_p2_soft_c6_001_pqc_client_client.txt
-rw-r--r-- 1 root     root          37 may 16 18:31 hybrid_p2_soft_c6_001_pqc_client_summary.txt
=== resumen por cliente ===
[*] Perfil poisson_jitter: llegadas no sincronizadas con Poisson+jitter
[*] pqc_client <= plan: 1:0.164783
[*] pqc_client_2 <= plan: 2:0.164783
[*] pqc_client_3 <= plan: 3:0.164783
[*] pqc_client_4 <= plan: 4:0.164783
[*] pqc_client_5 <= plan: 5:0.164783
[*] pqc_client_6 <= plan: 6:0.164783
client=pqc_client total=1 ok=1 err=0
client=pqc_client_2 total=1 ok=1 err=0
client=pqc_client_3 total=1 ok=1 err=0
client=pqc_client_4 total=1 ok=1 err=0
client=pqc_client_5 total=1 ok=1 err=0
client=pqc_client_6 total=1 ok=1 err=0
[*] Resumen guardado en: results/hybrid_p2_soft_c6_001_resource_summary.txt
RUN_ID: hybrid_p2_soft_c6_001
CSV: results/hybrid_p2_soft_c6_001_docker_stats.csv

=== Resumen CPU% y MEM% (avg / max) por contenedor ===
pqc_client_2 -> CPU avg=0.00%, CPU max=0.00%, MEM avg=0.02%, MEM max=0.02%
pqc_client_3 -> CPU avg=0.00%, CPU max=0.00%, MEM avg=0.03%, MEM max=0.03%
pqc_monitor -> CPU avg=0.05%, CPU max=0.12%, MEM avg=0.09%, MEM max=0.09%
pqc_client_4 -> CPU avg=0.00%, CPU max=0.00%, MEM avg=0.02%, MEM max=0.02%
pqc_client_5 -> CPU avg=0.00%, CPU max=0.00%, MEM avg=0.02%, MEM max=0.02%
pqc_server -> CPU avg=0.00%, CPU max=0.00%, MEM avg=0.11%, MEM max=0.11%
pqc_client_6 -> CPU avg=0.00%, CPU max=0.00%, MEM avg=0.07%, MEM max=0.07%
pqc_client -> CPU avg=0.00%, CPU max=0.00%, MEM avg=0.05%, MEM max=0.05%
[2026-05-16 18:31:17] [*] Parando captura en pqc_monitor para hybrid_p2_soft_c6_001
[*] Métricas TXT guardadas en results/hybrid_p2_soft_c6_001_metrics.txt
[*] Métricas CSV guardadas en results/hybrid_p2_soft_c6_001_metrics.csv
[2026-05-16 18:31:37] === RUN END: hybrid_p2_soft_c6_001 ===

[2026-05-16 18:31:37] === RUN START: hybrid_p2_soft_c6_002 ===
[2026-05-16 18:31:37] [*] Arrancando captura en pqc_monitor (eth0) para hybrid_p2_soft_c6_002
[*] Guardando muestras en: results/hybrid_p2_soft_c6_002_docker_stats.csv
[*] Ejecutando comando medido: bash -lc ./scripts/run_client_once_rafaga_hibrido.sh hybrid_p2_soft_c6_002 6; sleep 3
[*] Ráfaga híbrida completada: 6 conexiones en 6 clientes (poisson_jitter)
=== host results ===
-rw-rw-r-- 1 cristian cristian    1350 may 16 18:31 hybrid_p2_soft_c6_002_client_err.txt
-rw-rw-r-- 1 cristian cristian     524 may 16 18:31 hybrid_p2_soft_c6_002_client.txt
-rw-rw-r-- 1 cristian cristian      69 may 16 18:31 hybrid_p2_soft_c6_002_docker_stats.csv
-rw-r--r-- 1 root     root         225 may 16 18:31 hybrid_p2_soft_c6_002_pqc_client_2_client_err.txt
-rw-r--r-- 1 root     root        2587 may 16 18:31 hybrid_p2_soft_c6_002_pqc_client_2_client.txt
-rw-r--r-- 1 root     root          39 may 16 18:31 hybrid_p2_soft_c6_002_pqc_client_2_summary.txt
-rw-r--r-- 1 root     root         225 may 16 18:31 hybrid_p2_soft_c6_002_pqc_client_3_client_err.txt
-rw-r--r-- 1 root     root        2587 may 16 18:31 hybrid_p2_soft_c6_002_pqc_client_3_client.txt
-rw-r--r-- 1 root     root          39 may 16 18:31 hybrid_p2_soft_c6_002_pqc_client_3_summary.txt
-rw-r--r-- 1 root     root         225 may 16 18:31 hybrid_p2_soft_c6_002_pqc_client_4_client_err.txt
-rw-r--r-- 1 root     root        2587 may 16 18:31 hybrid_p2_soft_c6_002_pqc_client_4_client.txt
-rw-r--r-- 1 root     root          39 may 16 18:31 hybrid_p2_soft_c6_002_pqc_client_4_summary.txt
-rw-r--r-- 1 root     root         225 may 16 18:31 hybrid_p2_soft_c6_002_pqc_client_5_client_err.txt
-rw-r--r-- 1 root     root        2587 may 16 18:31 hybrid_p2_soft_c6_002_pqc_client_5_client.txt
-rw-r--r-- 1 root     root          39 may 16 18:31 hybrid_p2_soft_c6_002_pqc_client_5_summary.txt
-rw-r--r-- 1 root     root         225 may 16 18:31 hybrid_p2_soft_c6_002_pqc_client_6_client_err.txt
-rw-r--r-- 1 root     root        2587 may 16 18:31 hybrid_p2_soft_c6_002_pqc_client_6_client.txt
-rw-r--r-- 1 root     root          39 may 16 18:31 hybrid_p2_soft_c6_002_pqc_client_6_summary.txt
-rw-r--r-- 1 root     root         225 may 16 18:31 hybrid_p2_soft_c6_002_pqc_client_client_err.txt
-rw-r--r-- 1 root     root        2587 may 16 18:31 hybrid_p2_soft_c6_002_pqc_client_client.txt
-rw-r--r-- 1 root     root          37 may 16 18:31 hybrid_p2_soft_c6_002_pqc_client_summary.txt
=== resumen por cliente ===
[*] Perfil poisson_jitter: llegadas no sincronizadas con Poisson+jitter
[*] pqc_client <= plan: 1:0.010806
[*] pqc_client_2 <= plan: 2:0.010806
[*] pqc_client_3 <= plan: 3:0.010806
[*] pqc_client_4 <= plan: 4:0.010806
[*] pqc_client_5 <= plan: 5:0.010806
[*] pqc_client_6 <= plan: 6:0.010806
client=pqc_client total=1 ok=1 err=0
client=pqc_client_2 total=1 ok=1 err=0
client=pqc_client_3 total=1 ok=1 err=0
client=pqc_client_4 total=1 ok=1 err=0
client=pqc_client_5 total=1 ok=1 err=0
client=pqc_client_6 total=1 ok=1 err=0
[*] Resumen guardado en: results/hybrid_p2_soft_c6_002_resource_summary.txt
RUN_ID: hybrid_p2_soft_c6_002
CSV: results/hybrid_p2_soft_c6_002_docker_stats.csv

=== Resumen CPU% y MEM% (avg / max) por contenedor ===
pqc_client_2 -> CPU avg=0.00%, CPU max=0.00%, MEM avg=0.02%, MEM max=0.02%
pqc_client_3 -> CPU avg=0.00%, CPU max=0.00%, MEM avg=0.03%, MEM max=0.03%
pqc_monitor -> CPU avg=0.14%, CPU max=0.27%, MEM avg=0.09%, MEM max=0.09%
pqc_client_4 -> CPU avg=0.00%, CPU max=0.00%, MEM avg=0.02%, MEM max=0.02%
pqc_client_5 -> CPU avg=0.00%, CPU max=0.00%, MEM avg=0.02%, MEM max=0.02%
pqc_server -> CPU avg=0.00%, CPU max=0.00%, MEM avg=0.11%, MEM max=0.11%
pqc_client_6 -> CPU avg=0.00%, CPU max=0.00%, MEM avg=0.07%, MEM max=0.07%
pqc_client -> CPU avg=0.00%, CPU max=0.00%, MEM avg=0.05%, MEM max=0.05%
[2026-05-16 18:31:49] [*] Parando captura en pqc_monitor para hybrid_p2_soft_c6_002
[*] Métricas TXT guardadas en results/hybrid_p2_soft_c6_002_metrics.txt
[*] Métricas CSV guardadas en results/hybrid_p2_soft_c6_002_metrics.csv
[2026-05-16 18:32:09] === RUN END: hybrid_p2_soft_c6_002 ===

[2026-05-16 18:32:09] === RUN START: hybrid_p2_soft_c6_003 ===
[2026-05-16 18:32:09] [*] Arrancando captura en pqc_monitor (eth0) para hybrid_p2_soft_c6_003
[*] Guardando muestras en: results/hybrid_p2_soft_c6_003_docker_stats.csv
[*] Ejecutando comando medido: bash -lc ./scripts/run_client_once_rafaga_hibrido.sh hybrid_p2_soft_c6_003 6; sleep 3
[*] Ráfaga híbrida completada: 6 conexiones en 6 clientes (poisson_jitter)
=== host results ===
-rw-rw-r-- 1 cristian cristian    1350 may 16 18:32 hybrid_p2_soft_c6_003_client_err.txt
-rw-rw-r-- 1 cristian cristian     524 may 16 18:32 hybrid_p2_soft_c6_003_client.txt
-rw-rw-r-- 1 cristian cristian      69 may 16 18:32 hybrid_p2_soft_c6_003_docker_stats.csv
-rw-r--r-- 1 root     root         225 may 16 18:32 hybrid_p2_soft_c6_003_pqc_client_2_client_err.txt
-rw-r--r-- 1 root     root        2587 may 16 18:32 hybrid_p2_soft_c6_003_pqc_client_2_client.txt
-rw-r--r-- 1 root     root          39 may 16 18:32 hybrid_p2_soft_c6_003_pqc_client_2_summary.txt
-rw-r--r-- 1 root     root         225 may 16 18:32 hybrid_p2_soft_c6_003_pqc_client_3_client_err.txt
-rw-r--r-- 1 root     root        2587 may 16 18:32 hybrid_p2_soft_c6_003_pqc_client_3_client.txt
-rw-r--r-- 1 root     root          39 may 16 18:32 hybrid_p2_soft_c6_003_pqc_client_3_summary.txt
-rw-r--r-- 1 root     root         225 may 16 18:32 hybrid_p2_soft_c6_003_pqc_client_4_client_err.txt
-rw-r--r-- 1 root     root        2587 may 16 18:32 hybrid_p2_soft_c6_003_pqc_client_4_client.txt
-rw-r--r-- 1 root     root          39 may 16 18:32 hybrid_p2_soft_c6_003_pqc_client_4_summary.txt
-rw-r--r-- 1 root     root         225 may 16 18:32 hybrid_p2_soft_c6_003_pqc_client_5_client_err.txt
-rw-r--r-- 1 root     root        2587 may 16 18:32 hybrid_p2_soft_c6_003_pqc_client_5_client.txt
-rw-r--r-- 1 root     root          39 may 16 18:32 hybrid_p2_soft_c6_003_pqc_client_5_summary.txt
-rw-r--r-- 1 root     root         225 may 16 18:32 hybrid_p2_soft_c6_003_pqc_client_6_client_err.txt
-rw-r--r-- 1 root     root        2587 may 16 18:32 hybrid_p2_soft_c6_003_pqc_client_6_client.txt
-rw-r--r-- 1 root     root          39 may 16 18:32 hybrid_p2_soft_c6_003_pqc_client_6_summary.txt
-rw-r--r-- 1 root     root         225 may 16 18:32 hybrid_p2_soft_c6_003_pqc_client_client_err.txt
-rw-r--r-- 1 root     root        2587 may 16 18:32 hybrid_p2_soft_c6_003_pqc_client_client.txt
-rw-r--r-- 1 root     root          37 may 16 18:32 hybrid_p2_soft_c6_003_pqc_client_summary.txt
=== resumen por cliente ===
[*] Perfil poisson_jitter: llegadas no sincronizadas con Poisson+jitter
[*] pqc_client <= plan: 1:0.011550
[*] pqc_client_2 <= plan: 2:0.011550
[*] pqc_client_3 <= plan: 3:0.011550
[*] pqc_client_4 <= plan: 4:0.011550
[*] pqc_client_5 <= plan: 5:0.011550
[*] pqc_client_6 <= plan: 6:0.011550
client=pqc_client total=1 ok=1 err=0
client=pqc_client_2 total=1 ok=1 err=0
client=pqc_client_3 total=1 ok=1 err=0
client=pqc_client_4 total=1 ok=1 err=0
client=pqc_client_5 total=1 ok=1 err=0
client=pqc_client_6 total=1 ok=1 err=0
[*] Resumen guardado en: results/hybrid_p2_soft_c6_003_resource_summary.txt
RUN_ID: hybrid_p2_soft_c6_003
CSV: results/hybrid_p2_soft_c6_003_docker_stats.csv

=== Resumen CPU% y MEM% (avg / max) por contenedor ===
pqc_client_2 -> CPU avg=0.00%, CPU max=0.00%, MEM avg=0.02%, MEM max=0.02%
pqc_client_3 -> CPU avg=0.00%, CPU max=0.00%, MEM avg=0.03%, MEM max=0.03%
pqc_monitor -> CPU avg=0.11%, CPU max=0.14%, MEM avg=0.09%, MEM max=0.09%
pqc_client_4 -> CPU avg=0.00%, CPU max=0.00%, MEM avg=0.02%, MEM max=0.02%
pqc_client_5 -> CPU avg=0.00%, CPU max=0.00%, MEM avg=0.02%, MEM max=0.02%
pqc_server -> CPU avg=0.00%, CPU max=0.00%, MEM avg=0.11%, MEM max=0.11%
pqc_client_6 -> CPU avg=0.00%, CPU max=0.00%, MEM avg=0.07%, MEM max=0.07%
pqc_client -> CPU avg=0.00%, CPU max=0.00%, MEM avg=0.05%, MEM max=0.05%
[2026-05-16 18:32:22] [*] Parando captura en pqc_monitor para hybrid_p2_soft_c6_003
[*] Métricas TXT guardadas en results/hybrid_p2_soft_c6_003_metrics.txt
[*] Métricas CSV guardadas en results/hybrid_p2_soft_c6_003_metrics.csv
[2026-05-16 18:32:41] === RUN END: hybrid_p2_soft_c6_003 ===

[2026-05-16 18:32:41] === RUN START: hybrid_p2_soft_c6_004 ===
[2026-05-16 18:32:41] [*] Arrancando captura en pqc_monitor (eth0) para hybrid_p2_soft_c6_004
[*] Guardando muestras en: results/hybrid_p2_soft_c6_004_docker_stats.csv
[*] Ejecutando comando medido: bash -lc ./scripts/run_client_once_rafaga_hibrido.sh hybrid_p2_soft_c6_004 6; sleep 3
[*] Ráfaga híbrida completada: 6 conexiones en 6 clientes (poisson_jitter)
=== host results ===
-rw-rw-r-- 1 cristian cristian    1350 may 16 18:32 hybrid_p2_soft_c6_004_client_err.txt
-rw-rw-r-- 1 cristian cristian     524 may 16 18:32 hybrid_p2_soft_c6_004_client.txt
-rw-rw-r-- 1 cristian cristian      69 may 16 18:32 hybrid_p2_soft_c6_004_docker_stats.csv
-rw-r--r-- 1 root     root         225 may 16 18:32 hybrid_p2_soft_c6_004_pqc_client_2_client_err.txt
-rw-r--r-- 1 root     root        2587 may 16 18:32 hybrid_p2_soft_c6_004_pqc_client_2_client.txt
-rw-r--r-- 1 root     root          39 may 16 18:32 hybrid_p2_soft_c6_004_pqc_client_2_summary.txt
-rw-r--r-- 1 root     root         225 may 16 18:32 hybrid_p2_soft_c6_004_pqc_client_3_client_err.txt
-rw-r--r-- 1 root     root        2587 may 16 18:32 hybrid_p2_soft_c6_004_pqc_client_3_client.txt
-rw-r--r-- 1 root     root          39 may 16 18:32 hybrid_p2_soft_c6_004_pqc_client_3_summary.txt
-rw-r--r-- 1 root     root         225 may 16 18:32 hybrid_p2_soft_c6_004_pqc_client_4_client_err.txt
-rw-r--r-- 1 root     root        2587 may 16 18:32 hybrid_p2_soft_c6_004_pqc_client_4_client.txt
-rw-r--r-- 1 root     root          39 may 16 18:32 hybrid_p2_soft_c6_004_pqc_client_4_summary.txt
-rw-r--r-- 1 root     root         225 may 16 18:32 hybrid_p2_soft_c6_004_pqc_client_5_client_err.txt
-rw-r--r-- 1 root     root        2587 may 16 18:32 hybrid_p2_soft_c6_004_pqc_client_5_client.txt
-rw-r--r-- 1 root     root          39 may 16 18:32 hybrid_p2_soft_c6_004_pqc_client_5_summary.txt
-rw-r--r-- 1 root     root         225 may 16 18:32 hybrid_p2_soft_c6_004_pqc_client_6_client_err.txt
-rw-r--r-- 1 root     root        2587 may 16 18:32 hybrid_p2_soft_c6_004_pqc_client_6_client.txt
-rw-r--r-- 1 root     root          39 may 16 18:32 hybrid_p2_soft_c6_004_pqc_client_6_summary.txt
-rw-r--r-- 1 root     root         225 may 16 18:32 hybrid_p2_soft_c6_004_pqc_client_client_err.txt
-rw-r--r-- 1 root     root        2587 may 16 18:32 hybrid_p2_soft_c6_004_pqc_client_client.txt
-rw-r--r-- 1 root     root          37 may 16 18:32 hybrid_p2_soft_c6_004_pqc_client_summary.txt
=== resumen por cliente ===
[*] Perfil poisson_jitter: llegadas no sincronizadas con Poisson+jitter
[*] pqc_client <= plan: 1:0.178098
[*] pqc_client_2 <= plan: 2:0.178098
[*] pqc_client_3 <= plan: 3:0.178098
[*] pqc_client_4 <= plan: 4:0.178098
[*] pqc_client_5 <= plan: 5:0.178098
[*] pqc_client_6 <= plan: 6:0.178098
client=pqc_client total=1 ok=1 err=0
client=pqc_client_2 total=1 ok=1 err=0
client=pqc_client_3 total=1 ok=1 err=0
client=pqc_client_4 total=1 ok=1 err=0
client=pqc_client_5 total=1 ok=1 err=0
client=pqc_client_6 total=1 ok=1 err=0
[*] Resumen guardado en: results/hybrid_p2_soft_c6_004_resource_summary.txt
RUN_ID: hybrid_p2_soft_c6_004
CSV: results/hybrid_p2_soft_c6_004_docker_stats.csv

=== Resumen CPU% y MEM% (avg / max) por contenedor ===
pqc_client_2 -> CPU avg=0.00%, CPU max=0.00%, MEM avg=0.02%, MEM max=0.02%
pqc_client_3 -> CPU avg=0.00%, CPU max=0.00%, MEM avg=0.03%, MEM max=0.03%
pqc_monitor -> CPU avg=0.15%, CPU max=0.22%, MEM avg=0.09%, MEM max=0.09%
pqc_client_4 -> CPU avg=0.00%, CPU max=0.00%, MEM avg=0.02%, MEM max=0.02%
pqc_client_5 -> CPU avg=0.48%, CPU max=1.43%, MEM avg=0.02%, MEM max=0.02%
pqc_server -> CPU avg=0.19%, CPU max=0.56%, MEM avg=0.11%, MEM max=0.11%
pqc_client_6 -> CPU avg=0.00%, CPU max=0.00%, MEM avg=0.07%, MEM max=0.07%
pqc_client -> CPU avg=3.83%, CPU max=11.50%, MEM avg=0.05%, MEM max=0.05%
[2026-05-16 18:32:55] [*] Parando captura en pqc_monitor para hybrid_p2_soft_c6_004
[*] Métricas TXT guardadas en results/hybrid_p2_soft_c6_004_metrics.txt
[*] Métricas CSV guardadas en results/hybrid_p2_soft_c6_004_metrics.csv
[2026-05-16 18:33:14] === RUN END: hybrid_p2_soft_c6_004 ===

[2026-05-16 18:33:14] === RUN START: hybrid_p2_soft_c6_005 ===
[2026-05-16 18:33:14] [*] Arrancando captura en pqc_monitor (eth0) para hybrid_p2_soft_c6_005
[*] Guardando muestras en: results/hybrid_p2_soft_c6_005_docker_stats.csv
[*] Ejecutando comando medido: bash -lc ./scripts/run_client_once_rafaga_hibrido.sh hybrid_p2_soft_c6_005 6; sleep 3
[*] Ráfaga híbrida completada: 6 conexiones en 6 clientes (poisson_jitter)
=== host results ===
-rw-rw-r-- 1 cristian cristian    1350 may 16 18:33 hybrid_p2_soft_c6_005_client_err.txt
-rw-rw-r-- 1 cristian cristian     524 may 16 18:33 hybrid_p2_soft_c6_005_client.txt
-rw-rw-r-- 1 cristian cristian      69 may 16 18:33 hybrid_p2_soft_c6_005_docker_stats.csv
-rw-r--r-- 1 root     root         225 may 16 18:33 hybrid_p2_soft_c6_005_pqc_client_2_client_err.txt
-rw-r--r-- 1 root     root        2587 may 16 18:33 hybrid_p2_soft_c6_005_pqc_client_2_client.txt
-rw-r--r-- 1 root     root          39 may 16 18:33 hybrid_p2_soft_c6_005_pqc_client_2_summary.txt
-rw-r--r-- 1 root     root         225 may 16 18:33 hybrid_p2_soft_c6_005_pqc_client_3_client_err.txt
-rw-r--r-- 1 root     root        2587 may 16 18:33 hybrid_p2_soft_c6_005_pqc_client_3_client.txt
-rw-r--r-- 1 root     root          39 may 16 18:33 hybrid_p2_soft_c6_005_pqc_client_3_summary.txt
-rw-r--r-- 1 root     root         225 may 16 18:33 hybrid_p2_soft_c6_005_pqc_client_4_client_err.txt
-rw-r--r-- 1 root     root        2587 may 16 18:33 hybrid_p2_soft_c6_005_pqc_client_4_client.txt
-rw-r--r-- 1 root     root          39 may 16 18:33 hybrid_p2_soft_c6_005_pqc_client_4_summary.txt
-rw-r--r-- 1 root     root         225 may 16 18:33 hybrid_p2_soft_c6_005_pqc_client_5_client_err.txt
-rw-r--r-- 1 root     root        2587 may 16 18:33 hybrid_p2_soft_c6_005_pqc_client_5_client.txt
-rw-r--r-- 1 root     root          39 may 16 18:33 hybrid_p2_soft_c6_005_pqc_client_5_summary.txt
-rw-r--r-- 1 root     root         225 may 16 18:33 hybrid_p2_soft_c6_005_pqc_client_6_client_err.txt
-rw-r--r-- 1 root     root        2587 may 16 18:33 hybrid_p2_soft_c6_005_pqc_client_6_client.txt
-rw-r--r-- 1 root     root          39 may 16 18:33 hybrid_p2_soft_c6_005_pqc_client_6_summary.txt
-rw-r--r-- 1 root     root         225 may 16 18:33 hybrid_p2_soft_c6_005_pqc_client_client_err.txt
-rw-r--r-- 1 root     root        2587 may 16 18:33 hybrid_p2_soft_c6_005_pqc_client_client.txt
-rw-r--r-- 1 root     root          37 may 16 18:33 hybrid_p2_soft_c6_005_pqc_client_summary.txt
=== resumen por cliente ===
[*] Perfil poisson_jitter: llegadas no sincronizadas con Poisson+jitter
[*] pqc_client <= plan: 1:0.024726
[*] pqc_client_2 <= plan: 2:0.024726
[*] pqc_client_3 <= plan: 3:0.024726
[*] pqc_client_4 <= plan: 4:0.024726
[*] pqc_client_5 <= plan: 5:0.024726
[*] pqc_client_6 <= plan: 6:0.024726
client=pqc_client total=1 ok=1 err=0
client=pqc_client_2 total=1 ok=1 err=0
client=pqc_client_3 total=1 ok=1 err=0
client=pqc_client_4 total=1 ok=1 err=0
client=pqc_client_5 total=1 ok=1 err=0
client=pqc_client_6 total=1 ok=1 err=0
[*] Resumen guardado en: results/hybrid_p2_soft_c6_005_resource_summary.txt
RUN_ID: hybrid_p2_soft_c6_005
CSV: results/hybrid_p2_soft_c6_005_docker_stats.csv

=== Resumen CPU% y MEM% (avg / max) por contenedor ===
pqc_client_2 -> CPU avg=0.00%, CPU max=0.00%, MEM avg=0.02%, MEM max=0.02%
pqc_client_3 -> CPU avg=0.00%, CPU max=0.00%, MEM avg=0.03%, MEM max=0.03%
pqc_monitor -> CPU avg=0.10%, CPU max=0.12%, MEM avg=0.10%, MEM max=0.10%
pqc_client_4 -> CPU avg=0.00%, CPU max=0.00%, MEM avg=0.02%, MEM max=0.02%
pqc_client_5 -> CPU avg=0.00%, CPU max=0.00%, MEM avg=0.02%, MEM max=0.02%
pqc_server -> CPU avg=0.00%, CPU max=0.00%, MEM avg=0.11%, MEM max=0.11%
pqc_client_6 -> CPU avg=0.00%, CPU max=0.00%, MEM avg=0.07%, MEM max=0.07%
pqc_client -> CPU avg=0.00%, CPU max=0.00%, MEM avg=0.05%, MEM max=0.05%
[2026-05-16 18:33:27] [*] Parando captura en pqc_monitor para hybrid_p2_soft_c6_005
[*] Métricas TXT guardadas en results/hybrid_p2_soft_c6_005_metrics.txt
[*] Métricas CSV guardadas en results/hybrid_p2_soft_c6_005_metrics.csv
[2026-05-16 18:33:51] === RUN END: hybrid_p2_soft_c6_005 ===

[2026-05-16 18:33:51] === RUN START: hybrid_p2_stress_c6_001 ===
[2026-05-16 18:33:51] [*] Arrancando captura en pqc_monitor (eth0) para hybrid_p2_stress_c6_001
[*] Guardando muestras en: results/hybrid_p2_stress_c6_001_docker_stats.csv
[*] Ejecutando comando medido: bash -lc ./scripts/run_client_once_rafaga_hibrido.sh hybrid_p2_stress_c6_001 6; sleep 3
[*] Ráfaga híbrida completada: 6 conexiones en 6 clientes (stress)
=== host results ===
-rw-rw-r-- 1 cristian cristian    1350 may 16 18:33 hybrid_p2_stress_c6_001_client_err.txt
-rw-rw-r-- 1 cristian cristian     473 may 16 18:33 hybrid_p2_stress_c6_001_client.txt
-rw-rw-r-- 1 cristian cristian      69 may 16 18:33 hybrid_p2_stress_c6_001_docker_stats.csv
-rw-r--r-- 1 root     root         225 may 16 18:33 hybrid_p2_stress_c6_001_pqc_client_2_client_err.txt
-rw-r--r-- 1 root     root        2587 may 16 18:33 hybrid_p2_stress_c6_001_pqc_client_2_client.txt
-rw-r--r-- 1 root     root          39 may 16 18:33 hybrid_p2_stress_c6_001_pqc_client_2_summary.txt
-rw-r--r-- 1 root     root         225 may 16 18:33 hybrid_p2_stress_c6_001_pqc_client_3_client_err.txt
-rw-r--r-- 1 root     root        2587 may 16 18:33 hybrid_p2_stress_c6_001_pqc_client_3_client.txt
-rw-r--r-- 1 root     root          39 may 16 18:33 hybrid_p2_stress_c6_001_pqc_client_3_summary.txt
-rw-r--r-- 1 root     root         225 may 16 18:33 hybrid_p2_stress_c6_001_pqc_client_4_client_err.txt
-rw-r--r-- 1 root     root        2587 may 16 18:33 hybrid_p2_stress_c6_001_pqc_client_4_client.txt
-rw-r--r-- 1 root     root          39 may 16 18:33 hybrid_p2_stress_c6_001_pqc_client_4_summary.txt
-rw-r--r-- 1 root     root         225 may 16 18:33 hybrid_p2_stress_c6_001_pqc_client_5_client_err.txt
-rw-r--r-- 1 root     root        2587 may 16 18:33 hybrid_p2_stress_c6_001_pqc_client_5_client.txt
-rw-r--r-- 1 root     root          39 may 16 18:33 hybrid_p2_stress_c6_001_pqc_client_5_summary.txt
-rw-r--r-- 1 root     root         225 may 16 18:33 hybrid_p2_stress_c6_001_pqc_client_6_client_err.txt
-rw-r--r-- 1 root     root        2587 may 16 18:33 hybrid_p2_stress_c6_001_pqc_client_6_client.txt
-rw-r--r-- 1 root     root          39 may 16 18:33 hybrid_p2_stress_c6_001_pqc_client_6_summary.txt
-rw-r--r-- 1 root     root         225 may 16 18:33 hybrid_p2_stress_c6_001_pqc_client_client_err.txt
-rw-r--r-- 1 root     root        2587 may 16 18:33 hybrid_p2_stress_c6_001_pqc_client_client.txt
-rw-r--r-- 1 root     root          37 may 16 18:33 hybrid_p2_stress_c6_001_pqc_client_summary.txt
=== resumen por cliente ===
[*] Perfil stress: conexiones totalmente paralelas por cliente
[*] pqc_client <= plan: 1:0
[*] pqc_client_2 <= plan: 2:0
[*] pqc_client_3 <= plan: 3:0
[*] pqc_client_4 <= plan: 4:0
[*] pqc_client_5 <= plan: 5:0
[*] pqc_client_6 <= plan: 6:0
client=pqc_client total=1 ok=1 err=0
client=pqc_client_2 total=1 ok=1 err=0
client=pqc_client_3 total=1 ok=1 err=0
client=pqc_client_4 total=1 ok=1 err=0
client=pqc_client_5 total=1 ok=1 err=0
client=pqc_client_6 total=1 ok=1 err=0
[*] Resumen guardado en: results/hybrid_p2_stress_c6_001_resource_summary.txt
RUN_ID: hybrid_p2_stress_c6_001
CSV: results/hybrid_p2_stress_c6_001_docker_stats.csv

=== Resumen CPU% y MEM% (avg / max) por contenedor ===
pqc_client_2 -> CPU avg=0.00%, CPU max=0.00%, MEM avg=0.02%, MEM max=0.02%
pqc_client_3 -> CPU avg=0.00%, CPU max=0.00%, MEM avg=0.03%, MEM max=0.03%
pqc_monitor -> CPU avg=0.15%, CPU max=0.26%, MEM avg=0.10%, MEM max=0.10%
pqc_client_4 -> CPU avg=0.00%, CPU max=0.00%, MEM avg=0.02%, MEM max=0.02%
pqc_client_5 -> CPU avg=0.00%, CPU max=0.00%, MEM avg=0.02%, MEM max=0.02%
pqc_server -> CPU avg=0.00%, CPU max=0.00%, MEM avg=0.11%, MEM max=0.11%
pqc_client_6 -> CPU avg=0.00%, CPU max=0.00%, MEM avg=0.07%, MEM max=0.07%
pqc_client -> CPU avg=0.00%, CPU max=0.00%, MEM avg=0.05%, MEM max=0.05%
[2026-05-16 18:34:04] [*] Parando captura en pqc_monitor para hybrid_p2_stress_c6_001
[*] Métricas TXT guardadas en results/hybrid_p2_stress_c6_001_metrics.txt
[*] Métricas CSV guardadas en results/hybrid_p2_stress_c6_001_metrics.csv
[2026-05-16 18:34:28] === RUN END: hybrid_p2_stress_c6_001 ===

[2026-05-16 18:34:28] === RUN START: hybrid_p2_stress_c6_002 ===
[2026-05-16 18:34:28] [*] Arrancando captura en pqc_monitor (eth0) para hybrid_p2_stress_c6_002
[*] Guardando muestras en: results/hybrid_p2_stress_c6_002_docker_stats.csv
[*] Ejecutando comando medido: bash -lc ./scripts/run_client_once_rafaga_hibrido.sh hybrid_p2_stress_c6_002 6; sleep 3
[*] Ráfaga híbrida completada: 6 conexiones en 6 clientes (stress)
=== host results ===
-rw-rw-r-- 1 cristian cristian    1350 may 16 18:34 hybrid_p2_stress_c6_002_client_err.txt
-rw-rw-r-- 1 cristian cristian     473 may 16 18:34 hybrid_p2_stress_c6_002_client.txt
-rw-rw-r-- 1 cristian cristian      69 may 16 18:34 hybrid_p2_stress_c6_002_docker_stats.csv
-rw-r--r-- 1 root     root         225 may 16 18:34 hybrid_p2_stress_c6_002_pqc_client_2_client_err.txt
-rw-r--r-- 1 root     root        2587 may 16 18:34 hybrid_p2_stress_c6_002_pqc_client_2_client.txt
-rw-r--r-- 1 root     root          39 may 16 18:34 hybrid_p2_stress_c6_002_pqc_client_2_summary.txt
-rw-r--r-- 1 root     root         225 may 16 18:34 hybrid_p2_stress_c6_002_pqc_client_3_client_err.txt
-rw-r--r-- 1 root     root        2587 may 16 18:34 hybrid_p2_stress_c6_002_pqc_client_3_client.txt
-rw-r--r-- 1 root     root          39 may 16 18:34 hybrid_p2_stress_c6_002_pqc_client_3_summary.txt
-rw-r--r-- 1 root     root         225 may 16 18:34 hybrid_p2_stress_c6_002_pqc_client_4_client_err.txt
-rw-r--r-- 1 root     root        2587 may 16 18:34 hybrid_p2_stress_c6_002_pqc_client_4_client.txt
-rw-r--r-- 1 root     root          39 may 16 18:34 hybrid_p2_stress_c6_002_pqc_client_4_summary.txt
-rw-r--r-- 1 root     root         225 may 16 18:34 hybrid_p2_stress_c6_002_pqc_client_5_client_err.txt
-rw-r--r-- 1 root     root        2587 may 16 18:34 hybrid_p2_stress_c6_002_pqc_client_5_client.txt
-rw-r--r-- 1 root     root          39 may 16 18:34 hybrid_p2_stress_c6_002_pqc_client_5_summary.txt
-rw-r--r-- 1 root     root         225 may 16 18:34 hybrid_p2_stress_c6_002_pqc_client_6_client_err.txt
-rw-r--r-- 1 root     root        2587 may 16 18:34 hybrid_p2_stress_c6_002_pqc_client_6_client.txt
-rw-r--r-- 1 root     root          39 may 16 18:34 hybrid_p2_stress_c6_002_pqc_client_6_summary.txt
-rw-r--r-- 1 root     root         225 may 16 18:34 hybrid_p2_stress_c6_002_pqc_client_client_err.txt
-rw-r--r-- 1 root     root        2587 may 16 18:34 hybrid_p2_stress_c6_002_pqc_client_client.txt
-rw-r--r-- 1 root     root          37 may 16 18:34 hybrid_p2_stress_c6_002_pqc_client_summary.txt
=== resumen por cliente ===
[*] Perfil stress: conexiones totalmente paralelas por cliente
[*] pqc_client <= plan: 1:0
[*] pqc_client_2 <= plan: 2:0
[*] pqc_client_3 <= plan: 3:0
[*] pqc_client_4 <= plan: 4:0
[*] pqc_client_5 <= plan: 5:0
[*] pqc_client_6 <= plan: 6:0
client=pqc_client total=1 ok=1 err=0
client=pqc_client_2 total=1 ok=1 err=0
client=pqc_client_3 total=1 ok=1 err=0
client=pqc_client_4 total=1 ok=1 err=0
client=pqc_client_5 total=1 ok=1 err=0
client=pqc_client_6 total=1 ok=1 err=0
[*] Resumen guardado en: results/hybrid_p2_stress_c6_002_resource_summary.txt
RUN_ID: hybrid_p2_stress_c6_002
CSV: results/hybrid_p2_stress_c6_002_docker_stats.csv

=== Resumen CPU% y MEM% (avg / max) por contenedor ===
pqc_client_2 -> CPU avg=0.00%, CPU max=0.00%, MEM avg=0.02%, MEM max=0.02%
pqc_client_3 -> CPU avg=0.00%, CPU max=0.00%, MEM avg=0.03%, MEM max=0.03%
pqc_monitor -> CPU avg=0.12%, CPU max=0.17%, MEM avg=0.10%, MEM max=0.10%
pqc_client_4 -> CPU avg=0.00%, CPU max=0.00%, MEM avg=0.02%, MEM max=0.02%
pqc_client_5 -> CPU avg=0.00%, CPU max=0.00%, MEM avg=0.02%, MEM max=0.02%
pqc_server -> CPU avg=0.00%, CPU max=0.00%, MEM avg=0.11%, MEM max=0.11%
pqc_client_6 -> CPU avg=0.00%, CPU max=0.00%, MEM avg=0.07%, MEM max=0.07%
pqc_client -> CPU avg=0.00%, CPU max=0.00%, MEM avg=0.05%, MEM max=0.05%
[2026-05-16 18:34:41] [*] Parando captura en pqc_monitor para hybrid_p2_stress_c6_002
[*] Métricas TXT guardadas en results/hybrid_p2_stress_c6_002_metrics.txt
[*] Métricas CSV guardadas en results/hybrid_p2_stress_c6_002_metrics.csv
[2026-05-16 18:35:04] === RUN END: hybrid_p2_stress_c6_002 ===

[2026-05-16 18:35:04] === RUN START: hybrid_p2_stress_c6_003 ===
[2026-05-16 18:35:04] [*] Arrancando captura en pqc_monitor (eth0) para hybrid_p2_stress_c6_003
[*] Guardando muestras en: results/hybrid_p2_stress_c6_003_docker_stats.csv
[*] Ejecutando comando medido: bash -lc ./scripts/run_client_once_rafaga_hibrido.sh hybrid_p2_stress_c6_003 6; sleep 3
[*] Ráfaga híbrida completada: 6 conexiones en 6 clientes (stress)
=== host results ===
-rw-rw-r-- 1 cristian cristian    1350 may 16 18:35 hybrid_p2_stress_c6_003_client_err.txt
-rw-rw-r-- 1 cristian cristian     473 may 16 18:35 hybrid_p2_stress_c6_003_client.txt
-rw-rw-r-- 1 cristian cristian      69 may 16 18:35 hybrid_p2_stress_c6_003_docker_stats.csv
-rw-r--r-- 1 root     root         225 may 16 18:35 hybrid_p2_stress_c6_003_pqc_client_2_client_err.txt
-rw-r--r-- 1 root     root        2587 may 16 18:35 hybrid_p2_stress_c6_003_pqc_client_2_client.txt
-rw-r--r-- 1 root     root          39 may 16 18:35 hybrid_p2_stress_c6_003_pqc_client_2_summary.txt
-rw-r--r-- 1 root     root         225 may 16 18:35 hybrid_p2_stress_c6_003_pqc_client_3_client_err.txt
-rw-r--r-- 1 root     root        2587 may 16 18:35 hybrid_p2_stress_c6_003_pqc_client_3_client.txt
-rw-r--r-- 1 root     root          39 may 16 18:35 hybrid_p2_stress_c6_003_pqc_client_3_summary.txt
-rw-r--r-- 1 root     root         225 may 16 18:35 hybrid_p2_stress_c6_003_pqc_client_4_client_err.txt
-rw-r--r-- 1 root     root        2587 may 16 18:35 hybrid_p2_stress_c6_003_pqc_client_4_client.txt
-rw-r--r-- 1 root     root          39 may 16 18:35 hybrid_p2_stress_c6_003_pqc_client_4_summary.txt
-rw-r--r-- 1 root     root         225 may 16 18:35 hybrid_p2_stress_c6_003_pqc_client_5_client_err.txt
-rw-r--r-- 1 root     root        2587 may 16 18:35 hybrid_p2_stress_c6_003_pqc_client_5_client.txt
-rw-r--r-- 1 root     root          39 may 16 18:35 hybrid_p2_stress_c6_003_pqc_client_5_summary.txt
-rw-r--r-- 1 root     root         225 may 16 18:35 hybrid_p2_stress_c6_003_pqc_client_6_client_err.txt
-rw-r--r-- 1 root     root        2587 may 16 18:35 hybrid_p2_stress_c6_003_pqc_client_6_client.txt
-rw-r--r-- 1 root     root          39 may 16 18:35 hybrid_p2_stress_c6_003_pqc_client_6_summary.txt
-rw-r--r-- 1 root     root         225 may 16 18:35 hybrid_p2_stress_c6_003_pqc_client_client_err.txt
-rw-r--r-- 1 root     root        2587 may 16 18:35 hybrid_p2_stress_c6_003_pqc_client_client.txt
-rw-r--r-- 1 root     root          37 may 16 18:35 hybrid_p2_stress_c6_003_pqc_client_summary.txt
=== resumen por cliente ===
[*] Perfil stress: conexiones totalmente paralelas por cliente
[*] pqc_client <= plan: 1:0
[*] pqc_client_2 <= plan: 2:0
[*] pqc_client_3 <= plan: 3:0
[*] pqc_client_4 <= plan: 4:0
[*] pqc_client_5 <= plan: 5:0
[*] pqc_client_6 <= plan: 6:0
client=pqc_client total=1 ok=1 err=0
client=pqc_client_2 total=1 ok=1 err=0
client=pqc_client_3 total=1 ok=1 err=0
client=pqc_client_4 total=1 ok=1 err=0
client=pqc_client_5 total=1 ok=1 err=0
client=pqc_client_6 total=1 ok=1 err=0
[*] Resumen guardado en: results/hybrid_p2_stress_c6_003_resource_summary.txt
RUN_ID: hybrid_p2_stress_c6_003
CSV: results/hybrid_p2_stress_c6_003_docker_stats.csv

=== Resumen CPU% y MEM% (avg / max) por contenedor ===
pqc_client_2 -> CPU avg=0.00%, CPU max=0.00%, MEM avg=0.02%, MEM max=0.02%
pqc_client_3 -> CPU avg=0.00%, CPU max=0.00%, MEM avg=0.03%, MEM max=0.03%
pqc_monitor -> CPU avg=0.06%, CPU max=0.07%, MEM avg=0.10%, MEM max=0.10%
pqc_client_4 -> CPU avg=3.55%, CPU max=10.64%, MEM avg=0.02%, MEM max=0.02%
pqc_client_5 -> CPU avg=0.00%, CPU max=0.00%, MEM avg=0.02%, MEM max=0.02%
pqc_server -> CPU avg=0.00%, CPU max=0.00%, MEM avg=0.11%, MEM max=0.11%
pqc_client_6 -> CPU avg=0.00%, CPU max=0.00%, MEM avg=0.07%, MEM max=0.07%
pqc_client -> CPU avg=0.00%, CPU max=0.00%, MEM avg=0.05%, MEM max=0.05%
[2026-05-16 18:35:17] [*] Parando captura en pqc_monitor para hybrid_p2_stress_c6_003
[*] Métricas TXT guardadas en results/hybrid_p2_stress_c6_003_metrics.txt
[*] Métricas CSV guardadas en results/hybrid_p2_stress_c6_003_metrics.csv
[2026-05-16 18:35:40] === RUN END: hybrid_p2_stress_c6_003 ===

[2026-05-16 18:35:40] === RUN START: hybrid_p2_stress_c6_004 ===
[2026-05-16 18:35:40] [*] Arrancando captura en pqc_monitor (eth0) para hybrid_p2_stress_c6_004
[*] Guardando muestras en: results/hybrid_p2_stress_c6_004_docker_stats.csv
[*] Ejecutando comando medido: bash -lc ./scripts/run_client_once_rafaga_hibrido.sh hybrid_p2_stress_c6_004 6; sleep 3
[*] Ráfaga híbrida completada: 6 conexiones en 6 clientes (stress)
=== host results ===
-rw-rw-r-- 1 cristian cristian    1350 may 16 18:35 hybrid_p2_stress_c6_004_client_err.txt
-rw-rw-r-- 1 cristian cristian     473 may 16 18:35 hybrid_p2_stress_c6_004_client.txt
-rw-rw-r-- 1 cristian cristian      69 may 16 18:35 hybrid_p2_stress_c6_004_docker_stats.csv
-rw-r--r-- 1 root     root         225 may 16 18:35 hybrid_p2_stress_c6_004_pqc_client_2_client_err.txt
-rw-r--r-- 1 root     root        2587 may 16 18:35 hybrid_p2_stress_c6_004_pqc_client_2_client.txt
-rw-r--r-- 1 root     root          39 may 16 18:35 hybrid_p2_stress_c6_004_pqc_client_2_summary.txt
-rw-r--r-- 1 root     root         225 may 16 18:35 hybrid_p2_stress_c6_004_pqc_client_3_client_err.txt
-rw-r--r-- 1 root     root        2587 may 16 18:35 hybrid_p2_stress_c6_004_pqc_client_3_client.txt
-rw-r--r-- 1 root     root          39 may 16 18:35 hybrid_p2_stress_c6_004_pqc_client_3_summary.txt
-rw-r--r-- 1 root     root         225 may 16 18:35 hybrid_p2_stress_c6_004_pqc_client_4_client_err.txt
-rw-r--r-- 1 root     root        2587 may 16 18:35 hybrid_p2_stress_c6_004_pqc_client_4_client.txt
-rw-r--r-- 1 root     root          39 may 16 18:35 hybrid_p2_stress_c6_004_pqc_client_4_summary.txt
-rw-r--r-- 1 root     root         225 may 16 18:35 hybrid_p2_stress_c6_004_pqc_client_5_client_err.txt
-rw-r--r-- 1 root     root        2587 may 16 18:35 hybrid_p2_stress_c6_004_pqc_client_5_client.txt
-rw-r--r-- 1 root     root          39 may 16 18:35 hybrid_p2_stress_c6_004_pqc_client_5_summary.txt
-rw-r--r-- 1 root     root         225 may 16 18:35 hybrid_p2_stress_c6_004_pqc_client_6_client_err.txt
-rw-r--r-- 1 root     root        2587 may 16 18:35 hybrid_p2_stress_c6_004_pqc_client_6_client.txt
-rw-r--r-- 1 root     root          39 may 16 18:35 hybrid_p2_stress_c6_004_pqc_client_6_summary.txt
-rw-r--r-- 1 root     root         225 may 16 18:35 hybrid_p2_stress_c6_004_pqc_client_client_err.txt
-rw-r--r-- 1 root     root        2587 may 16 18:35 hybrid_p2_stress_c6_004_pqc_client_client.txt
-rw-r--r-- 1 root     root          37 may 16 18:35 hybrid_p2_stress_c6_004_pqc_client_summary.txt
=== resumen por cliente ===
[*] Perfil stress: conexiones totalmente paralelas por cliente
[*] pqc_client <= plan: 1:0
[*] pqc_client_2 <= plan: 2:0
[*] pqc_client_3 <= plan: 3:0
[*] pqc_client_4 <= plan: 4:0
[*] pqc_client_5 <= plan: 5:0
[*] pqc_client_6 <= plan: 6:0
client=pqc_client total=1 ok=1 err=0
client=pqc_client_2 total=1 ok=1 err=0
client=pqc_client_3 total=1 ok=1 err=0
client=pqc_client_4 total=1 ok=1 err=0
client=pqc_client_5 total=1 ok=1 err=0
client=pqc_client_6 total=1 ok=1 err=0
[*] Resumen guardado en: results/hybrid_p2_stress_c6_004_resource_summary.txt
RUN_ID: hybrid_p2_stress_c6_004
CSV: results/hybrid_p2_stress_c6_004_docker_stats.csv

=== Resumen CPU% y MEM% (avg / max) por contenedor ===
pqc_client_2 -> CPU avg=0.00%, CPU max=0.00%, MEM avg=0.02%, MEM max=0.02%
pqc_client_3 -> CPU avg=0.00%, CPU max=0.00%, MEM avg=0.03%, MEM max=0.03%
pqc_monitor -> CPU avg=0.13%, CPU max=0.17%, MEM avg=0.10%, MEM max=0.10%
pqc_client_4 -> CPU avg=0.00%, CPU max=0.00%, MEM avg=0.02%, MEM max=0.02%
pqc_client_5 -> CPU avg=0.00%, CPU max=0.00%, MEM avg=0.02%, MEM max=0.02%
pqc_server -> CPU avg=0.00%, CPU max=0.00%, MEM avg=0.11%, MEM max=0.11%
pqc_client_6 -> CPU avg=0.00%, CPU max=0.00%, MEM avg=0.07%, MEM max=0.07%
pqc_client -> CPU avg=0.00%, CPU max=0.00%, MEM avg=0.05%, MEM max=0.05%
[2026-05-16 18:35:53] [*] Parando captura en pqc_monitor para hybrid_p2_stress_c6_004
[*] Métricas TXT guardadas en results/hybrid_p2_stress_c6_004_metrics.txt
[*] Métricas CSV guardadas en results/hybrid_p2_stress_c6_004_metrics.csv
[2026-05-16 18:36:16] === RUN END: hybrid_p2_stress_c6_004 ===

[2026-05-16 18:36:16] === RUN START: hybrid_p2_stress_c6_005 ===
[2026-05-16 18:36:16] [*] Arrancando captura en pqc_monitor (eth0) para hybrid_p2_stress_c6_005
[*] Guardando muestras en: results/hybrid_p2_stress_c6_005_docker_stats.csv
[*] Ejecutando comando medido: bash -lc ./scripts/run_client_once_rafaga_hibrido.sh hybrid_p2_stress_c6_005 6; sleep 3
[*] Ráfaga híbrida completada: 6 conexiones en 6 clientes (stress)
=== host results ===
-rw-rw-r-- 1 cristian cristian    1350 may 16 18:36 hybrid_p2_stress_c6_005_client_err.txt
-rw-rw-r-- 1 cristian cristian     473 may 16 18:36 hybrid_p2_stress_c6_005_client.txt
-rw-rw-r-- 1 cristian cristian      69 may 16 18:36 hybrid_p2_stress_c6_005_docker_stats.csv
-rw-r--r-- 1 root     root         225 may 16 18:36 hybrid_p2_stress_c6_005_pqc_client_2_client_err.txt
-rw-r--r-- 1 root     root        2587 may 16 18:36 hybrid_p2_stress_c6_005_pqc_client_2_client.txt
-rw-r--r-- 1 root     root          39 may 16 18:36 hybrid_p2_stress_c6_005_pqc_client_2_summary.txt
-rw-r--r-- 1 root     root         225 may 16 18:36 hybrid_p2_stress_c6_005_pqc_client_3_client_err.txt
-rw-r--r-- 1 root     root        2587 may 16 18:36 hybrid_p2_stress_c6_005_pqc_client_3_client.txt
-rw-r--r-- 1 root     root          39 may 16 18:36 hybrid_p2_stress_c6_005_pqc_client_3_summary.txt
-rw-r--r-- 1 root     root         225 may 16 18:36 hybrid_p2_stress_c6_005_pqc_client_4_client_err.txt
-rw-r--r-- 1 root     root        2587 may 16 18:36 hybrid_p2_stress_c6_005_pqc_client_4_client.txt
-rw-r--r-- 1 root     root          39 may 16 18:36 hybrid_p2_stress_c6_005_pqc_client_4_summary.txt
-rw-r--r-- 1 root     root         225 may 16 18:36 hybrid_p2_stress_c6_005_pqc_client_5_client_err.txt
-rw-r--r-- 1 root     root        2587 may 16 18:36 hybrid_p2_stress_c6_005_pqc_client_5_client.txt
-rw-r--r-- 1 root     root          39 may 16 18:36 hybrid_p2_stress_c6_005_pqc_client_5_summary.txt
-rw-r--r-- 1 root     root         225 may 16 18:36 hybrid_p2_stress_c6_005_pqc_client_6_client_err.txt
-rw-r--r-- 1 root     root        2587 may 16 18:36 hybrid_p2_stress_c6_005_pqc_client_6_client.txt
-rw-r--r-- 1 root     root          39 may 16 18:36 hybrid_p2_stress_c6_005_pqc_client_6_summary.txt
-rw-r--r-- 1 root     root         225 may 16 18:36 hybrid_p2_stress_c6_005_pqc_client_client_err.txt
-rw-r--r-- 1 root     root        2587 may 16 18:36 hybrid_p2_stress_c6_005_pqc_client_client.txt
-rw-r--r-- 1 root     root          37 may 16 18:36 hybrid_p2_stress_c6_005_pqc_client_summary.txt
=== resumen por cliente ===
[*] Perfil stress: conexiones totalmente paralelas por cliente
[*] pqc_client <= plan: 1:0
[*] pqc_client_2 <= plan: 2:0
[*] pqc_client_3 <= plan: 3:0
[*] pqc_client_4 <= plan: 4:0
[*] pqc_client_5 <= plan: 5:0
[*] pqc_client_6 <= plan: 6:0
client=pqc_client total=1 ok=1 err=0
client=pqc_client_2 total=1 ok=1 err=0
client=pqc_client_3 total=1 ok=1 err=0
client=pqc_client_4 total=1 ok=1 err=0
client=pqc_client_5 total=1 ok=1 err=0
client=pqc_client_6 total=1 ok=1 err=0
[*] Resumen guardado en: results/hybrid_p2_stress_c6_005_resource_summary.txt
RUN_ID: hybrid_p2_stress_c6_005
CSV: results/hybrid_p2_stress_c6_005_docker_stats.csv

=== Resumen CPU% y MEM% (avg / max) por contenedor ===
pqc_client_2 -> CPU avg=3.99%, CPU max=11.96%, MEM avg=0.02%, MEM max=0.02%
pqc_client_3 -> CPU avg=0.00%, CPU max=0.00%, MEM avg=0.03%, MEM max=0.03%
pqc_monitor -> CPU avg=0.10%, CPU max=0.13%, MEM avg=0.10%, MEM max=0.10%
pqc_client_4 -> CPU avg=0.00%, CPU max=0.00%, MEM avg=0.02%, MEM max=0.02%
pqc_client_5 -> CPU avg=0.00%, CPU max=0.00%, MEM avg=0.02%, MEM max=0.02%
pqc_server -> CPU avg=0.00%, CPU max=0.00%, MEM avg=0.11%, MEM max=0.11%
pqc_client_6 -> CPU avg=0.00%, CPU max=0.00%, MEM avg=0.07%, MEM max=0.07%
pqc_client -> CPU avg=0.00%, CPU max=0.00%, MEM avg=0.05%, MEM max=0.05%
[2026-05-16 18:36:29] [*] Parando captura en pqc_monitor para hybrid_p2_stress_c6_005
[*] Métricas TXT guardadas en results/hybrid_p2_stress_c6_005_metrics.txt
[*] Métricas CSV guardadas en results/hybrid_p2_stress_c6_005_metrics.csv
[2026-05-16 18:36:52] === RUN END: hybrid_p2_stress_c6_005 ===

[2026-05-16 18:36:52] ---- Aplicando perfil de red P3 ----
[*] Aplicando perfil P3

[*] Estado qdisc en monitor:
qdisc netem 8005: root refcnt 5 limit 1000 delay 50ms loss 1%
qdisc netem 8006: root refcnt 5 limit 1000 delay 50ms loss 1%
[2026-05-16 18:36:53] === RUN START: hybrid_p3_balanced_c6_001 ===
[2026-05-16 18:36:53] [*] Arrancando captura en pqc_monitor (eth0) para hybrid_p3_balanced_c6_001
[*] Guardando muestras en: results/hybrid_p3_balanced_c6_001_docker_stats.csv
[*] Ejecutando comando medido: bash -lc ./scripts/run_client_once_rafaga_hibrido.sh hybrid_p3_balanced_c6_001 6; sleep 3
[*] Ráfaga híbrida completada: 6 conexiones en 6 clientes (poisson_jitter)
=== host results ===
-rw-rw-r-- 1 cristian cristian    1350 may 16 18:36 hybrid_p3_balanced_c6_001_client_err.txt
-rw-rw-r-- 1 cristian cristian     524 may 16 18:36 hybrid_p3_balanced_c6_001_client.txt
-rw-rw-r-- 1 cristian cristian      69 may 16 18:36 hybrid_p3_balanced_c6_001_docker_stats.csv
-rw-r--r-- 1 root     root         225 may 16 18:36 hybrid_p3_balanced_c6_001_pqc_client_2_client_err.txt
-rw-r--r-- 1 root     root        2587 may 16 18:36 hybrid_p3_balanced_c6_001_pqc_client_2_client.txt
-rw-r--r-- 1 root     root          39 may 16 18:36 hybrid_p3_balanced_c6_001_pqc_client_2_summary.txt
-rw-r--r-- 1 root     root         225 may 16 18:36 hybrid_p3_balanced_c6_001_pqc_client_3_client_err.txt
-rw-r--r-- 1 root     root        2587 may 16 18:36 hybrid_p3_balanced_c6_001_pqc_client_3_client.txt
-rw-r--r-- 1 root     root          39 may 16 18:36 hybrid_p3_balanced_c6_001_pqc_client_3_summary.txt
-rw-r--r-- 1 root     root         225 may 16 18:36 hybrid_p3_balanced_c6_001_pqc_client_4_client_err.txt
-rw-r--r-- 1 root     root        2587 may 16 18:36 hybrid_p3_balanced_c6_001_pqc_client_4_client.txt
-rw-r--r-- 1 root     root          39 may 16 18:36 hybrid_p3_balanced_c6_001_pqc_client_4_summary.txt
-rw-r--r-- 1 root     root         225 may 16 18:36 hybrid_p3_balanced_c6_001_pqc_client_5_client_err.txt
-rw-r--r-- 1 root     root        2587 may 16 18:36 hybrid_p3_balanced_c6_001_pqc_client_5_client.txt
-rw-r--r-- 1 root     root          39 may 16 18:36 hybrid_p3_balanced_c6_001_pqc_client_5_summary.txt
-rw-r--r-- 1 root     root         225 may 16 18:36 hybrid_p3_balanced_c6_001_pqc_client_6_client_err.txt
-rw-r--r-- 1 root     root        2587 may 16 18:36 hybrid_p3_balanced_c6_001_pqc_client_6_client.txt
-rw-r--r-- 1 root     root          39 may 16 18:36 hybrid_p3_balanced_c6_001_pqc_client_6_summary.txt
-rw-r--r-- 1 root     root         225 may 16 18:36 hybrid_p3_balanced_c6_001_pqc_client_client_err.txt
-rw-r--r-- 1 root     root        2587 may 16 18:36 hybrid_p3_balanced_c6_001_pqc_client_client.txt
-rw-r--r-- 1 root     root          37 may 16 18:36 hybrid_p3_balanced_c6_001_pqc_client_summary.txt
=== resumen por cliente ===
[*] Perfil poisson_jitter: llegadas no sincronizadas con Poisson+jitter
[*] pqc_client <= plan: 1:0.018467
[*] pqc_client_2 <= plan: 2:0.018467
[*] pqc_client_3 <= plan: 3:0.018467
[*] pqc_client_4 <= plan: 4:0.018467
[*] pqc_client_5 <= plan: 5:0.018467
[*] pqc_client_6 <= plan: 6:0.018467
client=pqc_client total=1 ok=1 err=0
client=pqc_client_2 total=1 ok=1 err=0
client=pqc_client_3 total=1 ok=1 err=0
client=pqc_client_4 total=1 ok=1 err=0
client=pqc_client_5 total=1 ok=1 err=0
client=pqc_client_6 total=1 ok=1 err=0
[*] Resumen guardado en: results/hybrid_p3_balanced_c6_001_resource_summary.txt
RUN_ID: hybrid_p3_balanced_c6_001
CSV: results/hybrid_p3_balanced_c6_001_docker_stats.csv

=== Resumen CPU% y MEM% (avg / max) por contenedor ===
pqc_client_2 -> CPU avg=0.57%, CPU max=1.71%, MEM avg=0.02%, MEM max=0.02%
pqc_client_3 -> CPU avg=0.50%, CPU max=1.51%, MEM avg=0.03%, MEM max=0.03%
pqc_monitor -> CPU avg=0.06%, CPU max=0.06%, MEM avg=0.10%, MEM max=0.10%
pqc_client_4 -> CPU avg=0.46%, CPU max=1.38%, MEM avg=0.02%, MEM max=0.02%
pqc_client_5 -> CPU avg=0.52%, CPU max=1.56%, MEM avg=0.02%, MEM max=0.02%
pqc_server -> CPU avg=0.44%, CPU max=1.31%, MEM avg=0.11%, MEM max=0.11%
pqc_client_6 -> CPU avg=0.50%, CPU max=1.50%, MEM avg=0.07%, MEM max=0.07%
pqc_client -> CPU avg=0.53%, CPU max=1.58%, MEM avg=0.05%, MEM max=0.05%
[2026-05-16 18:37:07] [*] Parando captura en pqc_monitor para hybrid_p3_balanced_c6_001
[*] Métricas TXT guardadas en results/hybrid_p3_balanced_c6_001_metrics.txt
[*] Métricas CSV guardadas en results/hybrid_p3_balanced_c6_001_metrics.csv
[2026-05-16 18:37:32] === RUN END: hybrid_p3_balanced_c6_001 ===

[2026-05-16 18:37:32] === RUN START: hybrid_p3_balanced_c6_002 ===
[2026-05-16 18:37:32] [*] Arrancando captura en pqc_monitor (eth0) para hybrid_p3_balanced_c6_002
[*] Guardando muestras en: results/hybrid_p3_balanced_c6_002_docker_stats.csv
[*] Ejecutando comando medido: bash -lc ./scripts/run_client_once_rafaga_hibrido.sh hybrid_p3_balanced_c6_002 6; sleep 3
[*] Ráfaga híbrida completada: 6 conexiones en 6 clientes (poisson_jitter)
=== host results ===
-rw-rw-r-- 1 cristian cristian    1350 may 16 18:37 hybrid_p3_balanced_c6_002_client_err.txt
-rw-rw-r-- 1 cristian cristian     524 may 16 18:37 hybrid_p3_balanced_c6_002_client.txt
-rw-rw-r-- 1 cristian cristian      69 may 16 18:37 hybrid_p3_balanced_c6_002_docker_stats.csv
-rw-r--r-- 1 root     root         225 may 16 18:37 hybrid_p3_balanced_c6_002_pqc_client_2_client_err.txt
-rw-r--r-- 1 root     root        2587 may 16 18:37 hybrid_p3_balanced_c6_002_pqc_client_2_client.txt
-rw-r--r-- 1 root     root          39 may 16 18:37 hybrid_p3_balanced_c6_002_pqc_client_2_summary.txt
-rw-r--r-- 1 root     root         225 may 16 18:37 hybrid_p3_balanced_c6_002_pqc_client_3_client_err.txt
-rw-r--r-- 1 root     root        2587 may 16 18:37 hybrid_p3_balanced_c6_002_pqc_client_3_client.txt
-rw-r--r-- 1 root     root          39 may 16 18:37 hybrid_p3_balanced_c6_002_pqc_client_3_summary.txt
-rw-r--r-- 1 root     root         225 may 16 18:37 hybrid_p3_balanced_c6_002_pqc_client_4_client_err.txt
-rw-r--r-- 1 root     root        2587 may 16 18:37 hybrid_p3_balanced_c6_002_pqc_client_4_client.txt
-rw-r--r-- 1 root     root          39 may 16 18:37 hybrid_p3_balanced_c6_002_pqc_client_4_summary.txt
-rw-r--r-- 1 root     root         225 may 16 18:37 hybrid_p3_balanced_c6_002_pqc_client_5_client_err.txt
-rw-r--r-- 1 root     root        2587 may 16 18:37 hybrid_p3_balanced_c6_002_pqc_client_5_client.txt
-rw-r--r-- 1 root     root          39 may 16 18:37 hybrid_p3_balanced_c6_002_pqc_client_5_summary.txt
-rw-r--r-- 1 root     root         225 may 16 18:37 hybrid_p3_balanced_c6_002_pqc_client_6_client_err.txt
-rw-r--r-- 1 root     root        2587 may 16 18:37 hybrid_p3_balanced_c6_002_pqc_client_6_client.txt
-rw-r--r-- 1 root     root          39 may 16 18:37 hybrid_p3_balanced_c6_002_pqc_client_6_summary.txt
-rw-r--r-- 1 root     root         225 may 16 18:37 hybrid_p3_balanced_c6_002_pqc_client_client_err.txt
-rw-r--r-- 1 root     root        2587 may 16 18:37 hybrid_p3_balanced_c6_002_pqc_client_client.txt
-rw-r--r-- 1 root     root          37 may 16 18:37 hybrid_p3_balanced_c6_002_pqc_client_summary.txt
=== resumen por cliente ===
[*] Perfil poisson_jitter: llegadas no sincronizadas con Poisson+jitter
[*] pqc_client <= plan: 1:0.073694
[*] pqc_client_2 <= plan: 2:0.073694
[*] pqc_client_3 <= plan: 3:0.073694
[*] pqc_client_4 <= plan: 4:0.073694
[*] pqc_client_5 <= plan: 5:0.073694
[*] pqc_client_6 <= plan: 6:0.073694
client=pqc_client total=1 ok=1 err=0
client=pqc_client_2 total=1 ok=1 err=0
client=pqc_client_3 total=1 ok=1 err=0
client=pqc_client_4 total=1 ok=1 err=0
client=pqc_client_5 total=1 ok=1 err=0
client=pqc_client_6 total=1 ok=1 err=0
[*] Resumen guardado en: results/hybrid_p3_balanced_c6_002_resource_summary.txt
RUN_ID: hybrid_p3_balanced_c6_002
CSV: results/hybrid_p3_balanced_c6_002_docker_stats.csv

=== Resumen CPU% y MEM% (avg / max) por contenedor ===
pqc_client_2 -> CPU avg=0.00%, CPU max=0.00%, MEM avg=0.02%, MEM max=0.02%
pqc_client_3 -> CPU avg=0.00%, CPU max=0.00%, MEM avg=0.03%, MEM max=0.03%
pqc_monitor -> CPU avg=0.08%, CPU max=0.17%, MEM avg=0.10%, MEM max=0.10%
pqc_client_4 -> CPU avg=0.35%, CPU max=1.04%, MEM avg=0.02%, MEM max=0.02%
pqc_client_5 -> CPU avg=0.56%, CPU max=1.68%, MEM avg=0.02%, MEM max=0.02%
pqc_server -> CPU avg=0.11%, CPU max=0.33%, MEM avg=0.11%, MEM max=0.11%
pqc_client_6 -> CPU avg=0.56%, CPU max=1.69%, MEM avg=0.07%, MEM max=0.07%
pqc_client -> CPU avg=0.00%, CPU max=0.00%, MEM avg=0.05%, MEM max=0.05%
[2026-05-16 18:37:45] [*] Parando captura en pqc_monitor para hybrid_p3_balanced_c6_002
[*] Métricas TXT guardadas en results/hybrid_p3_balanced_c6_002_metrics.txt
[*] Métricas CSV guardadas en results/hybrid_p3_balanced_c6_002_metrics.csv
[2026-05-16 18:38:08] === RUN END: hybrid_p3_balanced_c6_002 ===

[2026-05-16 18:38:08] === RUN START: hybrid_p3_balanced_c6_003 ===
[2026-05-16 18:38:08] [*] Arrancando captura en pqc_monitor (eth0) para hybrid_p3_balanced_c6_003
[*] Guardando muestras en: results/hybrid_p3_balanced_c6_003_docker_stats.csv
[*] Ejecutando comando medido: bash -lc ./scripts/run_client_once_rafaga_hibrido.sh hybrid_p3_balanced_c6_003 6; sleep 3
[*] Ráfaga híbrida completada: 6 conexiones en 6 clientes (poisson_jitter)
=== host results ===
-rw-rw-r-- 1 cristian cristian    1350 may 16 18:38 hybrid_p3_balanced_c6_003_client_err.txt
-rw-rw-r-- 1 cristian cristian     524 may 16 18:38 hybrid_p3_balanced_c6_003_client.txt
-rw-rw-r-- 1 cristian cristian      69 may 16 18:38 hybrid_p3_balanced_c6_003_docker_stats.csv
-rw-r--r-- 1 root     root         225 may 16 18:38 hybrid_p3_balanced_c6_003_pqc_client_2_client_err.txt
-rw-r--r-- 1 root     root        2587 may 16 18:38 hybrid_p3_balanced_c6_003_pqc_client_2_client.txt
-rw-r--r-- 1 root     root          39 may 16 18:38 hybrid_p3_balanced_c6_003_pqc_client_2_summary.txt
-rw-r--r-- 1 root     root         225 may 16 18:38 hybrid_p3_balanced_c6_003_pqc_client_3_client_err.txt
-rw-r--r-- 1 root     root        2587 may 16 18:38 hybrid_p3_balanced_c6_003_pqc_client_3_client.txt
-rw-r--r-- 1 root     root          39 may 16 18:38 hybrid_p3_balanced_c6_003_pqc_client_3_summary.txt
-rw-r--r-- 1 root     root         225 may 16 18:38 hybrid_p3_balanced_c6_003_pqc_client_4_client_err.txt
-rw-r--r-- 1 root     root        2587 may 16 18:38 hybrid_p3_balanced_c6_003_pqc_client_4_client.txt
-rw-r--r-- 1 root     root          39 may 16 18:38 hybrid_p3_balanced_c6_003_pqc_client_4_summary.txt
-rw-r--r-- 1 root     root         225 may 16 18:38 hybrid_p3_balanced_c6_003_pqc_client_5_client_err.txt
-rw-r--r-- 1 root     root        2587 may 16 18:38 hybrid_p3_balanced_c6_003_pqc_client_5_client.txt
-rw-r--r-- 1 root     root          39 may 16 18:38 hybrid_p3_balanced_c6_003_pqc_client_5_summary.txt
-rw-r--r-- 1 root     root         225 may 16 18:38 hybrid_p3_balanced_c6_003_pqc_client_6_client_err.txt
-rw-r--r-- 1 root     root        2587 may 16 18:38 hybrid_p3_balanced_c6_003_pqc_client_6_client.txt
-rw-r--r-- 1 root     root          39 may 16 18:38 hybrid_p3_balanced_c6_003_pqc_client_6_summary.txt
-rw-r--r-- 1 root     root         225 may 16 18:38 hybrid_p3_balanced_c6_003_pqc_client_client_err.txt
-rw-r--r-- 1 root     root        2587 may 16 18:38 hybrid_p3_balanced_c6_003_pqc_client_client.txt
-rw-r--r-- 1 root     root          37 may 16 18:38 hybrid_p3_balanced_c6_003_pqc_client_summary.txt
=== resumen por cliente ===
[*] Perfil poisson_jitter: llegadas no sincronizadas con Poisson+jitter
[*] pqc_client <= plan: 1:0.000000
[*] pqc_client_2 <= plan: 2:0.000000
[*] pqc_client_3 <= plan: 3:0.000000
[*] pqc_client_4 <= plan: 4:0.000000
[*] pqc_client_5 <= plan: 5:0.000000
[*] pqc_client_6 <= plan: 6:0.000000
client=pqc_client total=1 ok=1 err=0
client=pqc_client_2 total=1 ok=1 err=0
client=pqc_client_3 total=1 ok=1 err=0
client=pqc_client_4 total=1 ok=1 err=0
client=pqc_client_5 total=1 ok=1 err=0
client=pqc_client_6 total=1 ok=1 err=0
[*] Resumen guardado en: results/hybrid_p3_balanced_c6_003_resource_summary.txt
RUN_ID: hybrid_p3_balanced_c6_003
CSV: results/hybrid_p3_balanced_c6_003_docker_stats.csv

=== Resumen CPU% y MEM% (avg / max) por contenedor ===
pqc_client_2 -> CPU avg=0.23%, CPU max=0.69%, MEM avg=0.02%, MEM max=0.02%
pqc_client_3 -> CPU avg=0.58%, CPU max=1.75%, MEM avg=0.03%, MEM max=0.03%
pqc_monitor -> CPU avg=0.09%, CPU max=0.17%, MEM avg=0.10%, MEM max=0.10%
pqc_client_4 -> CPU avg=0.52%, CPU max=1.56%, MEM avg=0.02%, MEM max=0.02%
pqc_client_5 -> CPU avg=0.47%, CPU max=1.41%, MEM avg=0.02%, MEM max=0.02%
pqc_server -> CPU avg=0.42%, CPU max=1.25%, MEM avg=0.11%, MEM max=0.11%
pqc_client_6 -> CPU avg=0.51%, CPU max=1.52%, MEM avg=0.07%, MEM max=0.07%
pqc_client -> CPU avg=0.53%, CPU max=1.60%, MEM avg=0.05%, MEM max=0.05%
[2026-05-16 18:38:21] [*] Parando captura en pqc_monitor para hybrid_p3_balanced_c6_003
[*] Métricas TXT guardadas en results/hybrid_p3_balanced_c6_003_metrics.txt
[*] Métricas CSV guardadas en results/hybrid_p3_balanced_c6_003_metrics.csv
[2026-05-16 18:38:45] === RUN END: hybrid_p3_balanced_c6_003 ===

[2026-05-16 18:38:45] === RUN START: hybrid_p3_balanced_c6_004 ===
[2026-05-16 18:38:45] [*] Arrancando captura en pqc_monitor (eth0) para hybrid_p3_balanced_c6_004
[*] Guardando muestras en: results/hybrid_p3_balanced_c6_004_docker_stats.csv
[*] Ejecutando comando medido: bash -lc ./scripts/run_client_once_rafaga_hibrido.sh hybrid_p3_balanced_c6_004 6; sleep 3
[*] Ráfaga híbrida completada: 6 conexiones en 6 clientes (poisson_jitter)
=== host results ===
-rw-rw-r-- 1 cristian cristian    1350 may 16 18:38 hybrid_p3_balanced_c6_004_client_err.txt
-rw-rw-r-- 1 cristian cristian     524 may 16 18:38 hybrid_p3_balanced_c6_004_client.txt
-rw-rw-r-- 1 cristian cristian      69 may 16 18:38 hybrid_p3_balanced_c6_004_docker_stats.csv
-rw-r--r-- 1 root     root         225 may 16 18:38 hybrid_p3_balanced_c6_004_pqc_client_2_client_err.txt
-rw-r--r-- 1 root     root        2587 may 16 18:38 hybrid_p3_balanced_c6_004_pqc_client_2_client.txt
-rw-r--r-- 1 root     root          39 may 16 18:38 hybrid_p3_balanced_c6_004_pqc_client_2_summary.txt
-rw-r--r-- 1 root     root         225 may 16 18:38 hybrid_p3_balanced_c6_004_pqc_client_3_client_err.txt
-rw-r--r-- 1 root     root        2587 may 16 18:38 hybrid_p3_balanced_c6_004_pqc_client_3_client.txt
-rw-r--r-- 1 root     root          39 may 16 18:38 hybrid_p3_balanced_c6_004_pqc_client_3_summary.txt
-rw-r--r-- 1 root     root         225 may 16 18:38 hybrid_p3_balanced_c6_004_pqc_client_4_client_err.txt
-rw-r--r-- 1 root     root        2587 may 16 18:38 hybrid_p3_balanced_c6_004_pqc_client_4_client.txt
-rw-r--r-- 1 root     root          39 may 16 18:38 hybrid_p3_balanced_c6_004_pqc_client_4_summary.txt
-rw-r--r-- 1 root     root         225 may 16 18:38 hybrid_p3_balanced_c6_004_pqc_client_5_client_err.txt
-rw-r--r-- 1 root     root        2587 may 16 18:38 hybrid_p3_balanced_c6_004_pqc_client_5_client.txt
-rw-r--r-- 1 root     root          39 may 16 18:38 hybrid_p3_balanced_c6_004_pqc_client_5_summary.txt
-rw-r--r-- 1 root     root         225 may 16 18:38 hybrid_p3_balanced_c6_004_pqc_client_6_client_err.txt
-rw-r--r-- 1 root     root        2587 may 16 18:38 hybrid_p3_balanced_c6_004_pqc_client_6_client.txt
-rw-r--r-- 1 root     root          39 may 16 18:38 hybrid_p3_balanced_c6_004_pqc_client_6_summary.txt
-rw-r--r-- 1 root     root         225 may 16 18:38 hybrid_p3_balanced_c6_004_pqc_client_client_err.txt
-rw-r--r-- 1 root     root        2587 may 16 18:38 hybrid_p3_balanced_c6_004_pqc_client_client.txt
-rw-r--r-- 1 root     root          37 may 16 18:38 hybrid_p3_balanced_c6_004_pqc_client_summary.txt
=== resumen por cliente ===
[*] Perfil poisson_jitter: llegadas no sincronizadas con Poisson+jitter
[*] pqc_client <= plan: 1:0.106467
[*] pqc_client_2 <= plan: 2:0.106467
[*] pqc_client_3 <= plan: 3:0.106467
[*] pqc_client_4 <= plan: 4:0.106467
[*] pqc_client_5 <= plan: 5:0.106467
[*] pqc_client_6 <= plan: 6:0.106467
client=pqc_client total=1 ok=1 err=0
client=pqc_client_2 total=1 ok=1 err=0
client=pqc_client_3 total=1 ok=1 err=0
client=pqc_client_4 total=1 ok=1 err=0
client=pqc_client_5 total=1 ok=1 err=0
client=pqc_client_6 total=1 ok=1 err=0
[*] Resumen guardado en: results/hybrid_p3_balanced_c6_004_resource_summary.txt
RUN_ID: hybrid_p3_balanced_c6_004
CSV: results/hybrid_p3_balanced_c6_004_docker_stats.csv

=== Resumen CPU% y MEM% (avg / max) por contenedor ===
pqc_client_2 -> CPU avg=0.00%, CPU max=0.00%, MEM avg=0.02%, MEM max=0.02%
pqc_client_3 -> CPU avg=0.00%, CPU max=0.00%, MEM avg=0.03%, MEM max=0.03%
pqc_monitor -> CPU avg=0.08%, CPU max=0.11%, MEM avg=0.10%, MEM max=0.10%
pqc_client_4 -> CPU avg=0.39%, CPU max=1.16%, MEM avg=0.02%, MEM max=0.02%
pqc_client_5 -> CPU avg=0.57%, CPU max=1.71%, MEM avg=0.02%, MEM max=0.02%
pqc_server -> CPU avg=0.11%, CPU max=0.34%, MEM avg=0.11%, MEM max=0.11%
pqc_client_6 -> CPU avg=0.46%, CPU max=1.39%, MEM avg=0.07%, MEM max=0.07%
pqc_client -> CPU avg=0.00%, CPU max=0.00%, MEM avg=0.05%, MEM max=0.05%
[2026-05-16 18:38:58] [*] Parando captura en pqc_monitor para hybrid_p3_balanced_c6_004
[*] Métricas TXT guardadas en results/hybrid_p3_balanced_c6_004_metrics.txt
[*] Métricas CSV guardadas en results/hybrid_p3_balanced_c6_004_metrics.csv
[2026-05-16 18:39:21] === RUN END: hybrid_p3_balanced_c6_004 ===

[2026-05-16 18:39:21] === RUN START: hybrid_p3_balanced_c6_005 ===
[2026-05-16 18:39:21] [*] Arrancando captura en pqc_monitor (eth0) para hybrid_p3_balanced_c6_005
[*] Guardando muestras en: results/hybrid_p3_balanced_c6_005_docker_stats.csv
[*] Ejecutando comando medido: bash -lc ./scripts/run_client_once_rafaga_hibrido.sh hybrid_p3_balanced_c6_005 6; sleep 3
[*] Ráfaga híbrida completada: 6 conexiones en 6 clientes (poisson_jitter)
=== host results ===
-rw-rw-r-- 1 cristian cristian    1350 may 16 18:39 hybrid_p3_balanced_c6_005_client_err.txt
-rw-rw-r-- 1 cristian cristian     524 may 16 18:39 hybrid_p3_balanced_c6_005_client.txt
-rw-rw-r-- 1 cristian cristian      69 may 16 18:39 hybrid_p3_balanced_c6_005_docker_stats.csv
-rw-r--r-- 1 root     root         225 may 16 18:39 hybrid_p3_balanced_c6_005_pqc_client_2_client_err.txt
-rw-r--r-- 1 root     root        2587 may 16 18:39 hybrid_p3_balanced_c6_005_pqc_client_2_client.txt
-rw-r--r-- 1 root     root          39 may 16 18:39 hybrid_p3_balanced_c6_005_pqc_client_2_summary.txt
-rw-r--r-- 1 root     root         225 may 16 18:39 hybrid_p3_balanced_c6_005_pqc_client_3_client_err.txt
-rw-r--r-- 1 root     root        2587 may 16 18:39 hybrid_p3_balanced_c6_005_pqc_client_3_client.txt
-rw-r--r-- 1 root     root          39 may 16 18:39 hybrid_p3_balanced_c6_005_pqc_client_3_summary.txt
-rw-r--r-- 1 root     root         225 may 16 18:39 hybrid_p3_balanced_c6_005_pqc_client_4_client_err.txt
-rw-r--r-- 1 root     root        2587 may 16 18:39 hybrid_p3_balanced_c6_005_pqc_client_4_client.txt
-rw-r--r-- 1 root     root          39 may 16 18:39 hybrid_p3_balanced_c6_005_pqc_client_4_summary.txt
-rw-r--r-- 1 root     root         225 may 16 18:39 hybrid_p3_balanced_c6_005_pqc_client_5_client_err.txt
-rw-r--r-- 1 root     root        2587 may 16 18:39 hybrid_p3_balanced_c6_005_pqc_client_5_client.txt
-rw-r--r-- 1 root     root          39 may 16 18:39 hybrid_p3_balanced_c6_005_pqc_client_5_summary.txt
-rw-r--r-- 1 root     root         225 may 16 18:39 hybrid_p3_balanced_c6_005_pqc_client_6_client_err.txt
-rw-r--r-- 1 root     root        2587 may 16 18:39 hybrid_p3_balanced_c6_005_pqc_client_6_client.txt
-rw-r--r-- 1 root     root          39 may 16 18:39 hybrid_p3_balanced_c6_005_pqc_client_6_summary.txt
-rw-r--r-- 1 root     root         225 may 16 18:39 hybrid_p3_balanced_c6_005_pqc_client_client_err.txt
-rw-r--r-- 1 root     root        2587 may 16 18:39 hybrid_p3_balanced_c6_005_pqc_client_client.txt
-rw-r--r-- 1 root     root          37 may 16 18:39 hybrid_p3_balanced_c6_005_pqc_client_summary.txt
=== resumen por cliente ===
[*] Perfil poisson_jitter: llegadas no sincronizadas con Poisson+jitter
[*] pqc_client <= plan: 1:0.050102
[*] pqc_client_2 <= plan: 2:0.050102
[*] pqc_client_3 <= plan: 3:0.050102
[*] pqc_client_4 <= plan: 4:0.050102
[*] pqc_client_5 <= plan: 5:0.050102
[*] pqc_client_6 <= plan: 6:0.050102
client=pqc_client total=1 ok=1 err=0
client=pqc_client_2 total=1 ok=1 err=0
client=pqc_client_3 total=1 ok=1 err=0
client=pqc_client_4 total=1 ok=1 err=0
client=pqc_client_5 total=1 ok=1 err=0
client=pqc_client_6 total=1 ok=1 err=0
[*] Resumen guardado en: results/hybrid_p3_balanced_c6_005_resource_summary.txt
RUN_ID: hybrid_p3_balanced_c6_005
CSV: results/hybrid_p3_balanced_c6_005_docker_stats.csv

=== Resumen CPU% y MEM% (avg / max) por contenedor ===
pqc_client_2 -> CPU avg=4.81%, CPU max=14.43%, MEM avg=0.02%, MEM max=0.02%
pqc_client_3 -> CPU avg=0.52%, CPU max=1.56%, MEM avg=0.03%, MEM max=0.03%
pqc_monitor -> CPU avg=0.18%, CPU max=0.35%, MEM avg=0.10%, MEM max=0.10%
pqc_client_4 -> CPU avg=0.59%, CPU max=1.78%, MEM avg=0.02%, MEM max=0.02%
pqc_client_5 -> CPU avg=0.41%, CPU max=1.23%, MEM avg=0.02%, MEM max=0.02%
pqc_server -> CPU avg=0.28%, CPU max=0.84%, MEM avg=0.11%, MEM max=0.11%
pqc_client_6 -> CPU avg=0.51%, CPU max=1.54%, MEM avg=0.07%, MEM max=0.07%
pqc_client -> CPU avg=0.00%, CPU max=0.00%, MEM avg=0.05%, MEM max=0.05%
[2026-05-16 18:39:34] [*] Parando captura en pqc_monitor para hybrid_p3_balanced_c6_005
[*] Métricas TXT guardadas en results/hybrid_p3_balanced_c6_005_metrics.txt
[*] Métricas CSV guardadas en results/hybrid_p3_balanced_c6_005_metrics.csv
[2026-05-16 18:39:58] === RUN END: hybrid_p3_balanced_c6_005 ===

[2026-05-16 18:39:58] === RUN START: hybrid_p3_aggressive_c6_001 ===
[2026-05-16 18:39:58] [*] Arrancando captura en pqc_monitor (eth0) para hybrid_p3_aggressive_c6_001
[*] Guardando muestras en: results/hybrid_p3_aggressive_c6_001_docker_stats.csv
[*] Ejecutando comando medido: bash -lc ./scripts/run_client_once_rafaga_hibrido.sh hybrid_p3_aggressive_c6_001 6; sleep 3
[*] Ráfaga híbrida completada: 6 conexiones en 6 clientes (poisson_jitter)
=== host results ===
-rw-rw-r-- 1 cristian cristian    1350 may 16 18:40 hybrid_p3_aggressive_c6_001_client_err.txt
-rw-rw-r-- 1 cristian cristian     524 may 16 18:40 hybrid_p3_aggressive_c6_001_client.txt
-rw-rw-r-- 1 cristian cristian      69 may 16 18:39 hybrid_p3_aggressive_c6_001_docker_stats.csv
-rw-r--r-- 1 root     root         225 may 16 18:40 hybrid_p3_aggressive_c6_001_pqc_client_2_client_err.txt
-rw-r--r-- 1 root     root        2587 may 16 18:40 hybrid_p3_aggressive_c6_001_pqc_client_2_client.txt
-rw-r--r-- 1 root     root          39 may 16 18:40 hybrid_p3_aggressive_c6_001_pqc_client_2_summary.txt
-rw-r--r-- 1 root     root         225 may 16 18:40 hybrid_p3_aggressive_c6_001_pqc_client_3_client_err.txt
-rw-r--r-- 1 root     root        2587 may 16 18:40 hybrid_p3_aggressive_c6_001_pqc_client_3_client.txt
-rw-r--r-- 1 root     root          39 may 16 18:40 hybrid_p3_aggressive_c6_001_pqc_client_3_summary.txt
-rw-r--r-- 1 root     root         225 may 16 18:40 hybrid_p3_aggressive_c6_001_pqc_client_4_client_err.txt
-rw-r--r-- 1 root     root        2587 may 16 18:40 hybrid_p3_aggressive_c6_001_pqc_client_4_client.txt
-rw-r--r-- 1 root     root          39 may 16 18:40 hybrid_p3_aggressive_c6_001_pqc_client_4_summary.txt
-rw-r--r-- 1 root     root         225 may 16 18:40 hybrid_p3_aggressive_c6_001_pqc_client_5_client_err.txt
-rw-r--r-- 1 root     root        2587 may 16 18:40 hybrid_p3_aggressive_c6_001_pqc_client_5_client.txt
-rw-r--r-- 1 root     root          39 may 16 18:40 hybrid_p3_aggressive_c6_001_pqc_client_5_summary.txt
-rw-r--r-- 1 root     root         225 may 16 18:40 hybrid_p3_aggressive_c6_001_pqc_client_6_client_err.txt
-rw-r--r-- 1 root     root        2587 may 16 18:40 hybrid_p3_aggressive_c6_001_pqc_client_6_client.txt
-rw-r--r-- 1 root     root          39 may 16 18:40 hybrid_p3_aggressive_c6_001_pqc_client_6_summary.txt
-rw-r--r-- 1 root     root         225 may 16 18:40 hybrid_p3_aggressive_c6_001_pqc_client_client_err.txt
-rw-r--r-- 1 root     root        2587 may 16 18:40 hybrid_p3_aggressive_c6_001_pqc_client_client.txt
-rw-r--r-- 1 root     root          37 may 16 18:40 hybrid_p3_aggressive_c6_001_pqc_client_summary.txt
=== resumen por cliente ===
[*] Perfil poisson_jitter: llegadas no sincronizadas con Poisson+jitter
[*] pqc_client <= plan: 1:0.047272
[*] pqc_client_2 <= plan: 2:0.047272
[*] pqc_client_3 <= plan: 3:0.047272
[*] pqc_client_4 <= plan: 4:0.047272
[*] pqc_client_5 <= plan: 5:0.047272
[*] pqc_client_6 <= plan: 6:0.047272
client=pqc_client total=1 ok=1 err=0
client=pqc_client_2 total=1 ok=1 err=0
client=pqc_client_3 total=1 ok=1 err=0
client=pqc_client_4 total=1 ok=1 err=0
client=pqc_client_5 total=1 ok=1 err=0
client=pqc_client_6 total=1 ok=1 err=0
[*] Resumen guardado en: results/hybrid_p3_aggressive_c6_001_resource_summary.txt
RUN_ID: hybrid_p3_aggressive_c6_001
CSV: results/hybrid_p3_aggressive_c6_001_docker_stats.csv

=== Resumen CPU% y MEM% (avg / max) por contenedor ===
pqc_client_2 -> CPU avg=0.00%, CPU max=0.00%, MEM avg=0.02%, MEM max=0.02%
pqc_client_3 -> CPU avg=0.37%, CPU max=1.11%, MEM avg=0.03%, MEM max=0.03%
pqc_monitor -> CPU avg=0.17%, CPU max=0.21%, MEM avg=0.10%, MEM max=0.10%
pqc_client_4 -> CPU avg=0.55%, CPU max=1.65%, MEM avg=0.02%, MEM max=0.02%
pqc_client_5 -> CPU avg=0.53%, CPU max=1.60%, MEM avg=0.02%, MEM max=0.02%
pqc_server -> CPU avg=0.21%, CPU max=0.62%, MEM avg=0.11%, MEM max=0.11%
pqc_client_6 -> CPU avg=0.58%, CPU max=1.75%, MEM avg=0.07%, MEM max=0.07%
pqc_client -> CPU avg=3.97%, CPU max=11.90%, MEM avg=0.05%, MEM max=0.05%
[2026-05-16 18:40:11] [*] Parando captura en pqc_monitor para hybrid_p3_aggressive_c6_001
[*] Métricas TXT guardadas en results/hybrid_p3_aggressive_c6_001_metrics.txt
[*] Métricas CSV guardadas en results/hybrid_p3_aggressive_c6_001_metrics.csv
[2026-05-16 18:40:34] === RUN END: hybrid_p3_aggressive_c6_001 ===

[2026-05-16 18:40:34] === RUN START: hybrid_p3_aggressive_c6_002 ===
[2026-05-16 18:40:34] [*] Arrancando captura en pqc_monitor (eth0) para hybrid_p3_aggressive_c6_002
[*] Guardando muestras en: results/hybrid_p3_aggressive_c6_002_docker_stats.csv
[*] Ejecutando comando medido: bash -lc ./scripts/run_client_once_rafaga_hibrido.sh hybrid_p3_aggressive_c6_002 6; sleep 3
[*] Ráfaga híbrida completada: 6 conexiones en 6 clientes (poisson_jitter)
=== host results ===
-rw-rw-r-- 1 cristian cristian    1350 may 16 18:40 hybrid_p3_aggressive_c6_002_client_err.txt
-rw-rw-r-- 1 cristian cristian     524 may 16 18:40 hybrid_p3_aggressive_c6_002_client.txt
-rw-rw-r-- 1 cristian cristian      69 may 16 18:40 hybrid_p3_aggressive_c6_002_docker_stats.csv
-rw-r--r-- 1 root     root         225 may 16 18:40 hybrid_p3_aggressive_c6_002_pqc_client_2_client_err.txt
-rw-r--r-- 1 root     root        2587 may 16 18:40 hybrid_p3_aggressive_c6_002_pqc_client_2_client.txt
-rw-r--r-- 1 root     root          39 may 16 18:40 hybrid_p3_aggressive_c6_002_pqc_client_2_summary.txt
-rw-r--r-- 1 root     root         225 may 16 18:40 hybrid_p3_aggressive_c6_002_pqc_client_3_client_err.txt
-rw-r--r-- 1 root     root        2587 may 16 18:40 hybrid_p3_aggressive_c6_002_pqc_client_3_client.txt
-rw-r--r-- 1 root     root          39 may 16 18:40 hybrid_p3_aggressive_c6_002_pqc_client_3_summary.txt
-rw-r--r-- 1 root     root         225 may 16 18:40 hybrid_p3_aggressive_c6_002_pqc_client_4_client_err.txt
-rw-r--r-- 1 root     root        2587 may 16 18:40 hybrid_p3_aggressive_c6_002_pqc_client_4_client.txt
-rw-r--r-- 1 root     root          39 may 16 18:40 hybrid_p3_aggressive_c6_002_pqc_client_4_summary.txt
-rw-r--r-- 1 root     root         225 may 16 18:40 hybrid_p3_aggressive_c6_002_pqc_client_5_client_err.txt
-rw-r--r-- 1 root     root        2587 may 16 18:40 hybrid_p3_aggressive_c6_002_pqc_client_5_client.txt
-rw-r--r-- 1 root     root          39 may 16 18:40 hybrid_p3_aggressive_c6_002_pqc_client_5_summary.txt
-rw-r--r-- 1 root     root         225 may 16 18:40 hybrid_p3_aggressive_c6_002_pqc_client_6_client_err.txt
-rw-r--r-- 1 root     root        2587 may 16 18:40 hybrid_p3_aggressive_c6_002_pqc_client_6_client.txt
-rw-r--r-- 1 root     root          39 may 16 18:40 hybrid_p3_aggressive_c6_002_pqc_client_6_summary.txt
-rw-r--r-- 1 root     root         225 may 16 18:40 hybrid_p3_aggressive_c6_002_pqc_client_client_err.txt
-rw-r--r-- 1 root     root        2587 may 16 18:40 hybrid_p3_aggressive_c6_002_pqc_client_client.txt
-rw-r--r-- 1 root     root          37 may 16 18:40 hybrid_p3_aggressive_c6_002_pqc_client_summary.txt
=== resumen por cliente ===
[*] Perfil poisson_jitter: llegadas no sincronizadas con Poisson+jitter
[*] pqc_client <= plan: 1:0.037442
[*] pqc_client_2 <= plan: 2:0.037442
[*] pqc_client_3 <= plan: 3:0.037442
[*] pqc_client_4 <= plan: 4:0.037442
[*] pqc_client_5 <= plan: 5:0.037442
[*] pqc_client_6 <= plan: 6:0.037442
client=pqc_client total=1 ok=1 err=0
client=pqc_client_2 total=1 ok=1 err=0
client=pqc_client_3 total=1 ok=1 err=0
client=pqc_client_4 total=1 ok=1 err=0
client=pqc_client_5 total=1 ok=1 err=0
client=pqc_client_6 total=1 ok=1 err=0
[*] Resumen guardado en: results/hybrid_p3_aggressive_c6_002_resource_summary.txt
RUN_ID: hybrid_p3_aggressive_c6_002
CSV: results/hybrid_p3_aggressive_c6_002_docker_stats.csv

=== Resumen CPU% y MEM% (avg / max) por contenedor ===
pqc_client_2 -> CPU avg=0.00%, CPU max=0.00%, MEM avg=0.02%, MEM max=0.02%
pqc_client_3 -> CPU avg=0.00%, CPU max=0.00%, MEM avg=0.03%, MEM max=0.03%
pqc_monitor -> CPU avg=0.08%, CPU max=0.12%, MEM avg=0.10%, MEM max=0.10%
pqc_client_4 -> CPU avg=0.35%, CPU max=1.05%, MEM avg=0.02%, MEM max=0.02%
pqc_client_5 -> CPU avg=0.62%, CPU max=1.86%, MEM avg=0.02%, MEM max=0.02%
pqc_server -> CPU avg=0.11%, CPU max=0.32%, MEM avg=0.11%, MEM max=0.11%
pqc_client_6 -> CPU avg=0.77%, CPU max=2.31%, MEM avg=0.07%, MEM max=0.07%
pqc_client -> CPU avg=0.00%, CPU max=0.00%, MEM avg=0.05%, MEM max=0.05%
[2026-05-16 18:40:47] [*] Parando captura en pqc_monitor para hybrid_p3_aggressive_c6_002
[*] Métricas TXT guardadas en results/hybrid_p3_aggressive_c6_002_metrics.txt
[*] Métricas CSV guardadas en results/hybrid_p3_aggressive_c6_002_metrics.csv
[2026-05-16 18:41:11] === RUN END: hybrid_p3_aggressive_c6_002 ===

[2026-05-16 18:41:11] === RUN START: hybrid_p3_aggressive_c6_003 ===
[2026-05-16 18:41:11] [*] Arrancando captura en pqc_monitor (eth0) para hybrid_p3_aggressive_c6_003
[*] Guardando muestras en: results/hybrid_p3_aggressive_c6_003_docker_stats.csv
[*] Ejecutando comando medido: bash -lc ./scripts/run_client_once_rafaga_hibrido.sh hybrid_p3_aggressive_c6_003 6; sleep 3
[*] Ráfaga híbrida completada: 6 conexiones en 6 clientes (poisson_jitter)
=== host results ===
-rw-rw-r-- 1 cristian cristian    1350 may 16 18:41 hybrid_p3_aggressive_c6_003_client_err.txt
-rw-rw-r-- 1 cristian cristian     524 may 16 18:41 hybrid_p3_aggressive_c6_003_client.txt
-rw-rw-r-- 1 cristian cristian      69 may 16 18:41 hybrid_p3_aggressive_c6_003_docker_stats.csv
-rw-r--r-- 1 root     root         225 may 16 18:41 hybrid_p3_aggressive_c6_003_pqc_client_2_client_err.txt
-rw-r--r-- 1 root     root        2587 may 16 18:41 hybrid_p3_aggressive_c6_003_pqc_client_2_client.txt
-rw-r--r-- 1 root     root          39 may 16 18:41 hybrid_p3_aggressive_c6_003_pqc_client_2_summary.txt
-rw-r--r-- 1 root     root         225 may 16 18:41 hybrid_p3_aggressive_c6_003_pqc_client_3_client_err.txt
-rw-r--r-- 1 root     root        2587 may 16 18:41 hybrid_p3_aggressive_c6_003_pqc_client_3_client.txt
-rw-r--r-- 1 root     root          39 may 16 18:41 hybrid_p3_aggressive_c6_003_pqc_client_3_summary.txt
-rw-r--r-- 1 root     root         225 may 16 18:41 hybrid_p3_aggressive_c6_003_pqc_client_4_client_err.txt
-rw-r--r-- 1 root     root        2587 may 16 18:41 hybrid_p3_aggressive_c6_003_pqc_client_4_client.txt
-rw-r--r-- 1 root     root          39 may 16 18:41 hybrid_p3_aggressive_c6_003_pqc_client_4_summary.txt
-rw-r--r-- 1 root     root         225 may 16 18:41 hybrid_p3_aggressive_c6_003_pqc_client_5_client_err.txt
-rw-r--r-- 1 root     root        2587 may 16 18:41 hybrid_p3_aggressive_c6_003_pqc_client_5_client.txt
-rw-r--r-- 1 root     root          39 may 16 18:41 hybrid_p3_aggressive_c6_003_pqc_client_5_summary.txt
-rw-r--r-- 1 root     root         225 may 16 18:41 hybrid_p3_aggressive_c6_003_pqc_client_6_client_err.txt
-rw-r--r-- 1 root     root        2587 may 16 18:41 hybrid_p3_aggressive_c6_003_pqc_client_6_client.txt
-rw-r--r-- 1 root     root          39 may 16 18:41 hybrid_p3_aggressive_c6_003_pqc_client_6_summary.txt
-rw-r--r-- 1 root     root         225 may 16 18:41 hybrid_p3_aggressive_c6_003_pqc_client_client_err.txt
-rw-r--r-- 1 root     root        2587 may 16 18:41 hybrid_p3_aggressive_c6_003_pqc_client_client.txt
-rw-r--r-- 1 root     root          37 may 16 18:41 hybrid_p3_aggressive_c6_003_pqc_client_summary.txt
=== resumen por cliente ===
[*] Perfil poisson_jitter: llegadas no sincronizadas con Poisson+jitter
[*] pqc_client <= plan: 1:0.000000
[*] pqc_client_2 <= plan: 2:0.000000
[*] pqc_client_3 <= plan: 3:0.000000
[*] pqc_client_4 <= plan: 4:0.000000
[*] pqc_client_5 <= plan: 5:0.000000
[*] pqc_client_6 <= plan: 6:0.000000
client=pqc_client total=1 ok=1 err=0
client=pqc_client_2 total=1 ok=1 err=0
client=pqc_client_3 total=1 ok=1 err=0
client=pqc_client_4 total=1 ok=1 err=0
client=pqc_client_5 total=1 ok=1 err=0
client=pqc_client_6 total=1 ok=1 err=0
[*] Resumen guardado en: results/hybrid_p3_aggressive_c6_003_resource_summary.txt
RUN_ID: hybrid_p3_aggressive_c6_003
CSV: results/hybrid_p3_aggressive_c6_003_docker_stats.csv

=== Resumen CPU% y MEM% (avg / max) por contenedor ===
pqc_client_2 -> CPU avg=0.00%, CPU max=0.00%, MEM avg=0.02%, MEM max=0.02%
pqc_client_3 -> CPU avg=4.26%, CPU max=12.79%, MEM avg=0.03%, MEM max=0.03%
pqc_monitor -> CPU avg=0.07%, CPU max=0.16%, MEM avg=0.10%, MEM max=0.10%
pqc_client_4 -> CPU avg=0.00%, CPU max=0.00%, MEM avg=0.02%, MEM max=0.02%
pqc_client_5 -> CPU avg=0.45%, CPU max=1.34%, MEM avg=0.02%, MEM max=0.02%
pqc_server -> CPU avg=0.13%, CPU max=0.38%, MEM avg=0.11%, MEM max=0.11%
pqc_client_6 -> CPU avg=0.47%, CPU max=1.42%, MEM avg=0.07%, MEM max=0.07%
pqc_client -> CPU avg=0.00%, CPU max=0.00%, MEM avg=0.05%, MEM max=0.05%
[2026-05-16 18:41:24] [*] Parando captura en pqc_monitor para hybrid_p3_aggressive_c6_003
[*] Métricas TXT guardadas en results/hybrid_p3_aggressive_c6_003_metrics.txt
[*] Métricas CSV guardadas en results/hybrid_p3_aggressive_c6_003_metrics.csv
[2026-05-16 18:41:47] === RUN END: hybrid_p3_aggressive_c6_003 ===

[2026-05-16 18:41:47] === RUN START: hybrid_p3_aggressive_c6_004 ===
[2026-05-16 18:41:47] [*] Arrancando captura en pqc_monitor (eth0) para hybrid_p3_aggressive_c6_004
[*] Guardando muestras en: results/hybrid_p3_aggressive_c6_004_docker_stats.csv
[*] Ejecutando comando medido: bash -lc ./scripts/run_client_once_rafaga_hibrido.sh hybrid_p3_aggressive_c6_004 6; sleep 3
[*] Ráfaga híbrida completada: 6 conexiones en 6 clientes (poisson_jitter)
=== host results ===
-rw-rw-r-- 1 cristian cristian    1350 may 16 18:41 hybrid_p3_aggressive_c6_004_client_err.txt
-rw-rw-r-- 1 cristian cristian     524 may 16 18:41 hybrid_p3_aggressive_c6_004_client.txt
-rw-rw-r-- 1 cristian cristian      69 may 16 18:41 hybrid_p3_aggressive_c6_004_docker_stats.csv
-rw-r--r-- 1 root     root         225 may 16 18:41 hybrid_p3_aggressive_c6_004_pqc_client_2_client_err.txt
-rw-r--r-- 1 root     root        2587 may 16 18:41 hybrid_p3_aggressive_c6_004_pqc_client_2_client.txt
-rw-r--r-- 1 root     root          39 may 16 18:41 hybrid_p3_aggressive_c6_004_pqc_client_2_summary.txt
-rw-r--r-- 1 root     root         225 may 16 18:41 hybrid_p3_aggressive_c6_004_pqc_client_3_client_err.txt
-rw-r--r-- 1 root     root        2587 may 16 18:41 hybrid_p3_aggressive_c6_004_pqc_client_3_client.txt
-rw-r--r-- 1 root     root          39 may 16 18:41 hybrid_p3_aggressive_c6_004_pqc_client_3_summary.txt
-rw-r--r-- 1 root     root         225 may 16 18:41 hybrid_p3_aggressive_c6_004_pqc_client_4_client_err.txt
-rw-r--r-- 1 root     root        2587 may 16 18:41 hybrid_p3_aggressive_c6_004_pqc_client_4_client.txt
-rw-r--r-- 1 root     root          39 may 16 18:41 hybrid_p3_aggressive_c6_004_pqc_client_4_summary.txt
-rw-r--r-- 1 root     root         225 may 16 18:41 hybrid_p3_aggressive_c6_004_pqc_client_5_client_err.txt
-rw-r--r-- 1 root     root        2587 may 16 18:41 hybrid_p3_aggressive_c6_004_pqc_client_5_client.txt
-rw-r--r-- 1 root     root          39 may 16 18:41 hybrid_p3_aggressive_c6_004_pqc_client_5_summary.txt
-rw-r--r-- 1 root     root         225 may 16 18:41 hybrid_p3_aggressive_c6_004_pqc_client_6_client_err.txt
-rw-r--r-- 1 root     root        2587 may 16 18:41 hybrid_p3_aggressive_c6_004_pqc_client_6_client.txt
-rw-r--r-- 1 root     root          39 may 16 18:41 hybrid_p3_aggressive_c6_004_pqc_client_6_summary.txt
-rw-r--r-- 1 root     root         225 may 16 18:41 hybrid_p3_aggressive_c6_004_pqc_client_client_err.txt
-rw-r--r-- 1 root     root        2587 may 16 18:41 hybrid_p3_aggressive_c6_004_pqc_client_client.txt
-rw-r--r-- 1 root     root          37 may 16 18:41 hybrid_p3_aggressive_c6_004_pqc_client_summary.txt
=== resumen por cliente ===
[*] Perfil poisson_jitter: llegadas no sincronizadas con Poisson+jitter
[*] pqc_client <= plan: 1:0.000000
[*] pqc_client_2 <= plan: 2:0.000000
[*] pqc_client_3 <= plan: 3:0.000000
[*] pqc_client_4 <= plan: 4:0.000000
[*] pqc_client_5 <= plan: 5:0.000000
[*] pqc_client_6 <= plan: 6:0.000000
client=pqc_client total=1 ok=1 err=0
client=pqc_client_2 total=1 ok=1 err=0
client=pqc_client_3 total=1 ok=1 err=0
client=pqc_client_4 total=1 ok=1 err=0
client=pqc_client_5 total=1 ok=1 err=0
client=pqc_client_6 total=1 ok=1 err=0
[*] Resumen guardado en: results/hybrid_p3_aggressive_c6_004_resource_summary.txt
RUN_ID: hybrid_p3_aggressive_c6_004
CSV: results/hybrid_p3_aggressive_c6_004_docker_stats.csv

=== Resumen CPU% y MEM% (avg / max) por contenedor ===
pqc_client_2 -> CPU avg=0.60%, CPU max=1.79%, MEM avg=0.02%, MEM max=0.02%
pqc_client_3 -> CPU avg=0.64%, CPU max=1.91%, MEM avg=0.03%, MEM max=0.03%
pqc_monitor -> CPU avg=0.12%, CPU max=0.18%, MEM avg=0.10%, MEM max=0.10%
pqc_client_4 -> CPU avg=0.56%, CPU max=1.67%, MEM avg=0.02%, MEM max=0.02%
pqc_client_5 -> CPU avg=0.51%, CPU max=1.52%, MEM avg=0.02%, MEM max=0.02%
pqc_server -> CPU avg=0.51%, CPU max=1.52%, MEM avg=0.11%, MEM max=0.11%
pqc_client_6 -> CPU avg=0.52%, CPU max=1.55%, MEM avg=0.07%, MEM max=0.07%
pqc_client -> CPU avg=3.90%, CPU max=11.70%, MEM avg=0.06%, MEM max=0.08%
[2026-05-16 18:42:00] [*] Parando captura en pqc_monitor para hybrid_p3_aggressive_c6_004
[*] Métricas TXT guardadas en results/hybrid_p3_aggressive_c6_004_metrics.txt
[*] Métricas CSV guardadas en results/hybrid_p3_aggressive_c6_004_metrics.csv
[2026-05-16 18:42:23] === RUN END: hybrid_p3_aggressive_c6_004 ===

[2026-05-16 18:42:23] === RUN START: hybrid_p3_aggressive_c6_005 ===
[2026-05-16 18:42:23] [*] Arrancando captura en pqc_monitor (eth0) para hybrid_p3_aggressive_c6_005
[*] Guardando muestras en: results/hybrid_p3_aggressive_c6_005_docker_stats.csv
[*] Ejecutando comando medido: bash -lc ./scripts/run_client_once_rafaga_hibrido.sh hybrid_p3_aggressive_c6_005 6; sleep 3
[*] Ráfaga híbrida completada: 6 conexiones en 6 clientes (poisson_jitter)
=== host results ===
-rw-rw-r-- 1 cristian cristian    1350 may 16 18:42 hybrid_p3_aggressive_c6_005_client_err.txt
-rw-rw-r-- 1 cristian cristian     524 may 16 18:42 hybrid_p3_aggressive_c6_005_client.txt
-rw-rw-r-- 1 cristian cristian      69 may 16 18:42 hybrid_p3_aggressive_c6_005_docker_stats.csv
-rw-r--r-- 1 root     root         225 may 16 18:42 hybrid_p3_aggressive_c6_005_pqc_client_2_client_err.txt
-rw-r--r-- 1 root     root        2587 may 16 18:42 hybrid_p3_aggressive_c6_005_pqc_client_2_client.txt
-rw-r--r-- 1 root     root          39 may 16 18:42 hybrid_p3_aggressive_c6_005_pqc_client_2_summary.txt
-rw-r--r-- 1 root     root         225 may 16 18:42 hybrid_p3_aggressive_c6_005_pqc_client_3_client_err.txt
-rw-r--r-- 1 root     root        2587 may 16 18:42 hybrid_p3_aggressive_c6_005_pqc_client_3_client.txt
-rw-r--r-- 1 root     root          39 may 16 18:42 hybrid_p3_aggressive_c6_005_pqc_client_3_summary.txt
-rw-r--r-- 1 root     root         225 may 16 18:42 hybrid_p3_aggressive_c6_005_pqc_client_4_client_err.txt
-rw-r--r-- 1 root     root        2587 may 16 18:42 hybrid_p3_aggressive_c6_005_pqc_client_4_client.txt
-rw-r--r-- 1 root     root          39 may 16 18:42 hybrid_p3_aggressive_c6_005_pqc_client_4_summary.txt
-rw-r--r-- 1 root     root         225 may 16 18:42 hybrid_p3_aggressive_c6_005_pqc_client_5_client_err.txt
-rw-r--r-- 1 root     root        2587 may 16 18:42 hybrid_p3_aggressive_c6_005_pqc_client_5_client.txt
-rw-r--r-- 1 root     root          39 may 16 18:42 hybrid_p3_aggressive_c6_005_pqc_client_5_summary.txt
-rw-r--r-- 1 root     root         225 may 16 18:42 hybrid_p3_aggressive_c6_005_pqc_client_6_client_err.txt
-rw-r--r-- 1 root     root        2587 may 16 18:42 hybrid_p3_aggressive_c6_005_pqc_client_6_client.txt
-rw-r--r-- 1 root     root          39 may 16 18:42 hybrid_p3_aggressive_c6_005_pqc_client_6_summary.txt
-rw-r--r-- 1 root     root         225 may 16 18:42 hybrid_p3_aggressive_c6_005_pqc_client_client_err.txt
-rw-r--r-- 1 root     root        2587 may 16 18:42 hybrid_p3_aggressive_c6_005_pqc_client_client.txt
-rw-r--r-- 1 root     root          37 may 16 18:42 hybrid_p3_aggressive_c6_005_pqc_client_summary.txt
=== resumen por cliente ===
[*] Perfil poisson_jitter: llegadas no sincronizadas con Poisson+jitter
[*] pqc_client <= plan: 1:0.004556
[*] pqc_client_2 <= plan: 2:0.004556
[*] pqc_client_3 <= plan: 3:0.004556
[*] pqc_client_4 <= plan: 4:0.004556
[*] pqc_client_5 <= plan: 5:0.004556
[*] pqc_client_6 <= plan: 6:0.004556
client=pqc_client total=1 ok=1 err=0
client=pqc_client_2 total=1 ok=1 err=0
client=pqc_client_3 total=1 ok=1 err=0
client=pqc_client_4 total=1 ok=1 err=0
client=pqc_client_5 total=1 ok=1 err=0
client=pqc_client_6 total=1 ok=1 err=0
[*] Resumen guardado en: results/hybrid_p3_aggressive_c6_005_resource_summary.txt
RUN_ID: hybrid_p3_aggressive_c6_005
CSV: results/hybrid_p3_aggressive_c6_005_docker_stats.csv

=== Resumen CPU% y MEM% (avg / max) por contenedor ===
pqc_client_2 -> CPU avg=0.00%, CPU max=0.00%, MEM avg=0.02%, MEM max=0.02%
pqc_client_3 -> CPU avg=0.00%, CPU max=0.00%, MEM avg=0.03%, MEM max=0.03%
pqc_monitor -> CPU avg=0.12%, CPU max=0.23%, MEM avg=0.10%, MEM max=0.10%
pqc_client_4 -> CPU avg=0.00%, CPU max=0.00%, MEM avg=0.02%, MEM max=0.02%
pqc_client_5 -> CPU avg=0.42%, CPU max=1.27%, MEM avg=0.02%, MEM max=0.02%
pqc_server -> CPU avg=0.17%, CPU max=0.51%, MEM avg=0.11%, MEM max=0.11%
pqc_client_6 -> CPU avg=0.53%, CPU max=1.59%, MEM avg=0.08%, MEM max=0.08%
pqc_client -> CPU avg=0.00%, CPU max=0.00%, MEM avg=0.05%, MEM max=0.05%
[2026-05-16 18:42:36] [*] Parando captura en pqc_monitor para hybrid_p3_aggressive_c6_005
[*] Métricas TXT guardadas en results/hybrid_p3_aggressive_c6_005_metrics.txt
[*] Métricas CSV guardadas en results/hybrid_p3_aggressive_c6_005_metrics.csv
[2026-05-16 18:42:59] === RUN END: hybrid_p3_aggressive_c6_005 ===

[2026-05-16 18:42:59] === RUN START: hybrid_p3_soft_c6_001 ===
[2026-05-16 18:42:59] [*] Arrancando captura en pqc_monitor (eth0) para hybrid_p3_soft_c6_001
[*] Guardando muestras en: results/hybrid_p3_soft_c6_001_docker_stats.csv
[*] Ejecutando comando medido: bash -lc ./scripts/run_client_once_rafaga_hibrido.sh hybrid_p3_soft_c6_001 6; sleep 3
[*] Ráfaga híbrida completada: 6 conexiones en 6 clientes (poisson_jitter)
=== host results ===
-rw-rw-r-- 1 cristian cristian    1350 may 16 18:43 hybrid_p3_soft_c6_001_client_err.txt
-rw-rw-r-- 1 cristian cristian     524 may 16 18:43 hybrid_p3_soft_c6_001_client.txt
-rw-rw-r-- 1 cristian cristian      69 may 16 18:43 hybrid_p3_soft_c6_001_docker_stats.csv
-rw-r--r-- 1 root     root         225 may 16 18:43 hybrid_p3_soft_c6_001_pqc_client_2_client_err.txt
-rw-r--r-- 1 root     root        2587 may 16 18:43 hybrid_p3_soft_c6_001_pqc_client_2_client.txt
-rw-r--r-- 1 root     root          39 may 16 18:43 hybrid_p3_soft_c6_001_pqc_client_2_summary.txt
-rw-r--r-- 1 root     root         225 may 16 18:43 hybrid_p3_soft_c6_001_pqc_client_3_client_err.txt
-rw-r--r-- 1 root     root        2587 may 16 18:43 hybrid_p3_soft_c6_001_pqc_client_3_client.txt
-rw-r--r-- 1 root     root          39 may 16 18:43 hybrid_p3_soft_c6_001_pqc_client_3_summary.txt
-rw-r--r-- 1 root     root         225 may 16 18:43 hybrid_p3_soft_c6_001_pqc_client_4_client_err.txt
-rw-r--r-- 1 root     root        2587 may 16 18:43 hybrid_p3_soft_c6_001_pqc_client_4_client.txt
-rw-r--r-- 1 root     root          39 may 16 18:43 hybrid_p3_soft_c6_001_pqc_client_4_summary.txt
-rw-r--r-- 1 root     root         225 may 16 18:43 hybrid_p3_soft_c6_001_pqc_client_5_client_err.txt
-rw-r--r-- 1 root     root        2587 may 16 18:43 hybrid_p3_soft_c6_001_pqc_client_5_client.txt
-rw-r--r-- 1 root     root          39 may 16 18:43 hybrid_p3_soft_c6_001_pqc_client_5_summary.txt
-rw-r--r-- 1 root     root         225 may 16 18:43 hybrid_p3_soft_c6_001_pqc_client_6_client_err.txt
-rw-r--r-- 1 root     root        2587 may 16 18:43 hybrid_p3_soft_c6_001_pqc_client_6_client.txt
-rw-r--r-- 1 root     root          39 may 16 18:43 hybrid_p3_soft_c6_001_pqc_client_6_summary.txt
-rw-r--r-- 1 root     root         225 may 16 18:43 hybrid_p3_soft_c6_001_pqc_client_client_err.txt
-rw-r--r-- 1 root     root        2587 may 16 18:43 hybrid_p3_soft_c6_001_pqc_client_client.txt
-rw-r--r-- 1 root     root          37 may 16 18:43 hybrid_p3_soft_c6_001_pqc_client_summary.txt
=== resumen por cliente ===
[*] Perfil poisson_jitter: llegadas no sincronizadas con Poisson+jitter
[*] pqc_client <= plan: 1:0.228744
[*] pqc_client_2 <= plan: 2:0.228744
[*] pqc_client_3 <= plan: 3:0.228744
[*] pqc_client_4 <= plan: 4:0.228744
[*] pqc_client_5 <= plan: 5:0.228744
[*] pqc_client_6 <= plan: 6:0.228744
client=pqc_client total=1 ok=1 err=0
client=pqc_client_2 total=1 ok=1 err=0
client=pqc_client_3 total=1 ok=1 err=0
client=pqc_client_4 total=1 ok=1 err=0
client=pqc_client_5 total=1 ok=1 err=0
client=pqc_client_6 total=1 ok=1 err=0
[*] Resumen guardado en: results/hybrid_p3_soft_c6_001_resource_summary.txt
RUN_ID: hybrid_p3_soft_c6_001
CSV: results/hybrid_p3_soft_c6_001_docker_stats.csv

=== Resumen CPU% y MEM% (avg / max) por contenedor ===
pqc_client_2 -> CPU avg=0.36%, CPU max=1.07%, MEM avg=0.02%, MEM max=0.02%
pqc_client_3 -> CPU avg=0.55%, CPU max=1.66%, MEM avg=0.03%, MEM max=0.03%
pqc_monitor -> CPU avg=0.06%, CPU max=0.07%, MEM avg=0.10%, MEM max=0.10%
pqc_client_4 -> CPU avg=0.48%, CPU max=1.43%, MEM avg=0.02%, MEM max=0.02%
pqc_client_5 -> CPU avg=0.43%, CPU max=1.30%, MEM avg=0.02%, MEM max=0.02%
pqc_server -> CPU avg=0.26%, CPU max=0.78%, MEM avg=0.11%, MEM max=0.11%
pqc_client_6 -> CPU avg=0.54%, CPU max=1.61%, MEM avg=0.08%, MEM max=0.08%
pqc_client -> CPU avg=0.00%, CPU max=0.00%, MEM avg=0.05%, MEM max=0.05%
[2026-05-16 18:43:12] [*] Parando captura en pqc_monitor para hybrid_p3_soft_c6_001
[*] Métricas TXT guardadas en results/hybrid_p3_soft_c6_001_metrics.txt
[*] Métricas CSV guardadas en results/hybrid_p3_soft_c6_001_metrics.csv
[2026-05-16 18:43:35] === RUN END: hybrid_p3_soft_c6_001 ===

[2026-05-16 18:43:35] === RUN START: hybrid_p3_soft_c6_002 ===
[2026-05-16 18:43:35] [*] Arrancando captura en pqc_monitor (eth0) para hybrid_p3_soft_c6_002
[*] Guardando muestras en: results/hybrid_p3_soft_c6_002_docker_stats.csv
[*] Ejecutando comando medido: bash -lc ./scripts/run_client_once_rafaga_hibrido.sh hybrid_p3_soft_c6_002 6; sleep 3
[*] Ráfaga híbrida completada: 6 conexiones en 6 clientes (poisson_jitter)
=== host results ===
-rw-rw-r-- 1 cristian cristian    1350 may 16 18:43 hybrid_p3_soft_c6_002_client_err.txt
-rw-rw-r-- 1 cristian cristian     524 may 16 18:43 hybrid_p3_soft_c6_002_client.txt
-rw-rw-r-- 1 cristian cristian      69 may 16 18:43 hybrid_p3_soft_c6_002_docker_stats.csv
-rw-r--r-- 1 root     root         225 may 16 18:43 hybrid_p3_soft_c6_002_pqc_client_2_client_err.txt
-rw-r--r-- 1 root     root        2587 may 16 18:43 hybrid_p3_soft_c6_002_pqc_client_2_client.txt
-rw-r--r-- 1 root     root          39 may 16 18:43 hybrid_p3_soft_c6_002_pqc_client_2_summary.txt
-rw-r--r-- 1 root     root         225 may 16 18:43 hybrid_p3_soft_c6_002_pqc_client_3_client_err.txt
-rw-r--r-- 1 root     root        2587 may 16 18:43 hybrid_p3_soft_c6_002_pqc_client_3_client.txt
-rw-r--r-- 1 root     root          39 may 16 18:43 hybrid_p3_soft_c6_002_pqc_client_3_summary.txt
-rw-r--r-- 1 root     root         225 may 16 18:43 hybrid_p3_soft_c6_002_pqc_client_4_client_err.txt
-rw-r--r-- 1 root     root        2587 may 16 18:43 hybrid_p3_soft_c6_002_pqc_client_4_client.txt
-rw-r--r-- 1 root     root          39 may 16 18:43 hybrid_p3_soft_c6_002_pqc_client_4_summary.txt
-rw-r--r-- 1 root     root         225 may 16 18:43 hybrid_p3_soft_c6_002_pqc_client_5_client_err.txt
-rw-r--r-- 1 root     root        2587 may 16 18:43 hybrid_p3_soft_c6_002_pqc_client_5_client.txt
-rw-r--r-- 1 root     root          39 may 16 18:43 hybrid_p3_soft_c6_002_pqc_client_5_summary.txt
-rw-r--r-- 1 root     root         225 may 16 18:43 hybrid_p3_soft_c6_002_pqc_client_6_client_err.txt
-rw-r--r-- 1 root     root        2587 may 16 18:43 hybrid_p3_soft_c6_002_pqc_client_6_client.txt
-rw-r--r-- 1 root     root          39 may 16 18:43 hybrid_p3_soft_c6_002_pqc_client_6_summary.txt
-rw-r--r-- 1 root     root         225 may 16 18:43 hybrid_p3_soft_c6_002_pqc_client_client_err.txt
-rw-r--r-- 1 root     root        2587 may 16 18:43 hybrid_p3_soft_c6_002_pqc_client_client.txt
-rw-r--r-- 1 root     root          37 may 16 18:43 hybrid_p3_soft_c6_002_pqc_client_summary.txt
=== resumen por cliente ===
[*] Perfil poisson_jitter: llegadas no sincronizadas con Poisson+jitter
[*] pqc_client <= plan: 1:0.090506
[*] pqc_client_2 <= plan: 2:0.090506
[*] pqc_client_3 <= plan: 3:0.090506
[*] pqc_client_4 <= plan: 4:0.090506
[*] pqc_client_5 <= plan: 5:0.090506
[*] pqc_client_6 <= plan: 6:0.090506
client=pqc_client total=1 ok=1 err=0
client=pqc_client_2 total=1 ok=1 err=0
client=pqc_client_3 total=1 ok=1 err=0
client=pqc_client_4 total=1 ok=1 err=0
client=pqc_client_5 total=1 ok=1 err=0
client=pqc_client_6 total=1 ok=1 err=0
[*] Resumen guardado en: results/hybrid_p3_soft_c6_002_resource_summary.txt
RUN_ID: hybrid_p3_soft_c6_002
CSV: results/hybrid_p3_soft_c6_002_docker_stats.csv

=== Resumen CPU% y MEM% (avg / max) por contenedor ===
pqc_client_2 -> CPU avg=0.00%, CPU max=0.00%, MEM avg=0.02%, MEM max=0.02%
pqc_client_3 -> CPU avg=0.00%, CPU max=0.00%, MEM avg=0.03%, MEM max=0.03%
pqc_monitor -> CPU avg=0.12%, CPU max=0.19%, MEM avg=0.10%, MEM max=0.10%
pqc_client_4 -> CPU avg=0.37%, CPU max=1.10%, MEM avg=0.02%, MEM max=0.02%
pqc_client_5 -> CPU avg=0.44%, CPU max=1.33%, MEM avg=0.02%, MEM max=0.02%
pqc_server -> CPU avg=0.21%, CPU max=0.63%, MEM avg=0.11%, MEM max=0.11%
pqc_client_6 -> CPU avg=0.51%, CPU max=1.53%, MEM avg=0.08%, MEM max=0.08%
pqc_client -> CPU avg=0.00%, CPU max=0.00%, MEM avg=0.05%, MEM max=0.05%
[2026-05-16 18:43:48] [*] Parando captura en pqc_monitor para hybrid_p3_soft_c6_002
[*] Métricas TXT guardadas en results/hybrid_p3_soft_c6_002_metrics.txt
[*] Métricas CSV guardadas en results/hybrid_p3_soft_c6_002_metrics.csv
[2026-05-16 18:44:12] === RUN END: hybrid_p3_soft_c6_002 ===

[2026-05-16 18:44:12] === RUN START: hybrid_p3_soft_c6_003 ===
[2026-05-16 18:44:12] [*] Arrancando captura en pqc_monitor (eth0) para hybrid_p3_soft_c6_003
[*] Guardando muestras en: results/hybrid_p3_soft_c6_003_docker_stats.csv
[*] Ejecutando comando medido: bash -lc ./scripts/run_client_once_rafaga_hibrido.sh hybrid_p3_soft_c6_003 6; sleep 3
[*] Ráfaga híbrida completada: 6 conexiones en 6 clientes (poisson_jitter)
=== host results ===
-rw-rw-r-- 1 cristian cristian    1350 may 16 18:44 hybrid_p3_soft_c6_003_client_err.txt
-rw-rw-r-- 1 cristian cristian     524 may 16 18:44 hybrid_p3_soft_c6_003_client.txt
-rw-rw-r-- 1 cristian cristian      69 may 16 18:44 hybrid_p3_soft_c6_003_docker_stats.csv
-rw-r--r-- 1 root     root         225 may 16 18:44 hybrid_p3_soft_c6_003_pqc_client_2_client_err.txt
-rw-r--r-- 1 root     root        2587 may 16 18:44 hybrid_p3_soft_c6_003_pqc_client_2_client.txt
-rw-r--r-- 1 root     root          39 may 16 18:44 hybrid_p3_soft_c6_003_pqc_client_2_summary.txt
-rw-r--r-- 1 root     root         225 may 16 18:44 hybrid_p3_soft_c6_003_pqc_client_3_client_err.txt
-rw-r--r-- 1 root     root        2587 may 16 18:44 hybrid_p3_soft_c6_003_pqc_client_3_client.txt
-rw-r--r-- 1 root     root          39 may 16 18:44 hybrid_p3_soft_c6_003_pqc_client_3_summary.txt
-rw-r--r-- 1 root     root         225 may 16 18:44 hybrid_p3_soft_c6_003_pqc_client_4_client_err.txt
-rw-r--r-- 1 root     root        2587 may 16 18:44 hybrid_p3_soft_c6_003_pqc_client_4_client.txt
-rw-r--r-- 1 root     root          39 may 16 18:44 hybrid_p3_soft_c6_003_pqc_client_4_summary.txt
-rw-r--r-- 1 root     root         225 may 16 18:44 hybrid_p3_soft_c6_003_pqc_client_5_client_err.txt
-rw-r--r-- 1 root     root        2587 may 16 18:44 hybrid_p3_soft_c6_003_pqc_client_5_client.txt
-rw-r--r-- 1 root     root          39 may 16 18:44 hybrid_p3_soft_c6_003_pqc_client_5_summary.txt
-rw-r--r-- 1 root     root         225 may 16 18:44 hybrid_p3_soft_c6_003_pqc_client_6_client_err.txt
-rw-r--r-- 1 root     root        2587 may 16 18:44 hybrid_p3_soft_c6_003_pqc_client_6_client.txt
-rw-r--r-- 1 root     root          39 may 16 18:44 hybrid_p3_soft_c6_003_pqc_client_6_summary.txt
-rw-r--r-- 1 root     root         225 may 16 18:44 hybrid_p3_soft_c6_003_pqc_client_client_err.txt
-rw-r--r-- 1 root     root        2587 may 16 18:44 hybrid_p3_soft_c6_003_pqc_client_client.txt
-rw-r--r-- 1 root     root          37 may 16 18:44 hybrid_p3_soft_c6_003_pqc_client_summary.txt
=== resumen por cliente ===
[*] Perfil poisson_jitter: llegadas no sincronizadas con Poisson+jitter
[*] pqc_client <= plan: 1:0.166556
[*] pqc_client_2 <= plan: 2:0.166556
[*] pqc_client_3 <= plan: 3:0.166556
[*] pqc_client_4 <= plan: 4:0.166556
[*] pqc_client_5 <= plan: 5:0.166556
[*] pqc_client_6 <= plan: 6:0.166556
client=pqc_client total=1 ok=1 err=0
client=pqc_client_2 total=1 ok=1 err=0
client=pqc_client_3 total=1 ok=1 err=0
client=pqc_client_4 total=1 ok=1 err=0
client=pqc_client_5 total=1 ok=1 err=0
client=pqc_client_6 total=1 ok=1 err=0
[*] Resumen guardado en: results/hybrid_p3_soft_c6_003_resource_summary.txt
RUN_ID: hybrid_p3_soft_c6_003
CSV: results/hybrid_p3_soft_c6_003_docker_stats.csv

=== Resumen CPU% y MEM% (avg / max) por contenedor ===
pqc_client_2 -> CPU avg=0.03%, CPU max=0.08%, MEM avg=0.02%, MEM max=0.02%
pqc_client_3 -> CPU avg=0.50%, CPU max=1.50%, MEM avg=0.03%, MEM max=0.03%
pqc_monitor -> CPU avg=0.11%, CPU max=0.14%, MEM avg=0.10%, MEM max=0.10%
pqc_client_4 -> CPU avg=0.48%, CPU max=1.43%, MEM avg=0.02%, MEM max=0.02%
pqc_client_5 -> CPU avg=0.54%, CPU max=1.61%, MEM avg=0.02%, MEM max=0.02%
pqc_server -> CPU avg=0.30%, CPU max=0.91%, MEM avg=0.11%, MEM max=0.11%
pqc_client_6 -> CPU avg=0.46%, CPU max=1.39%, MEM avg=0.08%, MEM max=0.08%
pqc_client -> CPU avg=0.00%, CPU max=0.00%, MEM avg=0.05%, MEM max=0.05%
[2026-05-16 18:44:25] [*] Parando captura en pqc_monitor para hybrid_p3_soft_c6_003
[*] Métricas TXT guardadas en results/hybrid_p3_soft_c6_003_metrics.txt
[*] Métricas CSV guardadas en results/hybrid_p3_soft_c6_003_metrics.csv
[2026-05-16 18:44:49] === RUN END: hybrid_p3_soft_c6_003 ===

[2026-05-16 18:44:49] === RUN START: hybrid_p3_soft_c6_004 ===
[2026-05-16 18:44:49] [*] Arrancando captura en pqc_monitor (eth0) para hybrid_p3_soft_c6_004
[*] Guardando muestras en: results/hybrid_p3_soft_c6_004_docker_stats.csv
[*] Ejecutando comando medido: bash -lc ./scripts/run_client_once_rafaga_hibrido.sh hybrid_p3_soft_c6_004 6; sleep 3
[*] Ráfaga híbrida completada: 6 conexiones en 6 clientes (poisson_jitter)
=== host results ===
-rw-rw-r-- 1 cristian cristian    1350 may 16 18:44 hybrid_p3_soft_c6_004_client_err.txt
-rw-rw-r-- 1 cristian cristian     524 may 16 18:44 hybrid_p3_soft_c6_004_client.txt
-rw-rw-r-- 1 cristian cristian     165 may 16 18:44 hybrid_p3_soft_c6_004_docker_stats.csv
-rw-r--r-- 1 root     root         225 may 16 18:44 hybrid_p3_soft_c6_004_pqc_client_2_client_err.txt
-rw-r--r-- 1 root     root        2587 may 16 18:44 hybrid_p3_soft_c6_004_pqc_client_2_client.txt
-rw-r--r-- 1 root     root          39 may 16 18:44 hybrid_p3_soft_c6_004_pqc_client_2_summary.txt
-rw-r--r-- 1 root     root         225 may 16 18:44 hybrid_p3_soft_c6_004_pqc_client_3_client_err.txt
-rw-r--r-- 1 root     root        2587 may 16 18:44 hybrid_p3_soft_c6_004_pqc_client_3_client.txt
-rw-r--r-- 1 root     root          39 may 16 18:44 hybrid_p3_soft_c6_004_pqc_client_3_summary.txt
-rw-r--r-- 1 root     root         225 may 16 18:44 hybrid_p3_soft_c6_004_pqc_client_4_client_err.txt
-rw-r--r-- 1 root     root        2587 may 16 18:44 hybrid_p3_soft_c6_004_pqc_client_4_client.txt
-rw-r--r-- 1 root     root          39 may 16 18:44 hybrid_p3_soft_c6_004_pqc_client_4_summary.txt
-rw-r--r-- 1 root     root         225 may 16 18:44 hybrid_p3_soft_c6_004_pqc_client_5_client_err.txt
-rw-r--r-- 1 root     root        2587 may 16 18:44 hybrid_p3_soft_c6_004_pqc_client_5_client.txt
-rw-r--r-- 1 root     root          39 may 16 18:44 hybrid_p3_soft_c6_004_pqc_client_5_summary.txt
-rw-r--r-- 1 root     root         225 may 16 18:44 hybrid_p3_soft_c6_004_pqc_client_6_client_err.txt
-rw-r--r-- 1 root     root        2587 may 16 18:44 hybrid_p3_soft_c6_004_pqc_client_6_client.txt
-rw-r--r-- 1 root     root          39 may 16 18:44 hybrid_p3_soft_c6_004_pqc_client_6_summary.txt
-rw-r--r-- 1 root     root         225 may 16 18:44 hybrid_p3_soft_c6_004_pqc_client_client_err.txt
-rw-r--r-- 1 root     root        2587 may 16 18:44 hybrid_p3_soft_c6_004_pqc_client_client.txt
-rw-r--r-- 1 root     root          37 may 16 18:44 hybrid_p3_soft_c6_004_pqc_client_summary.txt
=== resumen por cliente ===
[*] Perfil poisson_jitter: llegadas no sincronizadas con Poisson+jitter
[*] pqc_client <= plan: 1:0.181729
[*] pqc_client_2 <= plan: 2:0.181729
[*] pqc_client_3 <= plan: 3:0.181729
[*] pqc_client_4 <= plan: 4:0.181729
[*] pqc_client_5 <= plan: 5:0.181729
[*] pqc_client_6 <= plan: 6:0.181729
client=pqc_client total=1 ok=1 err=0
client=pqc_client_2 total=1 ok=1 err=0
client=pqc_client_3 total=1 ok=1 err=0
client=pqc_client_4 total=1 ok=1 err=0
client=pqc_client_5 total=1 ok=1 err=0
client=pqc_client_6 total=1 ok=1 err=0
[*] Resumen guardado en: results/hybrid_p3_soft_c6_004_resource_summary.txt
RUN_ID: hybrid_p3_soft_c6_004
CSV: results/hybrid_p3_soft_c6_004_docker_stats.csv

=== Resumen CPU% y MEM% (avg / max) por contenedor ===
pqc_client_2 -> CPU avg=0.00%, CPU max=0.00%, MEM avg=0.02%, MEM max=0.02%
pqc_client_3 -> CPU avg=0.44%, CPU max=1.31%, MEM avg=0.03%, MEM max=0.03%
pqc_monitor -> CPU avg=0.10%, CPU max=0.14%, MEM avg=0.10%, MEM max=0.10%
pqc_client_4 -> CPU avg=0.72%, CPU max=2.16%, MEM avg=0.02%, MEM max=0.02%
pqc_client_5 -> CPU avg=0.71%, CPU max=2.13%, MEM avg=0.02%, MEM max=0.02%
pqc_server -> CPU avg=0.29%, CPU max=0.86%, MEM avg=0.11%, MEM max=0.11%
pqc_client_6 -> CPU avg=0.20%, CPU max=0.60%, MEM avg=0.09%, MEM max=0.10%
pqc_client -> CPU avg=0.00%, CPU max=0.00%, MEM avg=0.05%, MEM max=0.05%
[2026-05-16 18:45:01] [*] Parando captura en pqc_monitor para hybrid_p3_soft_c6_004
[*] Métricas TXT guardadas en results/hybrid_p3_soft_c6_004_metrics.txt
[*] Métricas CSV guardadas en results/hybrid_p3_soft_c6_004_metrics.csv
[2026-05-16 18:45:24] === RUN END: hybrid_p3_soft_c6_004 ===

[2026-05-16 18:45:24] === RUN START: hybrid_p3_soft_c6_005 ===
[2026-05-16 18:45:24] [*] Arrancando captura en pqc_monitor (eth0) para hybrid_p3_soft_c6_005
[*] Guardando muestras en: results/hybrid_p3_soft_c6_005_docker_stats.csv
[*] Ejecutando comando medido: bash -lc ./scripts/run_client_once_rafaga_hibrido.sh hybrid_p3_soft_c6_005 6; sleep 3
[*] Ráfaga híbrida completada: 6 conexiones en 6 clientes (poisson_jitter)
=== host results ===
-rw-rw-r-- 1 cristian cristian    1350 may 16 18:45 hybrid_p3_soft_c6_005_client_err.txt
-rw-rw-r-- 1 cristian cristian     524 may 16 18:45 hybrid_p3_soft_c6_005_client.txt
-rw-rw-r-- 1 cristian cristian      69 may 16 18:45 hybrid_p3_soft_c6_005_docker_stats.csv
-rw-r--r-- 1 root     root         225 may 16 18:45 hybrid_p3_soft_c6_005_pqc_client_2_client_err.txt
-rw-r--r-- 1 root     root        2587 may 16 18:45 hybrid_p3_soft_c6_005_pqc_client_2_client.txt
-rw-r--r-- 1 root     root          39 may 16 18:45 hybrid_p3_soft_c6_005_pqc_client_2_summary.txt
-rw-r--r-- 1 root     root         225 may 16 18:45 hybrid_p3_soft_c6_005_pqc_client_3_client_err.txt
-rw-r--r-- 1 root     root        2587 may 16 18:45 hybrid_p3_soft_c6_005_pqc_client_3_client.txt
-rw-r--r-- 1 root     root          39 may 16 18:45 hybrid_p3_soft_c6_005_pqc_client_3_summary.txt
-rw-r--r-- 1 root     root         225 may 16 18:45 hybrid_p3_soft_c6_005_pqc_client_4_client_err.txt
-rw-r--r-- 1 root     root        2587 may 16 18:45 hybrid_p3_soft_c6_005_pqc_client_4_client.txt
-rw-r--r-- 1 root     root          39 may 16 18:45 hybrid_p3_soft_c6_005_pqc_client_4_summary.txt
-rw-r--r-- 1 root     root         225 may 16 18:45 hybrid_p3_soft_c6_005_pqc_client_5_client_err.txt
-rw-r--r-- 1 root     root        2587 may 16 18:45 hybrid_p3_soft_c6_005_pqc_client_5_client.txt
-rw-r--r-- 1 root     root          39 may 16 18:45 hybrid_p3_soft_c6_005_pqc_client_5_summary.txt
-rw-r--r-- 1 root     root         225 may 16 18:45 hybrid_p3_soft_c6_005_pqc_client_6_client_err.txt
-rw-r--r-- 1 root     root        2587 may 16 18:45 hybrid_p3_soft_c6_005_pqc_client_6_client.txt
-rw-r--r-- 1 root     root          39 may 16 18:45 hybrid_p3_soft_c6_005_pqc_client_6_summary.txt
-rw-r--r-- 1 root     root         225 may 16 18:45 hybrid_p3_soft_c6_005_pqc_client_client_err.txt
-rw-r--r-- 1 root     root        2587 may 16 18:45 hybrid_p3_soft_c6_005_pqc_client_client.txt
-rw-r--r-- 1 root     root          37 may 16 18:45 hybrid_p3_soft_c6_005_pqc_client_summary.txt
=== resumen por cliente ===
[*] Perfil poisson_jitter: llegadas no sincronizadas con Poisson+jitter
[*] pqc_client <= plan: 1:0.053433
[*] pqc_client_2 <= plan: 2:0.053433
[*] pqc_client_3 <= plan: 3:0.053433
[*] pqc_client_4 <= plan: 4:0.053433
[*] pqc_client_5 <= plan: 5:0.053433
[*] pqc_client_6 <= plan: 6:0.053433
client=pqc_client total=1 ok=1 err=0
client=pqc_client_2 total=1 ok=1 err=0
client=pqc_client_3 total=1 ok=1 err=0
client=pqc_client_4 total=1 ok=1 err=0
client=pqc_client_5 total=1 ok=1 err=0
client=pqc_client_6 total=1 ok=1 err=0
[*] Resumen guardado en: results/hybrid_p3_soft_c6_005_resource_summary.txt
RUN_ID: hybrid_p3_soft_c6_005
CSV: results/hybrid_p3_soft_c6_005_docker_stats.csv

=== Resumen CPU% y MEM% (avg / max) por contenedor ===
pqc_client_2 -> CPU avg=0.56%, CPU max=1.68%, MEM avg=0.02%, MEM max=0.02%
pqc_client_3 -> CPU avg=0.57%, CPU max=1.70%, MEM avg=0.03%, MEM max=0.03%
pqc_monitor -> CPU avg=0.10%, CPU max=0.18%, MEM avg=0.10%, MEM max=0.10%
pqc_client_4 -> CPU avg=0.59%, CPU max=1.76%, MEM avg=0.02%, MEM max=0.02%
pqc_client_5 -> CPU avg=0.54%, CPU max=1.63%, MEM avg=0.02%, MEM max=0.02%
pqc_server -> CPU avg=0.43%, CPU max=1.30%, MEM avg=0.11%, MEM max=0.11%
pqc_client_6 -> CPU avg=0.54%, CPU max=1.63%, MEM avg=0.08%, MEM max=0.08%
pqc_client -> CPU avg=0.00%, CPU max=0.00%, MEM avg=0.05%, MEM max=0.05%
[2026-05-16 18:45:37] [*] Parando captura en pqc_monitor para hybrid_p3_soft_c6_005
[*] Métricas TXT guardadas en results/hybrid_p3_soft_c6_005_metrics.txt
[*] Métricas CSV guardadas en results/hybrid_p3_soft_c6_005_metrics.csv
[2026-05-16 18:46:01] === RUN END: hybrid_p3_soft_c6_005 ===

[2026-05-16 18:46:01] === RUN START: hybrid_p3_stress_c6_001 ===
[2026-05-16 18:46:01] [*] Arrancando captura en pqc_monitor (eth0) para hybrid_p3_stress_c6_001
[*] Guardando muestras en: results/hybrid_p3_stress_c6_001_docker_stats.csv
[*] Ejecutando comando medido: bash -lc ./scripts/run_client_once_rafaga_hibrido.sh hybrid_p3_stress_c6_001 6; sleep 3
[*] Ráfaga híbrida completada: 6 conexiones en 6 clientes (stress)
=== host results ===
-rw-rw-r-- 1 cristian cristian    1350 may 16 18:46 hybrid_p3_stress_c6_001_client_err.txt
-rw-rw-r-- 1 cristian cristian     473 may 16 18:46 hybrid_p3_stress_c6_001_client.txt
-rw-rw-r-- 1 cristian cristian      69 may 16 18:46 hybrid_p3_stress_c6_001_docker_stats.csv
-rw-r--r-- 1 root     root         225 may 16 18:46 hybrid_p3_stress_c6_001_pqc_client_2_client_err.txt
-rw-r--r-- 1 root     root        2587 may 16 18:46 hybrid_p3_stress_c6_001_pqc_client_2_client.txt
-rw-r--r-- 1 root     root          39 may 16 18:46 hybrid_p3_stress_c6_001_pqc_client_2_summary.txt
-rw-r--r-- 1 root     root         225 may 16 18:46 hybrid_p3_stress_c6_001_pqc_client_3_client_err.txt
-rw-r--r-- 1 root     root        2587 may 16 18:46 hybrid_p3_stress_c6_001_pqc_client_3_client.txt
-rw-r--r-- 1 root     root          39 may 16 18:46 hybrid_p3_stress_c6_001_pqc_client_3_summary.txt
-rw-r--r-- 1 root     root         225 may 16 18:46 hybrid_p3_stress_c6_001_pqc_client_4_client_err.txt
-rw-r--r-- 1 root     root        2587 may 16 18:46 hybrid_p3_stress_c6_001_pqc_client_4_client.txt
-rw-r--r-- 1 root     root          39 may 16 18:46 hybrid_p3_stress_c6_001_pqc_client_4_summary.txt
-rw-r--r-- 1 root     root         225 may 16 18:46 hybrid_p3_stress_c6_001_pqc_client_5_client_err.txt
-rw-r--r-- 1 root     root        2587 may 16 18:46 hybrid_p3_stress_c6_001_pqc_client_5_client.txt
-rw-r--r-- 1 root     root          39 may 16 18:46 hybrid_p3_stress_c6_001_pqc_client_5_summary.txt
-rw-r--r-- 1 root     root         225 may 16 18:46 hybrid_p3_stress_c6_001_pqc_client_6_client_err.txt
-rw-r--r-- 1 root     root        2587 may 16 18:46 hybrid_p3_stress_c6_001_pqc_client_6_client.txt
-rw-r--r-- 1 root     root          39 may 16 18:46 hybrid_p3_stress_c6_001_pqc_client_6_summary.txt
-rw-r--r-- 1 root     root         225 may 16 18:46 hybrid_p3_stress_c6_001_pqc_client_client_err.txt
-rw-r--r-- 1 root     root        2587 may 16 18:46 hybrid_p3_stress_c6_001_pqc_client_client.txt
-rw-r--r-- 1 root     root          37 may 16 18:46 hybrid_p3_stress_c6_001_pqc_client_summary.txt
=== resumen por cliente ===
[*] Perfil stress: conexiones totalmente paralelas por cliente
[*] pqc_client <= plan: 1:0
[*] pqc_client_2 <= plan: 2:0
[*] pqc_client_3 <= plan: 3:0
[*] pqc_client_4 <= plan: 4:0
[*] pqc_client_5 <= plan: 5:0
[*] pqc_client_6 <= plan: 6:0
client=pqc_client total=1 ok=1 err=0
client=pqc_client_2 total=1 ok=1 err=0
client=pqc_client_3 total=1 ok=1 err=0
client=pqc_client_4 total=1 ok=1 err=0
client=pqc_client_5 total=1 ok=1 err=0
client=pqc_client_6 total=1 ok=1 err=0
[*] Resumen guardado en: results/hybrid_p3_stress_c6_001_resource_summary.txt
RUN_ID: hybrid_p3_stress_c6_001
CSV: results/hybrid_p3_stress_c6_001_docker_stats.csv

=== Resumen CPU% y MEM% (avg / max) por contenedor ===
pqc_client_2 -> CPU avg=0.00%, CPU max=0.00%, MEM avg=0.02%, MEM max=0.02%
pqc_client_3 -> CPU avg=0.00%, CPU max=0.00%, MEM avg=0.03%, MEM max=0.03%
pqc_monitor -> CPU avg=0.06%, CPU max=0.09%, MEM avg=0.10%, MEM max=0.10%
pqc_client_4 -> CPU avg=0.29%, CPU max=0.86%, MEM avg=0.02%, MEM max=0.02%
pqc_client_5 -> CPU avg=0.39%, CPU max=1.18%, MEM avg=0.02%, MEM max=0.02%
pqc_server -> CPU avg=0.21%, CPU max=0.62%, MEM avg=0.11%, MEM max=0.11%
pqc_client_6 -> CPU avg=0.54%, CPU max=1.62%, MEM avg=0.08%, MEM max=0.08%
pqc_client -> CPU avg=0.00%, CPU max=0.00%, MEM avg=0.05%, MEM max=0.05%
[2026-05-16 18:46:15] [*] Parando captura en pqc_monitor para hybrid_p3_stress_c6_001
[*] Métricas TXT guardadas en results/hybrid_p3_stress_c6_001_metrics.txt
[*] Métricas CSV guardadas en results/hybrid_p3_stress_c6_001_metrics.csv
[2026-05-16 18:46:39] === RUN END: hybrid_p3_stress_c6_001 ===

[2026-05-16 18:46:39] === RUN START: hybrid_p3_stress_c6_002 ===
[2026-05-16 18:46:39] [*] Arrancando captura en pqc_monitor (eth0) para hybrid_p3_stress_c6_002
[*] Guardando muestras en: results/hybrid_p3_stress_c6_002_docker_stats.csv
[*] Ejecutando comando medido: bash -lc ./scripts/run_client_once_rafaga_hibrido.sh hybrid_p3_stress_c6_002 6; sleep 3
[*] Ráfaga híbrida completada: 6 conexiones en 6 clientes (stress)
=== host results ===
-rw-rw-r-- 1 cristian cristian    1350 may 16 18:46 hybrid_p3_stress_c6_002_client_err.txt
-rw-rw-r-- 1 cristian cristian     473 may 16 18:46 hybrid_p3_stress_c6_002_client.txt
-rw-rw-r-- 1 cristian cristian      69 may 16 18:46 hybrid_p3_stress_c6_002_docker_stats.csv
-rw-r--r-- 1 root     root         225 may 16 18:46 hybrid_p3_stress_c6_002_pqc_client_2_client_err.txt
-rw-r--r-- 1 root     root        2587 may 16 18:46 hybrid_p3_stress_c6_002_pqc_client_2_client.txt
-rw-r--r-- 1 root     root          39 may 16 18:46 hybrid_p3_stress_c6_002_pqc_client_2_summary.txt
-rw-r--r-- 1 root     root         225 may 16 18:46 hybrid_p3_stress_c6_002_pqc_client_3_client_err.txt
-rw-r--r-- 1 root     root        2587 may 16 18:46 hybrid_p3_stress_c6_002_pqc_client_3_client.txt
-rw-r--r-- 1 root     root          39 may 16 18:46 hybrid_p3_stress_c6_002_pqc_client_3_summary.txt
-rw-r--r-- 1 root     root         225 may 16 18:46 hybrid_p3_stress_c6_002_pqc_client_4_client_err.txt
-rw-r--r-- 1 root     root        2587 may 16 18:46 hybrid_p3_stress_c6_002_pqc_client_4_client.txt
-rw-r--r-- 1 root     root          39 may 16 18:46 hybrid_p3_stress_c6_002_pqc_client_4_summary.txt
-rw-r--r-- 1 root     root         225 may 16 18:46 hybrid_p3_stress_c6_002_pqc_client_5_client_err.txt
-rw-r--r-- 1 root     root        2587 may 16 18:46 hybrid_p3_stress_c6_002_pqc_client_5_client.txt
-rw-r--r-- 1 root     root          39 may 16 18:46 hybrid_p3_stress_c6_002_pqc_client_5_summary.txt
-rw-r--r-- 1 root     root         225 may 16 18:46 hybrid_p3_stress_c6_002_pqc_client_6_client_err.txt
-rw-r--r-- 1 root     root        2587 may 16 18:46 hybrid_p3_stress_c6_002_pqc_client_6_client.txt
-rw-r--r-- 1 root     root          39 may 16 18:46 hybrid_p3_stress_c6_002_pqc_client_6_summary.txt
-rw-r--r-- 1 root     root         225 may 16 18:46 hybrid_p3_stress_c6_002_pqc_client_client_err.txt
-rw-r--r-- 1 root     root        2587 may 16 18:46 hybrid_p3_stress_c6_002_pqc_client_client.txt
-rw-r--r-- 1 root     root          37 may 16 18:46 hybrid_p3_stress_c6_002_pqc_client_summary.txt
=== resumen por cliente ===
[*] Perfil stress: conexiones totalmente paralelas por cliente
[*] pqc_client <= plan: 1:0
[*] pqc_client_2 <= plan: 2:0
[*] pqc_client_3 <= plan: 3:0
[*] pqc_client_4 <= plan: 4:0
[*] pqc_client_5 <= plan: 5:0
[*] pqc_client_6 <= plan: 6:0
client=pqc_client total=1 ok=1 err=0
client=pqc_client_2 total=1 ok=1 err=0
client=pqc_client_3 total=1 ok=1 err=0
client=pqc_client_4 total=1 ok=1 err=0
client=pqc_client_5 total=1 ok=1 err=0
client=pqc_client_6 total=1 ok=1 err=0
[*] Resumen guardado en: results/hybrid_p3_stress_c6_002_resource_summary.txt
RUN_ID: hybrid_p3_stress_c6_002
CSV: results/hybrid_p3_stress_c6_002_docker_stats.csv

=== Resumen CPU% y MEM% (avg / max) por contenedor ===
pqc_client_2 -> CPU avg=0.00%, CPU max=0.00%, MEM avg=0.02%, MEM max=0.02%
pqc_client_3 -> CPU avg=0.00%, CPU max=0.00%, MEM avg=0.03%, MEM max=0.03%
pqc_monitor -> CPU avg=0.07%, CPU max=0.11%, MEM avg=0.10%, MEM max=0.10%
pqc_client_4 -> CPU avg=0.58%, CPU max=1.74%, MEM avg=0.02%, MEM max=0.02%
pqc_client_5 -> CPU avg=0.39%, CPU max=1.17%, MEM avg=0.02%, MEM max=0.02%
pqc_server -> CPU avg=0.11%, CPU max=0.33%, MEM avg=0.11%, MEM max=0.11%
pqc_client_6 -> CPU avg=0.47%, CPU max=1.42%, MEM avg=0.08%, MEM max=0.08%
pqc_client -> CPU avg=0.00%, CPU max=0.00%, MEM avg=0.05%, MEM max=0.05%
[2026-05-16 18:46:52] [*] Parando captura en pqc_monitor para hybrid_p3_stress_c6_002
[*] Métricas TXT guardadas en results/hybrid_p3_stress_c6_002_metrics.txt
[*] Métricas CSV guardadas en results/hybrid_p3_stress_c6_002_metrics.csv
[2026-05-16 18:47:16] === RUN END: hybrid_p3_stress_c6_002 ===

[2026-05-16 18:47:16] === RUN START: hybrid_p3_stress_c6_003 ===
[2026-05-16 18:47:16] [*] Arrancando captura en pqc_monitor (eth0) para hybrid_p3_stress_c6_003
[*] Guardando muestras en: results/hybrid_p3_stress_c6_003_docker_stats.csv
[*] Ejecutando comando medido: bash -lc ./scripts/run_client_once_rafaga_hibrido.sh hybrid_p3_stress_c6_003 6; sleep 3
[*] Ráfaga híbrida completada: 6 conexiones en 6 clientes (stress)
=== host results ===
-rw-rw-r-- 1 cristian cristian    1350 may 16 18:47 hybrid_p3_stress_c6_003_client_err.txt
-rw-rw-r-- 1 cristian cristian     473 may 16 18:47 hybrid_p3_stress_c6_003_client.txt
-rw-rw-r-- 1 cristian cristian     165 may 16 18:47 hybrid_p3_stress_c6_003_docker_stats.csv
-rw-r--r-- 1 root     root         225 may 16 18:47 hybrid_p3_stress_c6_003_pqc_client_2_client_err.txt
-rw-r--r-- 1 root     root        2587 may 16 18:47 hybrid_p3_stress_c6_003_pqc_client_2_client.txt
-rw-r--r-- 1 root     root          39 may 16 18:47 hybrid_p3_stress_c6_003_pqc_client_2_summary.txt
-rw-r--r-- 1 root     root         225 may 16 18:47 hybrid_p3_stress_c6_003_pqc_client_3_client_err.txt
-rw-r--r-- 1 root     root        2587 may 16 18:47 hybrid_p3_stress_c6_003_pqc_client_3_client.txt
-rw-r--r-- 1 root     root          39 may 16 18:47 hybrid_p3_stress_c6_003_pqc_client_3_summary.txt
-rw-r--r-- 1 root     root         225 may 16 18:47 hybrid_p3_stress_c6_003_pqc_client_4_client_err.txt
-rw-r--r-- 1 root     root        2587 may 16 18:47 hybrid_p3_stress_c6_003_pqc_client_4_client.txt
-rw-r--r-- 1 root     root          39 may 16 18:47 hybrid_p3_stress_c6_003_pqc_client_4_summary.txt
-rw-r--r-- 1 root     root         225 may 16 18:47 hybrid_p3_stress_c6_003_pqc_client_5_client_err.txt
-rw-r--r-- 1 root     root        2587 may 16 18:47 hybrid_p3_stress_c6_003_pqc_client_5_client.txt
-rw-r--r-- 1 root     root          39 may 16 18:47 hybrid_p3_stress_c6_003_pqc_client_5_summary.txt
-rw-r--r-- 1 root     root         225 may 16 18:47 hybrid_p3_stress_c6_003_pqc_client_6_client_err.txt
-rw-r--r-- 1 root     root        2587 may 16 18:47 hybrid_p3_stress_c6_003_pqc_client_6_client.txt
-rw-r--r-- 1 root     root          39 may 16 18:47 hybrid_p3_stress_c6_003_pqc_client_6_summary.txt
-rw-r--r-- 1 root     root         225 may 16 18:47 hybrid_p3_stress_c6_003_pqc_client_client_err.txt
-rw-r--r-- 1 root     root        2587 may 16 18:47 hybrid_p3_stress_c6_003_pqc_client_client.txt
-rw-r--r-- 1 root     root          37 may 16 18:47 hybrid_p3_stress_c6_003_pqc_client_summary.txt
=== resumen por cliente ===
[*] Perfil stress: conexiones totalmente paralelas por cliente
[*] pqc_client <= plan: 1:0
[*] pqc_client_2 <= plan: 2:0
[*] pqc_client_3 <= plan: 3:0
[*] pqc_client_4 <= plan: 4:0
[*] pqc_client_5 <= plan: 5:0
[*] pqc_client_6 <= plan: 6:0
client=pqc_client total=1 ok=1 err=0
client=pqc_client_2 total=1 ok=1 err=0
client=pqc_client_3 total=1 ok=1 err=0
client=pqc_client_4 total=1 ok=1 err=0
client=pqc_client_5 total=1 ok=1 err=0
client=pqc_client_6 total=1 ok=1 err=0
[*] Resumen guardado en: results/hybrid_p3_stress_c6_003_resource_summary.txt
RUN_ID: hybrid_p3_stress_c6_003
CSV: results/hybrid_p3_stress_c6_003_docker_stats.csv

=== Resumen CPU% y MEM% (avg / max) por contenedor ===
pqc_client_2 -> CPU avg=0.28%, CPU max=0.85%, MEM avg=0.03%, MEM max=0.05%
pqc_client_3 -> CPU avg=0.58%, CPU max=1.75%, MEM avg=0.03%, MEM max=0.03%
pqc_monitor -> CPU avg=0.10%, CPU max=0.13%, MEM avg=0.10%, MEM max=0.10%
pqc_client_4 -> CPU avg=0.57%, CPU max=1.71%, MEM avg=0.02%, MEM max=0.02%
pqc_client_5 -> CPU avg=0.65%, CPU max=1.94%, MEM avg=0.02%, MEM max=0.02%
pqc_server -> CPU avg=0.22%, CPU max=0.65%, MEM avg=0.11%, MEM max=0.11%
pqc_client_6 -> CPU avg=0.53%, CPU max=1.58%, MEM avg=0.08%, MEM max=0.08%
pqc_client -> CPU avg=0.00%, CPU max=0.00%, MEM avg=0.05%, MEM max=0.05%
[2026-05-16 18:47:29] [*] Parando captura en pqc_monitor para hybrid_p3_stress_c6_003
[*] Métricas TXT guardadas en results/hybrid_p3_stress_c6_003_metrics.txt
[*] Métricas CSV guardadas en results/hybrid_p3_stress_c6_003_metrics.csv
[2026-05-16 18:47:53] === RUN END: hybrid_p3_stress_c6_003 ===

[2026-05-16 18:47:53] === RUN START: hybrid_p3_stress_c6_004 ===
[2026-05-16 18:47:53] [*] Arrancando captura en pqc_monitor (eth0) para hybrid_p3_stress_c6_004
[*] Guardando muestras en: results/hybrid_p3_stress_c6_004_docker_stats.csv
[*] Ejecutando comando medido: bash -lc ./scripts/run_client_once_rafaga_hibrido.sh hybrid_p3_stress_c6_004 6; sleep 3
[*] Ráfaga híbrida completada: 6 conexiones en 6 clientes (stress)
=== host results ===
-rw-rw-r-- 1 cristian cristian    1350 may 16 18:47 hybrid_p3_stress_c6_004_client_err.txt
-rw-rw-r-- 1 cristian cristian     473 may 16 18:47 hybrid_p3_stress_c6_004_client.txt
-rw-rw-r-- 1 cristian cristian      69 may 16 18:47 hybrid_p3_stress_c6_004_docker_stats.csv
-rw-r--r-- 1 root     root         225 may 16 18:47 hybrid_p3_stress_c6_004_pqc_client_2_client_err.txt
-rw-r--r-- 1 root     root        2587 may 16 18:47 hybrid_p3_stress_c6_004_pqc_client_2_client.txt
-rw-r--r-- 1 root     root          39 may 16 18:47 hybrid_p3_stress_c6_004_pqc_client_2_summary.txt
-rw-r--r-- 1 root     root         225 may 16 18:47 hybrid_p3_stress_c6_004_pqc_client_3_client_err.txt
-rw-r--r-- 1 root     root        2587 may 16 18:47 hybrid_p3_stress_c6_004_pqc_client_3_client.txt
-rw-r--r-- 1 root     root          39 may 16 18:47 hybrid_p3_stress_c6_004_pqc_client_3_summary.txt
-rw-r--r-- 1 root     root         225 may 16 18:47 hybrid_p3_stress_c6_004_pqc_client_4_client_err.txt
-rw-r--r-- 1 root     root        2587 may 16 18:47 hybrid_p3_stress_c6_004_pqc_client_4_client.txt
-rw-r--r-- 1 root     root          39 may 16 18:47 hybrid_p3_stress_c6_004_pqc_client_4_summary.txt
-rw-r--r-- 1 root     root         225 may 16 18:47 hybrid_p3_stress_c6_004_pqc_client_5_client_err.txt
-rw-r--r-- 1 root     root        2587 may 16 18:47 hybrid_p3_stress_c6_004_pqc_client_5_client.txt
-rw-r--r-- 1 root     root          39 may 16 18:47 hybrid_p3_stress_c6_004_pqc_client_5_summary.txt
-rw-r--r-- 1 root     root         225 may 16 18:47 hybrid_p3_stress_c6_004_pqc_client_6_client_err.txt
-rw-r--r-- 1 root     root        2587 may 16 18:47 hybrid_p3_stress_c6_004_pqc_client_6_client.txt
-rw-r--r-- 1 root     root          39 may 16 18:47 hybrid_p3_stress_c6_004_pqc_client_6_summary.txt
-rw-r--r-- 1 root     root         225 may 16 18:47 hybrid_p3_stress_c6_004_pqc_client_client_err.txt
-rw-r--r-- 1 root     root        2587 may 16 18:47 hybrid_p3_stress_c6_004_pqc_client_client.txt
-rw-r--r-- 1 root     root          37 may 16 18:47 hybrid_p3_stress_c6_004_pqc_client_summary.txt
=== resumen por cliente ===
[*] Perfil stress: conexiones totalmente paralelas por cliente
[*] pqc_client <= plan: 1:0
[*] pqc_client_2 <= plan: 2:0
[*] pqc_client_3 <= plan: 3:0
[*] pqc_client_4 <= plan: 4:0
[*] pqc_client_5 <= plan: 5:0
[*] pqc_client_6 <= plan: 6:0
client=pqc_client total=1 ok=1 err=0
client=pqc_client_2 total=1 ok=1 err=0
client=pqc_client_3 total=1 ok=1 err=0
client=pqc_client_4 total=1 ok=1 err=0
client=pqc_client_5 total=1 ok=1 err=0
client=pqc_client_6 total=1 ok=1 err=0
[*] Resumen guardado en: results/hybrid_p3_stress_c6_004_resource_summary.txt
RUN_ID: hybrid_p3_stress_c6_004
CSV: results/hybrid_p3_stress_c6_004_docker_stats.csv

=== Resumen CPU% y MEM% (avg / max) por contenedor ===
pqc_client_2 -> CPU avg=0.00%, CPU max=0.00%, MEM avg=0.02%, MEM max=0.02%
pqc_client_3 -> CPU avg=0.00%, CPU max=0.00%, MEM avg=0.03%, MEM max=0.03%
pqc_monitor -> CPU avg=0.10%, CPU max=0.13%, MEM avg=0.10%, MEM max=0.10%
pqc_client_4 -> CPU avg=0.00%, CPU max=0.00%, MEM avg=0.02%, MEM max=0.02%
pqc_client_5 -> CPU avg=0.47%, CPU max=1.40%, MEM avg=0.02%, MEM max=0.02%
pqc_server -> CPU avg=0.08%, CPU max=0.25%, MEM avg=0.11%, MEM max=0.11%
pqc_client_6 -> CPU avg=0.48%, CPU max=1.43%, MEM avg=0.08%, MEM max=0.08%
pqc_client -> CPU avg=0.00%, CPU max=0.00%, MEM avg=0.05%, MEM max=0.05%
[2026-05-16 18:48:06] [*] Parando captura en pqc_monitor para hybrid_p3_stress_c6_004
[*] Métricas TXT guardadas en results/hybrid_p3_stress_c6_004_metrics.txt
[*] Métricas CSV guardadas en results/hybrid_p3_stress_c6_004_metrics.csv
[2026-05-16 18:48:29] === RUN END: hybrid_p3_stress_c6_004 ===

[2026-05-16 18:48:29] === RUN START: hybrid_p3_stress_c6_005 ===
[2026-05-16 18:48:29] [*] Arrancando captura en pqc_monitor (eth0) para hybrid_p3_stress_c6_005
[*] Guardando muestras en: results/hybrid_p3_stress_c6_005_docker_stats.csv
[*] Ejecutando comando medido: bash -lc ./scripts/run_client_once_rafaga_hibrido.sh hybrid_p3_stress_c6_005 6; sleep 3
[*] Ráfaga híbrida completada: 6 conexiones en 6 clientes (stress)
=== host results ===
-rw-rw-r-- 1 cristian cristian    1350 may 16 18:48 hybrid_p3_stress_c6_005_client_err.txt
-rw-rw-r-- 1 cristian cristian     473 may 16 18:48 hybrid_p3_stress_c6_005_client.txt
-rw-rw-r-- 1 cristian cristian      69 may 16 18:48 hybrid_p3_stress_c6_005_docker_stats.csv
-rw-r--r-- 1 root     root         225 may 16 18:48 hybrid_p3_stress_c6_005_pqc_client_2_client_err.txt
-rw-r--r-- 1 root     root        2587 may 16 18:48 hybrid_p3_stress_c6_005_pqc_client_2_client.txt
-rw-r--r-- 1 root     root          39 may 16 18:48 hybrid_p3_stress_c6_005_pqc_client_2_summary.txt
-rw-r--r-- 1 root     root         225 may 16 18:48 hybrid_p3_stress_c6_005_pqc_client_3_client_err.txt
-rw-r--r-- 1 root     root        2587 may 16 18:48 hybrid_p3_stress_c6_005_pqc_client_3_client.txt
-rw-r--r-- 1 root     root          39 may 16 18:48 hybrid_p3_stress_c6_005_pqc_client_3_summary.txt
-rw-r--r-- 1 root     root         225 may 16 18:48 hybrid_p3_stress_c6_005_pqc_client_4_client_err.txt
-rw-r--r-- 1 root     root        2587 may 16 18:48 hybrid_p3_stress_c6_005_pqc_client_4_client.txt
-rw-r--r-- 1 root     root          39 may 16 18:48 hybrid_p3_stress_c6_005_pqc_client_4_summary.txt
-rw-r--r-- 1 root     root         225 may 16 18:48 hybrid_p3_stress_c6_005_pqc_client_5_client_err.txt
-rw-r--r-- 1 root     root        2587 may 16 18:48 hybrid_p3_stress_c6_005_pqc_client_5_client.txt
-rw-r--r-- 1 root     root          39 may 16 18:48 hybrid_p3_stress_c6_005_pqc_client_5_summary.txt
-rw-r--r-- 1 root     root         225 may 16 18:48 hybrid_p3_stress_c6_005_pqc_client_6_client_err.txt
-rw-r--r-- 1 root     root        2587 may 16 18:48 hybrid_p3_stress_c6_005_pqc_client_6_client.txt
-rw-r--r-- 1 root     root          39 may 16 18:48 hybrid_p3_stress_c6_005_pqc_client_6_summary.txt
-rw-r--r-- 1 root     root         225 may 16 18:48 hybrid_p3_stress_c6_005_pqc_client_client_err.txt
-rw-r--r-- 1 root     root        2587 may 16 18:48 hybrid_p3_stress_c6_005_pqc_client_client.txt
-rw-r--r-- 1 root     root          37 may 16 18:48 hybrid_p3_stress_c6_005_pqc_client_summary.txt
=== resumen por cliente ===
[*] Perfil stress: conexiones totalmente paralelas por cliente
[*] pqc_client <= plan: 1:0
[*] pqc_client_2 <= plan: 2:0
[*] pqc_client_3 <= plan: 3:0
[*] pqc_client_4 <= plan: 4:0
[*] pqc_client_5 <= plan: 5:0
[*] pqc_client_6 <= plan: 6:0
client=pqc_client total=1 ok=1 err=0
client=pqc_client_2 total=1 ok=1 err=0
client=pqc_client_3 total=1 ok=1 err=0
client=pqc_client_4 total=1 ok=1 err=0
client=pqc_client_5 total=1 ok=1 err=0
client=pqc_client_6 total=1 ok=1 err=0
[*] Resumen guardado en: results/hybrid_p3_stress_c6_005_resource_summary.txt
RUN_ID: hybrid_p3_stress_c6_005
CSV: results/hybrid_p3_stress_c6_005_docker_stats.csv

=== Resumen CPU% y MEM% (avg / max) por contenedor ===
pqc_client_2 -> CPU avg=0.00%, CPU max=0.00%, MEM avg=0.02%, MEM max=0.02%
pqc_client_3 -> CPU avg=0.00%, CPU max=0.00%, MEM avg=0.03%, MEM max=0.03%
pqc_monitor -> CPU avg=0.17%, CPU max=0.31%, MEM avg=0.10%, MEM max=0.10%
pqc_client_4 -> CPU avg=0.00%, CPU max=0.00%, MEM avg=0.02%, MEM max=0.02%
pqc_client_5 -> CPU avg=0.34%, CPU max=1.03%, MEM avg=0.02%, MEM max=0.02%
pqc_server -> CPU avg=0.02%, CPU max=0.06%, MEM avg=0.11%, MEM max=0.11%
pqc_client_6 -> CPU avg=0.55%, CPU max=1.64%, MEM avg=0.08%, MEM max=0.08%
pqc_client -> CPU avg=0.00%, CPU max=0.00%, MEM avg=0.05%, MEM max=0.05%
[2026-05-16 18:48:42] [*] Parando captura en pqc_monitor para hybrid_p3_stress_c6_005
[*] Métricas TXT guardadas en results/hybrid_p3_stress_c6_005_metrics.txt
[*] Métricas CSV guardadas en results/hybrid_p3_stress_c6_005_metrics.csv
[2026-05-16 18:49:06] === RUN END: hybrid_p3_stress_c6_005 ===

[2026-05-16 18:49:06] ==== Bloque TOTAL_CONN=6 completado ====
[2026-05-16 18:49:06] ==== Iniciando bloque TOTAL_CONN=50 ====
[2026-05-16 18:49:06] ---- Aplicando perfil de red P0 ----
[*] Aplicando perfil P0
[*] Perfil P0 (sin degradación)

[*] Estado qdisc en monitor:
qdisc noqueue 0: root refcnt 2 
qdisc noqueue 0: root refcnt 2 
[2026-05-16 18:49:07] === RUN START: hybrid_p0_balanced_c50_001 ===
[2026-05-16 18:49:07] [*] Arrancando captura en pqc_monitor (eth0) para hybrid_p0_balanced_c50_001
[*] Guardando muestras en: results/hybrid_p0_balanced_c50_001_docker_stats.csv
[*] Ejecutando comando medido: bash -lc ./scripts/run_client_once_rafaga_hibrido.sh hybrid_p0_balanced_c50_001 50; sleep 3
[*] Ráfaga híbrida completada: 50 conexiones en 6 clientes (poisson_jitter)
=== host results ===
-rw-rw-r-- 1 cristian cristian   11250 may 16 18:49 hybrid_p0_balanced_c50_001_client_err.txt
-rw-rw-r-- 1 cristian cristian    1049 may 16 18:49 hybrid_p0_balanced_c50_001_client.txt
-rw-rw-r-- 1 cristian cristian      69 may 16 18:49 hybrid_p0_balanced_c50_001_docker_stats.csv
-rw-r--r-- 1 root     root        2025 may 16 18:49 hybrid_p0_balanced_c50_001_pqc_client_2_client_err.txt
-rw-r--r-- 1 root     root       29935 may 16 18:49 hybrid_p0_balanced_c50_001_pqc_client_2_client.txt
-rw-r--r-- 1 root     root          39 may 16 18:49 hybrid_p0_balanced_c50_001_pqc_client_2_summary.txt
-rw-r--r-- 1 root     root        1800 may 16 18:49 hybrid_p0_balanced_c50_001_pqc_client_3_client_err.txt
-rw-r--r-- 1 root     root       24022 may 16 18:49 hybrid_p0_balanced_c50_001_pqc_client_3_client.txt
-rw-r--r-- 1 root     root          39 may 16 18:49 hybrid_p0_balanced_c50_001_pqc_client_3_summary.txt
-rw-r--r-- 1 root     root        1800 may 16 18:49 hybrid_p0_balanced_c50_001_pqc_client_4_client_err.txt
-rw-r--r-- 1 root     root       27348 may 16 18:49 hybrid_p0_balanced_c50_001_pqc_client_4_client.txt
-rw-r--r-- 1 root     root          39 may 16 18:49 hybrid_p0_balanced_c50_001_pqc_client_4_summary.txt
-rw-r--r-- 1 root     root        1800 may 16 18:49 hybrid_p0_balanced_c50_001_pqc_client_5_client_err.txt
-rw-r--r-- 1 root     root       27348 may 16 18:49 hybrid_p0_balanced_c50_001_pqc_client_5_client.txt
-rw-r--r-- 1 root     root          39 may 16 18:49 hybrid_p0_balanced_c50_001_pqc_client_5_summary.txt
-rw-r--r-- 1 root     root        1800 may 16 18:49 hybrid_p0_balanced_c50_001_pqc_client_6_client_err.txt
-rw-r--r-- 1 root     root       27348 may 16 18:49 hybrid_p0_balanced_c50_001_pqc_client_6_client.txt
-rw-r--r-- 1 root     root          39 may 16 18:49 hybrid_p0_balanced_c50_001_pqc_client_6_summary.txt
-rw-r--r-- 1 root     root        2025 may 16 18:49 hybrid_p0_balanced_c50_001_pqc_client_client_err.txt
-rw-r--r-- 1 root     root       39913 may 16 18:49 hybrid_p0_balanced_c50_001_pqc_client_client.txt
-rw-r--r-- 1 root     root          37 may 16 18:49 hybrid_p0_balanced_c50_001_pqc_client_summary.txt
=== resumen por cliente ===
[*] Perfil poisson_jitter: llegadas no sincronizadas con Poisson+jitter
[*] pqc_client <= plan: 1:0.057016 7:0.057016 13:0.057016 19:0.057016 25:0.057016 31:0.057016 37:0.057016 43:0.057016 49:0.057016
[*] pqc_client_2 <= plan: 2:0.057016 8:0.057016 14:0.057016 20:0.057016 26:0.057016 32:0.057016 38:0.057016 44:0.057016 50:0.057016
[*] pqc_client_3 <= plan: 3:0.057016 9:0.057016 15:0.057016 21:0.057016 27:0.057016 33:0.057016 39:0.057016 45:0.057016
[*] pqc_client_4 <= plan: 4:0.057016 10:0.057016 16:0.057016 22:0.057016 28:0.057016 34:0.057016 40:0.057016 46:0.057016
[*] pqc_client_5 <= plan: 5:0.057016 11:0.057016 17:0.057016 23:0.057016 29:0.057016 35:0.057016 41:0.057016 47:0.057016
[*] pqc_client_6 <= plan: 6:0.057016 12:0.057016 18:0.057016 24:0.057016 30:0.057016 36:0.057016 42:0.057016 48:0.057016
client=pqc_client total=9 ok=9 err=0
client=pqc_client_2 total=9 ok=9 err=0
client=pqc_client_3 total=8 ok=8 err=0
client=pqc_client_4 total=8 ok=8 err=0
client=pqc_client_5 total=8 ok=8 err=0
client=pqc_client_6 total=8 ok=8 err=0
[*] Resumen guardado en: results/hybrid_p0_balanced_c50_001_resource_summary.txt
RUN_ID: hybrid_p0_balanced_c50_001
CSV: results/hybrid_p0_balanced_c50_001_docker_stats.csv

=== Resumen CPU% y MEM% (avg / max) por contenedor ===
pqc_client_2 -> CPU avg=0.60%, CPU max=1.81%, MEM avg=0.03%, MEM max=0.03%
pqc_client_3 -> CPU avg=1.26%, CPU max=3.77%, MEM avg=0.03%, MEM max=0.03%
pqc_monitor -> CPU avg=0.07%, CPU max=0.10%, MEM avg=0.10%, MEM max=0.10%
pqc_client_4 -> CPU avg=0.42%, CPU max=1.27%, MEM avg=0.02%, MEM max=0.02%
pqc_client_5 -> CPU avg=1.40%, CPU max=4.21%, MEM avg=0.03%, MEM max=0.03%
pqc_server -> CPU avg=1.99%, CPU max=5.98%, MEM avg=0.11%, MEM max=0.11%
pqc_client_6 -> CPU avg=1.85%, CPU max=5.56%, MEM avg=0.08%, MEM max=0.08%
pqc_client -> CPU avg=0.00%, CPU max=0.00%, MEM avg=0.05%, MEM max=0.05%
[2026-05-16 18:49:20] [*] Parando captura en pqc_monitor para hybrid_p0_balanced_c50_001
[*] Métricas TXT guardadas en results/hybrid_p0_balanced_c50_001_metrics.txt
[*] Métricas CSV guardadas en results/hybrid_p0_balanced_c50_001_metrics.csv
[2026-05-16 18:49:45] === RUN END: hybrid_p0_balanced_c50_001 ===

[2026-05-16 18:49:45] === RUN START: hybrid_p0_balanced_c50_002 ===
[2026-05-16 18:49:45] [*] Arrancando captura en pqc_monitor (eth0) para hybrid_p0_balanced_c50_002
[*] Guardando muestras en: results/hybrid_p0_balanced_c50_002_docker_stats.csv
[*] Ejecutando comando medido: bash -lc ./scripts/run_client_once_rafaga_hibrido.sh hybrid_p0_balanced_c50_002 50; sleep 3
[*] Ráfaga híbrida completada: 50 conexiones en 6 clientes (poisson_jitter)
=== host results ===
-rw-rw-r-- 1 cristian cristian   11250 may 16 18:49 hybrid_p0_balanced_c50_002_client_err.txt
-rw-rw-r-- 1 cristian cristian    1049 may 16 18:49 hybrid_p0_balanced_c50_002_client.txt
-rw-rw-r-- 1 cristian cristian      69 may 16 18:49 hybrid_p0_balanced_c50_002_docker_stats.csv
-rw-r--r-- 1 root     root        2025 may 16 18:49 hybrid_p0_balanced_c50_002_pqc_client_2_client_err.txt
-rw-r--r-- 1 root     root       43239 may 16 18:49 hybrid_p0_balanced_c50_002_pqc_client_2_client.txt
-rw-r--r-- 1 root     root          39 may 16 18:49 hybrid_p0_balanced_c50_002_pqc_client_2_summary.txt
-rw-r--r-- 1 root     root        1800 may 16 18:49 hybrid_p0_balanced_c50_002_pqc_client_3_client_err.txt
-rw-r--r-- 1 root     root       34000 may 16 18:49 hybrid_p0_balanced_c50_002_pqc_client_3_client.txt
-rw-r--r-- 1 root     root          39 may 16 18:49 hybrid_p0_balanced_c50_002_pqc_client_3_summary.txt
-rw-r--r-- 1 root     root        1800 may 16 18:49 hybrid_p0_balanced_c50_002_pqc_client_4_client_err.txt
-rw-r--r-- 1 root     root       27348 may 16 18:49 hybrid_p0_balanced_c50_002_pqc_client_4_client.txt
-rw-r--r-- 1 root     root          39 may 16 18:49 hybrid_p0_balanced_c50_002_pqc_client_4_summary.txt
-rw-r--r-- 1 root     root        1800 may 16 18:49 hybrid_p0_balanced_c50_002_pqc_client_5_client_err.txt
-rw-r--r-- 1 root     root       32337 may 16 18:49 hybrid_p0_balanced_c50_002_pqc_client_5_client.txt
-rw-r--r-- 1 root     root          39 may 16 18:49 hybrid_p0_balanced_c50_002_pqc_client_5_summary.txt
-rw-r--r-- 1 root     root        1800 may 16 18:49 hybrid_p0_balanced_c50_002_pqc_client_6_client_err.txt
-rw-r--r-- 1 root     root       20696 may 16 18:49 hybrid_p0_balanced_c50_002_pqc_client_6_client.txt
-rw-r--r-- 1 root     root          39 may 16 18:49 hybrid_p0_balanced_c50_002_pqc_client_6_summary.txt
-rw-r--r-- 1 root     root        2025 may 16 18:49 hybrid_p0_balanced_c50_002_pqc_client_client_err.txt
-rw-r--r-- 1 root     root       46565 may 16 18:49 hybrid_p0_balanced_c50_002_pqc_client_client.txt
-rw-r--r-- 1 root     root          37 may 16 18:49 hybrid_p0_balanced_c50_002_pqc_client_summary.txt
=== resumen por cliente ===
[*] Perfil poisson_jitter: llegadas no sincronizadas con Poisson+jitter
[*] pqc_client <= plan: 1:0.000000 7:0.000000 13:0.000000 19:0.042003 25:0.042003 31:0.042003 37:0.042003 43:0.042003 49:0.042003
[*] pqc_client_2 <= plan: 2:0.000000 8:0.000000 14:0.000000 20:0.042003 26:0.042003 32:0.042003 38:0.042003 44:0.042003 50:0.042003
[*] pqc_client_3 <= plan: 3:0.000000 9:0.000000 15:0.042003 21:0.042003 27:0.042003 33:0.042003 39:0.042003 45:0.042003
[*] pqc_client_4 <= plan: 4:0.000000 10:0.000000 16:0.042003 22:0.042003 28:0.042003 34:0.042003 40:0.042003 46:0.042003
[*] pqc_client_5 <= plan: 5:0.000000 11:0.000000 17:0.042003 23:0.042003 29:0.042003 35:0.042003 41:0.042003 47:0.042003
[*] pqc_client_6 <= plan: 6:0.000000 12:0.000000 18:0.042003 24:0.042003 30:0.042003 36:0.042003 42:0.042003 48:0.042003
client=pqc_client total=9 ok=9 err=0
client=pqc_client_2 total=9 ok=9 err=0
client=pqc_client_3 total=8 ok=8 err=0
client=pqc_client_4 total=8 ok=8 err=0
client=pqc_client_5 total=8 ok=8 err=0
client=pqc_client_6 total=8 ok=8 err=0
[*] Resumen guardado en: results/hybrid_p0_balanced_c50_002_resource_summary.txt
RUN_ID: hybrid_p0_balanced_c50_002
CSV: results/hybrid_p0_balanced_c50_002_docker_stats.csv

=== Resumen CPU% y MEM% (avg / max) por contenedor ===
pqc_client_2 -> CPU avg=0.00%, CPU max=0.00%, MEM avg=0.03%, MEM max=0.03%
pqc_client_3 -> CPU avg=1.39%, CPU max=4.17%, MEM avg=0.03%, MEM max=0.03%
pqc_monitor -> CPU avg=0.14%, CPU max=0.32%, MEM avg=0.10%, MEM max=0.10%
pqc_client_4 -> CPU avg=9.89%, CPU max=29.67%, MEM avg=0.04%, MEM max=0.05%
pqc_client_5 -> CPU avg=2.00%, CPU max=6.01%, MEM avg=0.03%, MEM max=0.03%
pqc_server -> CPU avg=2.10%, CPU max=6.30%, MEM avg=0.11%, MEM max=0.11%
pqc_client_6 -> CPU avg=3.17%, CPU max=9.51%, MEM avg=0.08%, MEM max=0.08%
pqc_client -> CPU avg=0.00%, CPU max=0.00%, MEM avg=0.05%, MEM max=0.05%
[2026-05-16 18:49:57] [*] Parando captura en pqc_monitor para hybrid_p0_balanced_c50_002
[*] Métricas TXT guardadas en results/hybrid_p0_balanced_c50_002_metrics.txt
[*] Métricas CSV guardadas en results/hybrid_p0_balanced_c50_002_metrics.csv
[2026-05-16 18:50:23] === RUN END: hybrid_p0_balanced_c50_002 ===

[2026-05-16 18:50:23] === RUN START: hybrid_p0_balanced_c50_003 ===
[2026-05-16 18:50:23] [*] Arrancando captura en pqc_monitor (eth0) para hybrid_p0_balanced_c50_003
[*] Guardando muestras en: results/hybrid_p0_balanced_c50_003_docker_stats.csv
[*] Ejecutando comando medido: bash -lc ./scripts/run_client_once_rafaga_hibrido.sh hybrid_p0_balanced_c50_003 50; sleep 3
[*] Ráfaga híbrida completada: 50 conexiones en 6 clientes (poisson_jitter)
=== host results ===
-rw-rw-r-- 1 cristian cristian   11250 may 16 18:50 hybrid_p0_balanced_c50_003_client_err.txt
-rw-rw-r-- 1 cristian cristian    1049 may 16 18:50 hybrid_p0_balanced_c50_003_client.txt
-rw-rw-r-- 1 cristian cristian      69 may 16 18:50 hybrid_p0_balanced_c50_003_docker_stats.csv
-rw-r--r-- 1 root     root        2025 may 16 18:50 hybrid_p0_balanced_c50_003_pqc_client_2_client_err.txt
-rw-r--r-- 1 root     root       44902 may 16 18:50 hybrid_p0_balanced_c50_003_pqc_client_2_client.txt
-rw-r--r-- 1 root     root          39 may 16 18:50 hybrid_p0_balanced_c50_003_pqc_client_2_summary.txt
-rw-r--r-- 1 root     root        1800 may 16 18:50 hybrid_p0_balanced_c50_003_pqc_client_3_client_err.txt
-rw-r--r-- 1 root     root       30674 may 16 18:50 hybrid_p0_balanced_c50_003_pqc_client_3_client.txt
-rw-r--r-- 1 root     root          39 may 16 18:50 hybrid_p0_balanced_c50_003_pqc_client_3_summary.txt
-rw-r--r-- 1 root     root        1800 may 16 18:50 hybrid_p0_balanced_c50_003_pqc_client_4_client_err.txt
-rw-r--r-- 1 root     root       24022 may 16 18:50 hybrid_p0_balanced_c50_003_pqc_client_4_client.txt
-rw-r--r-- 1 root     root          39 may 16 18:50 hybrid_p0_balanced_c50_003_pqc_client_4_summary.txt
-rw-r--r-- 1 root     root        1800 may 16 18:50 hybrid_p0_balanced_c50_003_pqc_client_5_client_err.txt
-rw-r--r-- 1 root     root       20696 may 16 18:50 hybrid_p0_balanced_c50_003_pqc_client_5_client.txt
-rw-r--r-- 1 root     root          39 may 16 18:50 hybrid_p0_balanced_c50_003_pqc_client_5_summary.txt
-rw-r--r-- 1 root     root        1800 may 16 18:50 hybrid_p0_balanced_c50_003_pqc_client_6_client_err.txt
-rw-r--r-- 1 root     root       20696 may 16 18:50 hybrid_p0_balanced_c50_003_pqc_client_6_client.txt
-rw-r--r-- 1 root     root          39 may 16 18:50 hybrid_p0_balanced_c50_003_pqc_client_6_summary.txt
-rw-r--r-- 1 root     root        2025 may 16 18:50 hybrid_p0_balanced_c50_003_pqc_client_client_err.txt
-rw-r--r-- 1 root     root       39913 may 16 18:50 hybrid_p0_balanced_c50_003_pqc_client_client.txt
-rw-r--r-- 1 root     root          37 may 16 18:50 hybrid_p0_balanced_c50_003_pqc_client_summary.txt
=== resumen por cliente ===
[*] Perfil poisson_jitter: llegadas no sincronizadas con Poisson+jitter
[*] pqc_client <= plan: 1:0.000000 7:0.000000 13:0.000000 19:0.000000 25:0.071859 31:0.071859 37:0.071859 43:0.071859 49:0.071859
[*] pqc_client_2 <= plan: 2:0.000000 8:0.000000 14:0.000000 20:0.000000 26:0.071859 32:0.071859 38:0.071859 44:0.071859 50:0.071859
[*] pqc_client_3 <= plan: 3:0.000000 9:0.000000 15:0.000000 21:0.000000 27:0.071859 33:0.071859 39:0.071859 45:0.071859
[*] pqc_client_4 <= plan: 4:0.000000 10:0.000000 16:0.000000 22:0.000000 28:0.071859 34:0.071859 40:0.071859 46:0.071859
[*] pqc_client_5 <= plan: 5:0.000000 11:0.000000 17:0.000000 23:0.000000 29:0.071859 35:0.071859 41:0.071859 47:0.071859
[*] pqc_client_6 <= plan: 6:0.000000 12:0.000000 18:0.000000 24:0.071859 30:0.071859 36:0.071859 42:0.071859 48:0.071859
client=pqc_client total=9 ok=9 err=0
client=pqc_client_2 total=9 ok=9 err=0
client=pqc_client_3 total=8 ok=8 err=0
client=pqc_client_4 total=8 ok=8 err=0
client=pqc_client_5 total=8 ok=8 err=0
client=pqc_client_6 total=8 ok=8 err=0
[*] Resumen guardado en: results/hybrid_p0_balanced_c50_003_resource_summary.txt
RUN_ID: hybrid_p0_balanced_c50_003
CSV: results/hybrid_p0_balanced_c50_003_docker_stats.csv

=== Resumen CPU% y MEM% (avg / max) por contenedor ===
pqc_client_2 -> CPU avg=0.00%, CPU max=0.00%, MEM avg=0.03%, MEM max=0.03%
pqc_client_3 -> CPU avg=0.37%, CPU max=1.11%, MEM avg=0.03%, MEM max=0.03%
pqc_monitor -> CPU avg=0.09%, CPU max=0.14%, MEM avg=0.10%, MEM max=0.10%
pqc_client_4 -> CPU avg=1.85%, CPU max=5.55%, MEM avg=0.03%, MEM max=0.03%
pqc_client_5 -> CPU avg=1.85%, CPU max=5.55%, MEM avg=0.03%, MEM max=0.03%
pqc_server -> CPU avg=2.34%, CPU max=7.03%, MEM avg=0.11%, MEM max=0.11%
pqc_client_6 -> CPU avg=2.47%, CPU max=7.40%, MEM avg=0.08%, MEM max=0.08%
pqc_client -> CPU avg=0.00%, CPU max=0.00%, MEM avg=0.05%, MEM max=0.05%
[2026-05-16 18:50:35] [*] Parando captura en pqc_monitor para hybrid_p0_balanced_c50_003
[*] Métricas TXT guardadas en results/hybrid_p0_balanced_c50_003_metrics.txt
[*] Métricas CSV guardadas en results/hybrid_p0_balanced_c50_003_metrics.csv
[2026-05-16 18:51:01] === RUN END: hybrid_p0_balanced_c50_003 ===

[2026-05-16 18:51:01] === RUN START: hybrid_p0_balanced_c50_004 ===
[2026-05-16 18:51:01] [*] Arrancando captura en pqc_monitor (eth0) para hybrid_p0_balanced_c50_004
[*] Guardando muestras en: results/hybrid_p0_balanced_c50_004_docker_stats.csv
[*] Ejecutando comando medido: bash -lc ./scripts/run_client_once_rafaga_hibrido.sh hybrid_p0_balanced_c50_004 50; sleep 3
[*] Ráfaga híbrida completada: 50 conexiones en 6 clientes (poisson_jitter)
=== host results ===
-rw-rw-r-- 1 cristian cristian   11250 may 16 18:51 hybrid_p0_balanced_c50_004_client_err.txt
-rw-rw-r-- 1 cristian cristian    1049 may 16 18:51 hybrid_p0_balanced_c50_004_client.txt
-rw-rw-r-- 1 cristian cristian      69 may 16 18:51 hybrid_p0_balanced_c50_004_docker_stats.csv
-rw-r--r-- 1 root     root        2025 may 16 18:51 hybrid_p0_balanced_c50_004_pqc_client_2_client_err.txt
-rw-r--r-- 1 root     root       39913 may 16 18:51 hybrid_p0_balanced_c50_004_pqc_client_2_client.txt
-rw-r--r-- 1 root     root          39 may 16 18:51 hybrid_p0_balanced_c50_004_pqc_client_2_summary.txt
-rw-r--r-- 1 root     root        1800 may 16 18:51 hybrid_p0_balanced_c50_004_pqc_client_3_client_err.txt
-rw-r--r-- 1 root     root       40652 may 16 18:51 hybrid_p0_balanced_c50_004_pqc_client_3_client.txt
-rw-r--r-- 1 root     root          39 may 16 18:51 hybrid_p0_balanced_c50_004_pqc_client_3_summary.txt
-rw-r--r-- 1 root     root        1800 may 16 18:51 hybrid_p0_balanced_c50_004_pqc_client_4_client_err.txt
-rw-r--r-- 1 root     root       30674 may 16 18:51 hybrid_p0_balanced_c50_004_pqc_client_4_client.txt
-rw-r--r-- 1 root     root          39 may 16 18:51 hybrid_p0_balanced_c50_004_pqc_client_4_summary.txt
-rw-r--r-- 1 root     root        1800 may 16 18:51 hybrid_p0_balanced_c50_004_pqc_client_5_client_err.txt
-rw-r--r-- 1 root     root       24022 may 16 18:51 hybrid_p0_balanced_c50_004_pqc_client_5_client.txt
-rw-r--r-- 1 root     root          39 may 16 18:51 hybrid_p0_balanced_c50_004_pqc_client_5_summary.txt
-rw-r--r-- 1 root     root        1800 may 16 18:51 hybrid_p0_balanced_c50_004_pqc_client_6_client_err.txt
-rw-r--r-- 1 root     root       20696 may 16 18:51 hybrid_p0_balanced_c50_004_pqc_client_6_client.txt
-rw-r--r-- 1 root     root          39 may 16 18:51 hybrid_p0_balanced_c50_004_pqc_client_6_summary.txt
-rw-r--r-- 1 root     root        2025 may 16 18:51 hybrid_p0_balanced_c50_004_pqc_client_client_err.txt
-rw-r--r-- 1 root     root       39913 may 16 18:51 hybrid_p0_balanced_c50_004_pqc_client_client.txt
-rw-r--r-- 1 root     root          37 may 16 18:51 hybrid_p0_balanced_c50_004_pqc_client_summary.txt
=== resumen por cliente ===
[*] Perfil poisson_jitter: llegadas no sincronizadas con Poisson+jitter
[*] pqc_client <= plan: 1:0.049728 7:0.049728 13:0.049728 19:0.100471 25:0.100471 31:0.100471 37:0.100471 43:0.100471 49:0.100471
[*] pqc_client_2 <= plan: 2:0.049728 8:0.049728 14:0.100471 20:0.100471 26:0.100471 32:0.100471 38:0.100471 44:0.100471 50:0.100471
[*] pqc_client_3 <= plan: 3:0.049728 9:0.049728 15:0.100471 21:0.100471 27:0.100471 33:0.100471 39:0.100471 45:0.100471
[*] pqc_client_4 <= plan: 4:0.049728 10:0.049728 16:0.100471 22:0.100471 28:0.100471 34:0.100471 40:0.100471 46:0.100471
[*] pqc_client_5 <= plan: 5:0.049728 11:0.049728 17:0.100471 23:0.100471 29:0.100471 35:0.100471 41:0.100471 47:0.100471
[*] pqc_client_6 <= plan: 6:0.049728 12:0.049728 18:0.100471 24:0.100471 30:0.100471 36:0.100471 42:0.100471 48:0.100471
client=pqc_client total=9 ok=9 err=0
client=pqc_client_2 total=9 ok=9 err=0
client=pqc_client_3 total=8 ok=8 err=0
client=pqc_client_4 total=8 ok=8 err=0
client=pqc_client_5 total=8 ok=8 err=0
client=pqc_client_6 total=8 ok=8 err=0
[*] Resumen guardado en: results/hybrid_p0_balanced_c50_004_resource_summary.txt
RUN_ID: hybrid_p0_balanced_c50_004
CSV: results/hybrid_p0_balanced_c50_004_docker_stats.csv

=== Resumen CPU% y MEM% (avg / max) por contenedor ===
pqc_client_2 -> CPU avg=0.00%, CPU max=0.00%, MEM avg=0.03%, MEM max=0.03%
pqc_client_3 -> CPU avg=0.00%, CPU max=0.00%, MEM avg=0.04%, MEM max=0.04%
pqc_monitor -> CPU avg=0.16%, CPU max=0.32%, MEM avg=0.10%, MEM max=0.10%
pqc_client_4 -> CPU avg=1.70%, CPU max=5.09%, MEM avg=0.03%, MEM max=0.03%
pqc_client_5 -> CPU avg=4.97%, CPU max=14.91%, MEM avg=0.03%, MEM max=0.03%
pqc_server -> CPU avg=2.34%, CPU max=7.03%, MEM avg=0.11%, MEM max=0.11%
pqc_client_6 -> CPU avg=4.28%, CPU max=12.83%, MEM avg=0.08%, MEM max=0.08%
pqc_client -> CPU avg=12.14%, CPU max=36.41%, MEM avg=0.06%, MEM max=0.06%
[2026-05-16 18:51:13] [*] Parando captura en pqc_monitor para hybrid_p0_balanced_c50_004
[*] Métricas TXT guardadas en results/hybrid_p0_balanced_c50_004_metrics.txt
[*] Métricas CSV guardadas en results/hybrid_p0_balanced_c50_004_metrics.csv
[2026-05-16 18:51:40] === RUN END: hybrid_p0_balanced_c50_004 ===

[2026-05-16 18:51:40] === RUN START: hybrid_p0_balanced_c50_005 ===
[2026-05-16 18:51:40] [*] Arrancando captura en pqc_monitor (eth0) para hybrid_p0_balanced_c50_005
[*] Guardando muestras en: results/hybrid_p0_balanced_c50_005_docker_stats.csv
[*] Ejecutando comando medido: bash -lc ./scripts/run_client_once_rafaga_hibrido.sh hybrid_p0_balanced_c50_005 50; sleep 3
[*] Ráfaga híbrida completada: 50 conexiones en 6 clientes (poisson_jitter)
=== host results ===
-rw-rw-r-- 1 cristian cristian   11250 may 16 18:51 hybrid_p0_balanced_c50_005_client_err.txt
-rw-rw-r-- 1 cristian cristian    1049 may 16 18:51 hybrid_p0_balanced_c50_005_client.txt
-rw-rw-r-- 1 cristian cristian      69 may 16 18:51 hybrid_p0_balanced_c50_005_docker_stats.csv
-rw-r--r-- 1 root     root        2025 may 16 18:51 hybrid_p0_balanced_c50_005_pqc_client_2_client_err.txt
-rw-r--r-- 1 root     root       43239 may 16 18:51 hybrid_p0_balanced_c50_005_pqc_client_2_client.txt
-rw-r--r-- 1 root     root          39 may 16 18:51 hybrid_p0_balanced_c50_005_pqc_client_2_summary.txt
-rw-r--r-- 1 root     root        1800 may 16 18:51 hybrid_p0_balanced_c50_005_pqc_client_3_client_err.txt
-rw-r--r-- 1 root     root       37326 may 16 18:51 hybrid_p0_balanced_c50_005_pqc_client_3_client.txt
-rw-r--r-- 1 root     root          39 may 16 18:51 hybrid_p0_balanced_c50_005_pqc_client_3_summary.txt
-rw-r--r-- 1 root     root        1800 may 16 18:51 hybrid_p0_balanced_c50_005_pqc_client_4_client_err.txt
-rw-r--r-- 1 root     root       20696 may 16 18:51 hybrid_p0_balanced_c50_005_pqc_client_4_client.txt
-rw-r--r-- 1 root     root          39 may 16 18:51 hybrid_p0_balanced_c50_005_pqc_client_4_summary.txt
-rw-r--r-- 1 root     root        1800 may 16 18:51 hybrid_p0_balanced_c50_005_pqc_client_5_client_err.txt
-rw-r--r-- 1 root     root       24022 may 16 18:51 hybrid_p0_balanced_c50_005_pqc_client_5_client.txt
-rw-r--r-- 1 root     root          39 may 16 18:51 hybrid_p0_balanced_c50_005_pqc_client_5_summary.txt
-rw-r--r-- 1 root     root        1800 may 16 18:51 hybrid_p0_balanced_c50_005_pqc_client_6_client_err.txt
-rw-r--r-- 1 root     root       20696 may 16 18:51 hybrid_p0_balanced_c50_005_pqc_client_6_client.txt
-rw-r--r-- 1 root     root          39 may 16 18:51 hybrid_p0_balanced_c50_005_pqc_client_6_summary.txt
-rw-r--r-- 1 root     root        2025 may 16 18:51 hybrid_p0_balanced_c50_005_pqc_client_client_err.txt
-rw-r--r-- 1 root     root       39913 may 16 18:51 hybrid_p0_balanced_c50_005_pqc_client_client.txt
-rw-r--r-- 1 root     root          37 may 16 18:51 hybrid_p0_balanced_c50_005_pqc_client_summary.txt
=== resumen por cliente ===
[*] Perfil poisson_jitter: llegadas no sincronizadas con Poisson+jitter
[*] pqc_client <= plan: 1:0.079498 7:0.079498 13:0.079498 19:0.079498 25:0.079498 31:0.079498 37:0.079498 43:0.079498 49:0.049155
[*] pqc_client_2 <= plan: 2:0.079498 8:0.079498 14:0.079498 20:0.079498 26:0.079498 32:0.079498 38:0.079498 44:0.079498 50:0.049155
[*] pqc_client_3 <= plan: 3:0.079498 9:0.079498 15:0.079498 21:0.079498 27:0.079498 33:0.079498 39:0.079498 45:0.079498
[*] pqc_client_4 <= plan: 4:0.079498 10:0.079498 16:0.079498 22:0.079498 28:0.079498 34:0.079498 40:0.079498 46:0.079498
[*] pqc_client_5 <= plan: 5:0.079498 11:0.079498 17:0.079498 23:0.079498 29:0.079498 35:0.079498 41:0.079498 47:0.079498
[*] pqc_client_6 <= plan: 6:0.079498 12:0.079498 18:0.079498 24:0.079498 30:0.079498 36:0.079498 42:0.079498 48:0.049155
client=pqc_client total=9 ok=9 err=0
client=pqc_client_2 total=9 ok=9 err=0
client=pqc_client_3 total=8 ok=8 err=0
client=pqc_client_4 total=8 ok=8 err=0
client=pqc_client_5 total=8 ok=8 err=0
client=pqc_client_6 total=8 ok=8 err=0
[*] Resumen guardado en: results/hybrid_p0_balanced_c50_005_resource_summary.txt
RUN_ID: hybrid_p0_balanced_c50_005
CSV: results/hybrid_p0_balanced_c50_005_docker_stats.csv

=== Resumen CPU% y MEM% (avg / max) por contenedor ===
pqc_client_2 -> CPU avg=0.57%, CPU max=1.71%, MEM avg=0.03%, MEM max=0.03%
pqc_client_3 -> CPU avg=2.14%, CPU max=6.42%, MEM avg=0.04%, MEM max=0.04%
pqc_monitor -> CPU avg=0.09%, CPU max=0.14%, MEM avg=0.10%, MEM max=0.10%
pqc_client_4 -> CPU avg=3.23%, CPU max=9.68%, MEM avg=0.03%, MEM max=0.03%
pqc_client_5 -> CPU avg=3.53%, CPU max=10.59%, MEM avg=0.03%, MEM max=0.03%
pqc_server -> CPU avg=4.56%, CPU max=13.69%, MEM avg=0.11%, MEM max=0.11%
pqc_client_6 -> CPU avg=6.54%, CPU max=19.63%, MEM avg=0.08%, MEM max=0.08%
pqc_client -> CPU avg=1.79%, CPU max=5.37%, MEM avg=0.06%, MEM max=0.06%
[2026-05-16 18:51:53] [*] Parando captura en pqc_monitor para hybrid_p0_balanced_c50_005
[*] Métricas TXT guardadas en results/hybrid_p0_balanced_c50_005_metrics.txt
[*] Métricas CSV guardadas en results/hybrid_p0_balanced_c50_005_metrics.csv
[2026-05-16 18:52:23] === RUN END: hybrid_p0_balanced_c50_005 ===

[2026-05-16 18:52:23] === RUN START: hybrid_p0_aggressive_c50_001 ===
[2026-05-16 18:52:23] [*] Arrancando captura en pqc_monitor (eth0) para hybrid_p0_aggressive_c50_001
[*] Guardando muestras en: results/hybrid_p0_aggressive_c50_001_docker_stats.csv
[*] Ejecutando comando medido: bash -lc ./scripts/run_client_once_rafaga_hibrido.sh hybrid_p0_aggressive_c50_001 50; sleep 3
[*] Ráfaga híbrida completada: 50 conexiones en 6 clientes (poisson_jitter)
=== host results ===
-rw-rw-r-- 1 cristian cristian   11250 may 16 18:52 hybrid_p0_aggressive_c50_001_client_err.txt
-rw-rw-r-- 1 cristian cristian    1049 may 16 18:52 hybrid_p0_aggressive_c50_001_client.txt
-rw-rw-r-- 1 cristian cristian      69 may 16 18:52 hybrid_p0_aggressive_c50_001_docker_stats.csv
-rw-r--r-- 1 root     root        2025 may 16 18:52 hybrid_p0_aggressive_c50_001_pqc_client_2_client_err.txt
-rw-r--r-- 1 root     root       33261 may 16 18:52 hybrid_p0_aggressive_c50_001_pqc_client_2_client.txt
-rw-r--r-- 1 root     root          39 may 16 18:52 hybrid_p0_aggressive_c50_001_pqc_client_2_summary.txt
-rw-r--r-- 1 root     root        1800 may 16 18:52 hybrid_p0_aggressive_c50_001_pqc_client_3_client_err.txt
-rw-r--r-- 1 root     root       30674 may 16 18:52 hybrid_p0_aggressive_c50_001_pqc_client_3_client.txt
-rw-r--r-- 1 root     root          39 may 16 18:52 hybrid_p0_aggressive_c50_001_pqc_client_3_summary.txt
-rw-r--r-- 1 root     root        1800 may 16 18:52 hybrid_p0_aggressive_c50_001_pqc_client_4_client_err.txt
-rw-r--r-- 1 root     root       24022 may 16 18:52 hybrid_p0_aggressive_c50_001_pqc_client_4_client.txt
-rw-r--r-- 1 root     root          39 may 16 18:52 hybrid_p0_aggressive_c50_001_pqc_client_4_summary.txt
-rw-r--r-- 1 root     root        1800 may 16 18:52 hybrid_p0_aggressive_c50_001_pqc_client_5_client_err.txt
-rw-r--r-- 1 root     root       27348 may 16 18:52 hybrid_p0_aggressive_c50_001_pqc_client_5_client.txt
-rw-r--r-- 1 root     root          39 may 16 18:52 hybrid_p0_aggressive_c50_001_pqc_client_5_summary.txt
-rw-r--r-- 1 root     root        1800 may 16 18:52 hybrid_p0_aggressive_c50_001_pqc_client_6_client_err.txt
-rw-r--r-- 1 root     root       20696 may 16 18:52 hybrid_p0_aggressive_c50_001_pqc_client_6_client.txt
-rw-r--r-- 1 root     root          39 may 16 18:52 hybrid_p0_aggressive_c50_001_pqc_client_6_summary.txt
-rw-r--r-- 1 root     root        2025 may 16 18:52 hybrid_p0_aggressive_c50_001_pqc_client_client_err.txt
-rw-r--r-- 1 root     root       36587 may 16 18:52 hybrid_p0_aggressive_c50_001_pqc_client_client.txt
-rw-r--r-- 1 root     root          37 may 16 18:52 hybrid_p0_aggressive_c50_001_pqc_client_summary.txt
=== resumen por cliente ===
[*] Perfil poisson_jitter: llegadas no sincronizadas con Poisson+jitter
[*] pqc_client <= plan: 1:0.050624 7:0.050624 13:0.000000 19:0.000000 25:0.000000 31:0.000000 37:0.000000 43:0.000000 49:0.000000
[*] pqc_client_2 <= plan: 2:0.050624 8:0.000000 14:0.000000 20:0.000000 26:0.000000 32:0.000000 38:0.000000 44:0.000000 50:0.000000
[*] pqc_client_3 <= plan: 3:0.050624 9:0.000000 15:0.000000 21:0.000000 27:0.000000 33:0.000000 39:0.000000 45:0.000000
[*] pqc_client_4 <= plan: 4:0.050624 10:0.000000 16:0.000000 22:0.000000 28:0.000000 34:0.000000 40:0.000000 46:0.000000
[*] pqc_client_5 <= plan: 5:0.050624 11:0.000000 17:0.000000 23:0.000000 29:0.000000 35:0.000000 41:0.000000 47:0.000000
[*] pqc_client_6 <= plan: 6:0.050624 12:0.000000 18:0.000000 24:0.000000 30:0.000000 36:0.000000 42:0.000000 48:0.000000
client=pqc_client total=9 ok=9 err=0
client=pqc_client_2 total=9 ok=9 err=0
client=pqc_client_3 total=8 ok=8 err=0
client=pqc_client_4 total=8 ok=8 err=0
client=pqc_client_5 total=8 ok=8 err=0
client=pqc_client_6 total=8 ok=8 err=0
[*] Resumen guardado en: results/hybrid_p0_aggressive_c50_001_resource_summary.txt
RUN_ID: hybrid_p0_aggressive_c50_001
CSV: results/hybrid_p0_aggressive_c50_001_docker_stats.csv

=== Resumen CPU% y MEM% (avg / max) por contenedor ===
pqc_client_2 -> CPU avg=0.00%, CPU max=0.00%, MEM avg=0.03%, MEM max=0.03%
pqc_client_3 -> CPU avg=0.58%, CPU max=1.75%, MEM avg=0.04%, MEM max=0.04%
pqc_monitor -> CPU avg=0.12%, CPU max=0.20%, MEM avg=0.10%, MEM max=0.10%
pqc_client_4 -> CPU avg=1.98%, CPU max=5.93%, MEM avg=0.03%, MEM max=0.03%
pqc_client_5 -> CPU avg=2.10%, CPU max=6.29%, MEM avg=0.03%, MEM max=0.03%
pqc_server -> CPU avg=2.74%, CPU max=8.22%, MEM avg=0.11%, MEM max=0.11%
pqc_client_6 -> CPU avg=2.04%, CPU max=6.12%, MEM avg=0.08%, MEM max=0.08%
pqc_client -> CPU avg=0.00%, CPU max=0.00%, MEM avg=0.06%, MEM max=0.06%
[2026-05-16 18:52:35] [*] Parando captura en pqc_monitor para hybrid_p0_aggressive_c50_001
[*] Métricas TXT guardadas en results/hybrid_p0_aggressive_c50_001_metrics.txt
[*] Métricas CSV guardadas en results/hybrid_p0_aggressive_c50_001_metrics.csv
[2026-05-16 18:53:04] === RUN END: hybrid_p0_aggressive_c50_001 ===

[2026-05-16 18:53:04] === RUN START: hybrid_p0_aggressive_c50_002 ===
[2026-05-16 18:53:04] [*] Arrancando captura en pqc_monitor (eth0) para hybrid_p0_aggressive_c50_002
[*] Guardando muestras en: results/hybrid_p0_aggressive_c50_002_docker_stats.csv
[*] Ejecutando comando medido: bash -lc ./scripts/run_client_once_rafaga_hibrido.sh hybrid_p0_aggressive_c50_002 50; sleep 3
[*] Ráfaga híbrida completada: 50 conexiones en 6 clientes (poisson_jitter)
=== host results ===
-rw-rw-r-- 1 cristian cristian   11250 may 16 18:53 hybrid_p0_aggressive_c50_002_client_err.txt
-rw-rw-r-- 1 cristian cristian    1049 may 16 18:53 hybrid_p0_aggressive_c50_002_client.txt
-rw-rw-r-- 1 cristian cristian      69 may 16 18:53 hybrid_p0_aggressive_c50_002_docker_stats.csv
-rw-r--r-- 1 root     root        2025 may 16 18:53 hybrid_p0_aggressive_c50_002_pqc_client_2_client_err.txt
-rw-r--r-- 1 root     root       46565 may 16 18:53 hybrid_p0_aggressive_c50_002_pqc_client_2_client.txt
-rw-r--r-- 1 root     root          39 may 16 18:53 hybrid_p0_aggressive_c50_002_pqc_client_2_summary.txt
-rw-r--r-- 1 root     root        1800 may 16 18:53 hybrid_p0_aggressive_c50_002_pqc_client_3_client_err.txt
-rw-r--r-- 1 root     root       30674 may 16 18:53 hybrid_p0_aggressive_c50_002_pqc_client_3_client.txt
-rw-r--r-- 1 root     root          39 may 16 18:53 hybrid_p0_aggressive_c50_002_pqc_client_3_summary.txt
-rw-r--r-- 1 root     root        1800 may 16 18:53 hybrid_p0_aggressive_c50_002_pqc_client_4_client_err.txt
-rw-r--r-- 1 root     root       30674 may 16 18:53 hybrid_p0_aggressive_c50_002_pqc_client_4_client.txt
-rw-r--r-- 1 root     root          39 may 16 18:53 hybrid_p0_aggressive_c50_002_pqc_client_4_summary.txt
-rw-r--r-- 1 root     root        1800 may 16 18:53 hybrid_p0_aggressive_c50_002_pqc_client_5_client_err.txt
-rw-r--r-- 1 root     root       27348 may 16 18:53 hybrid_p0_aggressive_c50_002_pqc_client_5_client.txt
-rw-r--r-- 1 root     root          39 may 16 18:53 hybrid_p0_aggressive_c50_002_pqc_client_5_summary.txt
-rw-r--r-- 1 root     root        1800 may 16 18:53 hybrid_p0_aggressive_c50_002_pqc_client_6_client_err.txt
-rw-r--r-- 1 root     root       24022 may 16 18:53 hybrid_p0_aggressive_c50_002_pqc_client_6_client.txt
-rw-r--r-- 1 root     root          39 may 16 18:53 hybrid_p0_aggressive_c50_002_pqc_client_6_summary.txt
-rw-r--r-- 1 root     root        2025 may 16 18:53 hybrid_p0_aggressive_c50_002_pqc_client_client_err.txt
-rw-r--r-- 1 root     root       43239 may 16 18:53 hybrid_p0_aggressive_c50_002_pqc_client_client.txt
-rw-r--r-- 1 root     root          37 may 16 18:53 hybrid_p0_aggressive_c50_002_pqc_client_summary.txt
=== resumen por cliente ===
[*] Perfil poisson_jitter: llegadas no sincronizadas con Poisson+jitter
[*] pqc_client <= plan: 1:0.027647 7:0.027647 13:0.027647 19:0.027647 25:0.027647 31:0.027647 37:0.027647 43:0.027647 49:0.027647
[*] pqc_client_2 <= plan: 2:0.027647 8:0.027647 14:0.027647 20:0.027647 26:0.027647 32:0.027647 38:0.027647 44:0.027647 50:0.027647
[*] pqc_client_3 <= plan: 3:0.027647 9:0.027647 15:0.027647 21:0.027647 27:0.027647 33:0.027647 39:0.027647 45:0.027647
[*] pqc_client_4 <= plan: 4:0.027647 10:0.027647 16:0.027647 22:0.027647 28:0.027647 34:0.027647 40:0.027647 46:0.027647
[*] pqc_client_5 <= plan: 5:0.027647 11:0.027647 17:0.027647 23:0.027647 29:0.027647 35:0.027647 41:0.027647 47:0.027647
[*] pqc_client_6 <= plan: 6:0.027647 12:0.027647 18:0.027647 24:0.027647 30:0.027647 36:0.027647 42:0.027647 48:0.027647
client=pqc_client total=9 ok=9 err=0
client=pqc_client_2 total=9 ok=9 err=0
client=pqc_client_3 total=8 ok=8 err=0
client=pqc_client_4 total=8 ok=8 err=0
client=pqc_client_5 total=8 ok=8 err=0
client=pqc_client_6 total=8 ok=8 err=0
[*] Resumen guardado en: results/hybrid_p0_aggressive_c50_002_resource_summary.txt
RUN_ID: hybrid_p0_aggressive_c50_002
CSV: results/hybrid_p0_aggressive_c50_002_docker_stats.csv

=== Resumen CPU% y MEM% (avg / max) por contenedor ===
pqc_client_2 -> CPU avg=0.00%, CPU max=0.00%, MEM avg=0.03%, MEM max=0.03%
pqc_client_3 -> CPU avg=0.00%, CPU max=0.00%, MEM avg=0.04%, MEM max=0.04%
pqc_monitor -> CPU avg=0.19%, CPU max=0.32%, MEM avg=0.10%, MEM max=0.10%
pqc_client_4 -> CPU avg=0.83%, CPU max=2.49%, MEM avg=0.03%, MEM max=0.03%
pqc_client_5 -> CPU avg=1.76%, CPU max=5.29%, MEM avg=0.03%, MEM max=0.03%
pqc_server -> CPU avg=1.62%, CPU max=4.87%, MEM avg=0.11%, MEM max=0.11%
pqc_client_6 -> CPU avg=1.22%, CPU max=3.66%, MEM avg=0.08%, MEM max=0.08%
pqc_client -> CPU avg=0.00%, CPU max=0.00%, MEM avg=0.06%, MEM max=0.06%
[2026-05-16 18:53:17] [*] Parando captura en pqc_monitor para hybrid_p0_aggressive_c50_002
[*] Métricas TXT guardadas en results/hybrid_p0_aggressive_c50_002_metrics.txt
[*] Métricas CSV guardadas en results/hybrid_p0_aggressive_c50_002_metrics.csv
[2026-05-16 18:53:41] === RUN END: hybrid_p0_aggressive_c50_002 ===

[2026-05-16 18:53:41] === RUN START: hybrid_p0_aggressive_c50_003 ===
[2026-05-16 18:53:41] [*] Arrancando captura en pqc_monitor (eth0) para hybrid_p0_aggressive_c50_003
[*] Guardando muestras en: results/hybrid_p0_aggressive_c50_003_docker_stats.csv
[*] Ejecutando comando medido: bash -lc ./scripts/run_client_once_rafaga_hibrido.sh hybrid_p0_aggressive_c50_003 50; sleep 3
[*] Ráfaga híbrida completada: 50 conexiones en 6 clientes (poisson_jitter)
=== host results ===
-rw-rw-r-- 1 cristian cristian   11250 may 16 18:53 hybrid_p0_aggressive_c50_003_client_err.txt
-rw-rw-r-- 1 cristian cristian    1049 may 16 18:53 hybrid_p0_aggressive_c50_003_client.txt
-rw-rw-r-- 1 cristian cristian      69 may 16 18:53 hybrid_p0_aggressive_c50_003_docker_stats.csv
-rw-r--r-- 1 root     root        2025 may 16 18:53 hybrid_p0_aggressive_c50_003_pqc_client_2_client_err.txt
-rw-r--r-- 1 root     root       43239 may 16 18:53 hybrid_p0_aggressive_c50_003_pqc_client_2_client.txt
-rw-r--r-- 1 root     root          39 may 16 18:53 hybrid_p0_aggressive_c50_003_pqc_client_2_summary.txt
-rw-r--r-- 1 root     root        1800 may 16 18:53 hybrid_p0_aggressive_c50_003_pqc_client_3_client_err.txt
-rw-r--r-- 1 root     root       40652 may 16 18:53 hybrid_p0_aggressive_c50_003_pqc_client_3_client.txt
-rw-r--r-- 1 root     root          39 may 16 18:53 hybrid_p0_aggressive_c50_003_pqc_client_3_summary.txt
-rw-r--r-- 1 root     root        1800 may 16 18:53 hybrid_p0_aggressive_c50_003_pqc_client_4_client_err.txt
-rw-r--r-- 1 root     root       34000 may 16 18:53 hybrid_p0_aggressive_c50_003_pqc_client_4_client.txt
-rw-r--r-- 1 root     root          39 may 16 18:53 hybrid_p0_aggressive_c50_003_pqc_client_4_summary.txt
-rw-r--r-- 1 root     root        1800 may 16 18:53 hybrid_p0_aggressive_c50_003_pqc_client_5_client_err.txt
-rw-r--r-- 1 root     root       30674 may 16 18:53 hybrid_p0_aggressive_c50_003_pqc_client_5_client.txt
-rw-r--r-- 1 root     root          39 may 16 18:53 hybrid_p0_aggressive_c50_003_pqc_client_5_summary.txt
-rw-r--r-- 1 root     root        1800 may 16 18:53 hybrid_p0_aggressive_c50_003_pqc_client_6_client_err.txt
-rw-r--r-- 1 root     root       24022 may 16 18:53 hybrid_p0_aggressive_c50_003_pqc_client_6_client.txt
-rw-r--r-- 1 root     root          39 may 16 18:53 hybrid_p0_aggressive_c50_003_pqc_client_6_summary.txt
-rw-r--r-- 1 root     root        2025 may 16 18:53 hybrid_p0_aggressive_c50_003_pqc_client_client_err.txt
-rw-r--r-- 1 root     root       43239 may 16 18:53 hybrid_p0_aggressive_c50_003_pqc_client_client.txt
-rw-r--r-- 1 root     root          37 may 16 18:53 hybrid_p0_aggressive_c50_003_pqc_client_summary.txt
=== resumen por cliente ===
[*] Perfil poisson_jitter: llegadas no sincronizadas con Poisson+jitter
[*] pqc_client <= plan: 1:0.000000 7:0.000000 13:0.000000 19:0.000000 25:0.000000 31:0.000000 37:0.000000 43:0.000000 49:0.036806
[*] pqc_client_2 <= plan: 2:0.000000 8:0.000000 14:0.000000 20:0.000000 26:0.000000 32:0.000000 38:0.000000 44:0.000000 50:0.036806
[*] pqc_client_3 <= plan: 3:0.000000 9:0.000000 15:0.000000 21:0.000000 27:0.000000 33:0.000000 39:0.000000 45:0.000000
[*] pqc_client_4 <= plan: 4:0.000000 10:0.000000 16:0.000000 22:0.000000 28:0.000000 34:0.000000 40:0.000000 46:0.000000
[*] pqc_client_5 <= plan: 5:0.000000 11:0.000000 17:0.000000 23:0.000000 29:0.000000 35:0.000000 41:0.000000 47:0.036806
[*] pqc_client_6 <= plan: 6:0.000000 12:0.000000 18:0.000000 24:0.000000 30:0.000000 36:0.000000 42:0.000000 48:0.036806
client=pqc_client total=9 ok=9 err=0
client=pqc_client_2 total=9 ok=9 err=0
client=pqc_client_3 total=8 ok=8 err=0
client=pqc_client_4 total=8 ok=8 err=0
client=pqc_client_5 total=8 ok=8 err=0
client=pqc_client_6 total=8 ok=8 err=0
[*] Resumen guardado en: results/hybrid_p0_aggressive_c50_003_resource_summary.txt
RUN_ID: hybrid_p0_aggressive_c50_003
CSV: results/hybrid_p0_aggressive_c50_003_docker_stats.csv

=== Resumen CPU% y MEM% (avg / max) por contenedor ===
pqc_client_2 -> CPU avg=0.00%, CPU max=0.00%, MEM avg=0.03%, MEM max=0.03%
pqc_client_3 -> CPU avg=0.34%, CPU max=1.01%, MEM avg=0.04%, MEM max=0.04%
pqc_monitor -> CPU avg=0.11%, CPU max=0.27%, MEM avg=0.10%, MEM max=0.10%
pqc_client_4 -> CPU avg=1.74%, CPU max=5.21%, MEM avg=0.03%, MEM max=0.03%
pqc_client_5 -> CPU avg=2.55%, CPU max=7.65%, MEM avg=0.03%, MEM max=0.03%
pqc_server -> CPU avg=2.22%, CPU max=6.65%, MEM avg=0.11%, MEM max=0.11%
pqc_client_6 -> CPU avg=1.77%, CPU max=5.30%, MEM avg=0.08%, MEM max=0.08%
pqc_client -> CPU avg=0.00%, CPU max=0.00%, MEM avg=0.06%, MEM max=0.06%
[2026-05-16 18:53:54] [*] Parando captura en pqc_monitor para hybrid_p0_aggressive_c50_003
[*] Métricas TXT guardadas en results/hybrid_p0_aggressive_c50_003_metrics.txt
[*] Métricas CSV guardadas en results/hybrid_p0_aggressive_c50_003_metrics.csv
[2026-05-16 18:54:20] === RUN END: hybrid_p0_aggressive_c50_003 ===

[2026-05-16 18:54:20] === RUN START: hybrid_p0_aggressive_c50_004 ===
[2026-05-16 18:54:20] [*] Arrancando captura en pqc_monitor (eth0) para hybrid_p0_aggressive_c50_004
[*] Guardando muestras en: results/hybrid_p0_aggressive_c50_004_docker_stats.csv
[*] Ejecutando comando medido: bash -lc ./scripts/run_client_once_rafaga_hibrido.sh hybrid_p0_aggressive_c50_004 50; sleep 3
[*] Ráfaga híbrida completada: 50 conexiones en 6 clientes (poisson_jitter)
=== host results ===
-rw-rw-r-- 1 cristian cristian   11250 may 16 18:54 hybrid_p0_aggressive_c50_004_client_err.txt
-rw-rw-r-- 1 cristian cristian    1049 may 16 18:54 hybrid_p0_aggressive_c50_004_client.txt
-rw-rw-r-- 1 cristian cristian      69 may 16 18:54 hybrid_p0_aggressive_c50_004_docker_stats.csv
-rw-r--r-- 1 root     root        2025 may 16 18:54 hybrid_p0_aggressive_c50_004_pqc_client_2_client_err.txt
-rw-r--r-- 1 root     root       46565 may 16 18:54 hybrid_p0_aggressive_c50_004_pqc_client_2_client.txt
-rw-r--r-- 1 root     root          39 may 16 18:54 hybrid_p0_aggressive_c50_004_pqc_client_2_summary.txt
-rw-r--r-- 1 root     root        1800 may 16 18:54 hybrid_p0_aggressive_c50_004_pqc_client_3_client_err.txt
-rw-r--r-- 1 root     root       30674 may 16 18:54 hybrid_p0_aggressive_c50_004_pqc_client_3_client.txt
-rw-r--r-- 1 root     root          39 may 16 18:54 hybrid_p0_aggressive_c50_004_pqc_client_3_summary.txt
-rw-r--r-- 1 root     root        1800 may 16 18:54 hybrid_p0_aggressive_c50_004_pqc_client_4_client_err.txt
-rw-r--r-- 1 root     root       30674 may 16 18:54 hybrid_p0_aggressive_c50_004_pqc_client_4_client.txt
-rw-r--r-- 1 root     root          39 may 16 18:54 hybrid_p0_aggressive_c50_004_pqc_client_4_summary.txt
-rw-r--r-- 1 root     root        1800 may 16 18:54 hybrid_p0_aggressive_c50_004_pqc_client_5_client_err.txt
-rw-r--r-- 1 root     root       22359 may 16 18:54 hybrid_p0_aggressive_c50_004_pqc_client_5_client.txt
-rw-r--r-- 1 root     root          39 may 16 18:54 hybrid_p0_aggressive_c50_004_pqc_client_5_summary.txt
-rw-r--r-- 1 root     root        1800 may 16 18:54 hybrid_p0_aggressive_c50_004_pqc_client_6_client_err.txt
-rw-r--r-- 1 root     root       27348 may 16 18:54 hybrid_p0_aggressive_c50_004_pqc_client_6_client.txt
-rw-r--r-- 1 root     root          39 may 16 18:54 hybrid_p0_aggressive_c50_004_pqc_client_6_summary.txt
-rw-r--r-- 1 root     root        2025 may 16 18:54 hybrid_p0_aggressive_c50_004_pqc_client_client_err.txt
-rw-r--r-- 1 root     root       44902 may 16 18:54 hybrid_p0_aggressive_c50_004_pqc_client_client.txt
-rw-r--r-- 1 root     root          37 may 16 18:54 hybrid_p0_aggressive_c50_004_pqc_client_summary.txt
=== resumen por cliente ===
[*] Perfil poisson_jitter: llegadas no sincronizadas con Poisson+jitter
[*] pqc_client <= plan: 1:0.034492 7:0.034492 13:0.034492 19:0.034492 25:0.034492 31:0.034492 37:0.034492 43:0.034492 49:0.034492
[*] pqc_client_2 <= plan: 2:0.034492 8:0.034492 14:0.034492 20:0.034492 26:0.034492 32:0.034492 38:0.034492 44:0.034492 50:0.034492
[*] pqc_client_3 <= plan: 3:0.034492 9:0.034492 15:0.034492 21:0.034492 27:0.034492 33:0.034492 39:0.034492 45:0.034492
[*] pqc_client_4 <= plan: 4:0.034492 10:0.034492 16:0.034492 22:0.034492 28:0.034492 34:0.034492 40:0.034492 46:0.034492
[*] pqc_client_5 <= plan: 5:0.034492 11:0.034492 17:0.034492 23:0.034492 29:0.034492 35:0.034492 41:0.034492 47:0.034492
[*] pqc_client_6 <= plan: 6:0.034492 12:0.034492 18:0.034492 24:0.034492 30:0.034492 36:0.034492 42:0.034492 48:0.034492
client=pqc_client total=9 ok=9 err=0
client=pqc_client_2 total=9 ok=9 err=0
client=pqc_client_3 total=8 ok=8 err=0
client=pqc_client_4 total=8 ok=8 err=0
client=pqc_client_5 total=8 ok=8 err=0
client=pqc_client_6 total=8 ok=8 err=0
[*] Resumen guardado en: results/hybrid_p0_aggressive_c50_004_resource_summary.txt
RUN_ID: hybrid_p0_aggressive_c50_004
CSV: results/hybrid_p0_aggressive_c50_004_docker_stats.csv

=== Resumen CPU% y MEM% (avg / max) por contenedor ===
pqc_client_2 -> CPU avg=0.00%, CPU max=0.00%, MEM avg=0.03%, MEM max=0.03%
pqc_client_3 -> CPU avg=10.22%, CPU max=30.67%, MEM avg=0.04%, MEM max=0.04%
pqc_monitor -> CPU avg=0.11%, CPU max=0.15%, MEM avg=0.10%, MEM max=0.10%
pqc_client_4 -> CPU avg=8.73%, CPU max=26.20%, MEM avg=0.07%, MEM max=0.15%
pqc_client_5 -> CPU avg=8.39%, CPU max=25.17%, MEM avg=0.07%, MEM max=0.16%
pqc_server -> CPU avg=3.30%, CPU max=9.89%, MEM avg=0.11%, MEM max=0.11%
pqc_client_6 -> CPU avg=7.11%, CPU max=21.34%, MEM avg=0.14%, MEM max=0.27%
pqc_client -> CPU avg=0.00%, CPU max=0.00%, MEM avg=0.06%, MEM max=0.06%
[2026-05-16 18:54:32] [*] Parando captura en pqc_monitor para hybrid_p0_aggressive_c50_004
[*] Métricas TXT guardadas en results/hybrid_p0_aggressive_c50_004_metrics.txt
[*] Métricas CSV guardadas en results/hybrid_p0_aggressive_c50_004_metrics.csv
[2026-05-16 18:54:58] === RUN END: hybrid_p0_aggressive_c50_004 ===

[2026-05-16 18:54:58] === RUN START: hybrid_p0_aggressive_c50_005 ===
[2026-05-16 18:54:58] [*] Arrancando captura en pqc_monitor (eth0) para hybrid_p0_aggressive_c50_005
[*] Guardando muestras en: results/hybrid_p0_aggressive_c50_005_docker_stats.csv
[*] Ejecutando comando medido: bash -lc ./scripts/run_client_once_rafaga_hibrido.sh hybrid_p0_aggressive_c50_005 50; sleep 3
[*] Ráfaga híbrida completada: 50 conexiones en 6 clientes (poisson_jitter)
=== host results ===
-rw-rw-r-- 1 cristian cristian   11250 may 16 18:55 hybrid_p0_aggressive_c50_005_client_err.txt
-rw-rw-r-- 1 cristian cristian    1049 may 16 18:55 hybrid_p0_aggressive_c50_005_client.txt
-rw-rw-r-- 1 cristian cristian      69 may 16 18:54 hybrid_p0_aggressive_c50_005_docker_stats.csv
-rw-r--r-- 1 root     root        2025 may 16 18:55 hybrid_p0_aggressive_c50_005_pqc_client_2_client_err.txt
-rw-r--r-- 1 root     root       39913 may 16 18:55 hybrid_p0_aggressive_c50_005_pqc_client_2_client.txt
-rw-r--r-- 1 root     root          39 may 16 18:55 hybrid_p0_aggressive_c50_005_pqc_client_2_summary.txt
-rw-r--r-- 1 root     root        1800 may 16 18:55 hybrid_p0_aggressive_c50_005_pqc_client_3_client_err.txt
-rw-r--r-- 1 root     root       27348 may 16 18:55 hybrid_p0_aggressive_c50_005_pqc_client_3_client.txt
-rw-r--r-- 1 root     root          39 may 16 18:55 hybrid_p0_aggressive_c50_005_pqc_client_3_summary.txt
-rw-r--r-- 1 root     root        1800 may 16 18:55 hybrid_p0_aggressive_c50_005_pqc_client_4_client_err.txt
-rw-r--r-- 1 root     root       20696 may 16 18:55 hybrid_p0_aggressive_c50_005_pqc_client_4_client.txt
-rw-r--r-- 1 root     root          39 may 16 18:55 hybrid_p0_aggressive_c50_005_pqc_client_4_summary.txt
-rw-r--r-- 1 root     root        1800 may 16 18:55 hybrid_p0_aggressive_c50_005_pqc_client_5_client_err.txt
-rw-r--r-- 1 root     root       24022 may 16 18:55 hybrid_p0_aggressive_c50_005_pqc_client_5_client.txt
-rw-r--r-- 1 root     root          39 may 16 18:55 hybrid_p0_aggressive_c50_005_pqc_client_5_summary.txt
-rw-r--r-- 1 root     root        1800 may 16 18:55 hybrid_p0_aggressive_c50_005_pqc_client_6_client_err.txt
-rw-r--r-- 1 root     root       27348 may 16 18:55 hybrid_p0_aggressive_c50_005_pqc_client_6_client.txt
-rw-r--r-- 1 root     root          39 may 16 18:55 hybrid_p0_aggressive_c50_005_pqc_client_6_summary.txt
-rw-r--r-- 1 root     root        2025 may 16 18:55 hybrid_p0_aggressive_c50_005_pqc_client_client_err.txt
-rw-r--r-- 1 root     root       39913 may 16 18:55 hybrid_p0_aggressive_c50_005_pqc_client_client.txt
-rw-r--r-- 1 root     root          37 may 16 18:55 hybrid_p0_aggressive_c50_005_pqc_client_summary.txt
=== resumen por cliente ===
[*] Perfil poisson_jitter: llegadas no sincronizadas con Poisson+jitter
[*] pqc_client <= plan: 1:0.181322 7:0.181322 13:0.181322 19:0.181322 25:0.181322 31:0.181322 37:0.181322 43:0.181322 49:0.181322
[*] pqc_client_2 <= plan: 2:0.181322 8:0.181322 14:0.181322 20:0.181322 26:0.181322 32:0.181322 38:0.181322 44:0.181322 50:0.181322
[*] pqc_client_3 <= plan: 3:0.181322 9:0.181322 15:0.181322 21:0.181322 27:0.181322 33:0.181322 39:0.181322 45:0.181322
[*] pqc_client_4 <= plan: 4:0.181322 10:0.181322 16:0.181322 22:0.181322 28:0.181322 34:0.181322 40:0.181322 46:0.181322
[*] pqc_client_5 <= plan: 5:0.181322 11:0.181322 17:0.181322 23:0.181322 29:0.181322 35:0.181322 41:0.181322 47:0.181322
[*] pqc_client_6 <= plan: 6:0.181322 12:0.181322 18:0.181322 24:0.181322 30:0.181322 36:0.181322 42:0.181322 48:0.181322
client=pqc_client total=9 ok=9 err=0
client=pqc_client_2 total=9 ok=9 err=0
client=pqc_client_3 total=8 ok=8 err=0
client=pqc_client_4 total=8 ok=8 err=0
client=pqc_client_5 total=8 ok=8 err=0
client=pqc_client_6 total=8 ok=8 err=0
[*] Resumen guardado en: results/hybrid_p0_aggressive_c50_005_resource_summary.txt
RUN_ID: hybrid_p0_aggressive_c50_005
CSV: results/hybrid_p0_aggressive_c50_005_docker_stats.csv

=== Resumen CPU% y MEM% (avg / max) por contenedor ===
pqc_client_2 -> CPU avg=11.17%, CPU max=33.52%, MEM avg=0.03%, MEM max=0.04%
pqc_client_3 -> CPU avg=0.62%, CPU max=1.87%, MEM avg=0.04%, MEM max=0.04%
pqc_monitor -> CPU avg=0.15%, CPU max=0.25%, MEM avg=0.10%, MEM max=0.10%
pqc_client_4 -> CPU avg=1.90%, CPU max=5.71%, MEM avg=0.03%, MEM max=0.03%
pqc_client_5 -> CPU avg=1.97%, CPU max=5.90%, MEM avg=0.03%, MEM max=0.03%
pqc_server -> CPU avg=2.43%, CPU max=7.30%, MEM avg=0.11%, MEM max=0.11%
pqc_client_6 -> CPU avg=1.95%, CPU max=5.84%, MEM avg=0.08%, MEM max=0.08%
pqc_client -> CPU avg=0.00%, CPU max=0.00%, MEM avg=0.06%, MEM max=0.06%
[2026-05-16 18:55:10] [*] Parando captura en pqc_monitor para hybrid_p0_aggressive_c50_005
[*] Métricas TXT guardadas en results/hybrid_p0_aggressive_c50_005_metrics.txt
[*] Métricas CSV guardadas en results/hybrid_p0_aggressive_c50_005_metrics.csv
[2026-05-16 18:55:35] === RUN END: hybrid_p0_aggressive_c50_005 ===

[2026-05-16 18:55:35] === RUN START: hybrid_p0_soft_c50_001 ===
[2026-05-16 18:55:35] [*] Arrancando captura en pqc_monitor (eth0) para hybrid_p0_soft_c50_001
[*] Guardando muestras en: results/hybrid_p0_soft_c50_001_docker_stats.csv
[*] Ejecutando comando medido: bash -lc ./scripts/run_client_once_rafaga_hibrido.sh hybrid_p0_soft_c50_001 50; sleep 3
[*] Ráfaga híbrida completada: 50 conexiones en 6 clientes (poisson_jitter)
=== host results ===
-rw-rw-r-- 1 cristian cristian   11250 may 16 18:55 hybrid_p0_soft_c50_001_client_err.txt
-rw-rw-r-- 1 cristian cristian    1049 may 16 18:55 hybrid_p0_soft_c50_001_client.txt
-rw-rw-r-- 1 cristian cristian      69 may 16 18:55 hybrid_p0_soft_c50_001_docker_stats.csv
-rw-r--r-- 1 root     root        2025 may 16 18:55 hybrid_p0_soft_c50_001_pqc_client_2_client_err.txt
-rw-r--r-- 1 root     root       36587 may 16 18:55 hybrid_p0_soft_c50_001_pqc_client_2_client.txt
-rw-r--r-- 1 root     root          39 may 16 18:55 hybrid_p0_soft_c50_001_pqc_client_2_summary.txt
-rw-r--r-- 1 root     root        1800 may 16 18:55 hybrid_p0_soft_c50_001_pqc_client_3_client_err.txt
-rw-r--r-- 1 root     root       27348 may 16 18:55 hybrid_p0_soft_c50_001_pqc_client_3_client.txt
-rw-r--r-- 1 root     root          39 may 16 18:55 hybrid_p0_soft_c50_001_pqc_client_3_summary.txt
-rw-r--r-- 1 root     root        1800 may 16 18:55 hybrid_p0_soft_c50_001_pqc_client_4_client_err.txt
-rw-r--r-- 1 root     root       30674 may 16 18:55 hybrid_p0_soft_c50_001_pqc_client_4_client.txt
-rw-r--r-- 1 root     root          39 may 16 18:55 hybrid_p0_soft_c50_001_pqc_client_4_summary.txt
-rw-r--r-- 1 root     root        1800 may 16 18:55 hybrid_p0_soft_c50_001_pqc_client_5_client_err.txt
-rw-r--r-- 1 root     root       24022 may 16 18:55 hybrid_p0_soft_c50_001_pqc_client_5_client.txt
-rw-r--r-- 1 root     root          39 may 16 18:55 hybrid_p0_soft_c50_001_pqc_client_5_summary.txt
-rw-r--r-- 1 root     root        1800 may 16 18:55 hybrid_p0_soft_c50_001_pqc_client_6_client_err.txt
-rw-r--r-- 1 root     root       24022 may 16 18:55 hybrid_p0_soft_c50_001_pqc_client_6_client.txt
-rw-r--r-- 1 root     root          39 may 16 18:55 hybrid_p0_soft_c50_001_pqc_client_6_summary.txt
-rw-r--r-- 1 root     root        2025 may 16 18:55 hybrid_p0_soft_c50_001_pqc_client_client_err.txt
-rw-r--r-- 1 root     root       43239 may 16 18:55 hybrid_p0_soft_c50_001_pqc_client_client.txt
-rw-r--r-- 1 root     root          37 may 16 18:55 hybrid_p0_soft_c50_001_pqc_client_summary.txt
=== resumen por cliente ===
[*] Perfil poisson_jitter: llegadas no sincronizadas con Poisson+jitter
[*] pqc_client <= plan: 1:0.084876 7:0.084876 13:0.084876 19:0.084876 25:0.084876 31:0.084876 37:0.084876 43:0.084876 49:0.084876
[*] pqc_client_2 <= plan: 2:0.084876 8:0.084876 14:0.084876 20:0.084876 26:0.084876 32:0.084876 38:0.084876 44:0.084876 50:0.084876
[*] pqc_client_3 <= plan: 3:0.084876 9:0.084876 15:0.084876 21:0.084876 27:0.084876 33:0.084876 39:0.084876 45:0.084876
[*] pqc_client_4 <= plan: 4:0.084876 10:0.084876 16:0.084876 22:0.084876 28:0.084876 34:0.084876 40:0.084876 46:0.084876
[*] pqc_client_5 <= plan: 5:0.084876 11:0.084876 17:0.084876 23:0.084876 29:0.084876 35:0.084876 41:0.084876 47:0.084876
[*] pqc_client_6 <= plan: 6:0.084876 12:0.084876 18:0.084876 24:0.084876 30:0.084876 36:0.084876 42:0.084876 48:0.084876
client=pqc_client total=9 ok=9 err=0
client=pqc_client_2 total=9 ok=9 err=0
client=pqc_client_3 total=8 ok=8 err=0
client=pqc_client_4 total=8 ok=8 err=0
client=pqc_client_5 total=8 ok=8 err=0
client=pqc_client_6 total=8 ok=8 err=0
[*] Resumen guardado en: results/hybrid_p0_soft_c50_001_resource_summary.txt
RUN_ID: hybrid_p0_soft_c50_001
CSV: results/hybrid_p0_soft_c50_001_docker_stats.csv

=== Resumen CPU% y MEM% (avg / max) por contenedor ===
pqc_client_2 -> CPU avg=1.11%, CPU max=3.33%, MEM avg=0.03%, MEM max=0.03%
pqc_client_3 -> CPU avg=0.96%, CPU max=2.88%, MEM avg=0.04%, MEM max=0.04%
pqc_monitor -> CPU avg=0.14%, CPU max=0.31%, MEM avg=0.10%, MEM max=0.10%
pqc_client_4 -> CPU avg=1.36%, CPU max=4.07%, MEM avg=0.03%, MEM max=0.03%
pqc_client_5 -> CPU avg=2.43%, CPU max=7.29%, MEM avg=0.03%, MEM max=0.03%
pqc_server -> CPU avg=2.70%, CPU max=8.11%, MEM avg=0.11%, MEM max=0.11%
pqc_client_6 -> CPU avg=1.99%, CPU max=5.98%, MEM avg=0.08%, MEM max=0.08%
pqc_client -> CPU avg=0.00%, CPU max=0.00%, MEM avg=0.06%, MEM max=0.06%
[2026-05-16 18:55:48] [*] Parando captura en pqc_monitor para hybrid_p0_soft_c50_001
[*] Métricas TXT guardadas en results/hybrid_p0_soft_c50_001_metrics.txt
[*] Métricas CSV guardadas en results/hybrid_p0_soft_c50_001_metrics.csv
[2026-05-16 18:56:19] === RUN END: hybrid_p0_soft_c50_001 ===

[2026-05-16 18:56:19] === RUN START: hybrid_p0_soft_c50_002 ===
[2026-05-16 18:56:19] [*] Arrancando captura en pqc_monitor (eth0) para hybrid_p0_soft_c50_002
[*] Guardando muestras en: results/hybrid_p0_soft_c50_002_docker_stats.csv
[*] Ejecutando comando medido: bash -lc ./scripts/run_client_once_rafaga_hibrido.sh hybrid_p0_soft_c50_002 50; sleep 3
[*] Ráfaga híbrida completada: 50 conexiones en 6 clientes (poisson_jitter)
=== host results ===
-rw-rw-r-- 1 cristian cristian   11250 may 16 18:56 hybrid_p0_soft_c50_002_client_err.txt
-rw-rw-r-- 1 cristian cristian    1049 may 16 18:56 hybrid_p0_soft_c50_002_client.txt
-rw-rw-r-- 1 cristian cristian      69 may 16 18:56 hybrid_p0_soft_c50_002_docker_stats.csv
-rw-r--r-- 1 root     root        2025 may 16 18:56 hybrid_p0_soft_c50_002_pqc_client_2_client_err.txt
-rw-r--r-- 1 root     root       39913 may 16 18:56 hybrid_p0_soft_c50_002_pqc_client_2_client.txt
-rw-r--r-- 1 root     root          39 may 16 18:56 hybrid_p0_soft_c50_002_pqc_client_2_summary.txt
-rw-r--r-- 1 root     root        1800 may 16 18:56 hybrid_p0_soft_c50_002_pqc_client_3_client_err.txt
-rw-r--r-- 1 root     root       34000 may 16 18:56 hybrid_p0_soft_c50_002_pqc_client_3_client.txt
-rw-r--r-- 1 root     root          39 may 16 18:56 hybrid_p0_soft_c50_002_pqc_client_3_summary.txt
-rw-r--r-- 1 root     root        1800 may 16 18:56 hybrid_p0_soft_c50_002_pqc_client_4_client_err.txt
-rw-r--r-- 1 root     root       27348 may 16 18:56 hybrid_p0_soft_c50_002_pqc_client_4_client.txt
-rw-r--r-- 1 root     root          39 may 16 18:56 hybrid_p0_soft_c50_002_pqc_client_4_summary.txt
-rw-r--r-- 1 root     root        1800 may 16 18:56 hybrid_p0_soft_c50_002_pqc_client_5_client_err.txt
-rw-r--r-- 1 root     root       30674 may 16 18:56 hybrid_p0_soft_c50_002_pqc_client_5_client.txt
-rw-r--r-- 1 root     root          39 may 16 18:56 hybrid_p0_soft_c50_002_pqc_client_5_summary.txt
-rw-r--r-- 1 root     root        1800 may 16 18:56 hybrid_p0_soft_c50_002_pqc_client_6_client_err.txt
-rw-r--r-- 1 root     root       30674 may 16 18:56 hybrid_p0_soft_c50_002_pqc_client_6_client.txt
-rw-r--r-- 1 root     root          39 may 16 18:56 hybrid_p0_soft_c50_002_pqc_client_6_summary.txt
-rw-r--r-- 1 root     root        2025 may 16 18:56 hybrid_p0_soft_c50_002_pqc_client_client_err.txt
-rw-r--r-- 1 root     root       39913 may 16 18:56 hybrid_p0_soft_c50_002_pqc_client_client.txt
-rw-r--r-- 1 root     root          37 may 16 18:56 hybrid_p0_soft_c50_002_pqc_client_summary.txt
=== resumen por cliente ===
[*] Perfil poisson_jitter: llegadas no sincronizadas con Poisson+jitter
[*] pqc_client <= plan: 1:0.045723 7:0.045723 13:0.045723 19:0.045723 25:0.246043 31:0.246043 37:0.246043 43:0.246043 49:0.246043
[*] pqc_client_2 <= plan: 2:0.045723 8:0.045723 14:0.045723 20:0.045723 26:0.246043 32:0.246043 38:0.246043 44:0.246043 50:0.246043
[*] pqc_client_3 <= plan: 3:0.045723 9:0.045723 15:0.045723 21:0.045723 27:0.246043 33:0.246043 39:0.246043 45:0.246043
[*] pqc_client_4 <= plan: 4:0.045723 10:0.045723 16:0.045723 22:0.045723 28:0.246043 34:0.246043 40:0.246043 46:0.246043
[*] pqc_client_5 <= plan: 5:0.045723 11:0.045723 17:0.045723 23:0.045723 29:0.246043 35:0.246043 41:0.246043 47:0.246043
[*] pqc_client_6 <= plan: 6:0.045723 12:0.045723 18:0.045723 24:0.045723 30:0.246043 36:0.246043 42:0.246043 48:0.246043
client=pqc_client total=9 ok=9 err=0
client=pqc_client_2 total=9 ok=9 err=0
client=pqc_client_3 total=8 ok=8 err=0
client=pqc_client_4 total=8 ok=8 err=0
client=pqc_client_5 total=8 ok=8 err=0
client=pqc_client_6 total=8 ok=8 err=0
[*] Resumen guardado en: results/hybrid_p0_soft_c50_002_resource_summary.txt
RUN_ID: hybrid_p0_soft_c50_002
CSV: results/hybrid_p0_soft_c50_002_docker_stats.csv

=== Resumen CPU% y MEM% (avg / max) por contenedor ===
pqc_client_2 -> CPU avg=0.53%, CPU max=1.60%, MEM avg=0.04%, MEM max=0.04%
pqc_client_3 -> CPU avg=3.29%, CPU max=9.87%, MEM avg=0.04%, MEM max=0.04%
pqc_monitor -> CPU avg=0.17%, CPU max=0.30%, MEM avg=0.10%, MEM max=0.10%
pqc_client_4 -> CPU avg=2.60%, CPU max=7.80%, MEM avg=0.03%, MEM max=0.03%
pqc_client_5 -> CPU avg=3.50%, CPU max=10.49%, MEM avg=0.03%, MEM max=0.03%
pqc_server -> CPU avg=1.76%, CPU max=5.28%, MEM avg=0.11%, MEM max=0.11%
pqc_client_6 -> CPU avg=3.83%, CPU max=11.49%, MEM avg=0.09%, MEM max=0.09%
pqc_client -> CPU avg=0.00%, CPU max=0.00%, MEM avg=0.06%, MEM max=0.06%
[2026-05-16 18:56:31] [*] Parando captura en pqc_monitor para hybrid_p0_soft_c50_002
[*] Métricas TXT guardadas en results/hybrid_p0_soft_c50_002_metrics.txt
[*] Métricas CSV guardadas en results/hybrid_p0_soft_c50_002_metrics.csv
[2026-05-16 18:56:59] === RUN END: hybrid_p0_soft_c50_002 ===

[2026-05-16 18:56:59] === RUN START: hybrid_p0_soft_c50_003 ===
[2026-05-16 18:56:59] [*] Arrancando captura en pqc_monitor (eth0) para hybrid_p0_soft_c50_003
[*] Guardando muestras en: results/hybrid_p0_soft_c50_003_docker_stats.csv
[*] Ejecutando comando medido: bash -lc ./scripts/run_client_once_rafaga_hibrido.sh hybrid_p0_soft_c50_003 50; sleep 3
[*] Ráfaga híbrida completada: 50 conexiones en 6 clientes (poisson_jitter)
=== host results ===
-rw-rw-r-- 1 cristian cristian   11250 may 16 18:57 hybrid_p0_soft_c50_003_client_err.txt
-rw-rw-r-- 1 cristian cristian    1049 may 16 18:57 hybrid_p0_soft_c50_003_client.txt
-rw-rw-r-- 1 cristian cristian      69 may 16 18:57 hybrid_p0_soft_c50_003_docker_stats.csv
-rw-r--r-- 1 root     root        2025 may 16 18:57 hybrid_p0_soft_c50_003_pqc_client_2_client_err.txt
-rw-r--r-- 1 root     root       36587 may 16 18:57 hybrid_p0_soft_c50_003_pqc_client_2_client.txt
-rw-r--r-- 1 root     root          39 may 16 18:57 hybrid_p0_soft_c50_003_pqc_client_2_summary.txt
-rw-r--r-- 1 root     root        1800 may 16 18:57 hybrid_p0_soft_c50_003_pqc_client_3_client_err.txt
-rw-r--r-- 1 root     root       37326 may 16 18:57 hybrid_p0_soft_c50_003_pqc_client_3_client.txt
-rw-r--r-- 1 root     root          39 may 16 18:57 hybrid_p0_soft_c50_003_pqc_client_3_summary.txt
-rw-r--r-- 1 root     root        1800 may 16 18:57 hybrid_p0_soft_c50_003_pqc_client_4_client_err.txt
-rw-r--r-- 1 root     root       24022 may 16 18:57 hybrid_p0_soft_c50_003_pqc_client_4_client.txt
-rw-r--r-- 1 root     root          39 may 16 18:57 hybrid_p0_soft_c50_003_pqc_client_4_summary.txt
-rw-r--r-- 1 root     root        1800 may 16 18:57 hybrid_p0_soft_c50_003_pqc_client_5_client_err.txt
-rw-r--r-- 1 root     root       24022 may 16 18:57 hybrid_p0_soft_c50_003_pqc_client_5_client.txt
-rw-r--r-- 1 root     root          39 may 16 18:57 hybrid_p0_soft_c50_003_pqc_client_5_summary.txt
-rw-r--r-- 1 root     root        1800 may 16 18:57 hybrid_p0_soft_c50_003_pqc_client_6_client_err.txt
-rw-r--r-- 1 root     root       24022 may 16 18:57 hybrid_p0_soft_c50_003_pqc_client_6_client.txt
-rw-r--r-- 1 root     root          39 may 16 18:57 hybrid_p0_soft_c50_003_pqc_client_6_summary.txt
-rw-r--r-- 1 root     root        2025 may 16 18:57 hybrid_p0_soft_c50_003_pqc_client_client_err.txt
-rw-r--r-- 1 root     root       46565 may 16 18:57 hybrid_p0_soft_c50_003_pqc_client_client.txt
-rw-r--r-- 1 root     root          37 may 16 18:57 hybrid_p0_soft_c50_003_pqc_client_summary.txt
=== resumen por cliente ===
[*] Perfil poisson_jitter: llegadas no sincronizadas con Poisson+jitter
[*] pqc_client <= plan: 1:0.000000 7:0.000000 13:0.000000 19:0.000000 25:0.000000 31:0.000000 37:0.000000 43:0.000000 49:0.000000
[*] pqc_client_2 <= plan: 2:0.000000 8:0.000000 14:0.000000 20:0.000000 26:0.000000 32:0.000000 38:0.000000 44:0.000000 50:0.000000
[*] pqc_client_3 <= plan: 3:0.000000 9:0.000000 15:0.000000 21:0.000000 27:0.000000 33:0.000000 39:0.000000 45:0.000000
[*] pqc_client_4 <= plan: 4:0.000000 10:0.000000 16:0.000000 22:0.000000 28:0.000000 34:0.000000 40:0.000000 46:0.000000
[*] pqc_client_5 <= plan: 5:0.000000 11:0.000000 17:0.000000 23:0.000000 29:0.000000 35:0.000000 41:0.000000 47:0.000000
[*] pqc_client_6 <= plan: 6:0.000000 12:0.000000 18:0.000000 24:0.000000 30:0.000000 36:0.000000 42:0.000000 48:0.000000
client=pqc_client total=9 ok=9 err=0
client=pqc_client_2 total=9 ok=9 err=0
client=pqc_client_3 total=8 ok=8 err=0
client=pqc_client_4 total=8 ok=8 err=0
client=pqc_client_5 total=8 ok=8 err=0
client=pqc_client_6 total=8 ok=8 err=0
[*] Resumen guardado en: results/hybrid_p0_soft_c50_003_resource_summary.txt
RUN_ID: hybrid_p0_soft_c50_003
CSV: results/hybrid_p0_soft_c50_003_docker_stats.csv

=== Resumen CPU% y MEM% (avg / max) por contenedor ===
pqc_client_2 -> CPU avg=1.40%, CPU max=4.19%, MEM avg=0.04%, MEM max=0.04%
pqc_client_3 -> CPU avg=1.26%, CPU max=3.79%, MEM avg=0.04%, MEM max=0.04%
pqc_monitor -> CPU avg=0.18%, CPU max=0.40%, MEM avg=0.10%, MEM max=0.10%
pqc_client_4 -> CPU avg=10.19%, CPU max=30.56%, MEM avg=0.07%, MEM max=0.15%
pqc_client_5 -> CPU avg=2.24%, CPU max=6.73%, MEM avg=0.03%, MEM max=0.03%
pqc_server -> CPU avg=3.29%, CPU max=9.88%, MEM avg=0.11%, MEM max=0.11%
pqc_client_6 -> CPU avg=1.95%, CPU max=5.86%, MEM avg=0.09%, MEM max=0.09%
pqc_client -> CPU avg=0.00%, CPU max=0.00%, MEM avg=0.06%, MEM max=0.06%
[2026-05-16 18:57:12] [*] Parando captura en pqc_monitor para hybrid_p0_soft_c50_003
[*] Métricas TXT guardadas en results/hybrid_p0_soft_c50_003_metrics.txt
[*] Métricas CSV guardadas en results/hybrid_p0_soft_c50_003_metrics.csv
[2026-05-16 18:57:38] === RUN END: hybrid_p0_soft_c50_003 ===

[2026-05-16 18:57:38] === RUN START: hybrid_p0_soft_c50_004 ===
[2026-05-16 18:57:38] [*] Arrancando captura en pqc_monitor (eth0) para hybrid_p0_soft_c50_004
[*] Guardando muestras en: results/hybrid_p0_soft_c50_004_docker_stats.csv
[*] Ejecutando comando medido: bash -lc ./scripts/run_client_once_rafaga_hibrido.sh hybrid_p0_soft_c50_004 50; sleep 3
[*] Ráfaga híbrida completada: 50 conexiones en 6 clientes (poisson_jitter)
=== host results ===
-rw-rw-r-- 1 cristian cristian   11250 may 16 18:57 hybrid_p0_soft_c50_004_client_err.txt
-rw-rw-r-- 1 cristian cristian    1049 may 16 18:57 hybrid_p0_soft_c50_004_client.txt
-rw-rw-r-- 1 cristian cristian      69 may 16 18:57 hybrid_p0_soft_c50_004_docker_stats.csv
-rw-r--r-- 1 root     root        2025 may 16 18:57 hybrid_p0_soft_c50_004_pqc_client_2_client_err.txt
-rw-r--r-- 1 root     root       33261 may 16 18:57 hybrid_p0_soft_c50_004_pqc_client_2_client.txt
-rw-r--r-- 1 root     root          39 may 16 18:57 hybrid_p0_soft_c50_004_pqc_client_2_summary.txt
-rw-r--r-- 1 root     root        1800 may 16 18:57 hybrid_p0_soft_c50_004_pqc_client_3_client_err.txt
-rw-r--r-- 1 root     root       40652 may 16 18:57 hybrid_p0_soft_c50_004_pqc_client_3_client.txt
-rw-r--r-- 1 root     root          39 may 16 18:57 hybrid_p0_soft_c50_004_pqc_client_3_summary.txt
-rw-r--r-- 1 root     root        1800 may 16 18:57 hybrid_p0_soft_c50_004_pqc_client_4_client_err.txt
-rw-r--r-- 1 root     root       20696 may 16 18:57 hybrid_p0_soft_c50_004_pqc_client_4_client.txt
-rw-r--r-- 1 root     root          39 may 16 18:57 hybrid_p0_soft_c50_004_pqc_client_4_summary.txt
-rw-r--r-- 1 root     root        1800 may 16 18:57 hybrid_p0_soft_c50_004_pqc_client_5_client_err.txt
-rw-r--r-- 1 root     root       20696 may 16 18:57 hybrid_p0_soft_c50_004_pqc_client_5_client.txt
-rw-r--r-- 1 root     root          39 may 16 18:57 hybrid_p0_soft_c50_004_pqc_client_5_summary.txt
-rw-r--r-- 1 root     root        1800 may 16 18:57 hybrid_p0_soft_c50_004_pqc_client_6_client_err.txt
-rw-r--r-- 1 root     root       20696 may 16 18:57 hybrid_p0_soft_c50_004_pqc_client_6_client.txt
-rw-r--r-- 1 root     root          39 may 16 18:57 hybrid_p0_soft_c50_004_pqc_client_6_summary.txt
-rw-r--r-- 1 root     root        2025 may 16 18:57 hybrid_p0_soft_c50_004_pqc_client_client_err.txt
-rw-r--r-- 1 root     root       33261 may 16 18:57 hybrid_p0_soft_c50_004_pqc_client_client.txt
-rw-r--r-- 1 root     root          37 may 16 18:57 hybrid_p0_soft_c50_004_pqc_client_summary.txt
=== resumen por cliente ===
[*] Perfil poisson_jitter: llegadas no sincronizadas con Poisson+jitter
[*] pqc_client <= plan: 1:0.065336 7:0.065336 13:0.065336 19:0.093525 25:0.093525 31:0.093525 37:0.093525 43:0.093525 49:0.093525
[*] pqc_client_2 <= plan: 2:0.065336 8:0.065336 14:0.065336 20:0.093525 26:0.093525 32:0.093525 38:0.093525 44:0.093525 50:0.093525
[*] pqc_client_3 <= plan: 3:0.065336 9:0.065336 15:0.065336 21:0.093525 27:0.093525 33:0.093525 39:0.093525 45:0.093525
[*] pqc_client_4 <= plan: 4:0.065336 10:0.065336 16:0.093525 22:0.093525 28:0.093525 34:0.093525 40:0.093525 46:0.093525
[*] pqc_client_5 <= plan: 5:0.065336 11:0.065336 17:0.093525 23:0.093525 29:0.093525 35:0.093525 41:0.093525 47:0.093525
[*] pqc_client_6 <= plan: 6:0.065336 12:0.065336 18:0.093525 24:0.093525 30:0.093525 36:0.093525 42:0.093525 48:0.093525
client=pqc_client total=9 ok=9 err=0
client=pqc_client_2 total=9 ok=9 err=0
client=pqc_client_3 total=8 ok=8 err=0
client=pqc_client_4 total=8 ok=8 err=0
client=pqc_client_5 total=8 ok=8 err=0
client=pqc_client_6 total=8 ok=8 err=0
[*] Resumen guardado en: results/hybrid_p0_soft_c50_004_resource_summary.txt
RUN_ID: hybrid_p0_soft_c50_004
CSV: results/hybrid_p0_soft_c50_004_docker_stats.csv

=== Resumen CPU% y MEM% (avg / max) por contenedor ===
pqc_client_2 -> CPU avg=1.79%, CPU max=5.37%, MEM avg=0.04%, MEM max=0.04%
pqc_client_3 -> CPU avg=0.59%, CPU max=1.77%, MEM avg=0.04%, MEM max=0.04%
pqc_monitor -> CPU avg=0.16%, CPU max=0.17%, MEM avg=0.10%, MEM max=0.10%
pqc_client_4 -> CPU avg=1.44%, CPU max=4.32%, MEM avg=0.03%, MEM max=0.03%
pqc_client_5 -> CPU avg=1.99%, CPU max=5.96%, MEM avg=0.03%, MEM max=0.03%
pqc_server -> CPU avg=2.80%, CPU max=8.40%, MEM avg=0.11%, MEM max=0.11%
pqc_client_6 -> CPU avg=1.97%, CPU max=5.92%, MEM avg=0.09%, MEM max=0.09%
pqc_client -> CPU avg=0.00%, CPU max=0.00%, MEM avg=0.06%, MEM max=0.06%
[2026-05-16 18:57:50] [*] Parando captura en pqc_monitor para hybrid_p0_soft_c50_004
[*] Métricas TXT guardadas en results/hybrid_p0_soft_c50_004_metrics.txt
[*] Métricas CSV guardadas en results/hybrid_p0_soft_c50_004_metrics.csv
[2026-05-16 18:58:16] === RUN END: hybrid_p0_soft_c50_004 ===

[2026-05-16 18:58:16] === RUN START: hybrid_p0_soft_c50_005 ===
[2026-05-16 18:58:16] [*] Arrancando captura en pqc_monitor (eth0) para hybrid_p0_soft_c50_005
[*] Guardando muestras en: results/hybrid_p0_soft_c50_005_docker_stats.csv
[*] Ejecutando comando medido: bash -lc ./scripts/run_client_once_rafaga_hibrido.sh hybrid_p0_soft_c50_005 50; sleep 3
[*] Ráfaga híbrida completada: 50 conexiones en 6 clientes (poisson_jitter)
=== host results ===
-rw-rw-r-- 1 cristian cristian   11250 may 16 18:58 hybrid_p0_soft_c50_005_client_err.txt
-rw-rw-r-- 1 cristian cristian    1049 may 16 18:58 hybrid_p0_soft_c50_005_client.txt
-rw-rw-r-- 1 cristian cristian      69 may 16 18:58 hybrid_p0_soft_c50_005_docker_stats.csv
-rw-r--r-- 1 root     root        2025 may 16 18:58 hybrid_p0_soft_c50_005_pqc_client_2_client_err.txt
-rw-r--r-- 1 root     root       43239 may 16 18:58 hybrid_p0_soft_c50_005_pqc_client_2_client.txt
-rw-r--r-- 1 root     root          39 may 16 18:58 hybrid_p0_soft_c50_005_pqc_client_2_summary.txt
-rw-r--r-- 1 root     root        1800 may 16 18:58 hybrid_p0_soft_c50_005_pqc_client_3_client_err.txt
-rw-r--r-- 1 root     root       37326 may 16 18:58 hybrid_p0_soft_c50_005_pqc_client_3_client.txt
-rw-r--r-- 1 root     root          39 may 16 18:58 hybrid_p0_soft_c50_005_pqc_client_3_summary.txt
-rw-r--r-- 1 root     root        1800 may 16 18:58 hybrid_p0_soft_c50_005_pqc_client_4_client_err.txt
-rw-r--r-- 1 root     root       27348 may 16 18:58 hybrid_p0_soft_c50_005_pqc_client_4_client.txt
-rw-r--r-- 1 root     root          39 may 16 18:58 hybrid_p0_soft_c50_005_pqc_client_4_summary.txt
-rw-r--r-- 1 root     root        1800 may 16 18:58 hybrid_p0_soft_c50_005_pqc_client_5_client_err.txt
-rw-r--r-- 1 root     root       24022 may 16 18:58 hybrid_p0_soft_c50_005_pqc_client_5_client.txt
-rw-r--r-- 1 root     root          39 may 16 18:58 hybrid_p0_soft_c50_005_pqc_client_5_summary.txt
-rw-r--r-- 1 root     root        1800 may 16 18:58 hybrid_p0_soft_c50_005_pqc_client_6_client_err.txt
-rw-r--r-- 1 root     root       24022 may 16 18:58 hybrid_p0_soft_c50_005_pqc_client_6_client.txt
-rw-r--r-- 1 root     root          39 may 16 18:58 hybrid_p0_soft_c50_005_pqc_client_6_summary.txt
-rw-r--r-- 1 root     root        2025 may 16 18:58 hybrid_p0_soft_c50_005_pqc_client_client_err.txt
-rw-r--r-- 1 root     root       43239 may 16 18:58 hybrid_p0_soft_c50_005_pqc_client_client.txt
-rw-r--r-- 1 root     root          37 may 16 18:58 hybrid_p0_soft_c50_005_pqc_client_summary.txt
=== resumen por cliente ===
[*] Perfil poisson_jitter: llegadas no sincronizadas con Poisson+jitter
[*] pqc_client <= plan: 1:0.066669 7:0.066669 13:0.066669 19:0.066669 25:0.066669 31:0.088981 37:0.088981 43:0.088981 49:0.088981
[*] pqc_client_2 <= plan: 2:0.066669 8:0.066669 14:0.066669 20:0.066669 26:0.066669 32:0.088981 38:0.088981 44:0.088981 50:0.088981
[*] pqc_client_3 <= plan: 3:0.066669 9:0.066669 15:0.066669 21:0.066669 27:0.066669 33:0.088981 39:0.088981 45:0.088981
[*] pqc_client_4 <= plan: 4:0.066669 10:0.066669 16:0.066669 22:0.066669 28:0.066669 34:0.088981 40:0.088981 46:0.088981
[*] pqc_client_5 <= plan: 5:0.066669 11:0.066669 17:0.066669 23:0.066669 29:0.066669 35:0.088981 41:0.088981 47:0.088981
[*] pqc_client_6 <= plan: 6:0.066669 12:0.066669 18:0.066669 24:0.066669 30:0.088981 36:0.088981 42:0.088981 48:0.088981
client=pqc_client total=9 ok=9 err=0
client=pqc_client_2 total=9 ok=9 err=0
client=pqc_client_3 total=8 ok=8 err=0
client=pqc_client_4 total=8 ok=8 err=0
client=pqc_client_5 total=8 ok=8 err=0
client=pqc_client_6 total=8 ok=8 err=0
[*] Resumen guardado en: results/hybrid_p0_soft_c50_005_resource_summary.txt
RUN_ID: hybrid_p0_soft_c50_005
CSV: results/hybrid_p0_soft_c50_005_docker_stats.csv

=== Resumen CPU% y MEM% (avg / max) por contenedor ===
pqc_client_2 -> CPU avg=0.91%, CPU max=2.74%, MEM avg=0.04%, MEM max=0.04%
pqc_client_3 -> CPU avg=0.00%, CPU max=0.00%, MEM avg=0.04%, MEM max=0.04%
pqc_monitor -> CPU avg=0.12%, CPU max=0.20%, MEM avg=0.10%, MEM max=0.10%
pqc_client_4 -> CPU avg=8.19%, CPU max=24.58%, MEM avg=0.09%, MEM max=0.22%
pqc_client_5 -> CPU avg=1.90%, CPU max=5.69%, MEM avg=0.04%, MEM max=0.04%
pqc_server -> CPU avg=2.60%, CPU max=7.80%, MEM avg=0.11%, MEM max=0.11%
pqc_client_6 -> CPU avg=4.25%, CPU max=12.76%, MEM avg=0.09%, MEM max=0.09%
pqc_client -> CPU avg=0.00%, CPU max=0.00%, MEM avg=0.06%, MEM max=0.06%
[2026-05-16 18:58:30] [*] Parando captura en pqc_monitor para hybrid_p0_soft_c50_005
[*] Métricas TXT guardadas en results/hybrid_p0_soft_c50_005_metrics.txt
[*] Métricas CSV guardadas en results/hybrid_p0_soft_c50_005_metrics.csv
[2026-05-16 18:58:55] === RUN END: hybrid_p0_soft_c50_005 ===

[2026-05-16 18:58:55] === RUN START: hybrid_p0_stress_c50_001 ===
[2026-05-16 18:58:55] [*] Arrancando captura en pqc_monitor (eth0) para hybrid_p0_stress_c50_001
[*] Guardando muestras en: results/hybrid_p0_stress_c50_001_docker_stats.csv
[*] Ejecutando comando medido: bash -lc ./scripts/run_client_once_rafaga_hibrido.sh hybrid_p0_stress_c50_001 50; sleep 3
[*] Ráfaga híbrida completada: 50 conexiones en 6 clientes (stress)
=== host results ===
-rw-rw-r-- 1 cristian cristian   11250 may 16 18:58 hybrid_p0_stress_c50_001_client_err.txt
-rw-rw-r-- 1 cristian cristian     690 may 16 18:58 hybrid_p0_stress_c50_001_client.txt
-rw-rw-r-- 1 cristian cristian      69 may 16 18:58 hybrid_p0_stress_c50_001_docker_stats.csv
-rw-r--r-- 1 root     root        2025 may 16 18:58 hybrid_p0_stress_c50_001_pqc_client_2_client_err.txt
-rw-r--r-- 1 root     root       33261 may 16 18:58 hybrid_p0_stress_c50_001_pqc_client_2_client.txt
-rw-r--r-- 1 root     root          39 may 16 18:58 hybrid_p0_stress_c50_001_pqc_client_2_summary.txt
-rw-r--r-- 1 root     root        1800 may 16 18:58 hybrid_p0_stress_c50_001_pqc_client_3_client_err.txt
-rw-r--r-- 1 root     root       34000 may 16 18:58 hybrid_p0_stress_c50_001_pqc_client_3_client.txt
-rw-r--r-- 1 root     root          39 may 16 18:58 hybrid_p0_stress_c50_001_pqc_client_3_summary.txt
-rw-r--r-- 1 root     root        1800 may 16 18:58 hybrid_p0_stress_c50_001_pqc_client_4_client_err.txt
-rw-r--r-- 1 root     root       27348 may 16 18:58 hybrid_p0_stress_c50_001_pqc_client_4_client.txt
-rw-r--r-- 1 root     root          39 may 16 18:58 hybrid_p0_stress_c50_001_pqc_client_4_summary.txt
-rw-r--r-- 1 root     root        1800 may 16 18:58 hybrid_p0_stress_c50_001_pqc_client_5_client_err.txt
-rw-r--r-- 1 root     root       20696 may 16 18:58 hybrid_p0_stress_c50_001_pqc_client_5_client.txt
-rw-r--r-- 1 root     root          39 may 16 18:58 hybrid_p0_stress_c50_001_pqc_client_5_summary.txt
-rw-r--r-- 1 root     root        1800 may 16 18:58 hybrid_p0_stress_c50_001_pqc_client_6_client_err.txt
-rw-r--r-- 1 root     root       24022 may 16 18:58 hybrid_p0_stress_c50_001_pqc_client_6_client.txt
-rw-r--r-- 1 root     root          39 may 16 18:58 hybrid_p0_stress_c50_001_pqc_client_6_summary.txt
-rw-r--r-- 1 root     root        2025 may 16 18:58 hybrid_p0_stress_c50_001_pqc_client_client_err.txt
-rw-r--r-- 1 root     root       39913 may 16 18:58 hybrid_p0_stress_c50_001_pqc_client_client.txt
-rw-r--r-- 1 root     root          37 may 16 18:58 hybrid_p0_stress_c50_001_pqc_client_summary.txt
=== resumen por cliente ===
[*] Perfil stress: conexiones totalmente paralelas por cliente
[*] pqc_client <= plan: 1:0 7:0 13:0 19:0 25:0 31:0 37:0 43:0 49:0
[*] pqc_client_2 <= plan: 2:0 8:0 14:0 20:0 26:0 32:0 38:0 44:0 50:0
[*] pqc_client_3 <= plan: 3:0 9:0 15:0 21:0 27:0 33:0 39:0 45:0
[*] pqc_client_4 <= plan: 4:0 10:0 16:0 22:0 28:0 34:0 40:0 46:0
[*] pqc_client_5 <= plan: 5:0 11:0 17:0 23:0 29:0 35:0 41:0 47:0
[*] pqc_client_6 <= plan: 6:0 12:0 18:0 24:0 30:0 36:0 42:0 48:0
client=pqc_client total=9 ok=9 err=0
client=pqc_client_2 total=9 ok=9 err=0
client=pqc_client_3 total=8 ok=8 err=0
client=pqc_client_4 total=8 ok=8 err=0
client=pqc_client_5 total=8 ok=8 err=0
client=pqc_client_6 total=8 ok=8 err=0
[*] Resumen guardado en: results/hybrid_p0_stress_c50_001_resource_summary.txt
RUN_ID: hybrid_p0_stress_c50_001
CSV: results/hybrid_p0_stress_c50_001_docker_stats.csv

=== Resumen CPU% y MEM% (avg / max) por contenedor ===
pqc_client_2 -> CPU avg=0.00%, CPU max=0.00%, MEM avg=0.04%, MEM max=0.04%
pqc_client_3 -> CPU avg=0.00%, CPU max=0.00%, MEM avg=0.04%, MEM max=0.04%
pqc_monitor -> CPU avg=0.17%, CPU max=0.34%, MEM avg=0.10%, MEM max=0.10%
pqc_client_4 -> CPU avg=0.00%, CPU max=0.00%, MEM avg=0.03%, MEM max=0.03%
pqc_client_5 -> CPU avg=0.00%, CPU max=0.00%, MEM avg=0.04%, MEM max=0.04%
pqc_server -> CPU avg=0.00%, CPU max=0.00%, MEM avg=0.11%, MEM max=0.11%
pqc_client_6 -> CPU avg=0.00%, CPU max=0.00%, MEM avg=0.09%, MEM max=0.09%
pqc_client -> CPU avg=0.00%, CPU max=0.00%, MEM avg=0.06%, MEM max=0.06%
[2026-05-16 18:59:08] [*] Parando captura en pqc_monitor para hybrid_p0_stress_c50_001
[*] Métricas TXT guardadas en results/hybrid_p0_stress_c50_001_metrics.txt
[*] Métricas CSV guardadas en results/hybrid_p0_stress_c50_001_metrics.csv
[2026-05-16 18:59:33] === RUN END: hybrid_p0_stress_c50_001 ===

[2026-05-16 18:59:33] === RUN START: hybrid_p0_stress_c50_002 ===
[2026-05-16 18:59:33] [*] Arrancando captura en pqc_monitor (eth0) para hybrid_p0_stress_c50_002
[*] Guardando muestras en: results/hybrid_p0_stress_c50_002_docker_stats.csv
[*] Ejecutando comando medido: bash -lc ./scripts/run_client_once_rafaga_hibrido.sh hybrid_p0_stress_c50_002 50; sleep 3
[*] Ráfaga híbrida completada: 50 conexiones en 6 clientes (stress)
=== host results ===
-rw-rw-r-- 1 cristian cristian   11250 may 16 18:59 hybrid_p0_stress_c50_002_client_err.txt
-rw-rw-r-- 1 cristian cristian     690 may 16 18:59 hybrid_p0_stress_c50_002_client.txt
-rw-rw-r-- 1 cristian cristian      69 may 16 18:59 hybrid_p0_stress_c50_002_docker_stats.csv
-rw-r--r-- 1 root     root        2025 may 16 18:59 hybrid_p0_stress_c50_002_pqc_client_2_client_err.txt
-rw-r--r-- 1 root     root       29935 may 16 18:59 hybrid_p0_stress_c50_002_pqc_client_2_client.txt
-rw-r--r-- 1 root     root          39 may 16 18:59 hybrid_p0_stress_c50_002_pqc_client_2_summary.txt
-rw-r--r-- 1 root     root        1800 may 16 18:59 hybrid_p0_stress_c50_002_pqc_client_3_client_err.txt
-rw-r--r-- 1 root     root       27348 may 16 18:59 hybrid_p0_stress_c50_002_pqc_client_3_client.txt
-rw-r--r-- 1 root     root          39 may 16 18:59 hybrid_p0_stress_c50_002_pqc_client_3_summary.txt
-rw-r--r-- 1 root     root        1800 may 16 18:59 hybrid_p0_stress_c50_002_pqc_client_4_client_err.txt
-rw-r--r-- 1 root     root       24022 may 16 18:59 hybrid_p0_stress_c50_002_pqc_client_4_client.txt
-rw-r--r-- 1 root     root          39 may 16 18:59 hybrid_p0_stress_c50_002_pqc_client_4_summary.txt
-rw-r--r-- 1 root     root        1800 may 16 18:59 hybrid_p0_stress_c50_002_pqc_client_5_client_err.txt
-rw-r--r-- 1 root     root       20696 may 16 18:59 hybrid_p0_stress_c50_002_pqc_client_5_client.txt
-rw-r--r-- 1 root     root          39 may 16 18:59 hybrid_p0_stress_c50_002_pqc_client_5_summary.txt
-rw-r--r-- 1 root     root        1800 may 16 18:59 hybrid_p0_stress_c50_002_pqc_client_6_client_err.txt
-rw-r--r-- 1 root     root       27348 may 16 18:59 hybrid_p0_stress_c50_002_pqc_client_6_client.txt
-rw-r--r-- 1 root     root          39 may 16 18:59 hybrid_p0_stress_c50_002_pqc_client_6_summary.txt
-rw-r--r-- 1 root     root        2025 may 16 18:59 hybrid_p0_stress_c50_002_pqc_client_client_err.txt
-rw-r--r-- 1 root     root       39913 may 16 18:59 hybrid_p0_stress_c50_002_pqc_client_client.txt
-rw-r--r-- 1 root     root          37 may 16 18:59 hybrid_p0_stress_c50_002_pqc_client_summary.txt
=== resumen por cliente ===
[*] Perfil stress: conexiones totalmente paralelas por cliente
[*] pqc_client <= plan: 1:0 7:0 13:0 19:0 25:0 31:0 37:0 43:0 49:0
[*] pqc_client_2 <= plan: 2:0 8:0 14:0 20:0 26:0 32:0 38:0 44:0 50:0
[*] pqc_client_3 <= plan: 3:0 9:0 15:0 21:0 27:0 33:0 39:0 45:0
[*] pqc_client_4 <= plan: 4:0 10:0 16:0 22:0 28:0 34:0 40:0 46:0
[*] pqc_client_5 <= plan: 5:0 11:0 17:0 23:0 29:0 35:0 41:0 47:0
[*] pqc_client_6 <= plan: 6:0 12:0 18:0 24:0 30:0 36:0 42:0 48:0
client=pqc_client total=9 ok=9 err=0
client=pqc_client_2 total=9 ok=9 err=0
client=pqc_client_3 total=8 ok=8 err=0
client=pqc_client_4 total=8 ok=8 err=0
client=pqc_client_5 total=8 ok=8 err=0
client=pqc_client_6 total=8 ok=8 err=0
[*] Resumen guardado en: results/hybrid_p0_stress_c50_002_resource_summary.txt
RUN_ID: hybrid_p0_stress_c50_002
CSV: results/hybrid_p0_stress_c50_002_docker_stats.csv

=== Resumen CPU% y MEM% (avg / max) por contenedor ===
pqc_client_2 -> CPU avg=0.00%, CPU max=0.00%, MEM avg=0.04%, MEM max=0.04%
pqc_client_3 -> CPU avg=0.00%, CPU max=0.00%, MEM avg=0.05%, MEM max=0.05%
pqc_monitor -> CPU avg=0.17%, CPU max=0.45%, MEM avg=0.10%, MEM max=0.10%
pqc_client_4 -> CPU avg=0.00%, CPU max=0.00%, MEM avg=0.03%, MEM max=0.03%
pqc_client_5 -> CPU avg=0.00%, CPU max=0.00%, MEM avg=0.04%, MEM max=0.04%
pqc_server -> CPU avg=0.00%, CPU max=0.00%, MEM avg=0.11%, MEM max=0.11%
pqc_client_6 -> CPU avg=0.00%, CPU max=0.00%, MEM avg=0.09%, MEM max=0.09%
pqc_client -> CPU avg=0.00%, CPU max=0.00%, MEM avg=0.07%, MEM max=0.07%
[2026-05-16 18:59:45] [*] Parando captura en pqc_monitor para hybrid_p0_stress_c50_002
[*] Métricas TXT guardadas en results/hybrid_p0_stress_c50_002_metrics.txt
[*] Métricas CSV guardadas en results/hybrid_p0_stress_c50_002_metrics.csv
[2026-05-16 19:00:11] === RUN END: hybrid_p0_stress_c50_002 ===

[2026-05-16 19:00:11] === RUN START: hybrid_p0_stress_c50_003 ===
[2026-05-16 19:00:11] [*] Arrancando captura en pqc_monitor (eth0) para hybrid_p0_stress_c50_003
[*] Guardando muestras en: results/hybrid_p0_stress_c50_003_docker_stats.csv
[*] Ejecutando comando medido: bash -lc ./scripts/run_client_once_rafaga_hibrido.sh hybrid_p0_stress_c50_003 50; sleep 3
[*] Ráfaga híbrida completada: 50 conexiones en 6 clientes (stress)
=== host results ===
-rw-rw-r-- 1 cristian cristian   11250 may 16 19:00 hybrid_p0_stress_c50_003_client_err.txt
-rw-rw-r-- 1 cristian cristian     690 may 16 19:00 hybrid_p0_stress_c50_003_client.txt
-rw-rw-r-- 1 cristian cristian      69 may 16 19:00 hybrid_p0_stress_c50_003_docker_stats.csv
-rw-r--r-- 1 root     root        2025 may 16 19:00 hybrid_p0_stress_c50_003_pqc_client_2_client_err.txt
-rw-r--r-- 1 root     root       29935 may 16 19:00 hybrid_p0_stress_c50_003_pqc_client_2_client.txt
-rw-r--r-- 1 root     root          39 may 16 19:00 hybrid_p0_stress_c50_003_pqc_client_2_summary.txt
-rw-r--r-- 1 root     root        1800 may 16 19:00 hybrid_p0_stress_c50_003_pqc_client_3_client_err.txt
-rw-r--r-- 1 root     root       27348 may 16 19:00 hybrid_p0_stress_c50_003_pqc_client_3_client.txt
-rw-r--r-- 1 root     root          39 may 16 19:00 hybrid_p0_stress_c50_003_pqc_client_3_summary.txt
-rw-r--r-- 1 root     root        1800 may 16 19:00 hybrid_p0_stress_c50_003_pqc_client_4_client_err.txt
-rw-r--r-- 1 root     root       24022 may 16 19:00 hybrid_p0_stress_c50_003_pqc_client_4_client.txt
-rw-r--r-- 1 root     root          39 may 16 19:00 hybrid_p0_stress_c50_003_pqc_client_4_summary.txt
-rw-r--r-- 1 root     root        1800 may 16 19:00 hybrid_p0_stress_c50_003_pqc_client_5_client_err.txt
-rw-r--r-- 1 root     root       24022 may 16 19:00 hybrid_p0_stress_c50_003_pqc_client_5_client.txt
-rw-r--r-- 1 root     root          39 may 16 19:00 hybrid_p0_stress_c50_003_pqc_client_5_summary.txt
-rw-r--r-- 1 root     root        1800 may 16 19:00 hybrid_p0_stress_c50_003_pqc_client_6_client_err.txt
-rw-r--r-- 1 root     root       27348 may 16 19:00 hybrid_p0_stress_c50_003_pqc_client_6_client.txt
-rw-r--r-- 1 root     root          39 may 16 19:00 hybrid_p0_stress_c50_003_pqc_client_6_summary.txt
-rw-r--r-- 1 root     root        2025 may 16 19:00 hybrid_p0_stress_c50_003_pqc_client_client_err.txt
-rw-r--r-- 1 root     root       39913 may 16 19:00 hybrid_p0_stress_c50_003_pqc_client_client.txt
-rw-r--r-- 1 root     root          37 may 16 19:00 hybrid_p0_stress_c50_003_pqc_client_summary.txt
=== resumen por cliente ===
[*] Perfil stress: conexiones totalmente paralelas por cliente
[*] pqc_client <= plan: 1:0 7:0 13:0 19:0 25:0 31:0 37:0 43:0 49:0
[*] pqc_client_2 <= plan: 2:0 8:0 14:0 20:0 26:0 32:0 38:0 44:0 50:0
[*] pqc_client_3 <= plan: 3:0 9:0 15:0 21:0 27:0 33:0 39:0 45:0
[*] pqc_client_4 <= plan: 4:0 10:0 16:0 22:0 28:0 34:0 40:0 46:0
[*] pqc_client_5 <= plan: 5:0 11:0 17:0 23:0 29:0 35:0 41:0 47:0
[*] pqc_client_6 <= plan: 6:0 12:0 18:0 24:0 30:0 36:0 42:0 48:0
client=pqc_client total=9 ok=9 err=0
client=pqc_client_2 total=9 ok=9 err=0
client=pqc_client_3 total=8 ok=8 err=0
client=pqc_client_4 total=8 ok=8 err=0
client=pqc_client_5 total=8 ok=8 err=0
client=pqc_client_6 total=8 ok=8 err=0
[*] Resumen guardado en: results/hybrid_p0_stress_c50_003_resource_summary.txt
RUN_ID: hybrid_p0_stress_c50_003
CSV: results/hybrid_p0_stress_c50_003_docker_stats.csv

=== Resumen CPU% y MEM% (avg / max) por contenedor ===
pqc_client_2 -> CPU avg=0.00%, CPU max=0.00%, MEM avg=0.04%, MEM max=0.04%
pqc_client_3 -> CPU avg=10.50%, CPU max=31.50%, MEM avg=0.05%, MEM max=0.05%
pqc_monitor -> CPU avg=0.04%, CPU max=0.05%, MEM avg=0.10%, MEM max=0.10%
pqc_client_4 -> CPU avg=0.00%, CPU max=0.00%, MEM avg=0.04%, MEM max=0.04%
pqc_client_5 -> CPU avg=0.00%, CPU max=0.00%, MEM avg=0.04%, MEM max=0.04%
pqc_server -> CPU avg=0.00%, CPU max=0.00%, MEM avg=0.11%, MEM max=0.11%
pqc_client_6 -> CPU avg=0.00%, CPU max=0.00%, MEM avg=0.09%, MEM max=0.09%
pqc_client -> CPU avg=0.00%, CPU max=0.00%, MEM avg=0.07%, MEM max=0.07%
[2026-05-16 19:00:23] [*] Parando captura en pqc_monitor para hybrid_p0_stress_c50_003
[*] Métricas TXT guardadas en results/hybrid_p0_stress_c50_003_metrics.txt
[*] Métricas CSV guardadas en results/hybrid_p0_stress_c50_003_metrics.csv
[2026-05-16 19:00:49] === RUN END: hybrid_p0_stress_c50_003 ===

[2026-05-16 19:00:49] === RUN START: hybrid_p0_stress_c50_004 ===
[2026-05-16 19:00:49] [*] Arrancando captura en pqc_monitor (eth0) para hybrid_p0_stress_c50_004
[*] Guardando muestras en: results/hybrid_p0_stress_c50_004_docker_stats.csv
[*] Ejecutando comando medido: bash -lc ./scripts/run_client_once_rafaga_hibrido.sh hybrid_p0_stress_c50_004 50; sleep 3
[*] Ráfaga híbrida completada: 50 conexiones en 6 clientes (stress)
=== host results ===
-rw-rw-r-- 1 cristian cristian   11250 may 16 19:00 hybrid_p0_stress_c50_004_client_err.txt
-rw-rw-r-- 1 cristian cristian     690 may 16 19:00 hybrid_p0_stress_c50_004_client.txt
-rw-rw-r-- 1 cristian cristian      69 may 16 19:00 hybrid_p0_stress_c50_004_docker_stats.csv
-rw-r--r-- 1 root     root        2025 may 16 19:00 hybrid_p0_stress_c50_004_pqc_client_2_client_err.txt
-rw-r--r-- 1 root     root       39913 may 16 19:00 hybrid_p0_stress_c50_004_pqc_client_2_client.txt
-rw-r--r-- 1 root     root          39 may 16 19:00 hybrid_p0_stress_c50_004_pqc_client_2_summary.txt
-rw-r--r-- 1 root     root        1800 may 16 19:00 hybrid_p0_stress_c50_004_pqc_client_3_client_err.txt
-rw-r--r-- 1 root     root       29011 may 16 19:00 hybrid_p0_stress_c50_004_pqc_client_3_client.txt
-rw-r--r-- 1 root     root          39 may 16 19:00 hybrid_p0_stress_c50_004_pqc_client_3_summary.txt
-rw-r--r-- 1 root     root        1800 may 16 19:00 hybrid_p0_stress_c50_004_pqc_client_4_client_err.txt
-rw-r--r-- 1 root     root       24022 may 16 19:00 hybrid_p0_stress_c50_004_pqc_client_4_client.txt
-rw-r--r-- 1 root     root          39 may 16 19:00 hybrid_p0_stress_c50_004_pqc_client_4_summary.txt
-rw-r--r-- 1 root     root        1800 may 16 19:00 hybrid_p0_stress_c50_004_pqc_client_5_client_err.txt
-rw-r--r-- 1 root     root       24022 may 16 19:00 hybrid_p0_stress_c50_004_pqc_client_5_client.txt
-rw-r--r-- 1 root     root          39 may 16 19:00 hybrid_p0_stress_c50_004_pqc_client_5_summary.txt
-rw-r--r-- 1 root     root        1800 may 16 19:00 hybrid_p0_stress_c50_004_pqc_client_6_client_err.txt
-rw-r--r-- 1 root     root       20696 may 16 19:00 hybrid_p0_stress_c50_004_pqc_client_6_client.txt
-rw-r--r-- 1 root     root          39 may 16 19:00 hybrid_p0_stress_c50_004_pqc_client_6_summary.txt
-rw-r--r-- 1 root     root        2025 may 16 19:00 hybrid_p0_stress_c50_004_pqc_client_client_err.txt
-rw-r--r-- 1 root     root       46565 may 16 19:00 hybrid_p0_stress_c50_004_pqc_client_client.txt
-rw-r--r-- 1 root     root          37 may 16 19:00 hybrid_p0_stress_c50_004_pqc_client_summary.txt
=== resumen por cliente ===
[*] Perfil stress: conexiones totalmente paralelas por cliente
[*] pqc_client <= plan: 1:0 7:0 13:0 19:0 25:0 31:0 37:0 43:0 49:0
[*] pqc_client_2 <= plan: 2:0 8:0 14:0 20:0 26:0 32:0 38:0 44:0 50:0
[*] pqc_client_3 <= plan: 3:0 9:0 15:0 21:0 27:0 33:0 39:0 45:0
[*] pqc_client_4 <= plan: 4:0 10:0 16:0 22:0 28:0 34:0 40:0 46:0
[*] pqc_client_5 <= plan: 5:0 11:0 17:0 23:0 29:0 35:0 41:0 47:0
[*] pqc_client_6 <= plan: 6:0 12:0 18:0 24:0 30:0 36:0 42:0 48:0
client=pqc_client total=9 ok=9 err=0
client=pqc_client_2 total=9 ok=9 err=0
client=pqc_client_3 total=8 ok=8 err=0
client=pqc_client_4 total=8 ok=8 err=0
client=pqc_client_5 total=8 ok=8 err=0
client=pqc_client_6 total=8 ok=8 err=0
[*] Resumen guardado en: results/hybrid_p0_stress_c50_004_resource_summary.txt
RUN_ID: hybrid_p0_stress_c50_004
CSV: results/hybrid_p0_stress_c50_004_docker_stats.csv

=== Resumen CPU% y MEM% (avg / max) por contenedor ===
pqc_client_2 -> CPU avg=0.00%, CPU max=0.00%, MEM avg=0.04%, MEM max=0.04%
pqc_client_3 -> CPU avg=0.00%, CPU max=0.00%, MEM avg=0.05%, MEM max=0.05%
pqc_monitor -> CPU avg=0.12%, CPU max=0.20%, MEM avg=0.10%, MEM max=0.10%
pqc_client_4 -> CPU avg=0.00%, CPU max=0.00%, MEM avg=0.04%, MEM max=0.04%
pqc_client_5 -> CPU avg=0.00%, CPU max=0.00%, MEM avg=0.04%, MEM max=0.04%
pqc_server -> CPU avg=0.00%, CPU max=0.00%, MEM avg=0.11%, MEM max=0.11%
pqc_client_6 -> CPU avg=10.10%, CPU max=30.29%, MEM avg=0.09%, MEM max=0.09%
pqc_client -> CPU avg=0.00%, CPU max=0.00%, MEM avg=0.07%, MEM max=0.07%
[2026-05-16 19:01:01] [*] Parando captura en pqc_monitor para hybrid_p0_stress_c50_004
[*] Métricas TXT guardadas en results/hybrid_p0_stress_c50_004_metrics.txt
[*] Métricas CSV guardadas en results/hybrid_p0_stress_c50_004_metrics.csv
[2026-05-16 19:01:26] === RUN END: hybrid_p0_stress_c50_004 ===

[2026-05-16 19:01:26] === RUN START: hybrid_p0_stress_c50_005 ===
[2026-05-16 19:01:26] [*] Arrancando captura en pqc_monitor (eth0) para hybrid_p0_stress_c50_005
[*] Guardando muestras en: results/hybrid_p0_stress_c50_005_docker_stats.csv
[*] Ejecutando comando medido: bash -lc ./scripts/run_client_once_rafaga_hibrido.sh hybrid_p0_stress_c50_005 50; sleep 3
[*] Ráfaga híbrida completada: 50 conexiones en 6 clientes (stress)
=== host results ===
-rw-rw-r-- 1 cristian cristian   11250 may 16 19:01 hybrid_p0_stress_c50_005_client_err.txt
-rw-rw-r-- 1 cristian cristian     690 may 16 19:01 hybrid_p0_stress_c50_005_client.txt
-rw-rw-r-- 1 cristian cristian      69 may 16 19:01 hybrid_p0_stress_c50_005_docker_stats.csv
-rw-r--r-- 1 root     root        2025 may 16 19:01 hybrid_p0_stress_c50_005_pqc_client_2_client_err.txt
-rw-r--r-- 1 root     root       36587 may 16 19:01 hybrid_p0_stress_c50_005_pqc_client_2_client.txt
-rw-r--r-- 1 root     root          39 may 16 19:01 hybrid_p0_stress_c50_005_pqc_client_2_summary.txt
-rw-r--r-- 1 root     root        1800 may 16 19:01 hybrid_p0_stress_c50_005_pqc_client_3_client_err.txt
-rw-r--r-- 1 root     root       30674 may 16 19:01 hybrid_p0_stress_c50_005_pqc_client_3_client.txt
-rw-r--r-- 1 root     root          39 may 16 19:01 hybrid_p0_stress_c50_005_pqc_client_3_summary.txt
-rw-r--r-- 1 root     root        1800 may 16 19:01 hybrid_p0_stress_c50_005_pqc_client_4_client_err.txt
-rw-r--r-- 1 root     root       27348 may 16 19:01 hybrid_p0_stress_c50_005_pqc_client_4_client.txt
-rw-r--r-- 1 root     root          39 may 16 19:01 hybrid_p0_stress_c50_005_pqc_client_4_summary.txt
-rw-r--r-- 1 root     root        1800 may 16 19:01 hybrid_p0_stress_c50_005_pqc_client_5_client_err.txt
-rw-r--r-- 1 root     root       27348 may 16 19:01 hybrid_p0_stress_c50_005_pqc_client_5_client.txt
-rw-r--r-- 1 root     root          39 may 16 19:01 hybrid_p0_stress_c50_005_pqc_client_5_summary.txt
-rw-r--r-- 1 root     root        1800 may 16 19:01 hybrid_p0_stress_c50_005_pqc_client_6_client_err.txt
-rw-r--r-- 1 root     root       24022 may 16 19:01 hybrid_p0_stress_c50_005_pqc_client_6_client.txt
-rw-r--r-- 1 root     root          39 may 16 19:01 hybrid_p0_stress_c50_005_pqc_client_6_summary.txt
-rw-r--r-- 1 root     root        2025 may 16 19:01 hybrid_p0_stress_c50_005_pqc_client_client_err.txt
-rw-r--r-- 1 root     root       36587 may 16 19:01 hybrid_p0_stress_c50_005_pqc_client_client.txt
-rw-r--r-- 1 root     root          37 may 16 19:01 hybrid_p0_stress_c50_005_pqc_client_summary.txt
=== resumen por cliente ===
[*] Perfil stress: conexiones totalmente paralelas por cliente
[*] pqc_client <= plan: 1:0 7:0 13:0 19:0 25:0 31:0 37:0 43:0 49:0
[*] pqc_client_2 <= plan: 2:0 8:0 14:0 20:0 26:0 32:0 38:0 44:0 50:0
[*] pqc_client_3 <= plan: 3:0 9:0 15:0 21:0 27:0 33:0 39:0 45:0
[*] pqc_client_4 <= plan: 4:0 10:0 16:0 22:0 28:0 34:0 40:0 46:0
[*] pqc_client_5 <= plan: 5:0 11:0 17:0 23:0 29:0 35:0 41:0 47:0
[*] pqc_client_6 <= plan: 6:0 12:0 18:0 24:0 30:0 36:0 42:0 48:0
client=pqc_client total=9 ok=9 err=0
client=pqc_client_2 total=9 ok=9 err=0
client=pqc_client_3 total=8 ok=8 err=0
client=pqc_client_4 total=8 ok=8 err=0
client=pqc_client_5 total=8 ok=8 err=0
client=pqc_client_6 total=8 ok=8 err=0
[*] Resumen guardado en: results/hybrid_p0_stress_c50_005_resource_summary.txt
RUN_ID: hybrid_p0_stress_c50_005
CSV: results/hybrid_p0_stress_c50_005_docker_stats.csv

=== Resumen CPU% y MEM% (avg / max) por contenedor ===
pqc_client_2 -> CPU avg=0.00%, CPU max=0.00%, MEM avg=0.04%, MEM max=0.04%
pqc_client_3 -> CPU avg=0.00%, CPU max=0.00%, MEM avg=0.05%, MEM max=0.05%
pqc_monitor -> CPU avg=0.14%, CPU max=0.36%, MEM avg=0.10%, MEM max=0.10%
pqc_client_4 -> CPU avg=0.00%, CPU max=0.00%, MEM avg=0.04%, MEM max=0.04%
pqc_client_5 -> CPU avg=0.00%, CPU max=0.00%, MEM avg=0.04%, MEM max=0.04%
pqc_server -> CPU avg=0.00%, CPU max=0.00%, MEM avg=0.11%, MEM max=0.11%
pqc_client_6 -> CPU avg=0.00%, CPU max=0.00%, MEM avg=0.09%, MEM max=0.09%
pqc_client -> CPU avg=0.00%, CPU max=0.00%, MEM avg=0.07%, MEM max=0.07%
[2026-05-16 19:01:39] [*] Parando captura en pqc_monitor para hybrid_p0_stress_c50_005
[*] Métricas TXT guardadas en results/hybrid_p0_stress_c50_005_metrics.txt
[*] Métricas CSV guardadas en results/hybrid_p0_stress_c50_005_metrics.csv
[2026-05-16 19:02:04] === RUN END: hybrid_p0_stress_c50_005 ===

[2026-05-16 19:02:04] ---- Aplicando perfil de red P1 ----
[*] Aplicando perfil P1

[*] Estado qdisc en monitor:
qdisc netem 8007: root refcnt 5 limit 1000 delay 15ms
qdisc netem 8008: root refcnt 5 limit 1000 delay 15ms
[2026-05-16 19:02:05] === RUN START: hybrid_p1_balanced_c50_001 ===
[2026-05-16 19:02:05] [*] Arrancando captura en pqc_monitor (eth0) para hybrid_p1_balanced_c50_001
[*] Guardando muestras en: results/hybrid_p1_balanced_c50_001_docker_stats.csv
[*] Ejecutando comando medido: bash -lc ./scripts/run_client_once_rafaga_hibrido.sh hybrid_p1_balanced_c50_001 50; sleep 3
[*] Ráfaga híbrida completada: 50 conexiones en 6 clientes (poisson_jitter)
=== host results ===
-rw-rw-r-- 1 cristian cristian   11250 may 16 19:02 hybrid_p1_balanced_c50_001_client_err.txt
-rw-rw-r-- 1 cristian cristian    1049 may 16 19:02 hybrid_p1_balanced_c50_001_client.txt
-rw-rw-r-- 1 cristian cristian     458 may 16 19:02 hybrid_p1_balanced_c50_001_docker_stats.csv
-rw-r--r-- 1 root     root        2025 may 16 19:02 hybrid_p1_balanced_c50_001_pqc_client_2_client_err.txt
-rw-r--r-- 1 root     root       23283 may 16 19:02 hybrid_p1_balanced_c50_001_pqc_client_2_client.txt
-rw-r--r-- 1 root     root          39 may 16 19:02 hybrid_p1_balanced_c50_001_pqc_client_2_summary.txt
-rw-r--r-- 1 root     root        1800 may 16 19:02 hybrid_p1_balanced_c50_001_pqc_client_3_client_err.txt
-rw-r--r-- 1 root     root       20696 may 16 19:02 hybrid_p1_balanced_c50_001_pqc_client_3_client.txt
-rw-r--r-- 1 root     root          39 may 16 19:02 hybrid_p1_balanced_c50_001_pqc_client_3_summary.txt
-rw-r--r-- 1 root     root        1800 may 16 19:02 hybrid_p1_balanced_c50_001_pqc_client_4_client_err.txt
-rw-r--r-- 1 root     root       20696 may 16 19:02 hybrid_p1_balanced_c50_001_pqc_client_4_client.txt
-rw-r--r-- 1 root     root          39 may 16 19:02 hybrid_p1_balanced_c50_001_pqc_client_4_summary.txt
-rw-r--r-- 1 root     root        1800 may 16 19:02 hybrid_p1_balanced_c50_001_pqc_client_5_client_err.txt
-rw-r--r-- 1 root     root       20696 may 16 19:02 hybrid_p1_balanced_c50_001_pqc_client_5_client.txt
-rw-r--r-- 1 root     root          39 may 16 19:02 hybrid_p1_balanced_c50_001_pqc_client_5_summary.txt
-rw-r--r-- 1 root     root        1800 may 16 19:02 hybrid_p1_balanced_c50_001_pqc_client_6_client_err.txt
-rw-r--r-- 1 root     root       20696 may 16 19:02 hybrid_p1_balanced_c50_001_pqc_client_6_client.txt
-rw-r--r-- 1 root     root          39 may 16 19:02 hybrid_p1_balanced_c50_001_pqc_client_6_summary.txt
-rw-r--r-- 1 root     root        2025 may 16 19:02 hybrid_p1_balanced_c50_001_pqc_client_client_err.txt
-rw-r--r-- 1 root     root       23283 may 16 19:02 hybrid_p1_balanced_c50_001_pqc_client_client.txt
-rw-r--r-- 1 root     root          37 may 16 19:02 hybrid_p1_balanced_c50_001_pqc_client_summary.txt
=== resumen por cliente ===
[*] Perfil poisson_jitter: llegadas no sincronizadas con Poisson+jitter
[*] pqc_client <= plan: 1:0.042943 7:0.000000 13:0.000000 19:0.000000 25:0.000000 31:0.000000 37:0.000000 43:0.000000 49:0.000000
[*] pqc_client_2 <= plan: 2:0.000000 8:0.000000 14:0.000000 20:0.000000 26:0.000000 32:0.000000 38:0.000000 44:0.000000 50:0.000000
[*] pqc_client_3 <= plan: 3:0.000000 9:0.000000 15:0.000000 21:0.000000 27:0.000000 33:0.000000 39:0.000000 45:0.000000
[*] pqc_client_4 <= plan: 4:0.000000 10:0.000000 16:0.000000 22:0.000000 28:0.000000 34:0.000000 40:0.000000 46:0.000000
[*] pqc_client_5 <= plan: 5:0.000000 11:0.000000 17:0.000000 23:0.000000 29:0.000000 35:0.000000 41:0.000000 47:0.000000
[*] pqc_client_6 <= plan: 6:0.000000 12:0.000000 18:0.000000 24:0.000000 30:0.000000 36:0.000000 42:0.000000 48:0.000000
client=pqc_client total=9 ok=9 err=0
client=pqc_client_2 total=9 ok=9 err=0
client=pqc_client_3 total=8 ok=8 err=0
client=pqc_client_4 total=8 ok=8 err=0
client=pqc_client_5 total=8 ok=8 err=0
client=pqc_client_6 total=8 ok=8 err=0
[*] Resumen guardado en: results/hybrid_p1_balanced_c50_001_resource_summary.txt
RUN_ID: hybrid_p1_balanced_c50_001
CSV: results/hybrid_p1_balanced_c50_001_docker_stats.csv

=== Resumen CPU% y MEM% (avg / max) por contenedor ===
pqc_client_2 -> CPU avg=10.69%, CPU max=32.06%, MEM avg=0.11%, MEM max=0.26%
pqc_client_3 -> CPU avg=1.97%, CPU max=5.90%, MEM avg=0.05%, MEM max=0.05%
pqc_monitor -> CPU avg=0.16%, CPU max=0.27%, MEM avg=0.10%, MEM max=0.10%
pqc_client_4 -> CPU avg=0.73%, CPU max=2.19%, MEM avg=0.07%, MEM max=0.13%
pqc_client_5 -> CPU avg=1.11%, CPU max=3.34%, MEM avg=0.06%, MEM max=0.11%
pqc_server -> CPU avg=2.10%, CPU max=6.30%, MEM avg=0.11%, MEM max=0.11%
pqc_client_6 -> CPU avg=0.00%, CPU max=0.00%, MEM avg=0.15%, MEM max=0.28%
pqc_client -> CPU avg=0.75%, CPU max=2.24%, MEM avg=0.07%, MEM max=0.07%
[2026-05-16 19:02:17] [*] Parando captura en pqc_monitor para hybrid_p1_balanced_c50_001
[*] Métricas TXT guardadas en results/hybrid_p1_balanced_c50_001_metrics.txt
[*] Métricas CSV guardadas en results/hybrid_p1_balanced_c50_001_metrics.csv
[2026-05-16 19:02:42] === RUN END: hybrid_p1_balanced_c50_001 ===

[2026-05-16 19:02:42] === RUN START: hybrid_p1_balanced_c50_002 ===
[2026-05-16 19:02:42] [*] Arrancando captura en pqc_monitor (eth0) para hybrid_p1_balanced_c50_002
[*] Guardando muestras en: results/hybrid_p1_balanced_c50_002_docker_stats.csv
[*] Ejecutando comando medido: bash -lc ./scripts/run_client_once_rafaga_hibrido.sh hybrid_p1_balanced_c50_002 50; sleep 3
[*] Ráfaga híbrida completada: 50 conexiones en 6 clientes (poisson_jitter)
=== host results ===
-rw-rw-r-- 1 cristian cristian   11250 may 16 19:02 hybrid_p1_balanced_c50_002_client_err.txt
-rw-rw-r-- 1 cristian cristian    1049 may 16 19:02 hybrid_p1_balanced_c50_002_client.txt
-rw-rw-r-- 1 cristian cristian     455 may 16 19:02 hybrid_p1_balanced_c50_002_docker_stats.csv
-rw-r--r-- 1 root     root        2025 may 16 19:02 hybrid_p1_balanced_c50_002_pqc_client_2_client_err.txt
-rw-r--r-- 1 root     root       23283 may 16 19:02 hybrid_p1_balanced_c50_002_pqc_client_2_client.txt
-rw-r--r-- 1 root     root          39 may 16 19:02 hybrid_p1_balanced_c50_002_pqc_client_2_summary.txt
-rw-r--r-- 1 root     root        1800 may 16 19:02 hybrid_p1_balanced_c50_002_pqc_client_3_client_err.txt
-rw-r--r-- 1 root     root       20696 may 16 19:02 hybrid_p1_balanced_c50_002_pqc_client_3_client.txt
-rw-r--r-- 1 root     root          39 may 16 19:02 hybrid_p1_balanced_c50_002_pqc_client_3_summary.txt
-rw-r--r-- 1 root     root        1800 may 16 19:02 hybrid_p1_balanced_c50_002_pqc_client_4_client_err.txt
-rw-r--r-- 1 root     root       20696 may 16 19:02 hybrid_p1_balanced_c50_002_pqc_client_4_client.txt
-rw-r--r-- 1 root     root          39 may 16 19:02 hybrid_p1_balanced_c50_002_pqc_client_4_summary.txt
-rw-r--r-- 1 root     root        1800 may 16 19:02 hybrid_p1_balanced_c50_002_pqc_client_5_client_err.txt
-rw-r--r-- 1 root     root       20696 may 16 19:02 hybrid_p1_balanced_c50_002_pqc_client_5_client.txt
-rw-r--r-- 1 root     root          39 may 16 19:02 hybrid_p1_balanced_c50_002_pqc_client_5_summary.txt
-rw-r--r-- 1 root     root        1800 may 16 19:02 hybrid_p1_balanced_c50_002_pqc_client_6_client_err.txt
-rw-r--r-- 1 root     root       20696 may 16 19:02 hybrid_p1_balanced_c50_002_pqc_client_6_client.txt
-rw-r--r-- 1 root     root          39 may 16 19:02 hybrid_p1_balanced_c50_002_pqc_client_6_summary.txt
-rw-r--r-- 1 root     root        2025 may 16 19:02 hybrid_p1_balanced_c50_002_pqc_client_client_err.txt
-rw-r--r-- 1 root     root       23283 may 16 19:02 hybrid_p1_balanced_c50_002_pqc_client_client.txt
-rw-r--r-- 1 root     root          37 may 16 19:02 hybrid_p1_balanced_c50_002_pqc_client_summary.txt
=== resumen por cliente ===
[*] Perfil poisson_jitter: llegadas no sincronizadas con Poisson+jitter
[*] pqc_client <= plan: 1:0.016924 7:0.016924 13:0.016924 19:0.016924 25:0.016924 31:0.016924 37:0.016924 43:0.016924 49:0.016924
[*] pqc_client_2 <= plan: 2:0.016924 8:0.016924 14:0.016924 20:0.016924 26:0.016924 32:0.016924 38:0.016924 44:0.016924 50:0.016924
[*] pqc_client_3 <= plan: 3:0.016924 9:0.016924 15:0.016924 21:0.016924 27:0.016924 33:0.016924 39:0.016924 45:0.016924
[*] pqc_client_4 <= plan: 4:0.016924 10:0.016924 16:0.016924 22:0.016924 28:0.016924 34:0.016924 40:0.016924 46:0.016924
[*] pqc_client_5 <= plan: 5:0.016924 11:0.016924 17:0.016924 23:0.016924 29:0.016924 35:0.016924 41:0.016924 47:0.016924
[*] pqc_client_6 <= plan: 6:0.016924 12:0.016924 18:0.016924 24:0.016924 30:0.016924 36:0.016924 42:0.016924 48:0.016924
client=pqc_client total=9 ok=9 err=0
client=pqc_client_2 total=9 ok=9 err=0
client=pqc_client_3 total=8 ok=8 err=0
client=pqc_client_4 total=8 ok=8 err=0
client=pqc_client_5 total=8 ok=8 err=0
client=pqc_client_6 total=8 ok=8 err=0
[*] Resumen guardado en: results/hybrid_p1_balanced_c50_002_resource_summary.txt
RUN_ID: hybrid_p1_balanced_c50_002
CSV: results/hybrid_p1_balanced_c50_002_docker_stats.csv

=== Resumen CPU% y MEM% (avg / max) por contenedor ===
pqc_client_2 -> CPU avg=1.94%, CPU max=5.81%, MEM avg=0.04%, MEM max=0.04%
pqc_client_3 -> CPU avg=2.11%, CPU max=6.32%, MEM avg=0.05%, MEM max=0.05%
pqc_monitor -> CPU avg=0.12%, CPU max=0.31%, MEM avg=0.10%, MEM max=0.10%
pqc_client_4 -> CPU avg=0.63%, CPU max=1.90%, MEM avg=0.09%, MEM max=0.18%
pqc_client_5 -> CPU avg=1.39%, CPU max=4.16%, MEM avg=0.05%, MEM max=0.07%
pqc_server -> CPU avg=2.17%, CPU max=6.52%, MEM avg=0.11%, MEM max=0.11%
pqc_client_6 -> CPU avg=8.22%, CPU max=24.65%, MEM avg=0.15%, MEM max=0.27%
pqc_client -> CPU avg=1.24%, CPU max=3.72%, MEM avg=0.07%, MEM max=0.07%
[2026-05-16 19:02:56] [*] Parando captura en pqc_monitor para hybrid_p1_balanced_c50_002
[*] Métricas TXT guardadas en results/hybrid_p1_balanced_c50_002_metrics.txt
[*] Métricas CSV guardadas en results/hybrid_p1_balanced_c50_002_metrics.csv
[2026-05-16 19:03:21] === RUN END: hybrid_p1_balanced_c50_002 ===

[2026-05-16 19:03:21] === RUN START: hybrid_p1_balanced_c50_003 ===
[2026-05-16 19:03:21] [*] Arrancando captura en pqc_monitor (eth0) para hybrid_p1_balanced_c50_003
[*] Guardando muestras en: results/hybrid_p1_balanced_c50_003_docker_stats.csv
[*] Ejecutando comando medido: bash -lc ./scripts/run_client_once_rafaga_hibrido.sh hybrid_p1_balanced_c50_003 50; sleep 3
[*] Ráfaga híbrida completada: 50 conexiones en 6 clientes (poisson_jitter)
=== host results ===
-rw-rw-r-- 1 cristian cristian   11250 may 16 19:03 hybrid_p1_balanced_c50_003_client_err.txt
-rw-rw-r-- 1 cristian cristian    1049 may 16 19:03 hybrid_p1_balanced_c50_003_client.txt
-rw-rw-r-- 1 cristian cristian     458 may 16 19:03 hybrid_p1_balanced_c50_003_docker_stats.csv
-rw-r--r-- 1 root     root        2025 may 16 19:03 hybrid_p1_balanced_c50_003_pqc_client_2_client_err.txt
-rw-r--r-- 1 root     root       23283 may 16 19:03 hybrid_p1_balanced_c50_003_pqc_client_2_client.txt
-rw-r--r-- 1 root     root          39 may 16 19:03 hybrid_p1_balanced_c50_003_pqc_client_2_summary.txt
-rw-r--r-- 1 root     root        1800 may 16 19:03 hybrid_p1_balanced_c50_003_pqc_client_3_client_err.txt
-rw-r--r-- 1 root     root       20696 may 16 19:03 hybrid_p1_balanced_c50_003_pqc_client_3_client.txt
-rw-r--r-- 1 root     root          39 may 16 19:03 hybrid_p1_balanced_c50_003_pqc_client_3_summary.txt
-rw-r--r-- 1 root     root        1800 may 16 19:03 hybrid_p1_balanced_c50_003_pqc_client_4_client_err.txt
-rw-r--r-- 1 root     root       20696 may 16 19:03 hybrid_p1_balanced_c50_003_pqc_client_4_client.txt
-rw-r--r-- 1 root     root          39 may 16 19:03 hybrid_p1_balanced_c50_003_pqc_client_4_summary.txt
-rw-r--r-- 1 root     root        1800 may 16 19:03 hybrid_p1_balanced_c50_003_pqc_client_5_client_err.txt
-rw-r--r-- 1 root     root       20696 may 16 19:03 hybrid_p1_balanced_c50_003_pqc_client_5_client.txt
-rw-r--r-- 1 root     root          39 may 16 19:03 hybrid_p1_balanced_c50_003_pqc_client_5_summary.txt
-rw-r--r-- 1 root     root        1800 may 16 19:03 hybrid_p1_balanced_c50_003_pqc_client_6_client_err.txt
-rw-r--r-- 1 root     root       20696 may 16 19:03 hybrid_p1_balanced_c50_003_pqc_client_6_client.txt
-rw-r--r-- 1 root     root          39 may 16 19:03 hybrid_p1_balanced_c50_003_pqc_client_6_summary.txt
-rw-r--r-- 1 root     root        2025 may 16 19:03 hybrid_p1_balanced_c50_003_pqc_client_client_err.txt
-rw-r--r-- 1 root     root       23283 may 16 19:03 hybrid_p1_balanced_c50_003_pqc_client_client.txt
-rw-r--r-- 1 root     root          37 may 16 19:03 hybrid_p1_balanced_c50_003_pqc_client_summary.txt
=== resumen por cliente ===
[*] Perfil poisson_jitter: llegadas no sincronizadas con Poisson+jitter
[*] pqc_client <= plan: 1:0.037892 7:0.037892 13:0.037892 19:0.037892 25:0.037892 31:0.037892 37:0.037892 43:0.037892 49:0.037892
[*] pqc_client_2 <= plan: 2:0.037892 8:0.037892 14:0.037892 20:0.037892 26:0.037892 32:0.037892 38:0.037892 44:0.037892 50:0.037892
[*] pqc_client_3 <= plan: 3:0.037892 9:0.037892 15:0.037892 21:0.037892 27:0.037892 33:0.037892 39:0.037892 45:0.037892
[*] pqc_client_4 <= plan: 4:0.037892 10:0.037892 16:0.037892 22:0.037892 28:0.037892 34:0.037892 40:0.037892 46:0.037892
[*] pqc_client_5 <= plan: 5:0.037892 11:0.037892 17:0.037892 23:0.037892 29:0.037892 35:0.037892 41:0.037892 47:0.037892
[*] pqc_client_6 <= plan: 6:0.037892 12:0.037892 18:0.037892 24:0.037892 30:0.037892 36:0.037892 42:0.037892 48:0.037892
client=pqc_client total=9 ok=9 err=0
client=pqc_client_2 total=9 ok=9 err=0
client=pqc_client_3 total=8 ok=8 err=0
client=pqc_client_4 total=8 ok=8 err=0
client=pqc_client_5 total=8 ok=8 err=0
client=pqc_client_6 total=8 ok=8 err=0
[*] Resumen guardado en: results/hybrid_p1_balanced_c50_003_resource_summary.txt
RUN_ID: hybrid_p1_balanced_c50_003
CSV: results/hybrid_p1_balanced_c50_003_docker_stats.csv

=== Resumen CPU% y MEM% (avg / max) por contenedor ===
pqc_client_2 -> CPU avg=1.68%, CPU max=5.05%, MEM avg=0.04%, MEM max=0.04%
pqc_client_3 -> CPU avg=1.18%, CPU max=3.55%, MEM avg=0.07%, MEM max=0.10%
pqc_monitor -> CPU avg=0.08%, CPU max=0.13%, MEM avg=0.10%, MEM max=0.10%
pqc_client_4 -> CPU avg=0.61%, CPU max=1.83%, MEM avg=0.08%, MEM max=0.16%
pqc_client_5 -> CPU avg=1.16%, CPU max=3.48%, MEM avg=0.07%, MEM max=0.12%
pqc_server -> CPU avg=2.16%, CPU max=6.47%, MEM avg=0.11%, MEM max=0.11%
pqc_client_6 -> CPU avg=0.69%, CPU max=2.06%, MEM avg=0.15%, MEM max=0.28%
pqc_client -> CPU avg=1.39%, CPU max=4.18%, MEM avg=0.07%, MEM max=0.07%
[2026-05-16 19:03:34] [*] Parando captura en pqc_monitor para hybrid_p1_balanced_c50_003
[*] Métricas TXT guardadas en results/hybrid_p1_balanced_c50_003_metrics.txt
[*] Métricas CSV guardadas en results/hybrid_p1_balanced_c50_003_metrics.csv
[2026-05-16 19:04:00] === RUN END: hybrid_p1_balanced_c50_003 ===

[2026-05-16 19:04:00] === RUN START: hybrid_p1_balanced_c50_004 ===
[2026-05-16 19:04:00] [*] Arrancando captura en pqc_monitor (eth0) para hybrid_p1_balanced_c50_004
[*] Guardando muestras en: results/hybrid_p1_balanced_c50_004_docker_stats.csv
[*] Ejecutando comando medido: bash -lc ./scripts/run_client_once_rafaga_hibrido.sh hybrid_p1_balanced_c50_004 50; sleep 3
[*] Ráfaga híbrida completada: 50 conexiones en 6 clientes (poisson_jitter)
=== host results ===
-rw-rw-r-- 1 cristian cristian   11250 may 16 19:04 hybrid_p1_balanced_c50_004_client_err.txt
-rw-rw-r-- 1 cristian cristian    1049 may 16 19:04 hybrid_p1_balanced_c50_004_client.txt
-rw-rw-r-- 1 cristian cristian     454 may 16 19:04 hybrid_p1_balanced_c50_004_docker_stats.csv
-rw-r--r-- 1 root     root        2025 may 16 19:04 hybrid_p1_balanced_c50_004_pqc_client_2_client_err.txt
-rw-r--r-- 1 root     root       23283 may 16 19:04 hybrid_p1_balanced_c50_004_pqc_client_2_client.txt
-rw-r--r-- 1 root     root          39 may 16 19:04 hybrid_p1_balanced_c50_004_pqc_client_2_summary.txt
-rw-r--r-- 1 root     root        1800 may 16 19:04 hybrid_p1_balanced_c50_004_pqc_client_3_client_err.txt
-rw-r--r-- 1 root     root       20696 may 16 19:04 hybrid_p1_balanced_c50_004_pqc_client_3_client.txt
-rw-r--r-- 1 root     root          39 may 16 19:04 hybrid_p1_balanced_c50_004_pqc_client_3_summary.txt
-rw-r--r-- 1 root     root        1800 may 16 19:04 hybrid_p1_balanced_c50_004_pqc_client_4_client_err.txt
-rw-r--r-- 1 root     root       20696 may 16 19:04 hybrid_p1_balanced_c50_004_pqc_client_4_client.txt
-rw-r--r-- 1 root     root          39 may 16 19:04 hybrid_p1_balanced_c50_004_pqc_client_4_summary.txt
-rw-r--r-- 1 root     root        1800 may 16 19:04 hybrid_p1_balanced_c50_004_pqc_client_5_client_err.txt
-rw-r--r-- 1 root     root       20696 may 16 19:04 hybrid_p1_balanced_c50_004_pqc_client_5_client.txt
-rw-r--r-- 1 root     root          39 may 16 19:04 hybrid_p1_balanced_c50_004_pqc_client_5_summary.txt
-rw-r--r-- 1 root     root        1800 may 16 19:04 hybrid_p1_balanced_c50_004_pqc_client_6_client_err.txt
-rw-r--r-- 1 root     root       20696 may 16 19:04 hybrid_p1_balanced_c50_004_pqc_client_6_client.txt
-rw-r--r-- 1 root     root          39 may 16 19:04 hybrid_p1_balanced_c50_004_pqc_client_6_summary.txt
-rw-r--r-- 1 root     root        2025 may 16 19:04 hybrid_p1_balanced_c50_004_pqc_client_client_err.txt
-rw-r--r-- 1 root     root       23283 may 16 19:04 hybrid_p1_balanced_c50_004_pqc_client_client.txt
-rw-r--r-- 1 root     root          37 may 16 19:04 hybrid_p1_balanced_c50_004_pqc_client_summary.txt
=== resumen por cliente ===
[*] Perfil poisson_jitter: llegadas no sincronizadas con Poisson+jitter
[*] pqc_client <= plan: 1:0.004341 7:0.004341 13:0.004341 19:0.004341 25:0.004341 31:0.004341 37:0.004341 43:0.004341 49:0.004341
[*] pqc_client_2 <= plan: 2:0.004341 8:0.004341 14:0.004341 20:0.004341 26:0.004341 32:0.004341 38:0.004341 44:0.004341 50:0.004341
[*] pqc_client_3 <= plan: 3:0.004341 9:0.004341 15:0.004341 21:0.004341 27:0.004341 33:0.004341 39:0.004341 45:0.004341
[*] pqc_client_4 <= plan: 4:0.004341 10:0.004341 16:0.004341 22:0.004341 28:0.004341 34:0.004341 40:0.004341 46:0.004341
[*] pqc_client_5 <= plan: 5:0.004341 11:0.004341 17:0.004341 23:0.004341 29:0.004341 35:0.004341 41:0.004341 47:0.004341
[*] pqc_client_6 <= plan: 6:0.004341 12:0.004341 18:0.004341 24:0.004341 30:0.004341 36:0.004341 42:0.004341 48:0.004341
client=pqc_client total=9 ok=9 err=0
client=pqc_client_2 total=9 ok=9 err=0
client=pqc_client_3 total=8 ok=8 err=0
client=pqc_client_4 total=8 ok=8 err=0
client=pqc_client_5 total=8 ok=8 err=0
client=pqc_client_6 total=8 ok=8 err=0
[*] Resumen guardado en: results/hybrid_p1_balanced_c50_004_resource_summary.txt
RUN_ID: hybrid_p1_balanced_c50_004
CSV: results/hybrid_p1_balanced_c50_004_docker_stats.csv

=== Resumen CPU% y MEM% (avg / max) por contenedor ===
pqc_client_2 -> CPU avg=2.01%, CPU max=6.02%, MEM avg=0.04%, MEM max=0.04%
pqc_client_3 -> CPU avg=2.15%, CPU max=6.46%, MEM avg=0.05%, MEM max=0.05%
pqc_monitor -> CPU avg=0.10%, CPU max=0.23%, MEM avg=0.10%, MEM max=0.10%
pqc_client_4 -> CPU avg=2.10%, CPU max=6.29%, MEM avg=0.04%, MEM max=0.04%
pqc_client_5 -> CPU avg=0.02%, CPU max=0.07%, MEM avg=0.10%, MEM max=0.23%
pqc_server -> CPU avg=2.18%, CPU max=6.54%, MEM avg=0.11%, MEM max=0.11%
pqc_client_6 -> CPU avg=0.37%, CPU max=1.12%, MEM avg=0.15%, MEM max=0.26%
pqc_client -> CPU avg=10.85%, CPU max=32.56%, MEM avg=0.09%, MEM max=0.12%
[2026-05-16 19:04:12] [*] Parando captura en pqc_monitor para hybrid_p1_balanced_c50_004
[*] Métricas TXT guardadas en results/hybrid_p1_balanced_c50_004_metrics.txt
[*] Métricas CSV guardadas en results/hybrid_p1_balanced_c50_004_metrics.csv
[2026-05-16 19:04:37] === RUN END: hybrid_p1_balanced_c50_004 ===

[2026-05-16 19:04:37] === RUN START: hybrid_p1_balanced_c50_005 ===
[2026-05-16 19:04:37] [*] Arrancando captura en pqc_monitor (eth0) para hybrid_p1_balanced_c50_005
[*] Guardando muestras en: results/hybrid_p1_balanced_c50_005_docker_stats.csv
[*] Ejecutando comando medido: bash -lc ./scripts/run_client_once_rafaga_hibrido.sh hybrid_p1_balanced_c50_005 50; sleep 3
[*] Ráfaga híbrida completada: 50 conexiones en 6 clientes (poisson_jitter)
=== host results ===
-rw-rw-r-- 1 cristian cristian   11250 may 16 19:04 hybrid_p1_balanced_c50_005_client_err.txt
-rw-rw-r-- 1 cristian cristian    1049 may 16 19:04 hybrid_p1_balanced_c50_005_client.txt
-rw-rw-r-- 1 cristian cristian     454 may 16 19:04 hybrid_p1_balanced_c50_005_docker_stats.csv
-rw-r--r-- 1 root     root        2025 may 16 19:04 hybrid_p1_balanced_c50_005_pqc_client_2_client_err.txt
-rw-r--r-- 1 root     root       23283 may 16 19:04 hybrid_p1_balanced_c50_005_pqc_client_2_client.txt
-rw-r--r-- 1 root     root          39 may 16 19:04 hybrid_p1_balanced_c50_005_pqc_client_2_summary.txt
-rw-r--r-- 1 root     root        1800 may 16 19:04 hybrid_p1_balanced_c50_005_pqc_client_3_client_err.txt
-rw-r--r-- 1 root     root       20696 may 16 19:04 hybrid_p1_balanced_c50_005_pqc_client_3_client.txt
-rw-r--r-- 1 root     root          39 may 16 19:04 hybrid_p1_balanced_c50_005_pqc_client_3_summary.txt
-rw-r--r-- 1 root     root        1800 may 16 19:04 hybrid_p1_balanced_c50_005_pqc_client_4_client_err.txt
-rw-r--r-- 1 root     root       20696 may 16 19:04 hybrid_p1_balanced_c50_005_pqc_client_4_client.txt
-rw-r--r-- 1 root     root          39 may 16 19:04 hybrid_p1_balanced_c50_005_pqc_client_4_summary.txt
-rw-r--r-- 1 root     root        1800 may 16 19:04 hybrid_p1_balanced_c50_005_pqc_client_5_client_err.txt
-rw-r--r-- 1 root     root       20696 may 16 19:04 hybrid_p1_balanced_c50_005_pqc_client_5_client.txt
-rw-r--r-- 1 root     root          39 may 16 19:04 hybrid_p1_balanced_c50_005_pqc_client_5_summary.txt
-rw-r--r-- 1 root     root        1800 may 16 19:04 hybrid_p1_balanced_c50_005_pqc_client_6_client_err.txt
-rw-r--r-- 1 root     root       20696 may 16 19:04 hybrid_p1_balanced_c50_005_pqc_client_6_client.txt
-rw-r--r-- 1 root     root          39 may 16 19:04 hybrid_p1_balanced_c50_005_pqc_client_6_summary.txt
-rw-r--r-- 1 root     root        2025 may 16 19:04 hybrid_p1_balanced_c50_005_pqc_client_client_err.txt
-rw-r--r-- 1 root     root       23283 may 16 19:04 hybrid_p1_balanced_c50_005_pqc_client_client.txt
-rw-r--r-- 1 root     root          37 may 16 19:04 hybrid_p1_balanced_c50_005_pqc_client_summary.txt
=== resumen por cliente ===
[*] Perfil poisson_jitter: llegadas no sincronizadas con Poisson+jitter
[*] pqc_client <= plan: 1:0.056942 7:0.056942 13:0.056942 19:0.056942 25:0.056942 31:0.056942 37:0.056942 43:0.056942 49:0.056942
[*] pqc_client_2 <= plan: 2:0.056942 8:0.056942 14:0.056942 20:0.056942 26:0.056942 32:0.056942 38:0.056942 44:0.056942 50:0.056942
[*] pqc_client_3 <= plan: 3:0.056942 9:0.056942 15:0.056942 21:0.056942 27:0.056942 33:0.056942 39:0.056942 45:0.056942
[*] pqc_client_4 <= plan: 4:0.056942 10:0.056942 16:0.056942 22:0.056942 28:0.056942 34:0.056942 40:0.056942 46:0.056942
[*] pqc_client_5 <= plan: 5:0.056942 11:0.056942 17:0.056942 23:0.056942 29:0.056942 35:0.056942 41:0.056942 47:0.056942
[*] pqc_client_6 <= plan: 6:0.056942 12:0.056942 18:0.056942 24:0.056942 30:0.056942 36:0.056942 42:0.056942 48:0.056942
client=pqc_client total=9 ok=9 err=0
client=pqc_client_2 total=9 ok=9 err=0
client=pqc_client_3 total=8 ok=8 err=0
client=pqc_client_4 total=8 ok=8 err=0
client=pqc_client_5 total=8 ok=8 err=0
client=pqc_client_6 total=8 ok=8 err=0
[*] Resumen guardado en: results/hybrid_p1_balanced_c50_005_resource_summary.txt
RUN_ID: hybrid_p1_balanced_c50_005
CSV: results/hybrid_p1_balanced_c50_005_docker_stats.csv

=== Resumen CPU% y MEM% (avg / max) por contenedor ===
pqc_client_2 -> CPU avg=1.77%, CPU max=5.30%, MEM avg=0.04%, MEM max=0.04%
pqc_client_3 -> CPU avg=1.93%, CPU max=5.79%, MEM avg=0.05%, MEM max=0.05%
pqc_monitor -> CPU avg=0.11%, CPU max=0.14%, MEM avg=0.10%, MEM max=0.10%
pqc_client_4 -> CPU avg=1.53%, CPU max=4.60%, MEM avg=0.05%, MEM max=0.07%
pqc_client_5 -> CPU avg=0.23%, CPU max=0.69%, MEM avg=0.10%, MEM max=0.21%
pqc_server -> CPU avg=2.21%, CPU max=6.64%, MEM avg=0.11%, MEM max=0.11%
pqc_client_6 -> CPU avg=0.00%, CPU max=0.00%, MEM avg=0.15%, MEM max=0.28%
pqc_client -> CPU avg=1.28%, CPU max=3.83%, MEM avg=0.07%, MEM max=0.07%
[2026-05-16 19:04:50] [*] Parando captura en pqc_monitor para hybrid_p1_balanced_c50_005
[*] Métricas TXT guardadas en results/hybrid_p1_balanced_c50_005_metrics.txt
[*] Métricas CSV guardadas en results/hybrid_p1_balanced_c50_005_metrics.csv
[2026-05-16 19:05:15] === RUN END: hybrid_p1_balanced_c50_005 ===

[2026-05-16 19:05:15] === RUN START: hybrid_p1_aggressive_c50_001 ===
[2026-05-16 19:05:15] [*] Arrancando captura en pqc_monitor (eth0) para hybrid_p1_aggressive_c50_001
[*] Guardando muestras en: results/hybrid_p1_aggressive_c50_001_docker_stats.csv
[*] Ejecutando comando medido: bash -lc ./scripts/run_client_once_rafaga_hibrido.sh hybrid_p1_aggressive_c50_001 50; sleep 3
[*] Ráfaga híbrida completada: 50 conexiones en 6 clientes (poisson_jitter)
=== host results ===
-rw-rw-r-- 1 cristian cristian   11250 may 16 19:05 hybrid_p1_aggressive_c50_001_client_err.txt
-rw-rw-r-- 1 cristian cristian    1049 may 16 19:05 hybrid_p1_aggressive_c50_001_client.txt
-rw-rw-r-- 1 cristian cristian     459 may 16 19:05 hybrid_p1_aggressive_c50_001_docker_stats.csv
-rw-r--r-- 1 root     root        2025 may 16 19:05 hybrid_p1_aggressive_c50_001_pqc_client_2_client_err.txt
-rw-r--r-- 1 root     root       23283 may 16 19:05 hybrid_p1_aggressive_c50_001_pqc_client_2_client.txt
-rw-r--r-- 1 root     root          39 may 16 19:05 hybrid_p1_aggressive_c50_001_pqc_client_2_summary.txt
-rw-r--r-- 1 root     root        1800 may 16 19:05 hybrid_p1_aggressive_c50_001_pqc_client_3_client_err.txt
-rw-r--r-- 1 root     root       20696 may 16 19:05 hybrid_p1_aggressive_c50_001_pqc_client_3_client.txt
-rw-r--r-- 1 root     root          39 may 16 19:05 hybrid_p1_aggressive_c50_001_pqc_client_3_summary.txt
-rw-r--r-- 1 root     root        1800 may 16 19:05 hybrid_p1_aggressive_c50_001_pqc_client_4_client_err.txt
-rw-r--r-- 1 root     root       20696 may 16 19:05 hybrid_p1_aggressive_c50_001_pqc_client_4_client.txt
-rw-r--r-- 1 root     root          39 may 16 19:05 hybrid_p1_aggressive_c50_001_pqc_client_4_summary.txt
-rw-r--r-- 1 root     root        1800 may 16 19:05 hybrid_p1_aggressive_c50_001_pqc_client_5_client_err.txt
-rw-r--r-- 1 root     root       20696 may 16 19:05 hybrid_p1_aggressive_c50_001_pqc_client_5_client.txt
-rw-r--r-- 1 root     root          39 may 16 19:05 hybrid_p1_aggressive_c50_001_pqc_client_5_summary.txt
-rw-r--r-- 1 root     root        1800 may 16 19:05 hybrid_p1_aggressive_c50_001_pqc_client_6_client_err.txt
-rw-r--r-- 1 root     root       20696 may 16 19:05 hybrid_p1_aggressive_c50_001_pqc_client_6_client.txt
-rw-r--r-- 1 root     root          39 may 16 19:05 hybrid_p1_aggressive_c50_001_pqc_client_6_summary.txt
-rw-r--r-- 1 root     root        2025 may 16 19:05 hybrid_p1_aggressive_c50_001_pqc_client_client_err.txt
-rw-r--r-- 1 root     root       23283 may 16 19:05 hybrid_p1_aggressive_c50_001_pqc_client_client.txt
-rw-r--r-- 1 root     root          37 may 16 19:05 hybrid_p1_aggressive_c50_001_pqc_client_summary.txt
=== resumen por cliente ===
[*] Perfil poisson_jitter: llegadas no sincronizadas con Poisson+jitter
[*] pqc_client <= plan: 1:0.046004 7:0.046004 13:0.046004 19:0.046004 25:0.046004 31:0.046004 37:0.046004 43:0.046004 49:0.046004
[*] pqc_client_2 <= plan: 2:0.046004 8:0.046004 14:0.046004 20:0.046004 26:0.046004 32:0.046004 38:0.046004 44:0.046004 50:0.046004
[*] pqc_client_3 <= plan: 3:0.046004 9:0.046004 15:0.046004 21:0.046004 27:0.046004 33:0.046004 39:0.046004 45:0.046004
[*] pqc_client_4 <= plan: 4:0.046004 10:0.046004 16:0.046004 22:0.046004 28:0.046004 34:0.046004 40:0.046004 46:0.046004
[*] pqc_client_5 <= plan: 5:0.046004 11:0.046004 17:0.046004 23:0.046004 29:0.046004 35:0.046004 41:0.046004 47:0.046004
[*] pqc_client_6 <= plan: 6:0.046004 12:0.046004 18:0.046004 24:0.046004 30:0.046004 36:0.046004 42:0.046004 48:0.046004
client=pqc_client total=9 ok=9 err=0
client=pqc_client_2 total=9 ok=9 err=0
client=pqc_client_3 total=8 ok=8 err=0
client=pqc_client_4 total=8 ok=8 err=0
client=pqc_client_5 total=8 ok=8 err=0
client=pqc_client_6 total=8 ok=8 err=0
[*] Resumen guardado en: results/hybrid_p1_aggressive_c50_001_resource_summary.txt
RUN_ID: hybrid_p1_aggressive_c50_001
CSV: results/hybrid_p1_aggressive_c50_001_docker_stats.csv

=== Resumen CPU% y MEM% (avg / max) por contenedor ===
pqc_client_2 -> CPU avg=2.05%, CPU max=6.16%, MEM avg=0.05%, MEM max=0.05%
pqc_client_3 -> CPU avg=1.98%, CPU max=5.94%, MEM avg=0.05%, MEM max=0.05%
pqc_monitor -> CPU avg=0.13%, CPU max=0.17%, MEM avg=0.10%, MEM max=0.10%
pqc_client_4 -> CPU avg=8.04%, CPU max=24.11%, MEM avg=0.10%, MEM max=0.23%
pqc_client_5 -> CPU avg=0.00%, CPU max=0.00%, MEM avg=0.10%, MEM max=0.23%
pqc_server -> CPU avg=2.14%, CPU max=6.43%, MEM avg=0.11%, MEM max=0.11%
pqc_client_6 -> CPU avg=0.34%, CPU max=1.02%, MEM avg=0.15%, MEM max=0.26%
pqc_client -> CPU avg=0.85%, CPU max=2.55%, MEM avg=0.07%, MEM max=0.07%
[2026-05-16 19:05:27] [*] Parando captura en pqc_monitor para hybrid_p1_aggressive_c50_001
[*] Métricas TXT guardadas en results/hybrid_p1_aggressive_c50_001_metrics.txt
[*] Métricas CSV guardadas en results/hybrid_p1_aggressive_c50_001_metrics.csv
[2026-05-16 19:05:53] === RUN END: hybrid_p1_aggressive_c50_001 ===

[2026-05-16 19:05:53] === RUN START: hybrid_p1_aggressive_c50_002 ===
[2026-05-16 19:05:53] [*] Arrancando captura en pqc_monitor (eth0) para hybrid_p1_aggressive_c50_002
[*] Guardando muestras en: results/hybrid_p1_aggressive_c50_002_docker_stats.csv
[*] Ejecutando comando medido: bash -lc ./scripts/run_client_once_rafaga_hibrido.sh hybrid_p1_aggressive_c50_002 50; sleep 3
[*] Ráfaga híbrida completada: 50 conexiones en 6 clientes (poisson_jitter)
=== host results ===
-rw-rw-r-- 1 cristian cristian   11250 may 16 19:05 hybrid_p1_aggressive_c50_002_client_err.txt
-rw-rw-r-- 1 cristian cristian    1049 may 16 19:05 hybrid_p1_aggressive_c50_002_client.txt
-rw-rw-r-- 1 cristian cristian     457 may 16 19:05 hybrid_p1_aggressive_c50_002_docker_stats.csv
-rw-r--r-- 1 root     root        2025 may 16 19:05 hybrid_p1_aggressive_c50_002_pqc_client_2_client_err.txt
-rw-r--r-- 1 root     root       23283 may 16 19:05 hybrid_p1_aggressive_c50_002_pqc_client_2_client.txt
-rw-r--r-- 1 root     root          39 may 16 19:05 hybrid_p1_aggressive_c50_002_pqc_client_2_summary.txt
-rw-r--r-- 1 root     root        1800 may 16 19:05 hybrid_p1_aggressive_c50_002_pqc_client_3_client_err.txt
-rw-r--r-- 1 root     root       20696 may 16 19:05 hybrid_p1_aggressive_c50_002_pqc_client_3_client.txt
-rw-r--r-- 1 root     root          39 may 16 19:05 hybrid_p1_aggressive_c50_002_pqc_client_3_summary.txt
-rw-r--r-- 1 root     root        1800 may 16 19:05 hybrid_p1_aggressive_c50_002_pqc_client_4_client_err.txt
-rw-r--r-- 1 root     root       20696 may 16 19:05 hybrid_p1_aggressive_c50_002_pqc_client_4_client.txt
-rw-r--r-- 1 root     root          39 may 16 19:05 hybrid_p1_aggressive_c50_002_pqc_client_4_summary.txt
-rw-r--r-- 1 root     root        1800 may 16 19:05 hybrid_p1_aggressive_c50_002_pqc_client_5_client_err.txt
-rw-r--r-- 1 root     root       20696 may 16 19:05 hybrid_p1_aggressive_c50_002_pqc_client_5_client.txt
-rw-r--r-- 1 root     root          39 may 16 19:05 hybrid_p1_aggressive_c50_002_pqc_client_5_summary.txt
-rw-r--r-- 1 root     root        1800 may 16 19:05 hybrid_p1_aggressive_c50_002_pqc_client_6_client_err.txt
-rw-r--r-- 1 root     root       20696 may 16 19:05 hybrid_p1_aggressive_c50_002_pqc_client_6_client.txt
-rw-r--r-- 1 root     root          39 may 16 19:05 hybrid_p1_aggressive_c50_002_pqc_client_6_summary.txt
-rw-r--r-- 1 root     root        2025 may 16 19:05 hybrid_p1_aggressive_c50_002_pqc_client_client_err.txt
-rw-r--r-- 1 root     root       23283 may 16 19:05 hybrid_p1_aggressive_c50_002_pqc_client_client.txt
-rw-r--r-- 1 root     root          37 may 16 19:05 hybrid_p1_aggressive_c50_002_pqc_client_summary.txt
=== resumen por cliente ===
[*] Perfil poisson_jitter: llegadas no sincronizadas con Poisson+jitter
[*] pqc_client <= plan: 1:0.015739 7:0.015739 13:0.015739 19:0.015739 25:0.015739 31:0.015739 37:0.015739 43:0.015739 49:0.015739
[*] pqc_client_2 <= plan: 2:0.015739 8:0.015739 14:0.015739 20:0.015739 26:0.015739 32:0.015739 38:0.015739 44:0.015739 50:0.015739
[*] pqc_client_3 <= plan: 3:0.015739 9:0.015739 15:0.015739 21:0.015739 27:0.015739 33:0.015739 39:0.015739 45:0.015739
[*] pqc_client_4 <= plan: 4:0.015739 10:0.015739 16:0.015739 22:0.015739 28:0.015739 34:0.015739 40:0.015739 46:0.015739
[*] pqc_client_5 <= plan: 5:0.015739 11:0.015739 17:0.015739 23:0.015739 29:0.015739 35:0.015739 41:0.015739 47:0.015739
[*] pqc_client_6 <= plan: 6:0.015739 12:0.015739 18:0.015739 24:0.015739 30:0.015739 36:0.015739 42:0.015739 48:0.015739
client=pqc_client total=9 ok=9 err=0
client=pqc_client_2 total=9 ok=9 err=0
client=pqc_client_3 total=8 ok=8 err=0
client=pqc_client_4 total=8 ok=8 err=0
client=pqc_client_5 total=8 ok=8 err=0
client=pqc_client_6 total=8 ok=8 err=0
[*] Resumen guardado en: results/hybrid_p1_aggressive_c50_002_resource_summary.txt
RUN_ID: hybrid_p1_aggressive_c50_002
CSV: results/hybrid_p1_aggressive_c50_002_docker_stats.csv

=== Resumen CPU% y MEM% (avg / max) por contenedor ===
pqc_client_2 -> CPU avg=2.07%, CPU max=6.21%, MEM avg=0.05%, MEM max=0.05%
pqc_client_3 -> CPU avg=2.04%, CPU max=6.12%, MEM avg=0.05%, MEM max=0.05%
pqc_monitor -> CPU avg=0.16%, CPU max=0.27%, MEM avg=0.10%, MEM max=0.10%
pqc_client_4 -> CPU avg=0.17%, CPU max=0.50%, MEM avg=0.10%, MEM max=0.23%
pqc_client_5 -> CPU avg=9.01%, CPU max=27.03%, MEM avg=0.10%, MEM max=0.23%
pqc_server -> CPU avg=2.65%, CPU max=7.96%, MEM avg=0.11%, MEM max=0.11%
pqc_client_6 -> CPU avg=2.06%, CPU max=6.17%, MEM avg=0.09%, MEM max=0.10%
pqc_client -> CPU avg=0.66%, CPU max=1.98%, MEM avg=0.07%, MEM max=0.07%
[2026-05-16 19:06:05] [*] Parando captura en pqc_monitor para hybrid_p1_aggressive_c50_002
[*] Métricas TXT guardadas en results/hybrid_p1_aggressive_c50_002_metrics.txt
[*] Métricas CSV guardadas en results/hybrid_p1_aggressive_c50_002_metrics.csv
[2026-05-16 19:06:31] === RUN END: hybrid_p1_aggressive_c50_002 ===

[2026-05-16 19:06:31] === RUN START: hybrid_p1_aggressive_c50_003 ===
[2026-05-16 19:06:31] [*] Arrancando captura en pqc_monitor (eth0) para hybrid_p1_aggressive_c50_003
[*] Guardando muestras en: results/hybrid_p1_aggressive_c50_003_docker_stats.csv
[*] Ejecutando comando medido: bash -lc ./scripts/run_client_once_rafaga_hibrido.sh hybrid_p1_aggressive_c50_003 50; sleep 3
[*] Ráfaga híbrida completada: 50 conexiones en 6 clientes (poisson_jitter)
=== host results ===
-rw-rw-r-- 1 cristian cristian   11250 may 16 19:06 hybrid_p1_aggressive_c50_003_client_err.txt
-rw-rw-r-- 1 cristian cristian    1049 may 16 19:06 hybrid_p1_aggressive_c50_003_client.txt
-rw-rw-r-- 1 cristian cristian     458 may 16 19:06 hybrid_p1_aggressive_c50_003_docker_stats.csv
-rw-r--r-- 1 root     root        2025 may 16 19:06 hybrid_p1_aggressive_c50_003_pqc_client_2_client_err.txt
-rw-r--r-- 1 root     root       23283 may 16 19:06 hybrid_p1_aggressive_c50_003_pqc_client_2_client.txt
-rw-r--r-- 1 root     root          39 may 16 19:06 hybrid_p1_aggressive_c50_003_pqc_client_2_summary.txt
-rw-r--r-- 1 root     root        1800 may 16 19:06 hybrid_p1_aggressive_c50_003_pqc_client_3_client_err.txt
-rw-r--r-- 1 root     root       20696 may 16 19:06 hybrid_p1_aggressive_c50_003_pqc_client_3_client.txt
-rw-r--r-- 1 root     root          39 may 16 19:06 hybrid_p1_aggressive_c50_003_pqc_client_3_summary.txt
-rw-r--r-- 1 root     root        1800 may 16 19:06 hybrid_p1_aggressive_c50_003_pqc_client_4_client_err.txt
-rw-r--r-- 1 root     root       20696 may 16 19:06 hybrid_p1_aggressive_c50_003_pqc_client_4_client.txt
-rw-r--r-- 1 root     root          39 may 16 19:06 hybrid_p1_aggressive_c50_003_pqc_client_4_summary.txt
-rw-r--r-- 1 root     root        1800 may 16 19:06 hybrid_p1_aggressive_c50_003_pqc_client_5_client_err.txt
-rw-r--r-- 1 root     root       20696 may 16 19:06 hybrid_p1_aggressive_c50_003_pqc_client_5_client.txt
-rw-r--r-- 1 root     root          39 may 16 19:06 hybrid_p1_aggressive_c50_003_pqc_client_5_summary.txt
-rw-r--r-- 1 root     root        1800 may 16 19:06 hybrid_p1_aggressive_c50_003_pqc_client_6_client_err.txt
-rw-r--r-- 1 root     root       20696 may 16 19:06 hybrid_p1_aggressive_c50_003_pqc_client_6_client.txt
-rw-r--r-- 1 root     root          39 may 16 19:06 hybrid_p1_aggressive_c50_003_pqc_client_6_summary.txt
-rw-r--r-- 1 root     root        2025 may 16 19:06 hybrid_p1_aggressive_c50_003_pqc_client_client_err.txt
-rw-r--r-- 1 root     root       23283 may 16 19:06 hybrid_p1_aggressive_c50_003_pqc_client_client.txt
-rw-r--r-- 1 root     root          37 may 16 19:06 hybrid_p1_aggressive_c50_003_pqc_client_summary.txt
=== resumen por cliente ===
[*] Perfil poisson_jitter: llegadas no sincronizadas con Poisson+jitter
[*] pqc_client <= plan: 1:0.040256 7:0.013291 13:0.013291 19:0.013291 25:0.013291 31:0.013291 37:0.013291 43:0.013291 49:0.013291
[*] pqc_client_2 <= plan: 2:0.013291 8:0.013291 14:0.013291 20:0.013291 26:0.013291 32:0.013291 38:0.013291 44:0.013291 50:0.013291
[*] pqc_client_3 <= plan: 3:0.013291 9:0.013291 15:0.013291 21:0.013291 27:0.013291 33:0.013291 39:0.013291 45:0.013291
[*] pqc_client_4 <= plan: 4:0.013291 10:0.013291 16:0.013291 22:0.013291 28:0.013291 34:0.013291 40:0.013291 46:0.013291
[*] pqc_client_5 <= plan: 5:0.013291 11:0.013291 17:0.013291 23:0.013291 29:0.013291 35:0.013291 41:0.013291 47:0.013291
[*] pqc_client_6 <= plan: 6:0.013291 12:0.013291 18:0.013291 24:0.013291 30:0.013291 36:0.013291 42:0.013291 48:0.013291
client=pqc_client total=9 ok=9 err=0
client=pqc_client_2 total=9 ok=9 err=0
client=pqc_client_3 total=8 ok=8 err=0
client=pqc_client_4 total=8 ok=8 err=0
client=pqc_client_5 total=8 ok=8 err=0
client=pqc_client_6 total=8 ok=8 err=0
[*] Resumen guardado en: results/hybrid_p1_aggressive_c50_003_resource_summary.txt
RUN_ID: hybrid_p1_aggressive_c50_003
CSV: results/hybrid_p1_aggressive_c50_003_docker_stats.csv

=== Resumen CPU% y MEM% (avg / max) por contenedor ===
pqc_client_2 -> CPU avg=1.97%, CPU max=5.90%, MEM avg=0.05%, MEM max=0.05%
pqc_client_3 -> CPU avg=1.95%, CPU max=5.84%, MEM avg=0.05%, MEM max=0.05%
pqc_monitor -> CPU avg=0.07%, CPU max=0.14%, MEM avg=0.10%, MEM max=0.10%
pqc_client_4 -> CPU avg=1.94%, CPU max=5.81%, MEM avg=0.04%, MEM max=0.04%
pqc_client_5 -> CPU avg=0.12%, CPU max=0.37%, MEM avg=0.11%, MEM max=0.24%
pqc_server -> CPU avg=2.23%, CPU max=6.68%, MEM avg=0.11%, MEM max=0.11%
pqc_client_6 -> CPU avg=0.00%, CPU max=0.00%, MEM avg=0.16%, MEM max=0.29%
pqc_client -> CPU avg=0.83%, CPU max=2.48%, MEM avg=0.07%, MEM max=0.07%
[2026-05-16 19:06:43] [*] Parando captura en pqc_monitor para hybrid_p1_aggressive_c50_003
[*] Métricas TXT guardadas en results/hybrid_p1_aggressive_c50_003_metrics.txt
[*] Métricas CSV guardadas en results/hybrid_p1_aggressive_c50_003_metrics.csv
[2026-05-16 19:07:09] === RUN END: hybrid_p1_aggressive_c50_003 ===

[2026-05-16 19:07:09] === RUN START: hybrid_p1_aggressive_c50_004 ===
[2026-05-16 19:07:09] [*] Arrancando captura en pqc_monitor (eth0) para hybrid_p1_aggressive_c50_004
[*] Guardando muestras en: results/hybrid_p1_aggressive_c50_004_docker_stats.csv
[*] Ejecutando comando medido: bash -lc ./scripts/run_client_once_rafaga_hibrido.sh hybrid_p1_aggressive_c50_004 50; sleep 3
[*] Ráfaga híbrida completada: 50 conexiones en 6 clientes (poisson_jitter)
=== host results ===
-rw-rw-r-- 1 cristian cristian   11250 may 16 19:07 hybrid_p1_aggressive_c50_004_client_err.txt
-rw-rw-r-- 1 cristian cristian    1049 may 16 19:07 hybrid_p1_aggressive_c50_004_client.txt
-rw-rw-r-- 1 cristian cristian     458 may 16 19:07 hybrid_p1_aggressive_c50_004_docker_stats.csv
-rw-r--r-- 1 root     root        2025 may 16 19:07 hybrid_p1_aggressive_c50_004_pqc_client_2_client_err.txt
-rw-r--r-- 1 root     root       23283 may 16 19:07 hybrid_p1_aggressive_c50_004_pqc_client_2_client.txt
-rw-r--r-- 1 root     root          39 may 16 19:07 hybrid_p1_aggressive_c50_004_pqc_client_2_summary.txt
-rw-r--r-- 1 root     root        1800 may 16 19:07 hybrid_p1_aggressive_c50_004_pqc_client_3_client_err.txt
-rw-r--r-- 1 root     root       20696 may 16 19:07 hybrid_p1_aggressive_c50_004_pqc_client_3_client.txt
-rw-r--r-- 1 root     root          39 may 16 19:07 hybrid_p1_aggressive_c50_004_pqc_client_3_summary.txt
-rw-r--r-- 1 root     root        1800 may 16 19:07 hybrid_p1_aggressive_c50_004_pqc_client_4_client_err.txt
-rw-r--r-- 1 root     root       20696 may 16 19:07 hybrid_p1_aggressive_c50_004_pqc_client_4_client.txt
-rw-r--r-- 1 root     root          39 may 16 19:07 hybrid_p1_aggressive_c50_004_pqc_client_4_summary.txt
-rw-r--r-- 1 root     root        1800 may 16 19:07 hybrid_p1_aggressive_c50_004_pqc_client_5_client_err.txt
-rw-r--r-- 1 root     root       20696 may 16 19:07 hybrid_p1_aggressive_c50_004_pqc_client_5_client.txt
-rw-r--r-- 1 root     root          39 may 16 19:07 hybrid_p1_aggressive_c50_004_pqc_client_5_summary.txt
-rw-r--r-- 1 root     root        1800 may 16 19:07 hybrid_p1_aggressive_c50_004_pqc_client_6_client_err.txt
-rw-r--r-- 1 root     root       20696 may 16 19:07 hybrid_p1_aggressive_c50_004_pqc_client_6_client.txt
-rw-r--r-- 1 root     root          39 may 16 19:07 hybrid_p1_aggressive_c50_004_pqc_client_6_summary.txt
-rw-r--r-- 1 root     root        2025 may 16 19:07 hybrid_p1_aggressive_c50_004_pqc_client_client_err.txt
-rw-r--r-- 1 root     root       23283 may 16 19:07 hybrid_p1_aggressive_c50_004_pqc_client_client.txt
-rw-r--r-- 1 root     root          37 may 16 19:07 hybrid_p1_aggressive_c50_004_pqc_client_summary.txt
=== resumen por cliente ===
[*] Perfil poisson_jitter: llegadas no sincronizadas con Poisson+jitter
[*] pqc_client <= plan: 1:0.000000 7:0.000000 13:0.000000 19:0.000000 25:0.038492 31:0.038492 37:0.038492 43:0.038492 49:0.038492
[*] pqc_client_2 <= plan: 2:0.000000 8:0.000000 14:0.000000 20:0.000000 26:0.038492 32:0.038492 38:0.038492 44:0.038492 50:0.038492
[*] pqc_client_3 <= plan: 3:0.000000 9:0.000000 15:0.000000 21:0.000000 27:0.038492 33:0.038492 39:0.038492 45:0.038492
[*] pqc_client_4 <= plan: 4:0.000000 10:0.000000 16:0.000000 22:0.000000 28:0.038492 34:0.038492 40:0.038492 46:0.038492
[*] pqc_client_5 <= plan: 5:0.000000 11:0.000000 17:0.000000 23:0.000000 29:0.038492 35:0.038492 41:0.038492 47:0.038492
[*] pqc_client_6 <= plan: 6:0.000000 12:0.000000 18:0.000000 24:0.000000 30:0.038492 36:0.038492 42:0.038492 48:0.038492
client=pqc_client total=9 ok=9 err=0
client=pqc_client_2 total=9 ok=9 err=0
client=pqc_client_3 total=8 ok=8 err=0
client=pqc_client_4 total=8 ok=8 err=0
client=pqc_client_5 total=8 ok=8 err=0
client=pqc_client_6 total=8 ok=8 err=0
[*] Resumen guardado en: results/hybrid_p1_aggressive_c50_004_resource_summary.txt
RUN_ID: hybrid_p1_aggressive_c50_004
CSV: results/hybrid_p1_aggressive_c50_004_docker_stats.csv

=== Resumen CPU% y MEM% (avg / max) por contenedor ===
pqc_client_2 -> CPU avg=1.23%, CPU max=3.70%, MEM avg=0.05%, MEM max=0.05%
pqc_client_3 -> CPU avg=2.02%, CPU max=6.07%, MEM avg=0.05%, MEM max=0.05%
pqc_monitor -> CPU avg=0.10%, CPU max=0.24%, MEM avg=0.10%, MEM max=0.10%
pqc_client_4 -> CPU avg=1.06%, CPU max=3.19%, MEM avg=0.07%, MEM max=0.12%
pqc_client_5 -> CPU avg=0.88%, CPU max=2.63%, MEM avg=0.08%, MEM max=0.15%
pqc_server -> CPU avg=2.11%, CPU max=6.33%, MEM avg=0.11%, MEM max=0.11%
pqc_client_6 -> CPU avg=0.00%, CPU max=0.00%, MEM avg=0.16%, MEM max=0.29%
pqc_client -> CPU avg=1.42%, CPU max=4.26%, MEM avg=0.07%, MEM max=0.07%
[2026-05-16 19:07:22] [*] Parando captura en pqc_monitor para hybrid_p1_aggressive_c50_004
[*] Métricas TXT guardadas en results/hybrid_p1_aggressive_c50_004_metrics.txt
[*] Métricas CSV guardadas en results/hybrid_p1_aggressive_c50_004_metrics.csv
[2026-05-16 19:07:47] === RUN END: hybrid_p1_aggressive_c50_004 ===

[2026-05-16 19:07:47] === RUN START: hybrid_p1_aggressive_c50_005 ===
[2026-05-16 19:07:47] [*] Arrancando captura en pqc_monitor (eth0) para hybrid_p1_aggressive_c50_005
[*] Guardando muestras en: results/hybrid_p1_aggressive_c50_005_docker_stats.csv
[*] Ejecutando comando medido: bash -lc ./scripts/run_client_once_rafaga_hibrido.sh hybrid_p1_aggressive_c50_005 50; sleep 3
[*] Ráfaga híbrida completada: 50 conexiones en 6 clientes (poisson_jitter)
=== host results ===
-rw-rw-r-- 1 cristian cristian   11250 may 16 19:07 hybrid_p1_aggressive_c50_005_client_err.txt
-rw-rw-r-- 1 cristian cristian    1049 may 16 19:07 hybrid_p1_aggressive_c50_005_client.txt
-rw-rw-r-- 1 cristian cristian     553 may 16 19:07 hybrid_p1_aggressive_c50_005_docker_stats.csv
-rw-r--r-- 1 root     root        2025 may 16 19:07 hybrid_p1_aggressive_c50_005_pqc_client_2_client_err.txt
-rw-r--r-- 1 root     root       23283 may 16 19:07 hybrid_p1_aggressive_c50_005_pqc_client_2_client.txt
-rw-r--r-- 1 root     root          39 may 16 19:07 hybrid_p1_aggressive_c50_005_pqc_client_2_summary.txt
-rw-r--r-- 1 root     root        1800 may 16 19:07 hybrid_p1_aggressive_c50_005_pqc_client_3_client_err.txt
-rw-r--r-- 1 root     root       20696 may 16 19:07 hybrid_p1_aggressive_c50_005_pqc_client_3_client.txt
-rw-r--r-- 1 root     root          39 may 16 19:07 hybrid_p1_aggressive_c50_005_pqc_client_3_summary.txt
-rw-r--r-- 1 root     root        1800 may 16 19:07 hybrid_p1_aggressive_c50_005_pqc_client_4_client_err.txt
-rw-r--r-- 1 root     root       20696 may 16 19:07 hybrid_p1_aggressive_c50_005_pqc_client_4_client.txt
-rw-r--r-- 1 root     root          39 may 16 19:07 hybrid_p1_aggressive_c50_005_pqc_client_4_summary.txt
-rw-r--r-- 1 root     root        1800 may 16 19:07 hybrid_p1_aggressive_c50_005_pqc_client_5_client_err.txt
-rw-r--r-- 1 root     root       20696 may 16 19:07 hybrid_p1_aggressive_c50_005_pqc_client_5_client.txt
-rw-r--r-- 1 root     root          39 may 16 19:07 hybrid_p1_aggressive_c50_005_pqc_client_5_summary.txt
-rw-r--r-- 1 root     root        1800 may 16 19:07 hybrid_p1_aggressive_c50_005_pqc_client_6_client_err.txt
-rw-r--r-- 1 root     root       20696 may 16 19:07 hybrid_p1_aggressive_c50_005_pqc_client_6_client.txt
-rw-r--r-- 1 root     root          39 may 16 19:07 hybrid_p1_aggressive_c50_005_pqc_client_6_summary.txt
-rw-r--r-- 1 root     root        2025 may 16 19:07 hybrid_p1_aggressive_c50_005_pqc_client_client_err.txt
-rw-r--r-- 1 root     root       23283 may 16 19:07 hybrid_p1_aggressive_c50_005_pqc_client_client.txt
-rw-r--r-- 1 root     root          37 may 16 19:07 hybrid_p1_aggressive_c50_005_pqc_client_summary.txt
=== resumen por cliente ===
[*] Perfil poisson_jitter: llegadas no sincronizadas con Poisson+jitter
[*] pqc_client <= plan: 1:0.043447 7:0.043447 13:0.043447 19:0.043447 25:0.043447 31:0.043447 37:0.043447 43:0.043447 49:0.043447
[*] pqc_client_2 <= plan: 2:0.043447 8:0.043447 14:0.043447 20:0.043447 26:0.043447 32:0.043447 38:0.043447 44:0.043447 50:0.043447
[*] pqc_client_3 <= plan: 3:0.043447 9:0.043447 15:0.043447 21:0.043447 27:0.043447 33:0.043447 39:0.043447 45:0.043447
[*] pqc_client_4 <= plan: 4:0.043447 10:0.043447 16:0.043447 22:0.043447 28:0.043447 34:0.043447 40:0.043447 46:0.043447
[*] pqc_client_5 <= plan: 5:0.043447 11:0.043447 17:0.043447 23:0.043447 29:0.043447 35:0.043447 41:0.043447 47:0.043447
[*] pqc_client_6 <= plan: 6:0.043447 12:0.043447 18:0.043447 24:0.043447 30:0.043447 36:0.043447 42:0.043447 48:0.043447
client=pqc_client total=9 ok=9 err=0
client=pqc_client_2 total=9 ok=9 err=0
client=pqc_client_3 total=8 ok=8 err=0
client=pqc_client_4 total=8 ok=8 err=0
client=pqc_client_5 total=8 ok=8 err=0
client=pqc_client_6 total=8 ok=8 err=0
[*] Resumen guardado en: results/hybrid_p1_aggressive_c50_005_resource_summary.txt
RUN_ID: hybrid_p1_aggressive_c50_005
CSV: results/hybrid_p1_aggressive_c50_005_docker_stats.csv

=== Resumen CPU% y MEM% (avg / max) por contenedor ===
pqc_client_2 -> CPU avg=1.63%, CPU max=4.88%, MEM avg=0.05%, MEM max=0.05%
pqc_client_3 -> CPU avg=1.94%, CPU max=5.82%, MEM avg=0.06%, MEM max=0.08%
pqc_monitor -> CPU avg=0.16%, CPU max=0.23%, MEM avg=0.10%, MEM max=0.10%
pqc_client_4 -> CPU avg=0.73%, CPU max=2.20%, MEM avg=0.08%, MEM max=0.16%
pqc_client_5 -> CPU avg=0.54%, CPU max=1.62%, MEM avg=0.09%, MEM max=0.17%
pqc_server -> CPU avg=2.23%, CPU max=6.70%, MEM avg=0.11%, MEM max=0.11%
pqc_client_6 -> CPU avg=0.02%, CPU max=0.06%, MEM avg=0.16%, MEM max=0.29%
pqc_client -> CPU avg=1.83%, CPU max=5.49%, MEM avg=0.08%, MEM max=0.08%
[2026-05-16 19:08:01] [*] Parando captura en pqc_monitor para hybrid_p1_aggressive_c50_005
[*] Métricas TXT guardadas en results/hybrid_p1_aggressive_c50_005_metrics.txt
[*] Métricas CSV guardadas en results/hybrid_p1_aggressive_c50_005_metrics.csv
[2026-05-16 19:08:26] === RUN END: hybrid_p1_aggressive_c50_005 ===

[2026-05-16 19:08:26] === RUN START: hybrid_p1_soft_c50_001 ===
[2026-05-16 19:08:26] [*] Arrancando captura en pqc_monitor (eth0) para hybrid_p1_soft_c50_001
[*] Guardando muestras en: results/hybrid_p1_soft_c50_001_docker_stats.csv
[*] Ejecutando comando medido: bash -lc ./scripts/run_client_once_rafaga_hibrido.sh hybrid_p1_soft_c50_001 50; sleep 3
[*] Ráfaga híbrida completada: 50 conexiones en 6 clientes (poisson_jitter)
=== host results ===
-rw-rw-r-- 1 cristian cristian   11250 may 16 19:08 hybrid_p1_soft_c50_001_client_err.txt
-rw-rw-r-- 1 cristian cristian    1049 may 16 19:08 hybrid_p1_soft_c50_001_client.txt
-rw-rw-r-- 1 cristian cristian     457 may 16 19:08 hybrid_p1_soft_c50_001_docker_stats.csv
-rw-r--r-- 1 root     root        2025 may 16 19:08 hybrid_p1_soft_c50_001_pqc_client_2_client_err.txt
-rw-r--r-- 1 root     root       23283 may 16 19:08 hybrid_p1_soft_c50_001_pqc_client_2_client.txt
-rw-r--r-- 1 root     root          39 may 16 19:08 hybrid_p1_soft_c50_001_pqc_client_2_summary.txt
-rw-r--r-- 1 root     root        1800 may 16 19:08 hybrid_p1_soft_c50_001_pqc_client_3_client_err.txt
-rw-r--r-- 1 root     root       20696 may 16 19:08 hybrid_p1_soft_c50_001_pqc_client_3_client.txt
-rw-r--r-- 1 root     root          39 may 16 19:08 hybrid_p1_soft_c50_001_pqc_client_3_summary.txt
-rw-r--r-- 1 root     root        1800 may 16 19:08 hybrid_p1_soft_c50_001_pqc_client_4_client_err.txt
-rw-r--r-- 1 root     root       20696 may 16 19:08 hybrid_p1_soft_c50_001_pqc_client_4_client.txt
-rw-r--r-- 1 root     root          39 may 16 19:08 hybrid_p1_soft_c50_001_pqc_client_4_summary.txt
-rw-r--r-- 1 root     root        1800 may 16 19:08 hybrid_p1_soft_c50_001_pqc_client_5_client_err.txt
-rw-r--r-- 1 root     root       20696 may 16 19:08 hybrid_p1_soft_c50_001_pqc_client_5_client.txt
-rw-r--r-- 1 root     root          39 may 16 19:08 hybrid_p1_soft_c50_001_pqc_client_5_summary.txt
-rw-r--r-- 1 root     root        1800 may 16 19:08 hybrid_p1_soft_c50_001_pqc_client_6_client_err.txt
-rw-r--r-- 1 root     root       20696 may 16 19:08 hybrid_p1_soft_c50_001_pqc_client_6_client.txt
-rw-r--r-- 1 root     root          39 may 16 19:08 hybrid_p1_soft_c50_001_pqc_client_6_summary.txt
-rw-r--r-- 1 root     root        2025 may 16 19:08 hybrid_p1_soft_c50_001_pqc_client_client_err.txt
-rw-r--r-- 1 root     root       23283 may 16 19:08 hybrid_p1_soft_c50_001_pqc_client_client.txt
-rw-r--r-- 1 root     root          37 may 16 19:08 hybrid_p1_soft_c50_001_pqc_client_summary.txt
=== resumen por cliente ===
[*] Perfil poisson_jitter: llegadas no sincronizadas con Poisson+jitter
[*] pqc_client <= plan: 1:0.067124 7:0.067124 13:0.067124 19:0.067124 25:0.067124 31:0.067124 37:0.067124 43:0.067124 49:0.067124
[*] pqc_client_2 <= plan: 2:0.067124 8:0.067124 14:0.067124 20:0.067124 26:0.067124 32:0.067124 38:0.067124 44:0.067124 50:0.067124
[*] pqc_client_3 <= plan: 3:0.067124 9:0.067124 15:0.067124 21:0.067124 27:0.067124 33:0.067124 39:0.067124 45:0.067124
[*] pqc_client_4 <= plan: 4:0.067124 10:0.067124 16:0.067124 22:0.067124 28:0.067124 34:0.067124 40:0.067124 46:0.067124
[*] pqc_client_5 <= plan: 5:0.067124 11:0.067124 17:0.067124 23:0.067124 29:0.067124 35:0.067124 41:0.067124 47:0.067124
[*] pqc_client_6 <= plan: 6:0.067124 12:0.067124 18:0.067124 24:0.067124 30:0.067124 36:0.067124 42:0.067124 48:0.067124
client=pqc_client total=9 ok=9 err=0
client=pqc_client_2 total=9 ok=9 err=0
client=pqc_client_3 total=8 ok=8 err=0
client=pqc_client_4 total=8 ok=8 err=0
client=pqc_client_5 total=8 ok=8 err=0
client=pqc_client_6 total=8 ok=8 err=0
[*] Resumen guardado en: results/hybrid_p1_soft_c50_001_resource_summary.txt
RUN_ID: hybrid_p1_soft_c50_001
CSV: results/hybrid_p1_soft_c50_001_docker_stats.csv

=== Resumen CPU% y MEM% (avg / max) por contenedor ===
pqc_client_2 -> CPU avg=2.31%, CPU max=6.94%, MEM avg=0.05%, MEM max=0.05%
pqc_client_3 -> CPU avg=1.97%, CPU max=5.91%, MEM avg=0.05%, MEM max=0.05%
pqc_monitor -> CPU avg=0.10%, CPU max=0.16%, MEM avg=0.10%, MEM max=0.10%
pqc_client_4 -> CPU avg=1.43%, CPU max=4.29%, MEM avg=0.05%, MEM max=0.07%
pqc_client_5 -> CPU avg=0.54%, CPU max=1.61%, MEM avg=0.10%, MEM max=0.19%
pqc_server -> CPU avg=2.20%, CPU max=6.59%, MEM avg=0.11%, MEM max=0.11%
pqc_client_6 -> CPU avg=0.00%, CPU max=0.00%, MEM avg=0.16%, MEM max=0.29%
pqc_client -> CPU avg=0.60%, CPU max=1.80%, MEM avg=0.08%, MEM max=0.08%
[2026-05-16 19:08:39] [*] Parando captura en pqc_monitor para hybrid_p1_soft_c50_001
[*] Métricas TXT guardadas en results/hybrid_p1_soft_c50_001_metrics.txt
[*] Métricas CSV guardadas en results/hybrid_p1_soft_c50_001_metrics.csv
[2026-05-16 19:09:04] === RUN END: hybrid_p1_soft_c50_001 ===

[2026-05-16 19:09:04] === RUN START: hybrid_p1_soft_c50_002 ===
[2026-05-16 19:09:04] [*] Arrancando captura en pqc_monitor (eth0) para hybrid_p1_soft_c50_002
[*] Guardando muestras en: results/hybrid_p1_soft_c50_002_docker_stats.csv
[*] Ejecutando comando medido: bash -lc ./scripts/run_client_once_rafaga_hibrido.sh hybrid_p1_soft_c50_002 50; sleep 3
[*] Ráfaga híbrida completada: 50 conexiones en 6 clientes (poisson_jitter)
=== host results ===
-rw-rw-r-- 1 cristian cristian   11250 may 16 19:09 hybrid_p1_soft_c50_002_client_err.txt
-rw-rw-r-- 1 cristian cristian    1049 may 16 19:09 hybrid_p1_soft_c50_002_client.txt
-rw-rw-r-- 1 cristian cristian     554 may 16 19:09 hybrid_p1_soft_c50_002_docker_stats.csv
-rw-r--r-- 1 root     root        2025 may 16 19:09 hybrid_p1_soft_c50_002_pqc_client_2_client_err.txt
-rw-r--r-- 1 root     root       23283 may 16 19:09 hybrid_p1_soft_c50_002_pqc_client_2_client.txt
-rw-r--r-- 1 root     root          39 may 16 19:09 hybrid_p1_soft_c50_002_pqc_client_2_summary.txt
-rw-r--r-- 1 root     root        1800 may 16 19:09 hybrid_p1_soft_c50_002_pqc_client_3_client_err.txt
-rw-r--r-- 1 root     root       20696 may 16 19:09 hybrid_p1_soft_c50_002_pqc_client_3_client.txt
-rw-r--r-- 1 root     root          39 may 16 19:09 hybrid_p1_soft_c50_002_pqc_client_3_summary.txt
-rw-r--r-- 1 root     root        1800 may 16 19:09 hybrid_p1_soft_c50_002_pqc_client_4_client_err.txt
-rw-r--r-- 1 root     root       20696 may 16 19:09 hybrid_p1_soft_c50_002_pqc_client_4_client.txt
-rw-r--r-- 1 root     root          39 may 16 19:09 hybrid_p1_soft_c50_002_pqc_client_4_summary.txt
-rw-r--r-- 1 root     root        1800 may 16 19:09 hybrid_p1_soft_c50_002_pqc_client_5_client_err.txt
-rw-r--r-- 1 root     root       20696 may 16 19:09 hybrid_p1_soft_c50_002_pqc_client_5_client.txt
-rw-r--r-- 1 root     root          39 may 16 19:09 hybrid_p1_soft_c50_002_pqc_client_5_summary.txt
-rw-r--r-- 1 root     root        1800 may 16 19:09 hybrid_p1_soft_c50_002_pqc_client_6_client_err.txt
-rw-r--r-- 1 root     root       20696 may 16 19:09 hybrid_p1_soft_c50_002_pqc_client_6_client.txt
-rw-r--r-- 1 root     root          39 may 16 19:09 hybrid_p1_soft_c50_002_pqc_client_6_summary.txt
-rw-r--r-- 1 root     root        2025 may 16 19:09 hybrid_p1_soft_c50_002_pqc_client_client_err.txt
-rw-r--r-- 1 root     root       23283 may 16 19:09 hybrid_p1_soft_c50_002_pqc_client_client.txt
-rw-r--r-- 1 root     root          37 may 16 19:09 hybrid_p1_soft_c50_002_pqc_client_summary.txt
=== resumen por cliente ===
[*] Perfil poisson_jitter: llegadas no sincronizadas con Poisson+jitter
[*] pqc_client <= plan: 1:0.123645 7:0.123645 13:0.123645 19:0.123645 25:0.123645 31:0.123645 37:0.123645 43:0.123645 49:0.123645
[*] pqc_client_2 <= plan: 2:0.123645 8:0.123645 14:0.123645 20:0.123645 26:0.123645 32:0.123645 38:0.123645 44:0.123645 50:0.123645
[*] pqc_client_3 <= plan: 3:0.123645 9:0.123645 15:0.123645 21:0.123645 27:0.123645 33:0.123645 39:0.123645 45:0.123645
[*] pqc_client_4 <= plan: 4:0.123645 10:0.123645 16:0.123645 22:0.123645 28:0.123645 34:0.123645 40:0.123645 46:0.123645
[*] pqc_client_5 <= plan: 5:0.123645 11:0.123645 17:0.123645 23:0.123645 29:0.123645 35:0.123645 41:0.123645 47:0.123645
[*] pqc_client_6 <= plan: 6:0.123645 12:0.123645 18:0.123645 24:0.123645 30:0.123645 36:0.123645 42:0.123645 48:0.123645
client=pqc_client total=9 ok=9 err=0
client=pqc_client_2 total=9 ok=9 err=0
client=pqc_client_3 total=8 ok=8 err=0
client=pqc_client_4 total=8 ok=8 err=0
client=pqc_client_5 total=8 ok=8 err=0
client=pqc_client_6 total=8 ok=8 err=0
[*] Resumen guardado en: results/hybrid_p1_soft_c50_002_resource_summary.txt
RUN_ID: hybrid_p1_soft_c50_002
CSV: results/hybrid_p1_soft_c50_002_docker_stats.csv

=== Resumen CPU% y MEM% (avg / max) por contenedor ===
pqc_client_2 -> CPU avg=2.26%, CPU max=6.79%, MEM avg=0.05%, MEM max=0.05%
pqc_client_3 -> CPU avg=0.79%, CPU max=2.38%, MEM avg=0.09%, MEM max=0.15%
pqc_monitor -> CPU avg=0.07%, CPU max=0.09%, MEM avg=0.11%, MEM max=0.11%
pqc_client_4 -> CPU avg=1.94%, CPU max=5.82%, MEM avg=0.04%, MEM max=0.05%
pqc_client_5 -> CPU avg=0.90%, CPU max=2.70%, MEM avg=0.08%, MEM max=0.15%
pqc_server -> CPU avg=2.20%, CPU max=6.60%, MEM avg=0.11%, MEM max=0.11%
pqc_client_6 -> CPU avg=0.00%, CPU max=0.00%, MEM avg=0.16%, MEM max=0.29%
pqc_client -> CPU avg=0.67%, CPU max=2.00%, MEM avg=0.08%, MEM max=0.08%
[2026-05-16 19:09:17] [*] Parando captura en pqc_monitor para hybrid_p1_soft_c50_002
[*] Métricas TXT guardadas en results/hybrid_p1_soft_c50_002_metrics.txt
[*] Métricas CSV guardadas en results/hybrid_p1_soft_c50_002_metrics.csv
[2026-05-16 19:09:42] === RUN END: hybrid_p1_soft_c50_002 ===

[2026-05-16 19:09:42] === RUN START: hybrid_p1_soft_c50_003 ===
[2026-05-16 19:09:42] [*] Arrancando captura en pqc_monitor (eth0) para hybrid_p1_soft_c50_003
[*] Guardando muestras en: results/hybrid_p1_soft_c50_003_docker_stats.csv
[*] Ejecutando comando medido: bash -lc ./scripts/run_client_once_rafaga_hibrido.sh hybrid_p1_soft_c50_003 50; sleep 3
[*] Ráfaga híbrida completada: 50 conexiones en 6 clientes (poisson_jitter)
=== host results ===
-rw-rw-r-- 1 cristian cristian   11250 may 16 19:09 hybrid_p1_soft_c50_003_client_err.txt
-rw-rw-r-- 1 cristian cristian    1049 may 16 19:09 hybrid_p1_soft_c50_003_client.txt
-rw-rw-r-- 1 cristian cristian     457 may 16 19:09 hybrid_p1_soft_c50_003_docker_stats.csv
-rw-r--r-- 1 root     root        2025 may 16 19:09 hybrid_p1_soft_c50_003_pqc_client_2_client_err.txt
-rw-r--r-- 1 root     root       23283 may 16 19:09 hybrid_p1_soft_c50_003_pqc_client_2_client.txt
-rw-r--r-- 1 root     root          39 may 16 19:09 hybrid_p1_soft_c50_003_pqc_client_2_summary.txt
-rw-r--r-- 1 root     root        1800 may 16 19:09 hybrid_p1_soft_c50_003_pqc_client_3_client_err.txt
-rw-r--r-- 1 root     root       20696 may 16 19:09 hybrid_p1_soft_c50_003_pqc_client_3_client.txt
-rw-r--r-- 1 root     root          39 may 16 19:09 hybrid_p1_soft_c50_003_pqc_client_3_summary.txt
-rw-r--r-- 1 root     root        1800 may 16 19:09 hybrid_p1_soft_c50_003_pqc_client_4_client_err.txt
-rw-r--r-- 1 root     root       20696 may 16 19:09 hybrid_p1_soft_c50_003_pqc_client_4_client.txt
-rw-r--r-- 1 root     root          39 may 16 19:09 hybrid_p1_soft_c50_003_pqc_client_4_summary.txt
-rw-r--r-- 1 root     root        1800 may 16 19:09 hybrid_p1_soft_c50_003_pqc_client_5_client_err.txt
-rw-r--r-- 1 root     root       20696 may 16 19:09 hybrid_p1_soft_c50_003_pqc_client_5_client.txt
-rw-r--r-- 1 root     root          39 may 16 19:09 hybrid_p1_soft_c50_003_pqc_client_5_summary.txt
-rw-r--r-- 1 root     root        1800 may 16 19:09 hybrid_p1_soft_c50_003_pqc_client_6_client_err.txt
-rw-r--r-- 1 root     root       20696 may 16 19:09 hybrid_p1_soft_c50_003_pqc_client_6_client.txt
-rw-r--r-- 1 root     root          39 may 16 19:09 hybrid_p1_soft_c50_003_pqc_client_6_summary.txt
-rw-r--r-- 1 root     root        2025 may 16 19:09 hybrid_p1_soft_c50_003_pqc_client_client_err.txt
-rw-r--r-- 1 root     root       23283 may 16 19:09 hybrid_p1_soft_c50_003_pqc_client_client.txt
-rw-r--r-- 1 root     root          37 may 16 19:09 hybrid_p1_soft_c50_003_pqc_client_summary.txt
=== resumen por cliente ===
[*] Perfil poisson_jitter: llegadas no sincronizadas con Poisson+jitter
[*] pqc_client <= plan: 1:0.052545 7:0.052545 13:0.052545 19:0.052545 25:0.052545 31:0.052545 37:0.052545 43:0.052545 49:0.377141
[*] pqc_client_2 <= plan: 2:0.052545 8:0.052545 14:0.052545 20:0.052545 26:0.052545 32:0.052545 38:0.052545 44:0.052545 50:0.377141
[*] pqc_client_3 <= plan: 3:0.052545 9:0.052545 15:0.052545 21:0.052545 27:0.052545 33:0.052545 39:0.052545 45:0.052545
[*] pqc_client_4 <= plan: 4:0.052545 10:0.052545 16:0.052545 22:0.052545 28:0.052545 34:0.052545 40:0.052545 46:0.052545
[*] pqc_client_5 <= plan: 5:0.052545 11:0.052545 17:0.052545 23:0.052545 29:0.052545 35:0.052545 41:0.052545 47:0.052545
[*] pqc_client_6 <= plan: 6:0.052545 12:0.052545 18:0.052545 24:0.052545 30:0.052545 36:0.052545 42:0.052545 48:0.052545
client=pqc_client total=9 ok=9 err=0
client=pqc_client_2 total=9 ok=9 err=0
client=pqc_client_3 total=8 ok=8 err=0
client=pqc_client_4 total=8 ok=8 err=0
client=pqc_client_5 total=8 ok=8 err=0
client=pqc_client_6 total=8 ok=8 err=0
[*] Resumen guardado en: results/hybrid_p1_soft_c50_003_resource_summary.txt
RUN_ID: hybrid_p1_soft_c50_003
CSV: results/hybrid_p1_soft_c50_003_docker_stats.csv

=== Resumen CPU% y MEM% (avg / max) por contenedor ===
pqc_client_2 -> CPU avg=2.10%, CPU max=6.31%, MEM avg=0.06%, MEM max=0.08%
pqc_client_3 -> CPU avg=1.87%, CPU max=5.62%, MEM avg=0.06%, MEM max=0.06%
pqc_monitor -> CPU avg=0.06%, CPU max=0.07%, MEM avg=0.11%, MEM max=0.11%
pqc_client_4 -> CPU avg=0.89%, CPU max=2.68%, MEM avg=0.08%, MEM max=0.14%
pqc_client_5 -> CPU avg=0.59%, CPU max=1.77%, MEM avg=0.10%, MEM max=0.19%
pqc_server -> CPU avg=2.16%, CPU max=6.47%, MEM avg=0.11%, MEM max=0.11%
pqc_client_6 -> CPU avg=0.45%, CPU max=1.36%, MEM avg=0.15%, MEM max=0.24%
pqc_client -> CPU avg=0.74%, CPU max=2.21%, MEM avg=0.08%, MEM max=0.08%
[2026-05-16 19:09:55] [*] Parando captura en pqc_monitor para hybrid_p1_soft_c50_003
[*] Métricas TXT guardadas en results/hybrid_p1_soft_c50_003_metrics.txt
[*] Métricas CSV guardadas en results/hybrid_p1_soft_c50_003_metrics.csv
[2026-05-16 19:10:20] === RUN END: hybrid_p1_soft_c50_003 ===

[2026-05-16 19:10:20] === RUN START: hybrid_p1_soft_c50_004 ===
[2026-05-16 19:10:20] [*] Arrancando captura en pqc_monitor (eth0) para hybrid_p1_soft_c50_004
[*] Guardando muestras en: results/hybrid_p1_soft_c50_004_docker_stats.csv
[*] Ejecutando comando medido: bash -lc ./scripts/run_client_once_rafaga_hibrido.sh hybrid_p1_soft_c50_004 50; sleep 3
[*] Ráfaga híbrida completada: 50 conexiones en 6 clientes (poisson_jitter)
=== host results ===
-rw-rw-r-- 1 cristian cristian   11250 may 16 19:10 hybrid_p1_soft_c50_004_client_err.txt
-rw-rw-r-- 1 cristian cristian    1049 may 16 19:10 hybrid_p1_soft_c50_004_client.txt
-rw-rw-r-- 1 cristian cristian     556 may 16 19:10 hybrid_p1_soft_c50_004_docker_stats.csv
-rw-r--r-- 1 root     root        2025 may 16 19:10 hybrid_p1_soft_c50_004_pqc_client_2_client_err.txt
-rw-r--r-- 1 root     root       23283 may 16 19:10 hybrid_p1_soft_c50_004_pqc_client_2_client.txt
-rw-r--r-- 1 root     root          39 may 16 19:10 hybrid_p1_soft_c50_004_pqc_client_2_summary.txt
-rw-r--r-- 1 root     root        1800 may 16 19:10 hybrid_p1_soft_c50_004_pqc_client_3_client_err.txt
-rw-r--r-- 1 root     root       20696 may 16 19:10 hybrid_p1_soft_c50_004_pqc_client_3_client.txt
-rw-r--r-- 1 root     root          39 may 16 19:10 hybrid_p1_soft_c50_004_pqc_client_3_summary.txt
-rw-r--r-- 1 root     root        1800 may 16 19:10 hybrid_p1_soft_c50_004_pqc_client_4_client_err.txt
-rw-r--r-- 1 root     root       20696 may 16 19:10 hybrid_p1_soft_c50_004_pqc_client_4_client.txt
-rw-r--r-- 1 root     root          39 may 16 19:10 hybrid_p1_soft_c50_004_pqc_client_4_summary.txt
-rw-r--r-- 1 root     root        1800 may 16 19:10 hybrid_p1_soft_c50_004_pqc_client_5_client_err.txt
-rw-r--r-- 1 root     root       20696 may 16 19:10 hybrid_p1_soft_c50_004_pqc_client_5_client.txt
-rw-r--r-- 1 root     root          39 may 16 19:10 hybrid_p1_soft_c50_004_pqc_client_5_summary.txt
-rw-r--r-- 1 root     root        1800 may 16 19:10 hybrid_p1_soft_c50_004_pqc_client_6_client_err.txt
-rw-r--r-- 1 root     root       20696 may 16 19:10 hybrid_p1_soft_c50_004_pqc_client_6_client.txt
-rw-r--r-- 1 root     root          39 may 16 19:10 hybrid_p1_soft_c50_004_pqc_client_6_summary.txt
-rw-r--r-- 1 root     root        2025 may 16 19:10 hybrid_p1_soft_c50_004_pqc_client_client_err.txt
-rw-r--r-- 1 root     root       23283 may 16 19:10 hybrid_p1_soft_c50_004_pqc_client_client.txt
-rw-r--r-- 1 root     root          37 may 16 19:10 hybrid_p1_soft_c50_004_pqc_client_summary.txt
=== resumen por cliente ===
[*] Perfil poisson_jitter: llegadas no sincronizadas con Poisson+jitter
[*] pqc_client <= plan: 1:0.159748 7:0.159748 13:0.159748 19:0.159748 25:0.159748 31:0.159748 37:0.159748 43:0.159748 49:0.159748
[*] pqc_client_2 <= plan: 2:0.159748 8:0.159748 14:0.159748 20:0.159748 26:0.159748 32:0.159748 38:0.159748 44:0.159748 50:0.159748
[*] pqc_client_3 <= plan: 3:0.159748 9:0.159748 15:0.159748 21:0.159748 27:0.159748 33:0.159748 39:0.159748 45:0.159748
[*] pqc_client_4 <= plan: 4:0.159748 10:0.159748 16:0.159748 22:0.159748 28:0.159748 34:0.159748 40:0.159748 46:0.159748
[*] pqc_client_5 <= plan: 5:0.159748 11:0.159748 17:0.159748 23:0.159748 29:0.159748 35:0.159748 41:0.159748 47:0.159748
[*] pqc_client_6 <= plan: 6:0.159748 12:0.159748 18:0.159748 24:0.159748 30:0.159748 36:0.159748 42:0.159748 48:0.159748
client=pqc_client total=9 ok=9 err=0
client=pqc_client_2 total=9 ok=9 err=0
client=pqc_client_3 total=8 ok=8 err=0
client=pqc_client_4 total=8 ok=8 err=0
client=pqc_client_5 total=8 ok=8 err=0
client=pqc_client_6 total=8 ok=8 err=0
[*] Resumen guardado en: results/hybrid_p1_soft_c50_004_resource_summary.txt
RUN_ID: hybrid_p1_soft_c50_004
CSV: results/hybrid_p1_soft_c50_004_docker_stats.csv

=== Resumen CPU% y MEM% (avg / max) por contenedor ===
pqc_client_2 -> CPU avg=2.07%, CPU max=6.20%, MEM avg=0.05%, MEM max=0.05%
pqc_client_3 -> CPU avg=2.13%, CPU max=6.38%, MEM avg=0.06%, MEM max=0.06%
pqc_monitor -> CPU avg=0.04%, CPU max=0.06%, MEM avg=0.11%, MEM max=0.11%
pqc_client_4 -> CPU avg=0.16%, CPU max=0.48%, MEM avg=0.10%, MEM max=0.21%
pqc_client_5 -> CPU avg=1.05%, CPU max=3.14%, MEM avg=0.08%, MEM max=0.13%
pqc_server -> CPU avg=2.38%, CPU max=7.14%, MEM avg=0.11%, MEM max=0.11%
pqc_client_6 -> CPU avg=0.61%, CPU max=1.82%, MEM avg=0.16%, MEM max=0.29%
pqc_client -> CPU avg=0.86%, CPU max=2.57%, MEM avg=0.08%, MEM max=0.08%
[2026-05-16 19:10:33] [*] Parando captura en pqc_monitor para hybrid_p1_soft_c50_004
[*] Métricas TXT guardadas en results/hybrid_p1_soft_c50_004_metrics.txt
[*] Métricas CSV guardadas en results/hybrid_p1_soft_c50_004_metrics.csv
[2026-05-16 19:10:59] === RUN END: hybrid_p1_soft_c50_004 ===

[2026-05-16 19:10:59] === RUN START: hybrid_p1_soft_c50_005 ===
[2026-05-16 19:10:59] [*] Arrancando captura en pqc_monitor (eth0) para hybrid_p1_soft_c50_005
[*] Guardando muestras en: results/hybrid_p1_soft_c50_005_docker_stats.csv
[*] Ejecutando comando medido: bash -lc ./scripts/run_client_once_rafaga_hibrido.sh hybrid_p1_soft_c50_005 50; sleep 3
[*] Ráfaga híbrida completada: 50 conexiones en 6 clientes (poisson_jitter)
=== host results ===
-rw-rw-r-- 1 cristian cristian   11250 may 16 19:11 hybrid_p1_soft_c50_005_client_err.txt
-rw-rw-r-- 1 cristian cristian    1049 may 16 19:11 hybrid_p1_soft_c50_005_client.txt
-rw-rw-r-- 1 cristian cristian     456 may 16 19:11 hybrid_p1_soft_c50_005_docker_stats.csv
-rw-r--r-- 1 root     root        2025 may 16 19:11 hybrid_p1_soft_c50_005_pqc_client_2_client_err.txt
-rw-r--r-- 1 root     root       23283 may 16 19:11 hybrid_p1_soft_c50_005_pqc_client_2_client.txt
-rw-r--r-- 1 root     root          39 may 16 19:11 hybrid_p1_soft_c50_005_pqc_client_2_summary.txt
-rw-r--r-- 1 root     root        1800 may 16 19:11 hybrid_p1_soft_c50_005_pqc_client_3_client_err.txt
-rw-r--r-- 1 root     root       20696 may 16 19:11 hybrid_p1_soft_c50_005_pqc_client_3_client.txt
-rw-r--r-- 1 root     root          39 may 16 19:11 hybrid_p1_soft_c50_005_pqc_client_3_summary.txt
-rw-r--r-- 1 root     root        1800 may 16 19:11 hybrid_p1_soft_c50_005_pqc_client_4_client_err.txt
-rw-r--r-- 1 root     root       20696 may 16 19:11 hybrid_p1_soft_c50_005_pqc_client_4_client.txt
-rw-r--r-- 1 root     root          39 may 16 19:11 hybrid_p1_soft_c50_005_pqc_client_4_summary.txt
-rw-r--r-- 1 root     root        1800 may 16 19:11 hybrid_p1_soft_c50_005_pqc_client_5_client_err.txt
-rw-r--r-- 1 root     root       20696 may 16 19:11 hybrid_p1_soft_c50_005_pqc_client_5_client.txt
-rw-r--r-- 1 root     root          39 may 16 19:11 hybrid_p1_soft_c50_005_pqc_client_5_summary.txt
-rw-r--r-- 1 root     root        1800 may 16 19:11 hybrid_p1_soft_c50_005_pqc_client_6_client_err.txt
-rw-r--r-- 1 root     root       20696 may 16 19:11 hybrid_p1_soft_c50_005_pqc_client_6_client.txt
-rw-r--r-- 1 root     root          39 may 16 19:11 hybrid_p1_soft_c50_005_pqc_client_6_summary.txt
-rw-r--r-- 1 root     root        2025 may 16 19:11 hybrid_p1_soft_c50_005_pqc_client_client_err.txt
-rw-r--r-- 1 root     root       23283 may 16 19:11 hybrid_p1_soft_c50_005_pqc_client_client.txt
-rw-r--r-- 1 root     root          37 may 16 19:11 hybrid_p1_soft_c50_005_pqc_client_summary.txt
=== resumen por cliente ===
[*] Perfil poisson_jitter: llegadas no sincronizadas con Poisson+jitter
[*] pqc_client <= plan: 1:0.082617 7:0.082617 13:0.082617 19:0.082617 25:0.082617 31:0.082617 37:0.082617 43:0.082617 49:0.082617
[*] pqc_client_2 <= plan: 2:0.082617 8:0.082617 14:0.082617 20:0.082617 26:0.082617 32:0.082617 38:0.082617 44:0.082617 50:0.082617
[*] pqc_client_3 <= plan: 3:0.082617 9:0.082617 15:0.082617 21:0.082617 27:0.082617 33:0.082617 39:0.082617 45:0.082617
[*] pqc_client_4 <= plan: 4:0.082617 10:0.082617 16:0.082617 22:0.082617 28:0.082617 34:0.082617 40:0.082617 46:0.082617
[*] pqc_client_5 <= plan: 5:0.082617 11:0.082617 17:0.082617 23:0.082617 29:0.082617 35:0.082617 41:0.082617 47:0.082617
[*] pqc_client_6 <= plan: 6:0.082617 12:0.082617 18:0.082617 24:0.082617 30:0.082617 36:0.082617 42:0.082617 48:0.082617
client=pqc_client total=9 ok=9 err=0
client=pqc_client_2 total=9 ok=9 err=0
client=pqc_client_3 total=8 ok=8 err=0
client=pqc_client_4 total=8 ok=8 err=0
client=pqc_client_5 total=8 ok=8 err=0
client=pqc_client_6 total=8 ok=8 err=0
[*] Resumen guardado en: results/hybrid_p1_soft_c50_005_resource_summary.txt
RUN_ID: hybrid_p1_soft_c50_005
CSV: results/hybrid_p1_soft_c50_005_docker_stats.csv

=== Resumen CPU% y MEM% (avg / max) por contenedor ===
pqc_client_2 -> CPU avg=1.81%, CPU max=5.42%, MEM avg=0.05%, MEM max=0.05%
pqc_client_3 -> CPU avg=1.54%, CPU max=4.62%, MEM avg=0.07%, MEM max=0.08%
pqc_monitor -> CPU avg=0.07%, CPU max=0.13%, MEM avg=0.11%, MEM max=0.11%
pqc_client_4 -> CPU avg=0.67%, CPU max=2.02%, MEM avg=0.09%, MEM max=0.17%
pqc_client_5 -> CPU avg=0.88%, CPU max=2.65%, MEM avg=0.07%, MEM max=0.12%
pqc_server -> CPU avg=2.27%, CPU max=6.81%, MEM avg=0.11%, MEM max=0.11%
pqc_client_6 -> CPU avg=0.64%, CPU max=1.91%, MEM avg=0.16%, MEM max=0.29%
pqc_client -> CPU avg=1.15%, CPU max=3.44%, MEM avg=0.08%, MEM max=0.08%
[2026-05-16 19:11:11] [*] Parando captura en pqc_monitor para hybrid_p1_soft_c50_005
[*] Métricas TXT guardadas en results/hybrid_p1_soft_c50_005_metrics.txt
[*] Métricas CSV guardadas en results/hybrid_p1_soft_c50_005_metrics.csv
[2026-05-16 19:11:37] === RUN END: hybrid_p1_soft_c50_005 ===

[2026-05-16 19:11:37] === RUN START: hybrid_p1_stress_c50_001 ===
[2026-05-16 19:11:37] [*] Arrancando captura en pqc_monitor (eth0) para hybrid_p1_stress_c50_001
[*] Guardando muestras en: results/hybrid_p1_stress_c50_001_docker_stats.csv
[*] Ejecutando comando medido: bash -lc ./scripts/run_client_once_rafaga_hibrido.sh hybrid_p1_stress_c50_001 50; sleep 3
[*] Ráfaga híbrida completada: 50 conexiones en 6 clientes (stress)
=== host results ===
-rw-rw-r-- 1 cristian cristian   11250 may 16 19:11 hybrid_p1_stress_c50_001_client_err.txt
-rw-rw-r-- 1 cristian cristian     690 may 16 19:11 hybrid_p1_stress_c50_001_client.txt
-rw-rw-r-- 1 cristian cristian     264 may 16 19:11 hybrid_p1_stress_c50_001_docker_stats.csv
-rw-r--r-- 1 root     root        2025 may 16 19:11 hybrid_p1_stress_c50_001_pqc_client_2_client_err.txt
-rw-r--r-- 1 root     root       23283 may 16 19:11 hybrid_p1_stress_c50_001_pqc_client_2_client.txt
-rw-r--r-- 1 root     root          39 may 16 19:11 hybrid_p1_stress_c50_001_pqc_client_2_summary.txt
-rw-r--r-- 1 root     root        1800 may 16 19:11 hybrid_p1_stress_c50_001_pqc_client_3_client_err.txt
-rw-r--r-- 1 root     root       20696 may 16 19:11 hybrid_p1_stress_c50_001_pqc_client_3_client.txt
-rw-r--r-- 1 root     root          39 may 16 19:11 hybrid_p1_stress_c50_001_pqc_client_3_summary.txt
-rw-r--r-- 1 root     root        1800 may 16 19:11 hybrid_p1_stress_c50_001_pqc_client_4_client_err.txt
-rw-r--r-- 1 root     root       20696 may 16 19:11 hybrid_p1_stress_c50_001_pqc_client_4_client.txt
-rw-r--r-- 1 root     root          39 may 16 19:11 hybrid_p1_stress_c50_001_pqc_client_4_summary.txt
-rw-r--r-- 1 root     root        1800 may 16 19:11 hybrid_p1_stress_c50_001_pqc_client_5_client_err.txt
-rw-r--r-- 1 root     root       20696 may 16 19:11 hybrid_p1_stress_c50_001_pqc_client_5_client.txt
-rw-r--r-- 1 root     root          39 may 16 19:11 hybrid_p1_stress_c50_001_pqc_client_5_summary.txt
-rw-r--r-- 1 root     root        1800 may 16 19:11 hybrid_p1_stress_c50_001_pqc_client_6_client_err.txt
-rw-r--r-- 1 root     root       20696 may 16 19:11 hybrid_p1_stress_c50_001_pqc_client_6_client.txt
-rw-r--r-- 1 root     root          39 may 16 19:11 hybrid_p1_stress_c50_001_pqc_client_6_summary.txt
-rw-r--r-- 1 root     root        2025 may 16 19:11 hybrid_p1_stress_c50_001_pqc_client_client_err.txt
-rw-r--r-- 1 root     root       23283 may 16 19:11 hybrid_p1_stress_c50_001_pqc_client_client.txt
-rw-r--r-- 1 root     root          37 may 16 19:11 hybrid_p1_stress_c50_001_pqc_client_summary.txt
=== resumen por cliente ===
[*] Perfil stress: conexiones totalmente paralelas por cliente
[*] pqc_client <= plan: 1:0 7:0 13:0 19:0 25:0 31:0 37:0 43:0 49:0
[*] pqc_client_2 <= plan: 2:0 8:0 14:0 20:0 26:0 32:0 38:0 44:0 50:0
[*] pqc_client_3 <= plan: 3:0 9:0 15:0 21:0 27:0 33:0 39:0 45:0
[*] pqc_client_4 <= plan: 4:0 10:0 16:0 22:0 28:0 34:0 40:0 46:0
[*] pqc_client_5 <= plan: 5:0 11:0 17:0 23:0 29:0 35:0 41:0 47:0
[*] pqc_client_6 <= plan: 6:0 12:0 18:0 24:0 30:0 36:0 42:0 48:0
client=pqc_client total=9 ok=9 err=0
client=pqc_client_2 total=9 ok=9 err=0
client=pqc_client_3 total=8 ok=8 err=0
client=pqc_client_4 total=8 ok=8 err=0
client=pqc_client_5 total=8 ok=8 err=0
client=pqc_client_6 total=8 ok=8 err=0
[*] Resumen guardado en: results/hybrid_p1_stress_c50_001_resource_summary.txt
RUN_ID: hybrid_p1_stress_c50_001
CSV: results/hybrid_p1_stress_c50_001_docker_stats.csv

=== Resumen CPU% y MEM% (avg / max) por contenedor ===
pqc_client_2 -> CPU avg=1.02%, CPU max=3.06%, MEM avg=0.05%, MEM max=0.05%
pqc_client_3 -> CPU avg=1.79%, CPU max=5.38%, MEM avg=0.06%, MEM max=0.06%
pqc_monitor -> CPU avg=0.08%, CPU max=0.17%, MEM avg=0.11%, MEM max=0.11%
pqc_client_4 -> CPU avg=2.13%, CPU max=6.40%, MEM avg=0.05%, MEM max=0.05%
pqc_client_5 -> CPU avg=0.00%, CPU max=0.00%, MEM avg=0.11%, MEM max=0.24%
pqc_server -> CPU avg=2.19%, CPU max=6.57%, MEM avg=0.11%, MEM max=0.11%
pqc_client_6 -> CPU avg=1.19%, CPU max=3.58%, MEM avg=0.12%, MEM max=0.15%
pqc_client -> CPU avg=10.90%, CPU max=32.69%, MEM avg=0.10%, MEM max=0.15%
[2026-05-16 19:11:49] [*] Parando captura en pqc_monitor para hybrid_p1_stress_c50_001
[*] Métricas TXT guardadas en results/hybrid_p1_stress_c50_001_metrics.txt
[*] Métricas CSV guardadas en results/hybrid_p1_stress_c50_001_metrics.csv
[2026-05-16 19:12:15] === RUN END: hybrid_p1_stress_c50_001 ===

[2026-05-16 19:12:15] === RUN START: hybrid_p1_stress_c50_002 ===
[2026-05-16 19:12:15] [*] Arrancando captura en pqc_monitor (eth0) para hybrid_p1_stress_c50_002
[*] Guardando muestras en: results/hybrid_p1_stress_c50_002_docker_stats.csv
[*] Ejecutando comando medido: bash -lc ./scripts/run_client_once_rafaga_hibrido.sh hybrid_p1_stress_c50_002 50; sleep 3
[*] Ráfaga híbrida completada: 50 conexiones en 6 clientes (stress)
=== host results ===
-rw-rw-r-- 1 cristian cristian   11250 may 16 19:12 hybrid_p1_stress_c50_002_client_err.txt
-rw-rw-r-- 1 cristian cristian     690 may 16 19:12 hybrid_p1_stress_c50_002_client.txt
-rw-rw-r-- 1 cristian cristian     264 may 16 19:12 hybrid_p1_stress_c50_002_docker_stats.csv
-rw-r--r-- 1 root     root        2025 may 16 19:12 hybrid_p1_stress_c50_002_pqc_client_2_client_err.txt
-rw-r--r-- 1 root     root       23283 may 16 19:12 hybrid_p1_stress_c50_002_pqc_client_2_client.txt
-rw-r--r-- 1 root     root          39 may 16 19:12 hybrid_p1_stress_c50_002_pqc_client_2_summary.txt
-rw-r--r-- 1 root     root        1800 may 16 19:12 hybrid_p1_stress_c50_002_pqc_client_3_client_err.txt
-rw-r--r-- 1 root     root       20696 may 16 19:12 hybrid_p1_stress_c50_002_pqc_client_3_client.txt
-rw-r--r-- 1 root     root          39 may 16 19:12 hybrid_p1_stress_c50_002_pqc_client_3_summary.txt
-rw-r--r-- 1 root     root        1800 may 16 19:12 hybrid_p1_stress_c50_002_pqc_client_4_client_err.txt
-rw-r--r-- 1 root     root       20696 may 16 19:12 hybrid_p1_stress_c50_002_pqc_client_4_client.txt
-rw-r--r-- 1 root     root          39 may 16 19:12 hybrid_p1_stress_c50_002_pqc_client_4_summary.txt
-rw-r--r-- 1 root     root        1800 may 16 19:12 hybrid_p1_stress_c50_002_pqc_client_5_client_err.txt
-rw-r--r-- 1 root     root       20696 may 16 19:12 hybrid_p1_stress_c50_002_pqc_client_5_client.txt
-rw-r--r-- 1 root     root          39 may 16 19:12 hybrid_p1_stress_c50_002_pqc_client_5_summary.txt
-rw-r--r-- 1 root     root        1800 may 16 19:12 hybrid_p1_stress_c50_002_pqc_client_6_client_err.txt
-rw-r--r-- 1 root     root       20696 may 16 19:12 hybrid_p1_stress_c50_002_pqc_client_6_client.txt
-rw-r--r-- 1 root     root          39 may 16 19:12 hybrid_p1_stress_c50_002_pqc_client_6_summary.txt
-rw-r--r-- 1 root     root        2025 may 16 19:12 hybrid_p1_stress_c50_002_pqc_client_client_err.txt
-rw-r--r-- 1 root     root       23283 may 16 19:12 hybrid_p1_stress_c50_002_pqc_client_client.txt
-rw-r--r-- 1 root     root          37 may 16 19:12 hybrid_p1_stress_c50_002_pqc_client_summary.txt
=== resumen por cliente ===
[*] Perfil stress: conexiones totalmente paralelas por cliente
[*] pqc_client <= plan: 1:0 7:0 13:0 19:0 25:0 31:0 37:0 43:0 49:0
[*] pqc_client_2 <= plan: 2:0 8:0 14:0 20:0 26:0 32:0 38:0 44:0 50:0
[*] pqc_client_3 <= plan: 3:0 9:0 15:0 21:0 27:0 33:0 39:0 45:0
[*] pqc_client_4 <= plan: 4:0 10:0 16:0 22:0 28:0 34:0 40:0 46:0
[*] pqc_client_5 <= plan: 5:0 11:0 17:0 23:0 29:0 35:0 41:0 47:0
[*] pqc_client_6 <= plan: 6:0 12:0 18:0 24:0 30:0 36:0 42:0 48:0
client=pqc_client total=9 ok=9 err=0
client=pqc_client_2 total=9 ok=9 err=0
client=pqc_client_3 total=8 ok=8 err=0
client=pqc_client_4 total=8 ok=8 err=0
client=pqc_client_5 total=8 ok=8 err=0
client=pqc_client_6 total=8 ok=8 err=0
[*] Resumen guardado en: results/hybrid_p1_stress_c50_002_resource_summary.txt
RUN_ID: hybrid_p1_stress_c50_002
CSV: results/hybrid_p1_stress_c50_002_docker_stats.csv

=== Resumen CPU% y MEM% (avg / max) por contenedor ===
pqc_client_2 -> CPU avg=0.87%, CPU max=2.60%, MEM avg=0.05%, MEM max=0.05%
pqc_client_3 -> CPU avg=1.60%, CPU max=4.80%, MEM avg=0.06%, MEM max=0.06%
pqc_monitor -> CPU avg=0.15%, CPU max=0.23%, MEM avg=0.11%, MEM max=0.11%
pqc_client_4 -> CPU avg=1.90%, CPU max=5.69%, MEM avg=0.05%, MEM max=0.05%
pqc_client_5 -> CPU avg=0.61%, CPU max=1.84%, MEM avg=0.09%, MEM max=0.17%
pqc_server -> CPU avg=2.25%, CPU max=6.76%, MEM avg=0.11%, MEM max=0.11%
pqc_client_6 -> CPU avg=1.16%, CPU max=3.48%, MEM avg=0.13%, MEM max=0.18%
pqc_client -> CPU avg=0.80%, CPU max=2.40%, MEM avg=0.08%, MEM max=0.08%
[2026-05-16 19:12:29] [*] Parando captura en pqc_monitor para hybrid_p1_stress_c50_002
[*] Métricas TXT guardadas en results/hybrid_p1_stress_c50_002_metrics.txt
[*] Métricas CSV guardadas en results/hybrid_p1_stress_c50_002_metrics.csv
[2026-05-16 19:12:54] === RUN END: hybrid_p1_stress_c50_002 ===

[2026-05-16 19:12:54] === RUN START: hybrid_p1_stress_c50_003 ===
[2026-05-16 19:12:54] [*] Arrancando captura en pqc_monitor (eth0) para hybrid_p1_stress_c50_003
[*] Guardando muestras en: results/hybrid_p1_stress_c50_003_docker_stats.csv
[*] Ejecutando comando medido: bash -lc ./scripts/run_client_once_rafaga_hibrido.sh hybrid_p1_stress_c50_003 50; sleep 3
[*] Ráfaga híbrida completada: 50 conexiones en 6 clientes (stress)
=== host results ===
-rw-rw-r-- 1 cristian cristian   11250 may 16 19:12 hybrid_p1_stress_c50_003_client_err.txt
-rw-rw-r-- 1 cristian cristian     690 may 16 19:12 hybrid_p1_stress_c50_003_client.txt
-rw-rw-r-- 1 cristian cristian     357 may 16 19:12 hybrid_p1_stress_c50_003_docker_stats.csv
-rw-r--r-- 1 root     root        2025 may 16 19:12 hybrid_p1_stress_c50_003_pqc_client_2_client_err.txt
-rw-r--r-- 1 root     root       23283 may 16 19:12 hybrid_p1_stress_c50_003_pqc_client_2_client.txt
-rw-r--r-- 1 root     root          39 may 16 19:12 hybrid_p1_stress_c50_003_pqc_client_2_summary.txt
-rw-r--r-- 1 root     root        1800 may 16 19:12 hybrid_p1_stress_c50_003_pqc_client_3_client_err.txt
-rw-r--r-- 1 root     root       20696 may 16 19:12 hybrid_p1_stress_c50_003_pqc_client_3_client.txt
-rw-r--r-- 1 root     root          39 may 16 19:12 hybrid_p1_stress_c50_003_pqc_client_3_summary.txt
-rw-r--r-- 1 root     root        1800 may 16 19:12 hybrid_p1_stress_c50_003_pqc_client_4_client_err.txt
-rw-r--r-- 1 root     root       20696 may 16 19:12 hybrid_p1_stress_c50_003_pqc_client_4_client.txt
-rw-r--r-- 1 root     root          39 may 16 19:12 hybrid_p1_stress_c50_003_pqc_client_4_summary.txt
-rw-r--r-- 1 root     root        1800 may 16 19:12 hybrid_p1_stress_c50_003_pqc_client_5_client_err.txt
-rw-r--r-- 1 root     root       20696 may 16 19:12 hybrid_p1_stress_c50_003_pqc_client_5_client.txt
-rw-r--r-- 1 root     root          39 may 16 19:12 hybrid_p1_stress_c50_003_pqc_client_5_summary.txt
-rw-r--r-- 1 root     root        1800 may 16 19:12 hybrid_p1_stress_c50_003_pqc_client_6_client_err.txt
-rw-r--r-- 1 root     root       20696 may 16 19:12 hybrid_p1_stress_c50_003_pqc_client_6_client.txt
-rw-r--r-- 1 root     root          39 may 16 19:12 hybrid_p1_stress_c50_003_pqc_client_6_summary.txt
-rw-r--r-- 1 root     root        2025 may 16 19:12 hybrid_p1_stress_c50_003_pqc_client_client_err.txt
-rw-r--r-- 1 root     root       23283 may 16 19:12 hybrid_p1_stress_c50_003_pqc_client_client.txt
-rw-r--r-- 1 root     root          37 may 16 19:12 hybrid_p1_stress_c50_003_pqc_client_summary.txt
=== resumen por cliente ===
[*] Perfil stress: conexiones totalmente paralelas por cliente
[*] pqc_client <= plan: 1:0 7:0 13:0 19:0 25:0 31:0 37:0 43:0 49:0
[*] pqc_client_2 <= plan: 2:0 8:0 14:0 20:0 26:0 32:0 38:0 44:0 50:0
[*] pqc_client_3 <= plan: 3:0 9:0 15:0 21:0 27:0 33:0 39:0 45:0
[*] pqc_client_4 <= plan: 4:0 10:0 16:0 22:0 28:0 34:0 40:0 46:0
[*] pqc_client_5 <= plan: 5:0 11:0 17:0 23:0 29:0 35:0 41:0 47:0
[*] pqc_client_6 <= plan: 6:0 12:0 18:0 24:0 30:0 36:0 42:0 48:0
client=pqc_client total=9 ok=9 err=0
client=pqc_client_2 total=9 ok=9 err=0
client=pqc_client_3 total=8 ok=8 err=0
client=pqc_client_4 total=8 ok=8 err=0
client=pqc_client_5 total=8 ok=8 err=0
client=pqc_client_6 total=8 ok=8 err=0
[*] Resumen guardado en: results/hybrid_p1_stress_c50_003_resource_summary.txt
RUN_ID: hybrid_p1_stress_c50_003
CSV: results/hybrid_p1_stress_c50_003_docker_stats.csv

=== Resumen CPU% y MEM% (avg / max) por contenedor ===
pqc_client_2 -> CPU avg=1.28%, CPU max=3.84%, MEM avg=0.05%, MEM max=0.05%
pqc_client_3 -> CPU avg=1.49%, CPU max=4.48%, MEM avg=0.06%, MEM max=0.06%
pqc_monitor -> CPU avg=0.13%, CPU max=0.19%, MEM avg=0.11%, MEM max=0.11%
pqc_client_4 -> CPU avg=8.12%, CPU max=24.36%, MEM avg=0.11%, MEM max=0.24%
pqc_client_5 -> CPU avg=0.62%, CPU max=1.87%, MEM avg=0.10%, MEM max=0.20%
pqc_server -> CPU avg=2.09%, CPU max=6.28%, MEM avg=0.11%, MEM max=0.11%
pqc_client_6 -> CPU avg=0.84%, CPU max=2.52%, MEM avg=0.13%, MEM max=0.20%
pqc_client -> CPU avg=0.79%, CPU max=2.36%, MEM avg=0.08%, MEM max=0.08%
[2026-05-16 19:13:07] [*] Parando captura en pqc_monitor para hybrid_p1_stress_c50_003
[*] Métricas TXT guardadas en results/hybrid_p1_stress_c50_003_metrics.txt
[*] Métricas CSV guardadas en results/hybrid_p1_stress_c50_003_metrics.csv
[2026-05-16 19:13:32] === RUN END: hybrid_p1_stress_c50_003 ===

[2026-05-16 19:13:32] === RUN START: hybrid_p1_stress_c50_004 ===
[2026-05-16 19:13:32] [*] Arrancando captura en pqc_monitor (eth0) para hybrid_p1_stress_c50_004
[*] Guardando muestras en: results/hybrid_p1_stress_c50_004_docker_stats.csv
[*] Ejecutando comando medido: bash -lc ./scripts/run_client_once_rafaga_hibrido.sh hybrid_p1_stress_c50_004 50; sleep 3
[*] Ráfaga híbrida completada: 50 conexiones en 6 clientes (stress)
=== host results ===
-rw-rw-r-- 1 cristian cristian   11250 may 16 19:13 hybrid_p1_stress_c50_004_client_err.txt
-rw-rw-r-- 1 cristian cristian     690 may 16 19:13 hybrid_p1_stress_c50_004_client.txt
-rw-rw-r-- 1 cristian cristian     362 may 16 19:13 hybrid_p1_stress_c50_004_docker_stats.csv
-rw-r--r-- 1 root     root        2025 may 16 19:13 hybrid_p1_stress_c50_004_pqc_client_2_client_err.txt
-rw-r--r-- 1 root     root       23283 may 16 19:13 hybrid_p1_stress_c50_004_pqc_client_2_client.txt
-rw-r--r-- 1 root     root          39 may 16 19:13 hybrid_p1_stress_c50_004_pqc_client_2_summary.txt
-rw-r--r-- 1 root     root        1800 may 16 19:13 hybrid_p1_stress_c50_004_pqc_client_3_client_err.txt
-rw-r--r-- 1 root     root       20696 may 16 19:13 hybrid_p1_stress_c50_004_pqc_client_3_client.txt
-rw-r--r-- 1 root     root          39 may 16 19:13 hybrid_p1_stress_c50_004_pqc_client_3_summary.txt
-rw-r--r-- 1 root     root        1800 may 16 19:13 hybrid_p1_stress_c50_004_pqc_client_4_client_err.txt
-rw-r--r-- 1 root     root       20696 may 16 19:13 hybrid_p1_stress_c50_004_pqc_client_4_client.txt
-rw-r--r-- 1 root     root          39 may 16 19:13 hybrid_p1_stress_c50_004_pqc_client_4_summary.txt
-rw-r--r-- 1 root     root        1800 may 16 19:13 hybrid_p1_stress_c50_004_pqc_client_5_client_err.txt
-rw-r--r-- 1 root     root       20696 may 16 19:13 hybrid_p1_stress_c50_004_pqc_client_5_client.txt
-rw-r--r-- 1 root     root          39 may 16 19:13 hybrid_p1_stress_c50_004_pqc_client_5_summary.txt
-rw-r--r-- 1 root     root        1800 may 16 19:13 hybrid_p1_stress_c50_004_pqc_client_6_client_err.txt
-rw-r--r-- 1 root     root       20696 may 16 19:13 hybrid_p1_stress_c50_004_pqc_client_6_client.txt
-rw-r--r-- 1 root     root          39 may 16 19:13 hybrid_p1_stress_c50_004_pqc_client_6_summary.txt
-rw-r--r-- 1 root     root        2025 may 16 19:13 hybrid_p1_stress_c50_004_pqc_client_client_err.txt
-rw-r--r-- 1 root     root       23283 may 16 19:13 hybrid_p1_stress_c50_004_pqc_client_client.txt
-rw-r--r-- 1 root     root          37 may 16 19:13 hybrid_p1_stress_c50_004_pqc_client_summary.txt
=== resumen por cliente ===
[*] Perfil stress: conexiones totalmente paralelas por cliente
[*] pqc_client <= plan: 1:0 7:0 13:0 19:0 25:0 31:0 37:0 43:0 49:0
[*] pqc_client_2 <= plan: 2:0 8:0 14:0 20:0 26:0 32:0 38:0 44:0 50:0
[*] pqc_client_3 <= plan: 3:0 9:0 15:0 21:0 27:0 33:0 39:0 45:0
[*] pqc_client_4 <= plan: 4:0 10:0 16:0 22:0 28:0 34:0 40:0 46:0
[*] pqc_client_5 <= plan: 5:0 11:0 17:0 23:0 29:0 35:0 41:0 47:0
[*] pqc_client_6 <= plan: 6:0 12:0 18:0 24:0 30:0 36:0 42:0 48:0
client=pqc_client total=9 ok=9 err=0
client=pqc_client_2 total=9 ok=9 err=0
client=pqc_client_3 total=8 ok=8 err=0
client=pqc_client_4 total=8 ok=8 err=0
client=pqc_client_5 total=8 ok=8 err=0
client=pqc_client_6 total=8 ok=8 err=0
[*] Resumen guardado en: results/hybrid_p1_stress_c50_004_resource_summary.txt
RUN_ID: hybrid_p1_stress_c50_004
CSV: results/hybrid_p1_stress_c50_004_docker_stats.csv

=== Resumen CPU% y MEM% (avg / max) por contenedor ===
pqc_client_2 -> CPU avg=1.13%, CPU max=3.38%, MEM avg=0.06%, MEM max=0.06%
pqc_client_3 -> CPU avg=1.64%, CPU max=4.92%, MEM avg=0.06%, MEM max=0.06%
pqc_monitor -> CPU avg=0.13%, CPU max=0.21%, MEM avg=0.11%, MEM max=0.11%
pqc_client_4 -> CPU avg=1.89%, CPU max=5.66%, MEM avg=0.05%, MEM max=0.05%
pqc_client_5 -> CPU avg=1.26%, CPU max=3.79%, MEM avg=0.07%, MEM max=0.10%
pqc_server -> CPU avg=2.22%, CPU max=6.67%, MEM avg=0.11%, MEM max=0.11%
pqc_client_6 -> CPU avg=0.20%, CPU max=0.61%, MEM avg=0.16%, MEM max=0.27%
pqc_client -> CPU avg=0.77%, CPU max=2.31%, MEM avg=0.08%, MEM max=0.08%
[2026-05-16 19:13:45] [*] Parando captura en pqc_monitor para hybrid_p1_stress_c50_004
[*] Métricas TXT guardadas en results/hybrid_p1_stress_c50_004_metrics.txt
[*] Métricas CSV guardadas en results/hybrid_p1_stress_c50_004_metrics.csv
[2026-05-16 19:14:10] === RUN END: hybrid_p1_stress_c50_004 ===

[2026-05-16 19:14:10] === RUN START: hybrid_p1_stress_c50_005 ===
[2026-05-16 19:14:10] [*] Arrancando captura en pqc_monitor (eth0) para hybrid_p1_stress_c50_005
[*] Guardando muestras en: results/hybrid_p1_stress_c50_005_docker_stats.csv
[*] Ejecutando comando medido: bash -lc ./scripts/run_client_once_rafaga_hibrido.sh hybrid_p1_stress_c50_005 50; sleep 3
[*] Ráfaga híbrida completada: 50 conexiones en 6 clientes (stress)
=== host results ===
-rw-rw-r-- 1 cristian cristian   11250 may 16 19:14 hybrid_p1_stress_c50_005_client_err.txt
-rw-rw-r-- 1 cristian cristian     690 may 16 19:14 hybrid_p1_stress_c50_005_client.txt
-rw-rw-r-- 1 cristian cristian     362 may 16 19:14 hybrid_p1_stress_c50_005_docker_stats.csv
-rw-r--r-- 1 root     root        2025 may 16 19:14 hybrid_p1_stress_c50_005_pqc_client_2_client_err.txt
-rw-r--r-- 1 root     root       23283 may 16 19:14 hybrid_p1_stress_c50_005_pqc_client_2_client.txt
-rw-r--r-- 1 root     root          39 may 16 19:14 hybrid_p1_stress_c50_005_pqc_client_2_summary.txt
-rw-r--r-- 1 root     root        1800 may 16 19:14 hybrid_p1_stress_c50_005_pqc_client_3_client_err.txt
-rw-r--r-- 1 root     root       20696 may 16 19:14 hybrid_p1_stress_c50_005_pqc_client_3_client.txt
-rw-r--r-- 1 root     root          39 may 16 19:14 hybrid_p1_stress_c50_005_pqc_client_3_summary.txt
-rw-r--r-- 1 root     root        1800 may 16 19:14 hybrid_p1_stress_c50_005_pqc_client_4_client_err.txt
-rw-r--r-- 1 root     root       20696 may 16 19:14 hybrid_p1_stress_c50_005_pqc_client_4_client.txt
-rw-r--r-- 1 root     root          39 may 16 19:14 hybrid_p1_stress_c50_005_pqc_client_4_summary.txt
-rw-r--r-- 1 root     root        1800 may 16 19:14 hybrid_p1_stress_c50_005_pqc_client_5_client_err.txt
-rw-r--r-- 1 root     root       20696 may 16 19:14 hybrid_p1_stress_c50_005_pqc_client_5_client.txt
-rw-r--r-- 1 root     root          39 may 16 19:14 hybrid_p1_stress_c50_005_pqc_client_5_summary.txt
-rw-r--r-- 1 root     root        1800 may 16 19:14 hybrid_p1_stress_c50_005_pqc_client_6_client_err.txt
-rw-r--r-- 1 root     root       20696 may 16 19:14 hybrid_p1_stress_c50_005_pqc_client_6_client.txt
-rw-r--r-- 1 root     root          39 may 16 19:14 hybrid_p1_stress_c50_005_pqc_client_6_summary.txt
-rw-r--r-- 1 root     root        2025 may 16 19:14 hybrid_p1_stress_c50_005_pqc_client_client_err.txt
-rw-r--r-- 1 root     root       23283 may 16 19:14 hybrid_p1_stress_c50_005_pqc_client_client.txt
-rw-r--r-- 1 root     root          37 may 16 19:14 hybrid_p1_stress_c50_005_pqc_client_summary.txt
=== resumen por cliente ===
[*] Perfil stress: conexiones totalmente paralelas por cliente
[*] pqc_client <= plan: 1:0 7:0 13:0 19:0 25:0 31:0 37:0 43:0 49:0
[*] pqc_client_2 <= plan: 2:0 8:0 14:0 20:0 26:0 32:0 38:0 44:0 50:0
[*] pqc_client_3 <= plan: 3:0 9:0 15:0 21:0 27:0 33:0 39:0 45:0
[*] pqc_client_4 <= plan: 4:0 10:0 16:0 22:0 28:0 34:0 40:0 46:0
[*] pqc_client_5 <= plan: 5:0 11:0 17:0 23:0 29:0 35:0 41:0 47:0
[*] pqc_client_6 <= plan: 6:0 12:0 18:0 24:0 30:0 36:0 42:0 48:0
client=pqc_client total=9 ok=9 err=0
client=pqc_client_2 total=9 ok=9 err=0
client=pqc_client_3 total=8 ok=8 err=0
client=pqc_client_4 total=8 ok=8 err=0
client=pqc_client_5 total=8 ok=8 err=0
client=pqc_client_6 total=8 ok=8 err=0
[*] Resumen guardado en: results/hybrid_p1_stress_c50_005_resource_summary.txt
RUN_ID: hybrid_p1_stress_c50_005
CSV: results/hybrid_p1_stress_c50_005_docker_stats.csv

=== Resumen CPU% y MEM% (avg / max) por contenedor ===
pqc_client_2 -> CPU avg=1.64%, CPU max=4.91%, MEM avg=0.06%, MEM max=0.06%
pqc_client_3 -> CPU avg=1.50%, CPU max=4.50%, MEM avg=0.06%, MEM max=0.06%
pqc_monitor -> CPU avg=0.19%, CPU max=0.28%, MEM avg=0.11%, MEM max=0.11%
pqc_client_4 -> CPU avg=8.41%, CPU max=25.24%, MEM avg=0.11%, MEM max=0.24%
pqc_client_5 -> CPU avg=0.63%, CPU max=1.90%, MEM avg=0.09%, MEM max=0.17%
pqc_server -> CPU avg=2.28%, CPU max=6.83%, MEM avg=0.11%, MEM max=0.11%
pqc_client_6 -> CPU avg=1.26%, CPU max=3.78%, MEM avg=0.12%, MEM max=0.15%
pqc_client -> CPU avg=0.13%, CPU max=0.39%, MEM avg=0.08%, MEM max=0.08%
[2026-05-16 19:14:22] [*] Parando captura en pqc_monitor para hybrid_p1_stress_c50_005
[*] Métricas TXT guardadas en results/hybrid_p1_stress_c50_005_metrics.txt
[*] Métricas CSV guardadas en results/hybrid_p1_stress_c50_005_metrics.csv
[2026-05-16 19:14:51] === RUN END: hybrid_p1_stress_c50_005 ===

[2026-05-16 19:14:51] ---- Aplicando perfil de red P2 ----
[*] Aplicando perfil P2

[*] Estado qdisc en monitor:
qdisc netem 8009: root refcnt 5 limit 1000 delay 25ms loss 0.1%
qdisc netem 800a: root refcnt 5 limit 1000 delay 25ms loss 0.1%
[2026-05-16 19:14:51] === RUN START: hybrid_p2_balanced_c50_001 ===
[2026-05-16 19:14:52] [*] Arrancando captura en pqc_monitor (eth0) para hybrid_p2_balanced_c50_001
[*] Guardando muestras en: results/hybrid_p2_balanced_c50_001_docker_stats.csv
[*] Ejecutando comando medido: bash -lc ./scripts/run_client_once_rafaga_hibrido.sh hybrid_p2_balanced_c50_001 50; sleep 3
[*] Ráfaga híbrida completada: 50 conexiones en 6 clientes (poisson_jitter)
=== host results ===
-rw-rw-r-- 1 cristian cristian   11250 may 16 19:14 hybrid_p2_balanced_c50_001_client_err.txt
-rw-rw-r-- 1 cristian cristian    1049 may 16 19:14 hybrid_p2_balanced_c50_001_client.txt
-rw-rw-r-- 1 cristian cristian     844 may 16 19:14 hybrid_p2_balanced_c50_001_docker_stats.csv
-rw-r--r-- 1 root     root        2025 may 16 19:14 hybrid_p2_balanced_c50_001_pqc_client_2_client_err.txt
-rw-r--r-- 1 root     root       23283 may 16 19:14 hybrid_p2_balanced_c50_001_pqc_client_2_client.txt
-rw-r--r-- 1 root     root          39 may 16 19:14 hybrid_p2_balanced_c50_001_pqc_client_2_summary.txt
-rw-r--r-- 1 root     root        1800 may 16 19:14 hybrid_p2_balanced_c50_001_pqc_client_3_client_err.txt
-rw-r--r-- 1 root     root       20696 may 16 19:14 hybrid_p2_balanced_c50_001_pqc_client_3_client.txt
-rw-r--r-- 1 root     root          39 may 16 19:14 hybrid_p2_balanced_c50_001_pqc_client_3_summary.txt
-rw-r--r-- 1 root     root        1800 may 16 19:14 hybrid_p2_balanced_c50_001_pqc_client_4_client_err.txt
-rw-r--r-- 1 root     root       20696 may 16 19:14 hybrid_p2_balanced_c50_001_pqc_client_4_client.txt
-rw-r--r-- 1 root     root          39 may 16 19:14 hybrid_p2_balanced_c50_001_pqc_client_4_summary.txt
-rw-r--r-- 1 root     root        1800 may 16 19:14 hybrid_p2_balanced_c50_001_pqc_client_5_client_err.txt
-rw-r--r-- 1 root     root       20696 may 16 19:14 hybrid_p2_balanced_c50_001_pqc_client_5_client.txt
-rw-r--r-- 1 root     root          39 may 16 19:14 hybrid_p2_balanced_c50_001_pqc_client_5_summary.txt
-rw-r--r-- 1 root     root        1800 may 16 19:14 hybrid_p2_balanced_c50_001_pqc_client_6_client_err.txt
-rw-r--r-- 1 root     root       20696 may 16 19:14 hybrid_p2_balanced_c50_001_pqc_client_6_client.txt
-rw-r--r-- 1 root     root          39 may 16 19:14 hybrid_p2_balanced_c50_001_pqc_client_6_summary.txt
-rw-r--r-- 1 root     root        2025 may 16 19:14 hybrid_p2_balanced_c50_001_pqc_client_client_err.txt
-rw-r--r-- 1 root     root       23283 may 16 19:14 hybrid_p2_balanced_c50_001_pqc_client_client.txt
-rw-r--r-- 1 root     root          37 may 16 19:14 hybrid_p2_balanced_c50_001_pqc_client_summary.txt
=== resumen por cliente ===
[*] Perfil poisson_jitter: llegadas no sincronizadas con Poisson+jitter
[*] pqc_client <= plan: 1:0.000000 7:0.000000 13:0.000000 19:0.000000 25:0.085254 31:0.085254 37:0.085254 43:0.085254 49:0.085254
[*] pqc_client_2 <= plan: 2:0.000000 8:0.000000 14:0.000000 20:0.000000 26:0.085254 32:0.085254 38:0.085254 44:0.085254 50:0.085254
[*] pqc_client_3 <= plan: 3:0.000000 9:0.000000 15:0.000000 21:0.085254 27:0.085254 33:0.085254 39:0.085254 45:0.085254
[*] pqc_client_4 <= plan: 4:0.000000 10:0.000000 16:0.000000 22:0.085254 28:0.085254 34:0.085254 40:0.085254 46:0.085254
[*] pqc_client_5 <= plan: 5:0.000000 11:0.000000 17:0.000000 23:0.085254 29:0.085254 35:0.085254 41:0.085254 47:0.085254
[*] pqc_client_6 <= plan: 6:0.000000 12:0.000000 18:0.000000 24:0.085254 30:0.085254 36:0.085254 42:0.085254 48:0.085254
client=pqc_client total=9 ok=9 err=0
client=pqc_client_2 total=9 ok=9 err=0
client=pqc_client_3 total=8 ok=8 err=0
client=pqc_client_4 total=8 ok=8 err=0
client=pqc_client_5 total=8 ok=8 err=0
client=pqc_client_6 total=8 ok=8 err=0
[*] Resumen guardado en: results/hybrid_p2_balanced_c50_001_resource_summary.txt
RUN_ID: hybrid_p2_balanced_c50_001
CSV: results/hybrid_p2_balanced_c50_001_docker_stats.csv

=== Resumen CPU% y MEM% (avg / max) por contenedor ===
pqc_client_2 -> CPU avg=0.83%, CPU max=3.34%, MEM avg=0.07%, MEM max=0.08%
pqc_client_3 -> CPU avg=0.00%, CPU max=0.00%, MEM avg=0.11%, MEM max=0.25%
pqc_monitor -> CPU avg=0.13%, CPU max=0.20%, MEM avg=0.11%, MEM max=0.11%
pqc_client_4 -> CPU avg=0.66%, CPU max=2.02%, MEM avg=0.09%, MEM max=0.22%
pqc_client_5 -> CPU avg=0.41%, CPU max=1.63%, MEM avg=0.08%, MEM max=0.17%
pqc_server -> CPU avg=1.09%, CPU max=4.38%, MEM avg=0.11%, MEM max=0.11%
pqc_client_6 -> CPU avg=0.14%, CPU max=0.54%, MEM avg=0.15%, MEM max=0.29%
pqc_client -> CPU avg=0.99%, CPU max=3.97%, MEM avg=0.08%, MEM max=0.08%
[2026-05-16 19:15:08] [*] Parando captura en pqc_monitor para hybrid_p2_balanced_c50_001
[*] Métricas TXT guardadas en results/hybrid_p2_balanced_c50_001_metrics.txt
[*] Métricas CSV guardadas en results/hybrid_p2_balanced_c50_001_metrics.csv
[2026-05-16 19:15:35] === RUN END: hybrid_p2_balanced_c50_001 ===

[2026-05-16 19:15:35] === RUN START: hybrid_p2_balanced_c50_002 ===
[2026-05-16 19:15:35] [*] Arrancando captura en pqc_monitor (eth0) para hybrid_p2_balanced_c50_002
[*] Guardando muestras en: results/hybrid_p2_balanced_c50_002_docker_stats.csv
[*] Ejecutando comando medido: bash -lc ./scripts/run_client_once_rafaga_hibrido.sh hybrid_p2_balanced_c50_002 50; sleep 3
[*] Ráfaga híbrida completada: 50 conexiones en 6 clientes (poisson_jitter)
=== host results ===
-rw-rw-r-- 1 cristian cristian   11250 may 16 19:15 hybrid_p2_balanced_c50_002_client_err.txt
-rw-rw-r-- 1 cristian cristian    1049 may 16 19:15 hybrid_p2_balanced_c50_002_client.txt
-rw-rw-r-- 1 cristian cristian     850 may 16 19:15 hybrid_p2_balanced_c50_002_docker_stats.csv
-rw-r--r-- 1 root     root        2025 may 16 19:15 hybrid_p2_balanced_c50_002_pqc_client_2_client_err.txt
-rw-r--r-- 1 root     root       23283 may 16 19:15 hybrid_p2_balanced_c50_002_pqc_client_2_client.txt
-rw-r--r-- 1 root     root          39 may 16 19:15 hybrid_p2_balanced_c50_002_pqc_client_2_summary.txt
-rw-r--r-- 1 root     root        1800 may 16 19:15 hybrid_p2_balanced_c50_002_pqc_client_3_client_err.txt
-rw-r--r-- 1 root     root       20696 may 16 19:15 hybrid_p2_balanced_c50_002_pqc_client_3_client.txt
-rw-r--r-- 1 root     root          39 may 16 19:15 hybrid_p2_balanced_c50_002_pqc_client_3_summary.txt
-rw-r--r-- 1 root     root        1800 may 16 19:15 hybrid_p2_balanced_c50_002_pqc_client_4_client_err.txt
-rw-r--r-- 1 root     root       20696 may 16 19:15 hybrid_p2_balanced_c50_002_pqc_client_4_client.txt
-rw-r--r-- 1 root     root          39 may 16 19:15 hybrid_p2_balanced_c50_002_pqc_client_4_summary.txt
-rw-r--r-- 1 root     root        1800 may 16 19:15 hybrid_p2_balanced_c50_002_pqc_client_5_client_err.txt
-rw-r--r-- 1 root     root       20696 may 16 19:15 hybrid_p2_balanced_c50_002_pqc_client_5_client.txt
-rw-r--r-- 1 root     root          39 may 16 19:15 hybrid_p2_balanced_c50_002_pqc_client_5_summary.txt
-rw-r--r-- 1 root     root        1800 may 16 19:15 hybrid_p2_balanced_c50_002_pqc_client_6_client_err.txt
-rw-r--r-- 1 root     root       20696 may 16 19:15 hybrid_p2_balanced_c50_002_pqc_client_6_client.txt
-rw-r--r-- 1 root     root          39 may 16 19:15 hybrid_p2_balanced_c50_002_pqc_client_6_summary.txt
-rw-r--r-- 1 root     root        2025 may 16 19:15 hybrid_p2_balanced_c50_002_pqc_client_client_err.txt
-rw-r--r-- 1 root     root       23283 may 16 19:15 hybrid_p2_balanced_c50_002_pqc_client_client.txt
-rw-r--r-- 1 root     root          37 may 16 19:15 hybrid_p2_balanced_c50_002_pqc_client_summary.txt
=== resumen por cliente ===
[*] Perfil poisson_jitter: llegadas no sincronizadas con Poisson+jitter
[*] pqc_client <= plan: 1:0.000000 7:0.000000 13:0.000000 19:0.000000 25:0.000000 31:0.000000 37:0.000000 43:0.000000 49:0.000000
[*] pqc_client_2 <= plan: 2:0.000000 8:0.000000 14:0.000000 20:0.000000 26:0.000000 32:0.000000 38:0.000000 44:0.000000 50:0.000000
[*] pqc_client_3 <= plan: 3:0.000000 9:0.000000 15:0.000000 21:0.000000 27:0.000000 33:0.000000 39:0.000000 45:0.000000
[*] pqc_client_4 <= plan: 4:0.000000 10:0.000000 16:0.000000 22:0.000000 28:0.000000 34:0.000000 40:0.000000 46:0.000000
[*] pqc_client_5 <= plan: 5:0.000000 11:0.000000 17:0.000000 23:0.000000 29:0.000000 35:0.000000 41:0.000000 47:0.000000
[*] pqc_client_6 <= plan: 6:0.000000 12:0.000000 18:0.000000 24:0.000000 30:0.000000 36:0.000000 42:0.000000 48:0.000000
client=pqc_client total=9 ok=9 err=0
client=pqc_client_2 total=9 ok=9 err=0
client=pqc_client_3 total=8 ok=8 err=0
client=pqc_client_4 total=8 ok=8 err=0
client=pqc_client_5 total=8 ok=8 err=0
client=pqc_client_6 total=8 ok=8 err=0
[*] Resumen guardado en: results/hybrid_p2_balanced_c50_002_resource_summary.txt
RUN_ID: hybrid_p2_balanced_c50_002
CSV: results/hybrid_p2_balanced_c50_002_docker_stats.csv

=== Resumen CPU% y MEM% (avg / max) por contenedor ===
pqc_client_2 -> CPU avg=1.53%, CPU max=4.60%, MEM avg=0.08%, MEM max=0.11%
pqc_client_3 -> CPU avg=1.21%, CPU max=3.64%, MEM avg=0.09%, MEM max=0.14%
pqc_monitor -> CPU avg=0.13%, CPU max=0.21%, MEM avg=0.11%, MEM max=0.11%
pqc_client_4 -> CPU avg=8.19%, CPU max=24.57%, MEM avg=0.11%, MEM max=0.24%
pqc_client_5 -> CPU avg=0.00%, CPU max=0.00%, MEM avg=0.11%, MEM max=0.24%
pqc_server -> CPU avg=1.35%, CPU max=4.04%, MEM avg=0.11%, MEM max=0.11%
pqc_client_6 -> CPU avg=0.00%, CPU max=0.00%, MEM avg=0.17%, MEM max=0.29%
pqc_client -> CPU avg=1.13%, CPU max=3.40%, MEM avg=0.08%, MEM max=0.08%
[2026-05-16 19:15:48] [*] Parando captura en pqc_monitor para hybrid_p2_balanced_c50_002
[*] Métricas TXT guardadas en results/hybrid_p2_balanced_c50_002_metrics.txt
[*] Métricas CSV guardadas en results/hybrid_p2_balanced_c50_002_metrics.csv
[2026-05-16 19:16:13] === RUN END: hybrid_p2_balanced_c50_002 ===

[2026-05-16 19:16:13] === RUN START: hybrid_p2_balanced_c50_003 ===
[2026-05-16 19:16:13] [*] Arrancando captura en pqc_monitor (eth0) para hybrid_p2_balanced_c50_003
[*] Guardando muestras en: results/hybrid_p2_balanced_c50_003_docker_stats.csv
[*] Ejecutando comando medido: bash -lc ./scripts/run_client_once_rafaga_hibrido.sh hybrid_p2_balanced_c50_003 50; sleep 3
[*] Ráfaga híbrida completada: 50 conexiones en 6 clientes (poisson_jitter)
=== host results ===
-rw-rw-r-- 1 cristian cristian   11250 may 16 19:16 hybrid_p2_balanced_c50_003_client_err.txt
-rw-rw-r-- 1 cristian cristian    1049 may 16 19:16 hybrid_p2_balanced_c50_003_client.txt
-rw-rw-r-- 1 cristian cristian     848 may 16 19:16 hybrid_p2_balanced_c50_003_docker_stats.csv
-rw-r--r-- 1 root     root        2025 may 16 19:16 hybrid_p2_balanced_c50_003_pqc_client_2_client_err.txt
-rw-r--r-- 1 root     root       23283 may 16 19:16 hybrid_p2_balanced_c50_003_pqc_client_2_client.txt
-rw-r--r-- 1 root     root          39 may 16 19:16 hybrid_p2_balanced_c50_003_pqc_client_2_summary.txt
-rw-r--r-- 1 root     root        1800 may 16 19:16 hybrid_p2_balanced_c50_003_pqc_client_3_client_err.txt
-rw-r--r-- 1 root     root       20696 may 16 19:16 hybrid_p2_balanced_c50_003_pqc_client_3_client.txt
-rw-r--r-- 1 root     root          39 may 16 19:16 hybrid_p2_balanced_c50_003_pqc_client_3_summary.txt
-rw-r--r-- 1 root     root        1800 may 16 19:16 hybrid_p2_balanced_c50_003_pqc_client_4_client_err.txt
-rw-r--r-- 1 root     root       20696 may 16 19:16 hybrid_p2_balanced_c50_003_pqc_client_4_client.txt
-rw-r--r-- 1 root     root          39 may 16 19:16 hybrid_p2_balanced_c50_003_pqc_client_4_summary.txt
-rw-r--r-- 1 root     root        1800 may 16 19:16 hybrid_p2_balanced_c50_003_pqc_client_5_client_err.txt
-rw-r--r-- 1 root     root       20696 may 16 19:16 hybrid_p2_balanced_c50_003_pqc_client_5_client.txt
-rw-r--r-- 1 root     root          39 may 16 19:16 hybrid_p2_balanced_c50_003_pqc_client_5_summary.txt
-rw-r--r-- 1 root     root        1800 may 16 19:16 hybrid_p2_balanced_c50_003_pqc_client_6_client_err.txt
-rw-r--r-- 1 root     root       20696 may 16 19:16 hybrid_p2_balanced_c50_003_pqc_client_6_client.txt
-rw-r--r-- 1 root     root          39 may 16 19:16 hybrid_p2_balanced_c50_003_pqc_client_6_summary.txt
-rw-r--r-- 1 root     root        2025 may 16 19:16 hybrid_p2_balanced_c50_003_pqc_client_client_err.txt
-rw-r--r-- 1 root     root       23283 may 16 19:16 hybrid_p2_balanced_c50_003_pqc_client_client.txt
-rw-r--r-- 1 root     root          37 may 16 19:16 hybrid_p2_balanced_c50_003_pqc_client_summary.txt
=== resumen por cliente ===
[*] Perfil poisson_jitter: llegadas no sincronizadas con Poisson+jitter
[*] pqc_client <= plan: 1:0.122729 7:0.122729 13:0.122729 19:0.122729 25:0.122729 31:0.122729 37:0.122729 43:0.122729 49:0.122729
[*] pqc_client_2 <= plan: 2:0.122729 8:0.122729 14:0.122729 20:0.122729 26:0.122729 32:0.122729 38:0.122729 44:0.122729 50:0.122729
[*] pqc_client_3 <= plan: 3:0.122729 9:0.122729 15:0.122729 21:0.122729 27:0.122729 33:0.122729 39:0.122729 45:0.122729
[*] pqc_client_4 <= plan: 4:0.122729 10:0.122729 16:0.122729 22:0.122729 28:0.122729 34:0.122729 40:0.122729 46:0.122729
[*] pqc_client_5 <= plan: 5:0.122729 11:0.122729 17:0.122729 23:0.122729 29:0.122729 35:0.122729 41:0.122729 47:0.122729
[*] pqc_client_6 <= plan: 6:0.122729 12:0.122729 18:0.122729 24:0.122729 30:0.122729 36:0.122729 42:0.122729 48:0.122729
client=pqc_client total=9 ok=9 err=0
client=pqc_client_2 total=9 ok=9 err=0
client=pqc_client_3 total=8 ok=8 err=0
client=pqc_client_4 total=8 ok=8 err=0
client=pqc_client_5 total=8 ok=8 err=0
client=pqc_client_6 total=8 ok=8 err=0
[*] Resumen guardado en: results/hybrid_p2_balanced_c50_003_resource_summary.txt
RUN_ID: hybrid_p2_balanced_c50_003
CSV: results/hybrid_p2_balanced_c50_003_docker_stats.csv

=== Resumen CPU% y MEM% (avg / max) por contenedor ===
pqc_client_2 -> CPU avg=1.22%, CPU max=3.66%, MEM avg=0.08%, MEM max=0.11%
pqc_client_3 -> CPU avg=0.71%, CPU max=2.13%, MEM avg=0.10%, MEM max=0.18%
pqc_monitor -> CPU avg=0.06%, CPU max=0.10%, MEM avg=0.11%, MEM max=0.11%
pqc_client_4 -> CPU avg=0.00%, CPU max=0.00%, MEM avg=0.11%, MEM max=0.24%
pqc_client_5 -> CPU avg=0.00%, CPU max=0.00%, MEM avg=0.12%, MEM max=0.25%
pqc_server -> CPU avg=1.45%, CPU max=4.34%, MEM avg=0.11%, MEM max=0.11%
pqc_client_6 -> CPU avg=0.00%, CPU max=0.00%, MEM avg=0.17%, MEM max=0.30%
pqc_client -> CPU avg=2.10%, CPU max=6.31%, MEM avg=0.08%, MEM max=0.08%
[2026-05-16 19:16:26] [*] Parando captura en pqc_monitor para hybrid_p2_balanced_c50_003
[*] Métricas TXT guardadas en results/hybrid_p2_balanced_c50_003_metrics.txt
[*] Métricas CSV guardadas en results/hybrid_p2_balanced_c50_003_metrics.csv
[2026-05-16 19:16:51] === RUN END: hybrid_p2_balanced_c50_003 ===

[2026-05-16 19:16:51] === RUN START: hybrid_p2_balanced_c50_004 ===
[2026-05-16 19:16:51] [*] Arrancando captura en pqc_monitor (eth0) para hybrid_p2_balanced_c50_004
[*] Guardando muestras en: results/hybrid_p2_balanced_c50_004_docker_stats.csv
[*] Ejecutando comando medido: bash -lc ./scripts/run_client_once_rafaga_hibrido.sh hybrid_p2_balanced_c50_004 50; sleep 3
[*] Ráfaga híbrida completada: 50 conexiones en 6 clientes (poisson_jitter)
=== host results ===
-rw-rw-r-- 1 cristian cristian   11250 may 16 19:16 hybrid_p2_balanced_c50_004_client_err.txt
-rw-rw-r-- 1 cristian cristian    1049 may 16 19:16 hybrid_p2_balanced_c50_004_client.txt
-rw-rw-r-- 1 cristian cristian     850 may 16 19:16 hybrid_p2_balanced_c50_004_docker_stats.csv
-rw-r--r-- 1 root     root        2025 may 16 19:16 hybrid_p2_balanced_c50_004_pqc_client_2_client_err.txt
-rw-r--r-- 1 root     root       23283 may 16 19:16 hybrid_p2_balanced_c50_004_pqc_client_2_client.txt
-rw-r--r-- 1 root     root          39 may 16 19:16 hybrid_p2_balanced_c50_004_pqc_client_2_summary.txt
-rw-r--r-- 1 root     root        1800 may 16 19:16 hybrid_p2_balanced_c50_004_pqc_client_3_client_err.txt
-rw-r--r-- 1 root     root       20696 may 16 19:16 hybrid_p2_balanced_c50_004_pqc_client_3_client.txt
-rw-r--r-- 1 root     root          39 may 16 19:16 hybrid_p2_balanced_c50_004_pqc_client_3_summary.txt
-rw-r--r-- 1 root     root        1800 may 16 19:16 hybrid_p2_balanced_c50_004_pqc_client_4_client_err.txt
-rw-r--r-- 1 root     root       20696 may 16 19:16 hybrid_p2_balanced_c50_004_pqc_client_4_client.txt
-rw-r--r-- 1 root     root          39 may 16 19:16 hybrid_p2_balanced_c50_004_pqc_client_4_summary.txt
-rw-r--r-- 1 root     root        1800 may 16 19:16 hybrid_p2_balanced_c50_004_pqc_client_5_client_err.txt
-rw-r--r-- 1 root     root       20696 may 16 19:16 hybrid_p2_balanced_c50_004_pqc_client_5_client.txt
-rw-r--r-- 1 root     root          39 may 16 19:16 hybrid_p2_balanced_c50_004_pqc_client_5_summary.txt
-rw-r--r-- 1 root     root        1800 may 16 19:16 hybrid_p2_balanced_c50_004_pqc_client_6_client_err.txt
-rw-r--r-- 1 root     root       20696 may 16 19:16 hybrid_p2_balanced_c50_004_pqc_client_6_client.txt
-rw-r--r-- 1 root     root          39 may 16 19:16 hybrid_p2_balanced_c50_004_pqc_client_6_summary.txt
-rw-r--r-- 1 root     root        2025 may 16 19:16 hybrid_p2_balanced_c50_004_pqc_client_client_err.txt
-rw-r--r-- 1 root     root       23283 may 16 19:16 hybrid_p2_balanced_c50_004_pqc_client_client.txt
-rw-r--r-- 1 root     root          37 may 16 19:16 hybrid_p2_balanced_c50_004_pqc_client_summary.txt
=== resumen por cliente ===
[*] Perfil poisson_jitter: llegadas no sincronizadas con Poisson+jitter
[*] pqc_client <= plan: 1:0.032292 7:0.032292 13:0.032292 19:0.032292 25:0.032292 31:0.032292 37:0.032292 43:0.032292 49:0.032292
[*] pqc_client_2 <= plan: 2:0.032292 8:0.032292 14:0.032292 20:0.032292 26:0.032292 32:0.032292 38:0.032292 44:0.032292 50:0.032292
[*] pqc_client_3 <= plan: 3:0.032292 9:0.032292 15:0.032292 21:0.032292 27:0.032292 33:0.032292 39:0.032292 45:0.032292
[*] pqc_client_4 <= plan: 4:0.032292 10:0.032292 16:0.032292 22:0.032292 28:0.032292 34:0.032292 40:0.032292 46:0.032292
[*] pqc_client_5 <= plan: 5:0.032292 11:0.032292 17:0.032292 23:0.032292 29:0.032292 35:0.032292 41:0.032292 47:0.032292
[*] pqc_client_6 <= plan: 6:0.032292 12:0.032292 18:0.032292 24:0.032292 30:0.032292 36:0.032292 42:0.032292 48:0.032292
client=pqc_client total=9 ok=9 err=0
client=pqc_client_2 total=9 ok=9 err=0
client=pqc_client_3 total=8 ok=8 err=0
client=pqc_client_4 total=8 ok=8 err=0
client=pqc_client_5 total=8 ok=8 err=0
client=pqc_client_6 total=8 ok=8 err=0
[*] Resumen guardado en: results/hybrid_p2_balanced_c50_004_resource_summary.txt
RUN_ID: hybrid_p2_balanced_c50_004
CSV: results/hybrid_p2_balanced_c50_004_docker_stats.csv

=== Resumen CPU% y MEM% (avg / max) por contenedor ===
pqc_client_2 -> CPU avg=1.35%, CPU max=4.06%, MEM avg=0.08%, MEM max=0.13%
pqc_client_3 -> CPU avg=1.46%, CPU max=4.39%, MEM avg=0.08%, MEM max=0.11%
pqc_monitor -> CPU avg=0.10%, CPU max=0.19%, MEM avg=0.11%, MEM max=0.11%
pqc_client_4 -> CPU avg=8.47%, CPU max=25.40%, MEM avg=0.11%, MEM max=0.24%
pqc_client_5 -> CPU avg=0.00%, CPU max=0.00%, MEM avg=0.12%, MEM max=0.25%
pqc_server -> CPU avg=1.40%, CPU max=4.20%, MEM avg=0.11%, MEM max=0.11%
pqc_client_6 -> CPU avg=0.00%, CPU max=0.00%, MEM avg=0.17%, MEM max=0.30%
pqc_client -> CPU avg=1.22%, CPU max=3.65%, MEM avg=0.09%, MEM max=0.09%
[2026-05-16 19:17:04] [*] Parando captura en pqc_monitor para hybrid_p2_balanced_c50_004
[*] Métricas TXT guardadas en results/hybrid_p2_balanced_c50_004_metrics.txt
[*] Métricas CSV guardadas en results/hybrid_p2_balanced_c50_004_metrics.csv
[2026-05-16 19:17:29] === RUN END: hybrid_p2_balanced_c50_004 ===

[2026-05-16 19:17:29] === RUN START: hybrid_p2_balanced_c50_005 ===
[2026-05-16 19:17:29] [*] Arrancando captura en pqc_monitor (eth0) para hybrid_p2_balanced_c50_005
[*] Guardando muestras en: results/hybrid_p2_balanced_c50_005_docker_stats.csv
[*] Ejecutando comando medido: bash -lc ./scripts/run_client_once_rafaga_hibrido.sh hybrid_p2_balanced_c50_005 50; sleep 3
[*] Ráfaga híbrida completada: 50 conexiones en 6 clientes (poisson_jitter)
=== host results ===
-rw-rw-r-- 1 cristian cristian   11250 may 16 19:17 hybrid_p2_balanced_c50_005_client_err.txt
-rw-rw-r-- 1 cristian cristian    1049 may 16 19:17 hybrid_p2_balanced_c50_005_client.txt
-rw-rw-r-- 1 cristian cristian     852 may 16 19:17 hybrid_p2_balanced_c50_005_docker_stats.csv
-rw-r--r-- 1 root     root        2025 may 16 19:17 hybrid_p2_balanced_c50_005_pqc_client_2_client_err.txt
-rw-r--r-- 1 root     root       23283 may 16 19:17 hybrid_p2_balanced_c50_005_pqc_client_2_client.txt
-rw-r--r-- 1 root     root          39 may 16 19:17 hybrid_p2_balanced_c50_005_pqc_client_2_summary.txt
-rw-r--r-- 1 root     root        1800 may 16 19:17 hybrid_p2_balanced_c50_005_pqc_client_3_client_err.txt
-rw-r--r-- 1 root     root       20696 may 16 19:17 hybrid_p2_balanced_c50_005_pqc_client_3_client.txt
-rw-r--r-- 1 root     root          39 may 16 19:17 hybrid_p2_balanced_c50_005_pqc_client_3_summary.txt
-rw-r--r-- 1 root     root        1800 may 16 19:17 hybrid_p2_balanced_c50_005_pqc_client_4_client_err.txt
-rw-r--r-- 1 root     root       20696 may 16 19:17 hybrid_p2_balanced_c50_005_pqc_client_4_client.txt
-rw-r--r-- 1 root     root          39 may 16 19:17 hybrid_p2_balanced_c50_005_pqc_client_4_summary.txt
-rw-r--r-- 1 root     root        1800 may 16 19:17 hybrid_p2_balanced_c50_005_pqc_client_5_client_err.txt
-rw-r--r-- 1 root     root       20696 may 16 19:17 hybrid_p2_balanced_c50_005_pqc_client_5_client.txt
-rw-r--r-- 1 root     root          39 may 16 19:17 hybrid_p2_balanced_c50_005_pqc_client_5_summary.txt
-rw-r--r-- 1 root     root        1800 may 16 19:17 hybrid_p2_balanced_c50_005_pqc_client_6_client_err.txt
-rw-r--r-- 1 root     root       20696 may 16 19:17 hybrid_p2_balanced_c50_005_pqc_client_6_client.txt
-rw-r--r-- 1 root     root          39 may 16 19:17 hybrid_p2_balanced_c50_005_pqc_client_6_summary.txt
-rw-r--r-- 1 root     root        2025 may 16 19:17 hybrid_p2_balanced_c50_005_pqc_client_client_err.txt
-rw-r--r-- 1 root     root       23283 may 16 19:17 hybrid_p2_balanced_c50_005_pqc_client_client.txt
-rw-r--r-- 1 root     root          37 may 16 19:17 hybrid_p2_balanced_c50_005_pqc_client_summary.txt
=== resumen por cliente ===
[*] Perfil poisson_jitter: llegadas no sincronizadas con Poisson+jitter
[*] pqc_client <= plan: 1:0.037276 7:0.037276 13:0.037276 19:0.037276 25:0.037276 31:0.037276 37:0.037276 43:0.037276 49:0.037276
[*] pqc_client_2 <= plan: 2:0.037276 8:0.037276 14:0.037276 20:0.037276 26:0.037276 32:0.037276 38:0.037276 44:0.037276 50:0.037276
[*] pqc_client_3 <= plan: 3:0.037276 9:0.037276 15:0.037276 21:0.037276 27:0.037276 33:0.037276 39:0.037276 45:0.037276
[*] pqc_client_4 <= plan: 4:0.037276 10:0.037276 16:0.037276 22:0.037276 28:0.037276 34:0.037276 40:0.037276 46:0.037276
[*] pqc_client_5 <= plan: 5:0.037276 11:0.037276 17:0.037276 23:0.037276 29:0.037276 35:0.037276 41:0.037276 47:0.037276
[*] pqc_client_6 <= plan: 6:0.037276 12:0.037276 18:0.037276 24:0.037276 30:0.037276 36:0.037276 42:0.037276 48:0.037276
client=pqc_client total=9 ok=9 err=0
client=pqc_client_2 total=9 ok=9 err=0
client=pqc_client_3 total=8 ok=8 err=0
client=pqc_client_4 total=8 ok=8 err=0
client=pqc_client_5 total=8 ok=8 err=0
client=pqc_client_6 total=8 ok=8 err=0
[*] Resumen guardado en: results/hybrid_p2_balanced_c50_005_resource_summary.txt
RUN_ID: hybrid_p2_balanced_c50_005
CSV: results/hybrid_p2_balanced_c50_005_docker_stats.csv

=== Resumen CPU% y MEM% (avg / max) por contenedor ===
pqc_client_2 -> CPU avg=1.33%, CPU max=5.31%, MEM avg=0.07%, MEM max=0.11%
pqc_client_3 -> CPU avg=0.63%, CPU max=2.52%, MEM avg=0.09%, MEM max=0.18%
pqc_monitor -> CPU avg=0.11%, CPU max=0.23%, MEM avg=0.11%, MEM max=0.11%
pqc_client_4 -> CPU avg=0.00%, CPU max=0.00%, MEM avg=0.10%, MEM max=0.24%
pqc_client_5 -> CPU avg=0.00%, CPU max=0.00%, MEM avg=0.11%, MEM max=0.25%
pqc_server -> CPU avg=0.91%, CPU max=3.63%, MEM avg=0.11%, MEM max=0.11%
pqc_client_6 -> CPU avg=0.00%, CPU max=0.00%, MEM avg=0.16%, MEM max=0.30%
pqc_client -> CPU avg=1.47%, CPU max=5.88%, MEM avg=0.09%, MEM max=0.09%
[2026-05-16 19:17:45] [*] Parando captura en pqc_monitor para hybrid_p2_balanced_c50_005
[*] Métricas TXT guardadas en results/hybrid_p2_balanced_c50_005_metrics.txt
[*] Métricas CSV guardadas en results/hybrid_p2_balanced_c50_005_metrics.csv
[2026-05-16 19:18:11] === RUN END: hybrid_p2_balanced_c50_005 ===

[2026-05-16 19:18:11] === RUN START: hybrid_p2_aggressive_c50_001 ===
[2026-05-16 19:18:11] [*] Arrancando captura en pqc_monitor (eth0) para hybrid_p2_aggressive_c50_001
[*] Guardando muestras en: results/hybrid_p2_aggressive_c50_001_docker_stats.csv
[*] Ejecutando comando medido: bash -lc ./scripts/run_client_once_rafaga_hibrido.sh hybrid_p2_aggressive_c50_001 50; sleep 3
[*] Ráfaga híbrida completada: 50 conexiones en 6 clientes (poisson_jitter)
=== host results ===
-rw-rw-r-- 1 cristian cristian   11250 may 16 19:18 hybrid_p2_aggressive_c50_001_client_err.txt
-rw-rw-r-- 1 cristian cristian    1049 may 16 19:18 hybrid_p2_aggressive_c50_001_client.txt
-rw-rw-r-- 1 cristian cristian     852 may 16 19:18 hybrid_p2_aggressive_c50_001_docker_stats.csv
-rw-r--r-- 1 root     root        2025 may 16 19:18 hybrid_p2_aggressive_c50_001_pqc_client_2_client_err.txt
-rw-r--r-- 1 root     root       23283 may 16 19:18 hybrid_p2_aggressive_c50_001_pqc_client_2_client.txt
-rw-r--r-- 1 root     root          39 may 16 19:18 hybrid_p2_aggressive_c50_001_pqc_client_2_summary.txt
-rw-r--r-- 1 root     root        1800 may 16 19:18 hybrid_p2_aggressive_c50_001_pqc_client_3_client_err.txt
-rw-r--r-- 1 root     root       20696 may 16 19:18 hybrid_p2_aggressive_c50_001_pqc_client_3_client.txt
-rw-r--r-- 1 root     root          39 may 16 19:18 hybrid_p2_aggressive_c50_001_pqc_client_3_summary.txt
-rw-r--r-- 1 root     root        1800 may 16 19:18 hybrid_p2_aggressive_c50_001_pqc_client_4_client_err.txt
-rw-r--r-- 1 root     root       20696 may 16 19:18 hybrid_p2_aggressive_c50_001_pqc_client_4_client.txt
-rw-r--r-- 1 root     root          39 may 16 19:18 hybrid_p2_aggressive_c50_001_pqc_client_4_summary.txt
-rw-r--r-- 1 root     root        1800 may 16 19:18 hybrid_p2_aggressive_c50_001_pqc_client_5_client_err.txt
-rw-r--r-- 1 root     root       20696 may 16 19:18 hybrid_p2_aggressive_c50_001_pqc_client_5_client.txt
-rw-r--r-- 1 root     root          39 may 16 19:18 hybrid_p2_aggressive_c50_001_pqc_client_5_summary.txt
-rw-r--r-- 1 root     root        1800 may 16 19:18 hybrid_p2_aggressive_c50_001_pqc_client_6_client_err.txt
-rw-r--r-- 1 root     root       20696 may 16 19:18 hybrid_p2_aggressive_c50_001_pqc_client_6_client.txt
-rw-r--r-- 1 root     root          39 may 16 19:18 hybrid_p2_aggressive_c50_001_pqc_client_6_summary.txt
-rw-r--r-- 1 root     root        2025 may 16 19:18 hybrid_p2_aggressive_c50_001_pqc_client_client_err.txt
-rw-r--r-- 1 root     root       23283 may 16 19:18 hybrid_p2_aggressive_c50_001_pqc_client_client.txt
-rw-r--r-- 1 root     root          37 may 16 19:18 hybrid_p2_aggressive_c50_001_pqc_client_summary.txt
=== resumen por cliente ===
[*] Perfil poisson_jitter: llegadas no sincronizadas con Poisson+jitter
[*] pqc_client <= plan: 1:0.118045 7:0.118045 13:0.118045 19:0.118045 25:0.118045 31:0.118045 37:0.118045 43:0.118045 49:0.118045
[*] pqc_client_2 <= plan: 2:0.118045 8:0.118045 14:0.118045 20:0.118045 26:0.118045 32:0.118045 38:0.118045 44:0.118045 50:0.118045
[*] pqc_client_3 <= plan: 3:0.118045 9:0.118045 15:0.118045 21:0.118045 27:0.118045 33:0.118045 39:0.118045 45:0.118045
[*] pqc_client_4 <= plan: 4:0.118045 10:0.118045 16:0.118045 22:0.118045 28:0.118045 34:0.118045 40:0.118045 46:0.118045
[*] pqc_client_5 <= plan: 5:0.118045 11:0.118045 17:0.118045 23:0.118045 29:0.118045 35:0.118045 41:0.118045 47:0.118045
[*] pqc_client_6 <= plan: 6:0.118045 12:0.118045 18:0.118045 24:0.118045 30:0.118045 36:0.118045 42:0.118045 48:0.118045
client=pqc_client total=9 ok=9 err=0
client=pqc_client_2 total=9 ok=9 err=0
client=pqc_client_3 total=8 ok=8 err=0
client=pqc_client_4 total=8 ok=8 err=0
client=pqc_client_5 total=8 ok=8 err=0
client=pqc_client_6 total=8 ok=8 err=0
[*] Resumen guardado en: results/hybrid_p2_aggressive_c50_001_resource_summary.txt
RUN_ID: hybrid_p2_aggressive_c50_001
CSV: results/hybrid_p2_aggressive_c50_001_docker_stats.csv

=== Resumen CPU% y MEM% (avg / max) por contenedor ===
pqc_client_2 -> CPU avg=1.25%, CPU max=5.00%, MEM avg=0.07%, MEM max=0.11%
pqc_client_3 -> CPU avg=0.66%, CPU max=2.64%, MEM avg=0.09%, MEM max=0.16%
pqc_monitor -> CPU avg=0.07%, CPU max=0.17%, MEM avg=0.11%, MEM max=0.11%
pqc_client_4 -> CPU avg=0.00%, CPU max=0.00%, MEM avg=0.10%, MEM max=0.24%
pqc_client_5 -> CPU avg=0.00%, CPU max=0.00%, MEM avg=0.11%, MEM max=0.25%
pqc_server -> CPU avg=1.01%, CPU max=4.03%, MEM avg=0.11%, MEM max=0.11%
pqc_client_6 -> CPU avg=0.00%, CPU max=0.00%, MEM avg=0.16%, MEM max=0.30%
pqc_client -> CPU avg=1.15%, CPU max=4.59%, MEM avg=0.09%, MEM max=0.09%
[2026-05-16 19:18:27] [*] Parando captura en pqc_monitor para hybrid_p2_aggressive_c50_001
[*] Métricas TXT guardadas en results/hybrid_p2_aggressive_c50_001_metrics.txt
[*] Métricas CSV guardadas en results/hybrid_p2_aggressive_c50_001_metrics.csv
[2026-05-16 19:18:52] === RUN END: hybrid_p2_aggressive_c50_001 ===

[2026-05-16 19:18:52] === RUN START: hybrid_p2_aggressive_c50_002 ===
[2026-05-16 19:18:52] [*] Arrancando captura en pqc_monitor (eth0) para hybrid_p2_aggressive_c50_002
[*] Guardando muestras en: results/hybrid_p2_aggressive_c50_002_docker_stats.csv
[*] Ejecutando comando medido: bash -lc ./scripts/run_client_once_rafaga_hibrido.sh hybrid_p2_aggressive_c50_002 50; sleep 3
[*] Ráfaga híbrida completada: 50 conexiones en 6 clientes (poisson_jitter)
=== host results ===
-rw-rw-r-- 1 cristian cristian   11250 may 16 19:18 hybrid_p2_aggressive_c50_002_client_err.txt
-rw-rw-r-- 1 cristian cristian    1049 may 16 19:18 hybrid_p2_aggressive_c50_002_client.txt
-rw-rw-r-- 1 cristian cristian     853 may 16 19:18 hybrid_p2_aggressive_c50_002_docker_stats.csv
-rw-r--r-- 1 root     root        2025 may 16 19:18 hybrid_p2_aggressive_c50_002_pqc_client_2_client_err.txt
-rw-r--r-- 1 root     root       23283 may 16 19:18 hybrid_p2_aggressive_c50_002_pqc_client_2_client.txt
-rw-r--r-- 1 root     root          39 may 16 19:18 hybrid_p2_aggressive_c50_002_pqc_client_2_summary.txt
-rw-r--r-- 1 root     root        1800 may 16 19:18 hybrid_p2_aggressive_c50_002_pqc_client_3_client_err.txt
-rw-r--r-- 1 root     root       20696 may 16 19:18 hybrid_p2_aggressive_c50_002_pqc_client_3_client.txt
-rw-r--r-- 1 root     root          39 may 16 19:18 hybrid_p2_aggressive_c50_002_pqc_client_3_summary.txt
-rw-r--r-- 1 root     root        1800 may 16 19:18 hybrid_p2_aggressive_c50_002_pqc_client_4_client_err.txt
-rw-r--r-- 1 root     root       20696 may 16 19:18 hybrid_p2_aggressive_c50_002_pqc_client_4_client.txt
-rw-r--r-- 1 root     root          39 may 16 19:18 hybrid_p2_aggressive_c50_002_pqc_client_4_summary.txt
-rw-r--r-- 1 root     root        1800 may 16 19:18 hybrid_p2_aggressive_c50_002_pqc_client_5_client_err.txt
-rw-r--r-- 1 root     root       20696 may 16 19:18 hybrid_p2_aggressive_c50_002_pqc_client_5_client.txt
-rw-r--r-- 1 root     root          39 may 16 19:18 hybrid_p2_aggressive_c50_002_pqc_client_5_summary.txt
-rw-r--r-- 1 root     root        1800 may 16 19:18 hybrid_p2_aggressive_c50_002_pqc_client_6_client_err.txt
-rw-r--r-- 1 root     root       20696 may 16 19:18 hybrid_p2_aggressive_c50_002_pqc_client_6_client.txt
-rw-r--r-- 1 root     root          39 may 16 19:18 hybrid_p2_aggressive_c50_002_pqc_client_6_summary.txt
-rw-r--r-- 1 root     root        2025 may 16 19:18 hybrid_p2_aggressive_c50_002_pqc_client_client_err.txt
-rw-r--r-- 1 root     root       23283 may 16 19:18 hybrid_p2_aggressive_c50_002_pqc_client_client.txt
-rw-r--r-- 1 root     root          37 may 16 19:18 hybrid_p2_aggressive_c50_002_pqc_client_summary.txt
=== resumen por cliente ===
[*] Perfil poisson_jitter: llegadas no sincronizadas con Poisson+jitter
[*] pqc_client <= plan: 1:0.000000 7:0.000000 13:0.000000 19:0.000000 25:0.000000 31:0.000000 37:0.000000 43:0.000000 49:0.000000
[*] pqc_client_2 <= plan: 2:0.000000 8:0.000000 14:0.000000 20:0.000000 26:0.000000 32:0.000000 38:0.000000 44:0.000000 50:0.000000
[*] pqc_client_3 <= plan: 3:0.000000 9:0.000000 15:0.000000 21:0.000000 27:0.000000 33:0.000000 39:0.000000 45:0.000000
[*] pqc_client_4 <= plan: 4:0.000000 10:0.000000 16:0.000000 22:0.000000 28:0.000000 34:0.000000 40:0.000000 46:0.000000
[*] pqc_client_5 <= plan: 5:0.000000 11:0.000000 17:0.000000 23:0.000000 29:0.000000 35:0.000000 41:0.000000 47:0.000000
[*] pqc_client_6 <= plan: 6:0.000000 12:0.000000 18:0.000000 24:0.000000 30:0.000000 36:0.000000 42:0.000000 48:0.000000
client=pqc_client total=9 ok=9 err=0
client=pqc_client_2 total=9 ok=9 err=0
client=pqc_client_3 total=8 ok=8 err=0
client=pqc_client_4 total=8 ok=8 err=0
client=pqc_client_5 total=8 ok=8 err=0
client=pqc_client_6 total=8 ok=8 err=0
[*] Resumen guardado en: results/hybrid_p2_aggressive_c50_002_resource_summary.txt
RUN_ID: hybrid_p2_aggressive_c50_002
CSV: results/hybrid_p2_aggressive_c50_002_docker_stats.csv

=== Resumen CPU% y MEM% (avg / max) por contenedor ===
pqc_client_2 -> CPU avg=1.89%, CPU max=5.67%, MEM avg=0.06%, MEM max=0.06%
pqc_client_3 -> CPU avg=1.05%, CPU max=3.14%, MEM avg=0.10%, MEM max=0.16%
pqc_monitor -> CPU avg=0.10%, CPU max=0.13%, MEM avg=0.11%, MEM max=0.11%
pqc_client_4 -> CPU avg=0.00%, CPU max=0.00%, MEM avg=0.12%, MEM max=0.24%
pqc_client_5 -> CPU avg=0.00%, CPU max=0.00%, MEM avg=0.12%, MEM max=0.25%
pqc_server -> CPU avg=1.46%, CPU max=4.38%, MEM avg=0.11%, MEM max=0.11%
pqc_client_6 -> CPU avg=0.00%, CPU max=0.00%, MEM avg=0.17%, MEM max=0.30%
pqc_client -> CPU avg=1.85%, CPU max=5.54%, MEM avg=0.09%, MEM max=0.09%
[2026-05-16 19:19:05] [*] Parando captura en pqc_monitor para hybrid_p2_aggressive_c50_002
[*] Métricas TXT guardadas en results/hybrid_p2_aggressive_c50_002_metrics.txt
[*] Métricas CSV guardadas en results/hybrid_p2_aggressive_c50_002_metrics.csv
[2026-05-16 19:19:30] === RUN END: hybrid_p2_aggressive_c50_002 ===

[2026-05-16 19:19:30] === RUN START: hybrid_p2_aggressive_c50_003 ===
[2026-05-16 19:19:30] [*] Arrancando captura en pqc_monitor (eth0) para hybrid_p2_aggressive_c50_003
[*] Guardando muestras en: results/hybrid_p2_aggressive_c50_003_docker_stats.csv
[*] Ejecutando comando medido: bash -lc ./scripts/run_client_once_rafaga_hibrido.sh hybrid_p2_aggressive_c50_003 50; sleep 3
[*] Ráfaga híbrida completada: 50 conexiones en 6 clientes (poisson_jitter)
=== host results ===
-rw-rw-r-- 1 cristian cristian   11250 may 16 19:19 hybrid_p2_aggressive_c50_003_client_err.txt
-rw-rw-r-- 1 cristian cristian    1049 may 16 19:19 hybrid_p2_aggressive_c50_003_client.txt
-rw-rw-r-- 1 cristian cristian     851 may 16 19:19 hybrid_p2_aggressive_c50_003_docker_stats.csv
-rw-r--r-- 1 root     root        2025 may 16 19:19 hybrid_p2_aggressive_c50_003_pqc_client_2_client_err.txt
-rw-r--r-- 1 root     root       23283 may 16 19:19 hybrid_p2_aggressive_c50_003_pqc_client_2_client.txt
-rw-r--r-- 1 root     root          39 may 16 19:19 hybrid_p2_aggressive_c50_003_pqc_client_2_summary.txt
-rw-r--r-- 1 root     root        1800 may 16 19:19 hybrid_p2_aggressive_c50_003_pqc_client_3_client_err.txt
-rw-r--r-- 1 root     root       20696 may 16 19:19 hybrid_p2_aggressive_c50_003_pqc_client_3_client.txt
-rw-r--r-- 1 root     root          39 may 16 19:19 hybrid_p2_aggressive_c50_003_pqc_client_3_summary.txt
-rw-r--r-- 1 root     root        1800 may 16 19:19 hybrid_p2_aggressive_c50_003_pqc_client_4_client_err.txt
-rw-r--r-- 1 root     root       20696 may 16 19:19 hybrid_p2_aggressive_c50_003_pqc_client_4_client.txt
-rw-r--r-- 1 root     root          39 may 16 19:19 hybrid_p2_aggressive_c50_003_pqc_client_4_summary.txt
-rw-r--r-- 1 root     root        1800 may 16 19:19 hybrid_p2_aggressive_c50_003_pqc_client_5_client_err.txt
-rw-r--r-- 1 root     root       20696 may 16 19:19 hybrid_p2_aggressive_c50_003_pqc_client_5_client.txt
-rw-r--r-- 1 root     root          39 may 16 19:19 hybrid_p2_aggressive_c50_003_pqc_client_5_summary.txt
-rw-r--r-- 1 root     root        1800 may 16 19:19 hybrid_p2_aggressive_c50_003_pqc_client_6_client_err.txt
-rw-r--r-- 1 root     root       20696 may 16 19:19 hybrid_p2_aggressive_c50_003_pqc_client_6_client.txt
-rw-r--r-- 1 root     root          39 may 16 19:19 hybrid_p2_aggressive_c50_003_pqc_client_6_summary.txt
-rw-r--r-- 1 root     root        2025 may 16 19:19 hybrid_p2_aggressive_c50_003_pqc_client_client_err.txt
-rw-r--r-- 1 root     root       23283 may 16 19:19 hybrid_p2_aggressive_c50_003_pqc_client_client.txt
-rw-r--r-- 1 root     root          37 may 16 19:19 hybrid_p2_aggressive_c50_003_pqc_client_summary.txt
=== resumen por cliente ===
[*] Perfil poisson_jitter: llegadas no sincronizadas con Poisson+jitter
[*] pqc_client <= plan: 1:0.000836 7:0.000836 13:0.000836 19:0.000836 25:0.000836 31:0.000836 37:0.000836 43:0.000836 49:0.000836
[*] pqc_client_2 <= plan: 2:0.000836 8:0.000836 14:0.000836 20:0.000836 26:0.000836 32:0.000836 38:0.000836 44:0.000836 50:0.000836
[*] pqc_client_3 <= plan: 3:0.000836 9:0.000836 15:0.000836 21:0.000836 27:0.000836 33:0.000836 39:0.000836 45:0.000836
[*] pqc_client_4 <= plan: 4:0.000836 10:0.000836 16:0.000836 22:0.000836 28:0.000836 34:0.000836 40:0.000836 46:0.000836
[*] pqc_client_5 <= plan: 5:0.000836 11:0.000836 17:0.000836 23:0.000836 29:0.000836 35:0.000836 41:0.000836 47:0.000836
[*] pqc_client_6 <= plan: 6:0.000836 12:0.000836 18:0.000836 24:0.000836 30:0.000836 36:0.000836 42:0.000836 48:0.000836
client=pqc_client total=9 ok=9 err=0
client=pqc_client_2 total=9 ok=9 err=0
client=pqc_client_3 total=8 ok=8 err=0
client=pqc_client_4 total=8 ok=8 err=0
client=pqc_client_5 total=8 ok=8 err=0
client=pqc_client_6 total=8 ok=8 err=0
[*] Resumen guardado en: results/hybrid_p2_aggressive_c50_003_resource_summary.txt
RUN_ID: hybrid_p2_aggressive_c50_003
CSV: results/hybrid_p2_aggressive_c50_003_docker_stats.csv

=== Resumen CPU% y MEM% (avg / max) por contenedor ===
pqc_client_2 -> CPU avg=2.34%, CPU max=7.02%, MEM avg=0.06%, MEM max=0.06%
pqc_client_3 -> CPU avg=0.58%, CPU max=1.75%, MEM avg=0.11%, MEM max=0.19%
pqc_monitor -> CPU avg=0.15%, CPU max=0.29%, MEM avg=0.11%, MEM max=0.11%
pqc_client_4 -> CPU avg=8.62%, CPU max=24.10%, MEM avg=0.12%, MEM max=0.24%
pqc_client_5 -> CPU avg=0.38%, CPU max=1.13%, MEM avg=0.11%, MEM max=0.20%
pqc_server -> CPU avg=1.45%, CPU max=4.36%, MEM avg=0.11%, MEM max=0.11%
pqc_client_6 -> CPU avg=0.00%, CPU max=0.00%, MEM avg=0.17%, MEM max=0.30%
pqc_client -> CPU avg=1.44%, CPU max=4.32%, MEM avg=0.09%, MEM max=0.09%
[2026-05-16 19:19:43] [*] Parando captura en pqc_monitor para hybrid_p2_aggressive_c50_003
[*] Métricas TXT guardadas en results/hybrid_p2_aggressive_c50_003_metrics.txt
[*] Métricas CSV guardadas en results/hybrid_p2_aggressive_c50_003_metrics.csv
[2026-05-16 19:20:08] === RUN END: hybrid_p2_aggressive_c50_003 ===

[2026-05-16 19:20:08] === RUN START: hybrid_p2_aggressive_c50_004 ===
[2026-05-16 19:20:08] [*] Arrancando captura en pqc_monitor (eth0) para hybrid_p2_aggressive_c50_004
[*] Guardando muestras en: results/hybrid_p2_aggressive_c50_004_docker_stats.csv
[*] Ejecutando comando medido: bash -lc ./scripts/run_client_once_rafaga_hibrido.sh hybrid_p2_aggressive_c50_004 50; sleep 3
[*] Ráfaga híbrida completada: 50 conexiones en 6 clientes (poisson_jitter)
=== host results ===
-rw-rw-r-- 1 cristian cristian   11250 may 16 19:20 hybrid_p2_aggressive_c50_004_client_err.txt
-rw-rw-r-- 1 cristian cristian    1049 may 16 19:20 hybrid_p2_aggressive_c50_004_client.txt
-rw-rw-r-- 1 cristian cristian     846 may 16 19:20 hybrid_p2_aggressive_c50_004_docker_stats.csv
-rw-r--r-- 1 root     root        2025 may 16 19:20 hybrid_p2_aggressive_c50_004_pqc_client_2_client_err.txt
-rw-r--r-- 1 root     root       23283 may 16 19:20 hybrid_p2_aggressive_c50_004_pqc_client_2_client.txt
-rw-r--r-- 1 root     root          39 may 16 19:20 hybrid_p2_aggressive_c50_004_pqc_client_2_summary.txt
-rw-r--r-- 1 root     root        1800 may 16 19:20 hybrid_p2_aggressive_c50_004_pqc_client_3_client_err.txt
-rw-r--r-- 1 root     root       20696 may 16 19:20 hybrid_p2_aggressive_c50_004_pqc_client_3_client.txt
-rw-r--r-- 1 root     root          39 may 16 19:20 hybrid_p2_aggressive_c50_004_pqc_client_3_summary.txt
-rw-r--r-- 1 root     root        1800 may 16 19:20 hybrid_p2_aggressive_c50_004_pqc_client_4_client_err.txt
-rw-r--r-- 1 root     root       20696 may 16 19:20 hybrid_p2_aggressive_c50_004_pqc_client_4_client.txt
-rw-r--r-- 1 root     root          39 may 16 19:20 hybrid_p2_aggressive_c50_004_pqc_client_4_summary.txt
-rw-r--r-- 1 root     root        1800 may 16 19:20 hybrid_p2_aggressive_c50_004_pqc_client_5_client_err.txt
-rw-r--r-- 1 root     root       20696 may 16 19:20 hybrid_p2_aggressive_c50_004_pqc_client_5_client.txt
-rw-r--r-- 1 root     root          39 may 16 19:20 hybrid_p2_aggressive_c50_004_pqc_client_5_summary.txt
-rw-r--r-- 1 root     root        1800 may 16 19:20 hybrid_p2_aggressive_c50_004_pqc_client_6_client_err.txt
-rw-r--r-- 1 root     root       20696 may 16 19:20 hybrid_p2_aggressive_c50_004_pqc_client_6_client.txt
-rw-r--r-- 1 root     root          39 may 16 19:20 hybrid_p2_aggressive_c50_004_pqc_client_6_summary.txt
-rw-r--r-- 1 root     root        2025 may 16 19:20 hybrid_p2_aggressive_c50_004_pqc_client_client_err.txt
-rw-r--r-- 1 root     root       23283 may 16 19:20 hybrid_p2_aggressive_c50_004_pqc_client_client.txt
-rw-r--r-- 1 root     root          37 may 16 19:20 hybrid_p2_aggressive_c50_004_pqc_client_summary.txt
=== resumen por cliente ===
[*] Perfil poisson_jitter: llegadas no sincronizadas con Poisson+jitter
[*] pqc_client <= plan: 1:0.014284 7:0.014284 13:0.014284 19:0.014284 25:0.014284 31:0.014284 37:0.014284 43:0.014284 49:0.014284
[*] pqc_client_2 <= plan: 2:0.014284 8:0.014284 14:0.014284 20:0.014284 26:0.014284 32:0.014284 38:0.014284 44:0.014284 50:0.014284
[*] pqc_client_3 <= plan: 3:0.014284 9:0.014284 15:0.014284 21:0.014284 27:0.014284 33:0.014284 39:0.014284 45:0.014284
[*] pqc_client_4 <= plan: 4:0.014284 10:0.014284 16:0.014284 22:0.014284 28:0.014284 34:0.014284 40:0.014284 46:0.014284
[*] pqc_client_5 <= plan: 5:0.014284 11:0.014284 17:0.014284 23:0.014284 29:0.014284 35:0.014284 41:0.014284 47:0.014284
[*] pqc_client_6 <= plan: 6:0.014284 12:0.014284 18:0.014284 24:0.014284 30:0.014284 36:0.014284 42:0.014284 48:0.014284
client=pqc_client total=9 ok=9 err=0
client=pqc_client_2 total=9 ok=9 err=0
client=pqc_client_3 total=8 ok=8 err=0
client=pqc_client_4 total=8 ok=8 err=0
client=pqc_client_5 total=8 ok=8 err=0
client=pqc_client_6 total=8 ok=8 err=0
[*] Resumen guardado en: results/hybrid_p2_aggressive_c50_004_resource_summary.txt
RUN_ID: hybrid_p2_aggressive_c50_004
CSV: results/hybrid_p2_aggressive_c50_004_docker_stats.csv

=== Resumen CPU% y MEM% (avg / max) por contenedor ===
pqc_client_2 -> CPU avg=1.03%, CPU max=3.08%, MEM avg=0.07%, MEM max=0.09%
pqc_client_3 -> CPU avg=1.20%, CPU max=3.60%, MEM avg=0.09%, MEM max=0.14%
pqc_monitor -> CPU avg=0.07%, CPU max=0.08%, MEM avg=0.11%, MEM max=0.11%
pqc_client_4 -> CPU avg=0.00%, CPU max=0.00%, MEM avg=0.12%, MEM max=0.25%
pqc_client_5 -> CPU avg=0.00%, CPU max=0.00%, MEM avg=0.12%, MEM max=0.25%
pqc_server -> CPU avg=1.41%, CPU max=4.22%, MEM avg=0.11%, MEM max=0.11%
pqc_client_6 -> CPU avg=0.00%, CPU max=0.00%, MEM avg=0.17%, MEM max=0.30%
pqc_client -> CPU avg=1.65%, CPU max=4.94%, MEM avg=0.09%, MEM max=0.09%
[2026-05-16 19:20:22] [*] Parando captura en pqc_monitor para hybrid_p2_aggressive_c50_004
[*] Métricas TXT guardadas en results/hybrid_p2_aggressive_c50_004_metrics.txt
[*] Métricas CSV guardadas en results/hybrid_p2_aggressive_c50_004_metrics.csv
[2026-05-16 19:20:47] === RUN END: hybrid_p2_aggressive_c50_004 ===

[2026-05-16 19:20:47] === RUN START: hybrid_p2_aggressive_c50_005 ===
[2026-05-16 19:20:47] [*] Arrancando captura en pqc_monitor (eth0) para hybrid_p2_aggressive_c50_005
[*] Guardando muestras en: results/hybrid_p2_aggressive_c50_005_docker_stats.csv
[*] Ejecutando comando medido: bash -lc ./scripts/run_client_once_rafaga_hibrido.sh hybrid_p2_aggressive_c50_005 50; sleep 3
[*] Ráfaga híbrida completada: 50 conexiones en 6 clientes (poisson_jitter)
=== host results ===
-rw-rw-r-- 1 cristian cristian   11250 may 16 19:20 hybrid_p2_aggressive_c50_005_client_err.txt
-rw-rw-r-- 1 cristian cristian    1049 may 16 19:20 hybrid_p2_aggressive_c50_005_client.txt
-rw-rw-r-- 1 cristian cristian     848 may 16 19:20 hybrid_p2_aggressive_c50_005_docker_stats.csv
-rw-r--r-- 1 root     root        2025 may 16 19:20 hybrid_p2_aggressive_c50_005_pqc_client_2_client_err.txt
-rw-r--r-- 1 root     root       23283 may 16 19:20 hybrid_p2_aggressive_c50_005_pqc_client_2_client.txt
-rw-r--r-- 1 root     root          39 may 16 19:20 hybrid_p2_aggressive_c50_005_pqc_client_2_summary.txt
-rw-r--r-- 1 root     root        1800 may 16 19:20 hybrid_p2_aggressive_c50_005_pqc_client_3_client_err.txt
-rw-r--r-- 1 root     root       20696 may 16 19:20 hybrid_p2_aggressive_c50_005_pqc_client_3_client.txt
-rw-r--r-- 1 root     root          39 may 16 19:20 hybrid_p2_aggressive_c50_005_pqc_client_3_summary.txt
-rw-r--r-- 1 root     root        1800 may 16 19:20 hybrid_p2_aggressive_c50_005_pqc_client_4_client_err.txt
-rw-r--r-- 1 root     root       20696 may 16 19:20 hybrid_p2_aggressive_c50_005_pqc_client_4_client.txt
-rw-r--r-- 1 root     root          39 may 16 19:20 hybrid_p2_aggressive_c50_005_pqc_client_4_summary.txt
-rw-r--r-- 1 root     root        1800 may 16 19:20 hybrid_p2_aggressive_c50_005_pqc_client_5_client_err.txt
-rw-r--r-- 1 root     root       20696 may 16 19:20 hybrid_p2_aggressive_c50_005_pqc_client_5_client.txt
-rw-r--r-- 1 root     root          39 may 16 19:20 hybrid_p2_aggressive_c50_005_pqc_client_5_summary.txt
-rw-r--r-- 1 root     root        1800 may 16 19:20 hybrid_p2_aggressive_c50_005_pqc_client_6_client_err.txt
-rw-r--r-- 1 root     root       20696 may 16 19:20 hybrid_p2_aggressive_c50_005_pqc_client_6_client.txt
-rw-r--r-- 1 root     root          39 may 16 19:20 hybrid_p2_aggressive_c50_005_pqc_client_6_summary.txt
-rw-r--r-- 1 root     root        2025 may 16 19:20 hybrid_p2_aggressive_c50_005_pqc_client_client_err.txt
-rw-r--r-- 1 root     root       23283 may 16 19:20 hybrid_p2_aggressive_c50_005_pqc_client_client.txt
-rw-r--r-- 1 root     root          37 may 16 19:20 hybrid_p2_aggressive_c50_005_pqc_client_summary.txt
=== resumen por cliente ===
[*] Perfil poisson_jitter: llegadas no sincronizadas con Poisson+jitter
[*] pqc_client <= plan: 1:0.001915 7:0.001915 13:0.001915 19:0.001915 25:0.001915 31:0.001915 37:0.001915 43:0.001915 49:0.001915
[*] pqc_client_2 <= plan: 2:0.001915 8:0.001915 14:0.001915 20:0.001915 26:0.001915 32:0.001915 38:0.001915 44:0.001915 50:0.001915
[*] pqc_client_3 <= plan: 3:0.001915 9:0.001915 15:0.001915 21:0.001915 27:0.001915 33:0.001915 39:0.001915 45:0.001915
[*] pqc_client_4 <= plan: 4:0.001915 10:0.001915 16:0.001915 22:0.001915 28:0.001915 34:0.001915 40:0.001915 46:0.001915
[*] pqc_client_5 <= plan: 5:0.001915 11:0.001915 17:0.001915 23:0.001915 29:0.001915 35:0.001915 41:0.001915 47:0.001915
[*] pqc_client_6 <= plan: 6:0.001915 12:0.001915 18:0.001915 24:0.001915 30:0.001915 36:0.001915 42:0.001915 48:0.001915
client=pqc_client total=9 ok=9 err=0
client=pqc_client_2 total=9 ok=9 err=0
client=pqc_client_3 total=8 ok=8 err=0
client=pqc_client_4 total=8 ok=8 err=0
client=pqc_client_5 total=8 ok=8 err=0
client=pqc_client_6 total=8 ok=8 err=0
[*] Resumen guardado en: results/hybrid_p2_aggressive_c50_005_resource_summary.txt
RUN_ID: hybrid_p2_aggressive_c50_005
CSV: results/hybrid_p2_aggressive_c50_005_docker_stats.csv

=== Resumen CPU% y MEM% (avg / max) por contenedor ===
pqc_client_2 -> CPU avg=0.99%, CPU max=3.96%, MEM avg=0.10%, MEM max=0.23%
pqc_client_3 -> CPU avg=0.96%, CPU max=3.86%, MEM avg=0.11%, MEM max=0.23%
pqc_monitor -> CPU avg=0.16%, CPU max=0.28%, MEM avg=0.11%, MEM max=0.11%
pqc_client_4 -> CPU avg=0.00%, CPU max=0.00%, MEM avg=0.11%, MEM max=0.25%
pqc_client_5 -> CPU avg=0.00%, CPU max=0.00%, MEM avg=0.11%, MEM max=0.25%
pqc_server -> CPU avg=1.64%, CPU max=6.57%, MEM avg=0.11%, MEM max=0.11%
pqc_client_6 -> CPU avg=0.07%, CPU max=0.29%, MEM avg=0.16%, MEM max=0.30%
pqc_client -> CPU avg=2.02%, CPU max=8.08%, MEM avg=0.09%, MEM max=0.09%
[2026-05-16 19:21:03] [*] Parando captura en pqc_monitor para hybrid_p2_aggressive_c50_005
[*] Métricas TXT guardadas en results/hybrid_p2_aggressive_c50_005_metrics.txt
[*] Métricas CSV guardadas en results/hybrid_p2_aggressive_c50_005_metrics.csv
[2026-05-16 19:21:29] === RUN END: hybrid_p2_aggressive_c50_005 ===

[2026-05-16 19:21:29] === RUN START: hybrid_p2_soft_c50_001 ===
[2026-05-16 19:21:29] [*] Arrancando captura en pqc_monitor (eth0) para hybrid_p2_soft_c50_001
[*] Guardando muestras en: results/hybrid_p2_soft_c50_001_docker_stats.csv
[*] Ejecutando comando medido: bash -lc ./scripts/run_client_once_rafaga_hibrido.sh hybrid_p2_soft_c50_001 50; sleep 3
[*] Ráfaga híbrida completada: 50 conexiones en 6 clientes (poisson_jitter)
=== host results ===
-rw-rw-r-- 1 cristian cristian   11250 may 16 19:21 hybrid_p2_soft_c50_001_client_err.txt
-rw-rw-r-- 1 cristian cristian    1049 may 16 19:21 hybrid_p2_soft_c50_001_client.txt
-rw-rw-r-- 1 cristian cristian     851 may 16 19:21 hybrid_p2_soft_c50_001_docker_stats.csv
-rw-r--r-- 1 root     root        2025 may 16 19:21 hybrid_p2_soft_c50_001_pqc_client_2_client_err.txt
-rw-r--r-- 1 root     root       23283 may 16 19:21 hybrid_p2_soft_c50_001_pqc_client_2_client.txt
-rw-r--r-- 1 root     root          39 may 16 19:21 hybrid_p2_soft_c50_001_pqc_client_2_summary.txt
-rw-r--r-- 1 root     root        1800 may 16 19:21 hybrid_p2_soft_c50_001_pqc_client_3_client_err.txt
-rw-r--r-- 1 root     root       20696 may 16 19:21 hybrid_p2_soft_c50_001_pqc_client_3_client.txt
-rw-r--r-- 1 root     root          39 may 16 19:21 hybrid_p2_soft_c50_001_pqc_client_3_summary.txt
-rw-r--r-- 1 root     root        1800 may 16 19:21 hybrid_p2_soft_c50_001_pqc_client_4_client_err.txt
-rw-r--r-- 1 root     root       20696 may 16 19:21 hybrid_p2_soft_c50_001_pqc_client_4_client.txt
-rw-r--r-- 1 root     root          39 may 16 19:21 hybrid_p2_soft_c50_001_pqc_client_4_summary.txt
-rw-r--r-- 1 root     root        1800 may 16 19:21 hybrid_p2_soft_c50_001_pqc_client_5_client_err.txt
-rw-r--r-- 1 root     root       20696 may 16 19:21 hybrid_p2_soft_c50_001_pqc_client_5_client.txt
-rw-r--r-- 1 root     root          39 may 16 19:21 hybrid_p2_soft_c50_001_pqc_client_5_summary.txt
-rw-r--r-- 1 root     root        1800 may 16 19:21 hybrid_p2_soft_c50_001_pqc_client_6_client_err.txt
-rw-r--r-- 1 root     root       20696 may 16 19:21 hybrid_p2_soft_c50_001_pqc_client_6_client.txt
-rw-r--r-- 1 root     root          39 may 16 19:21 hybrid_p2_soft_c50_001_pqc_client_6_summary.txt
-rw-r--r-- 1 root     root        2025 may 16 19:21 hybrid_p2_soft_c50_001_pqc_client_client_err.txt
-rw-r--r-- 1 root     root       23283 may 16 19:21 hybrid_p2_soft_c50_001_pqc_client_client.txt
-rw-r--r-- 1 root     root          37 may 16 19:21 hybrid_p2_soft_c50_001_pqc_client_summary.txt
=== resumen por cliente ===
[*] Perfil poisson_jitter: llegadas no sincronizadas con Poisson+jitter
[*] pqc_client <= plan: 1:0.000000 7:0.000000 13:0.167162 19:0.167162 25:0.167162 31:0.167162 37:0.167162 43:0.167162 49:0.167162
[*] pqc_client_2 <= plan: 2:0.000000 8:0.000000 14:0.167162 20:0.167162 26:0.167162 32:0.167162 38:0.167162 44:0.167162 50:0.167162
[*] pqc_client_3 <= plan: 3:0.000000 9:0.000000 15:0.167162 21:0.167162 27:0.167162 33:0.167162 39:0.167162 45:0.167162
[*] pqc_client_4 <= plan: 4:0.000000 10:0.000000 16:0.167162 22:0.167162 28:0.167162 34:0.167162 40:0.167162 46:0.167162
[*] pqc_client_5 <= plan: 5:0.000000 11:0.000000 17:0.167162 23:0.167162 29:0.167162 35:0.167162 41:0.167162 47:0.167162
[*] pqc_client_6 <= plan: 6:0.000000 12:0.000000 18:0.167162 24:0.167162 30:0.167162 36:0.167162 42:0.167162 48:0.167162
client=pqc_client total=9 ok=9 err=0
client=pqc_client_2 total=9 ok=9 err=0
client=pqc_client_3 total=8 ok=8 err=0
client=pqc_client_4 total=8 ok=8 err=0
client=pqc_client_5 total=8 ok=8 err=0
client=pqc_client_6 total=8 ok=8 err=0
[*] Resumen guardado en: results/hybrid_p2_soft_c50_001_resource_summary.txt
RUN_ID: hybrid_p2_soft_c50_001
CSV: results/hybrid_p2_soft_c50_001_docker_stats.csv

=== Resumen CPU% y MEM% (avg / max) por contenedor ===
pqc_client_2 -> CPU avg=1.08%, CPU max=3.25%, MEM avg=0.08%, MEM max=0.12%
pqc_client_3 -> CPU avg=0.33%, CPU max=0.99%, MEM avg=0.12%, MEM max=0.21%
pqc_monitor -> CPU avg=0.07%, CPU max=0.11%, MEM avg=0.11%, MEM max=0.11%
pqc_client_4 -> CPU avg=0.40%, CPU max=1.21%, MEM avg=0.11%, MEM max=0.20%
pqc_client_5 -> CPU avg=0.48%, CPU max=1.43%, MEM avg=0.12%, MEM max=0.23%
pqc_server -> CPU avg=1.44%, CPU max=4.31%, MEM avg=0.11%, MEM max=0.11%
pqc_client_6 -> CPU avg=0.35%, CPU max=1.06%, MEM avg=0.17%, MEM max=0.30%
pqc_client -> CPU avg=1.91%, CPU max=5.72%, MEM avg=0.09%, MEM max=0.09%
[2026-05-16 19:21:41] [*] Parando captura en pqc_monitor para hybrid_p2_soft_c50_001
[*] Métricas TXT guardadas en results/hybrid_p2_soft_c50_001_metrics.txt
[*] Métricas CSV guardadas en results/hybrid_p2_soft_c50_001_metrics.csv
[2026-05-16 19:22:07] === RUN END: hybrid_p2_soft_c50_001 ===

[2026-05-16 19:22:07] === RUN START: hybrid_p2_soft_c50_002 ===
[2026-05-16 19:22:07] [*] Arrancando captura en pqc_monitor (eth0) para hybrid_p2_soft_c50_002
[*] Guardando muestras en: results/hybrid_p2_soft_c50_002_docker_stats.csv
[*] Ejecutando comando medido: bash -lc ./scripts/run_client_once_rafaga_hibrido.sh hybrid_p2_soft_c50_002 50; sleep 3
[*] Ráfaga híbrida completada: 50 conexiones en 6 clientes (poisson_jitter)
=== host results ===
-rw-rw-r-- 1 cristian cristian   11250 may 16 19:22 hybrid_p2_soft_c50_002_client_err.txt
-rw-rw-r-- 1 cristian cristian    1049 may 16 19:22 hybrid_p2_soft_c50_002_client.txt
-rw-rw-r-- 1 cristian cristian     849 may 16 19:22 hybrid_p2_soft_c50_002_docker_stats.csv
-rw-r--r-- 1 root     root        2025 may 16 19:22 hybrid_p2_soft_c50_002_pqc_client_2_client_err.txt
-rw-r--r-- 1 root     root       23283 may 16 19:22 hybrid_p2_soft_c50_002_pqc_client_2_client.txt
-rw-r--r-- 1 root     root          39 may 16 19:22 hybrid_p2_soft_c50_002_pqc_client_2_summary.txt
-rw-r--r-- 1 root     root        1800 may 16 19:22 hybrid_p2_soft_c50_002_pqc_client_3_client_err.txt
-rw-r--r-- 1 root     root       20696 may 16 19:22 hybrid_p2_soft_c50_002_pqc_client_3_client.txt
-rw-r--r-- 1 root     root          39 may 16 19:22 hybrid_p2_soft_c50_002_pqc_client_3_summary.txt
-rw-r--r-- 1 root     root        1800 may 16 19:22 hybrid_p2_soft_c50_002_pqc_client_4_client_err.txt
-rw-r--r-- 1 root     root       20696 may 16 19:22 hybrid_p2_soft_c50_002_pqc_client_4_client.txt
-rw-r--r-- 1 root     root          39 may 16 19:22 hybrid_p2_soft_c50_002_pqc_client_4_summary.txt
-rw-r--r-- 1 root     root        1800 may 16 19:22 hybrid_p2_soft_c50_002_pqc_client_5_client_err.txt
-rw-r--r-- 1 root     root       20696 may 16 19:22 hybrid_p2_soft_c50_002_pqc_client_5_client.txt
-rw-r--r-- 1 root     root          39 may 16 19:22 hybrid_p2_soft_c50_002_pqc_client_5_summary.txt
-rw-r--r-- 1 root     root        1800 may 16 19:22 hybrid_p2_soft_c50_002_pqc_client_6_client_err.txt
-rw-r--r-- 1 root     root       20696 may 16 19:22 hybrid_p2_soft_c50_002_pqc_client_6_client.txt
-rw-r--r-- 1 root     root          39 may 16 19:22 hybrid_p2_soft_c50_002_pqc_client_6_summary.txt
-rw-r--r-- 1 root     root        2025 may 16 19:22 hybrid_p2_soft_c50_002_pqc_client_client_err.txt
-rw-r--r-- 1 root     root       23283 may 16 19:22 hybrid_p2_soft_c50_002_pqc_client_client.txt
-rw-r--r-- 1 root     root          37 may 16 19:22 hybrid_p2_soft_c50_002_pqc_client_summary.txt
=== resumen por cliente ===
[*] Perfil poisson_jitter: llegadas no sincronizadas con Poisson+jitter
[*] pqc_client <= plan: 1:0.079548 7:0.079548 13:0.079548 19:0.079548 25:0.279631 31:0.279631 37:0.279631 43:0.279631 49:0.279631
[*] pqc_client_2 <= plan: 2:0.079548 8:0.079548 14:0.079548 20:0.079548 26:0.279631 32:0.279631 38:0.279631 44:0.279631 50:0.279631
[*] pqc_client_3 <= plan: 3:0.079548 9:0.079548 15:0.079548 21:0.079548 27:0.279631 33:0.279631 39:0.279631 45:0.279631
[*] pqc_client_4 <= plan: 4:0.079548 10:0.079548 16:0.079548 22:0.079548 28:0.279631 34:0.279631 40:0.279631 46:0.279631
[*] pqc_client_5 <= plan: 5:0.079548 11:0.079548 17:0.079548 23:0.079548 29:0.279631 35:0.279631 41:0.279631 47:0.279631
[*] pqc_client_6 <= plan: 6:0.079548 12:0.079548 18:0.079548 24:0.079548 30:0.279631 36:0.279631 42:0.279631 48:0.279631
client=pqc_client total=9 ok=9 err=0
client=pqc_client_2 total=9 ok=9 err=0
client=pqc_client_3 total=8 ok=8 err=0
client=pqc_client_4 total=8 ok=8 err=0
client=pqc_client_5 total=8 ok=8 err=0
client=pqc_client_6 total=8 ok=8 err=0
[*] Resumen guardado en: results/hybrid_p2_soft_c50_002_resource_summary.txt
RUN_ID: hybrid_p2_soft_c50_002
CSV: results/hybrid_p2_soft_c50_002_docker_stats.csv

=== Resumen CPU% y MEM% (avg / max) por contenedor ===
pqc_client_2 -> CPU avg=0.71%, CPU max=2.14%, MEM avg=0.11%, MEM max=0.19%
pqc_client_3 -> CPU avg=0.92%, CPU max=2.76%, MEM avg=0.10%, MEM max=0.16%
pqc_monitor -> CPU avg=0.09%, CPU max=0.10%, MEM avg=0.11%, MEM max=0.11%
pqc_client_4 -> CPU avg=1.09%, CPU max=3.27%, MEM avg=0.09%, MEM max=0.16%
pqc_client_5 -> CPU avg=2.48%, CPU max=7.44%, MEM avg=0.12%, MEM max=0.23%
pqc_server -> CPU avg=1.39%, CPU max=4.16%, MEM avg=0.11%, MEM max=0.11%
pqc_client_6 -> CPU avg=2.30%, CPU max=6.91%, MEM avg=0.17%, MEM max=0.30%
pqc_client -> CPU avg=1.54%, CPU max=4.61%, MEM avg=0.09%, MEM max=0.09%
[2026-05-16 19:22:19] [*] Parando captura en pqc_monitor para hybrid_p2_soft_c50_002
[*] Métricas TXT guardadas en results/hybrid_p2_soft_c50_002_metrics.txt
[*] Métricas CSV guardadas en results/hybrid_p2_soft_c50_002_metrics.csv
[2026-05-16 19:22:45] === RUN END: hybrid_p2_soft_c50_002 ===

[2026-05-16 19:22:45] === RUN START: hybrid_p2_soft_c50_003 ===
[2026-05-16 19:22:45] [*] Arrancando captura en pqc_monitor (eth0) para hybrid_p2_soft_c50_003
[*] Guardando muestras en: results/hybrid_p2_soft_c50_003_docker_stats.csv
[*] Ejecutando comando medido: bash -lc ./scripts/run_client_once_rafaga_hibrido.sh hybrid_p2_soft_c50_003 50; sleep 3
[*] Ráfaga híbrida completada: 50 conexiones en 6 clientes (poisson_jitter)
=== host results ===
-rw-rw-r-- 1 cristian cristian   11250 may 16 19:22 hybrid_p2_soft_c50_003_client_err.txt
-rw-rw-r-- 1 cristian cristian    1049 may 16 19:22 hybrid_p2_soft_c50_003_client.txt
-rw-rw-r-- 1 cristian cristian     859 may 16 19:22 hybrid_p2_soft_c50_003_docker_stats.csv
-rw-r--r-- 1 root     root        2025 may 16 19:22 hybrid_p2_soft_c50_003_pqc_client_2_client_err.txt
-rw-r--r-- 1 root     root       23283 may 16 19:22 hybrid_p2_soft_c50_003_pqc_client_2_client.txt
-rw-r--r-- 1 root     root          39 may 16 19:22 hybrid_p2_soft_c50_003_pqc_client_2_summary.txt
-rw-r--r-- 1 root     root        1800 may 16 19:22 hybrid_p2_soft_c50_003_pqc_client_3_client_err.txt
-rw-r--r-- 1 root     root       20696 may 16 19:22 hybrid_p2_soft_c50_003_pqc_client_3_client.txt
-rw-r--r-- 1 root     root          39 may 16 19:22 hybrid_p2_soft_c50_003_pqc_client_3_summary.txt
-rw-r--r-- 1 root     root        1800 may 16 19:22 hybrid_p2_soft_c50_003_pqc_client_4_client_err.txt
-rw-r--r-- 1 root     root       20696 may 16 19:22 hybrid_p2_soft_c50_003_pqc_client_4_client.txt
-rw-r--r-- 1 root     root          39 may 16 19:22 hybrid_p2_soft_c50_003_pqc_client_4_summary.txt
-rw-r--r-- 1 root     root        1800 may 16 19:22 hybrid_p2_soft_c50_003_pqc_client_5_client_err.txt
-rw-r--r-- 1 root     root       20696 may 16 19:22 hybrid_p2_soft_c50_003_pqc_client_5_client.txt
-rw-r--r-- 1 root     root          39 may 16 19:22 hybrid_p2_soft_c50_003_pqc_client_5_summary.txt
-rw-r--r-- 1 root     root        1800 may 16 19:22 hybrid_p2_soft_c50_003_pqc_client_6_client_err.txt
-rw-r--r-- 1 root     root       20696 may 16 19:22 hybrid_p2_soft_c50_003_pqc_client_6_client.txt
-rw-r--r-- 1 root     root          39 may 16 19:22 hybrid_p2_soft_c50_003_pqc_client_6_summary.txt
-rw-r--r-- 1 root     root        2025 may 16 19:22 hybrid_p2_soft_c50_003_pqc_client_client_err.txt
-rw-r--r-- 1 root     root       23283 may 16 19:22 hybrid_p2_soft_c50_003_pqc_client_client.txt
-rw-r--r-- 1 root     root          37 may 16 19:22 hybrid_p2_soft_c50_003_pqc_client_summary.txt
=== resumen por cliente ===
[*] Perfil poisson_jitter: llegadas no sincronizadas con Poisson+jitter
[*] pqc_client <= plan: 1:0.331524 7:0.331524 13:0.331524 19:0.331524 25:0.331524 31:0.331524 37:0.331524 43:0.331524 49:0.331524
[*] pqc_client_2 <= plan: 2:0.331524 8:0.331524 14:0.331524 20:0.331524 26:0.331524 32:0.331524 38:0.331524 44:0.331524 50:0.331524
[*] pqc_client_3 <= plan: 3:0.331524 9:0.331524 15:0.331524 21:0.331524 27:0.331524 33:0.331524 39:0.331524 45:0.331524
[*] pqc_client_4 <= plan: 4:0.331524 10:0.331524 16:0.331524 22:0.331524 28:0.331524 34:0.331524 40:0.331524 46:0.331524
[*] pqc_client_5 <= plan: 5:0.331524 11:0.331524 17:0.331524 23:0.331524 29:0.331524 35:0.331524 41:0.331524 47:0.331524
[*] pqc_client_6 <= plan: 6:0.331524 12:0.331524 18:0.331524 24:0.331524 30:0.331524 36:0.331524 42:0.331524 48:0.331524
client=pqc_client total=9 ok=9 err=0
client=pqc_client_2 total=9 ok=9 err=0
client=pqc_client_3 total=8 ok=8 err=0
client=pqc_client_4 total=8 ok=8 err=0
client=pqc_client_5 total=8 ok=8 err=0
client=pqc_client_6 total=8 ok=8 err=0
[*] Resumen guardado en: results/hybrid_p2_soft_c50_003_resource_summary.txt
RUN_ID: hybrid_p2_soft_c50_003
CSV: results/hybrid_p2_soft_c50_003_docker_stats.csv

=== Resumen CPU% y MEM% (avg / max) por contenedor ===
pqc_client_2 -> CPU avg=1.77%, CPU max=7.10%, MEM avg=0.07%, MEM max=0.07%
pqc_client_3 -> CPU avg=2.60%, CPU max=10.42%, MEM avg=0.12%, MEM max=0.26%
pqc_monitor -> CPU avg=0.07%, CPU max=0.18%, MEM avg=0.11%, MEM max=0.11%
pqc_client_4 -> CPU avg=3.35%, CPU max=13.41%, MEM avg=0.11%, MEM max=0.25%
pqc_client_5 -> CPU avg=3.39%, CPU max=13.55%, MEM avg=0.11%, MEM max=0.25%
pqc_server -> CPU avg=1.25%, CPU max=5.01%, MEM avg=0.11%, MEM max=0.11%
pqc_client_6 -> CPU avg=3.59%, CPU max=14.36%, MEM avg=0.16%, MEM max=0.30%
pqc_client -> CPU avg=1.67%, CPU max=6.68%, MEM avg=0.10%, MEM max=0.12%
[2026-05-16 19:23:01] [*] Parando captura en pqc_monitor para hybrid_p2_soft_c50_003
[*] Métricas TXT guardadas en results/hybrid_p2_soft_c50_003_metrics.txt
[*] Métricas CSV guardadas en results/hybrid_p2_soft_c50_003_metrics.csv
[2026-05-16 19:23:26] === RUN END: hybrid_p2_soft_c50_003 ===

[2026-05-16 19:23:26] === RUN START: hybrid_p2_soft_c50_004 ===
[2026-05-16 19:23:26] [*] Arrancando captura en pqc_monitor (eth0) para hybrid_p2_soft_c50_004
[*] Guardando muestras en: results/hybrid_p2_soft_c50_004_docker_stats.csv
[*] Ejecutando comando medido: bash -lc ./scripts/run_client_once_rafaga_hibrido.sh hybrid_p2_soft_c50_004 50; sleep 3
[*] Ráfaga híbrida completada: 50 conexiones en 6 clientes (poisson_jitter)
=== host results ===
-rw-rw-r-- 1 cristian cristian   11250 may 16 19:23 hybrid_p2_soft_c50_004_client_err.txt
-rw-rw-r-- 1 cristian cristian    1049 may 16 19:23 hybrid_p2_soft_c50_004_client.txt
-rw-rw-r-- 1 cristian cristian     849 may 16 19:23 hybrid_p2_soft_c50_004_docker_stats.csv
-rw-r--r-- 1 root     root        2025 may 16 19:23 hybrid_p2_soft_c50_004_pqc_client_2_client_err.txt
-rw-r--r-- 1 root     root       23283 may 16 19:23 hybrid_p2_soft_c50_004_pqc_client_2_client.txt
-rw-r--r-- 1 root     root          39 may 16 19:23 hybrid_p2_soft_c50_004_pqc_client_2_summary.txt
-rw-r--r-- 1 root     root        1800 may 16 19:23 hybrid_p2_soft_c50_004_pqc_client_3_client_err.txt
-rw-r--r-- 1 root     root       20696 may 16 19:23 hybrid_p2_soft_c50_004_pqc_client_3_client.txt
-rw-r--r-- 1 root     root          39 may 16 19:23 hybrid_p2_soft_c50_004_pqc_client_3_summary.txt
-rw-r--r-- 1 root     root        1800 may 16 19:23 hybrid_p2_soft_c50_004_pqc_client_4_client_err.txt
-rw-r--r-- 1 root     root       20696 may 16 19:23 hybrid_p2_soft_c50_004_pqc_client_4_client.txt
-rw-r--r-- 1 root     root          39 may 16 19:23 hybrid_p2_soft_c50_004_pqc_client_4_summary.txt
-rw-r--r-- 1 root     root        1800 may 16 19:23 hybrid_p2_soft_c50_004_pqc_client_5_client_err.txt
-rw-r--r-- 1 root     root       20696 may 16 19:23 hybrid_p2_soft_c50_004_pqc_client_5_client.txt
-rw-r--r-- 1 root     root          39 may 16 19:23 hybrid_p2_soft_c50_004_pqc_client_5_summary.txt
-rw-r--r-- 1 root     root        1800 may 16 19:23 hybrid_p2_soft_c50_004_pqc_client_6_client_err.txt
-rw-r--r-- 1 root     root       20696 may 16 19:23 hybrid_p2_soft_c50_004_pqc_client_6_client.txt
-rw-r--r-- 1 root     root          39 may 16 19:23 hybrid_p2_soft_c50_004_pqc_client_6_summary.txt
-rw-r--r-- 1 root     root        2025 may 16 19:23 hybrid_p2_soft_c50_004_pqc_client_client_err.txt
-rw-r--r-- 1 root     root       23283 may 16 19:23 hybrid_p2_soft_c50_004_pqc_client_client.txt
-rw-r--r-- 1 root     root          37 may 16 19:23 hybrid_p2_soft_c50_004_pqc_client_summary.txt
=== resumen por cliente ===
[*] Perfil poisson_jitter: llegadas no sincronizadas con Poisson+jitter
[*] pqc_client <= plan: 1:0.082625 7:0.082625 13:0.082625 19:0.082625 25:0.082625 31:0.082625 37:0.082625 43:0.082625 49:0.082625
[*] pqc_client_2 <= plan: 2:0.082625 8:0.082625 14:0.082625 20:0.082625 26:0.082625 32:0.082625 38:0.082625 44:0.082625 50:0.082625
[*] pqc_client_3 <= plan: 3:0.082625 9:0.082625 15:0.082625 21:0.082625 27:0.082625 33:0.082625 39:0.082625 45:0.082625
[*] pqc_client_4 <= plan: 4:0.082625 10:0.082625 16:0.082625 22:0.082625 28:0.082625 34:0.082625 40:0.082625 46:0.082625
[*] pqc_client_5 <= plan: 5:0.082625 11:0.082625 17:0.082625 23:0.082625 29:0.082625 35:0.082625 41:0.082625 47:0.082625
[*] pqc_client_6 <= plan: 6:0.082625 12:0.082625 18:0.082625 24:0.082625 30:0.082625 36:0.082625 42:0.082625 48:0.082625
client=pqc_client total=9 ok=9 err=0
client=pqc_client_2 total=9 ok=9 err=0
client=pqc_client_3 total=8 ok=8 err=0
client=pqc_client_4 total=8 ok=8 err=0
client=pqc_client_5 total=8 ok=8 err=0
client=pqc_client_6 total=8 ok=8 err=0
[*] Resumen guardado en: results/hybrid_p2_soft_c50_004_resource_summary.txt
RUN_ID: hybrid_p2_soft_c50_004
CSV: results/hybrid_p2_soft_c50_004_docker_stats.csv

=== Resumen CPU% y MEM% (avg / max) por contenedor ===
pqc_client_2 -> CPU avg=1.04%, CPU max=4.17%, MEM avg=0.08%, MEM max=0.09%
pqc_client_3 -> CPU avg=0.67%, CPU max=2.66%, MEM avg=0.10%, MEM max=0.17%
pqc_monitor -> CPU avg=0.12%, CPU max=0.16%, MEM avg=0.11%, MEM max=0.11%
pqc_client_4 -> CPU avg=0.10%, CPU max=0.41%, MEM avg=0.11%, MEM max=0.25%
pqc_client_5 -> CPU avg=0.00%, CPU max=0.00%, MEM avg=0.11%, MEM max=0.25%
pqc_server -> CPU avg=1.03%, CPU max=4.14%, MEM avg=0.11%, MEM max=0.11%
pqc_client_6 -> CPU avg=0.37%, CPU max=1.49%, MEM avg=0.16%, MEM max=0.30%
pqc_client -> CPU avg=0.69%, CPU max=2.77%, MEM avg=0.11%, MEM max=0.17%
[2026-05-16 19:23:43] [*] Parando captura en pqc_monitor para hybrid_p2_soft_c50_004
[*] Métricas TXT guardadas en results/hybrid_p2_soft_c50_004_metrics.txt
[*] Métricas CSV guardadas en results/hybrid_p2_soft_c50_004_metrics.csv
[2026-05-16 19:24:08] === RUN END: hybrid_p2_soft_c50_004 ===

[2026-05-16 19:24:08] === RUN START: hybrid_p2_soft_c50_005 ===
[2026-05-16 19:24:08] [*] Arrancando captura en pqc_monitor (eth0) para hybrid_p2_soft_c50_005
[*] Guardando muestras en: results/hybrid_p2_soft_c50_005_docker_stats.csv
[*] Ejecutando comando medido: bash -lc ./scripts/run_client_once_rafaga_hibrido.sh hybrid_p2_soft_c50_005 50; sleep 3
[*] Ráfaga híbrida completada: 50 conexiones en 6 clientes (poisson_jitter)
=== host results ===
-rw-rw-r-- 1 cristian cristian   11250 may 16 19:24 hybrid_p2_soft_c50_005_client_err.txt
-rw-rw-r-- 1 cristian cristian    1049 may 16 19:24 hybrid_p2_soft_c50_005_client.txt
-rw-rw-r-- 1 cristian cristian     853 may 16 19:24 hybrid_p2_soft_c50_005_docker_stats.csv
-rw-r--r-- 1 root     root        2025 may 16 19:24 hybrid_p2_soft_c50_005_pqc_client_2_client_err.txt
-rw-r--r-- 1 root     root       23283 may 16 19:24 hybrid_p2_soft_c50_005_pqc_client_2_client.txt
-rw-r--r-- 1 root     root          39 may 16 19:24 hybrid_p2_soft_c50_005_pqc_client_2_summary.txt
-rw-r--r-- 1 root     root        1800 may 16 19:24 hybrid_p2_soft_c50_005_pqc_client_3_client_err.txt
-rw-r--r-- 1 root     root       20696 may 16 19:24 hybrid_p2_soft_c50_005_pqc_client_3_client.txt
-rw-r--r-- 1 root     root          39 may 16 19:24 hybrid_p2_soft_c50_005_pqc_client_3_summary.txt
-rw-r--r-- 1 root     root        1800 may 16 19:24 hybrid_p2_soft_c50_005_pqc_client_4_client_err.txt
-rw-r--r-- 1 root     root       20696 may 16 19:24 hybrid_p2_soft_c50_005_pqc_client_4_client.txt
-rw-r--r-- 1 root     root          39 may 16 19:24 hybrid_p2_soft_c50_005_pqc_client_4_summary.txt
-rw-r--r-- 1 root     root        1800 may 16 19:24 hybrid_p2_soft_c50_005_pqc_client_5_client_err.txt
-rw-r--r-- 1 root     root       20696 may 16 19:24 hybrid_p2_soft_c50_005_pqc_client_5_client.txt
-rw-r--r-- 1 root     root          39 may 16 19:24 hybrid_p2_soft_c50_005_pqc_client_5_summary.txt
-rw-r--r-- 1 root     root        1800 may 16 19:24 hybrid_p2_soft_c50_005_pqc_client_6_client_err.txt
-rw-r--r-- 1 root     root       20696 may 16 19:24 hybrid_p2_soft_c50_005_pqc_client_6_client.txt
-rw-r--r-- 1 root     root          39 may 16 19:24 hybrid_p2_soft_c50_005_pqc_client_6_summary.txt
-rw-r--r-- 1 root     root        2025 may 16 19:24 hybrid_p2_soft_c50_005_pqc_client_client_err.txt
-rw-r--r-- 1 root     root       23283 may 16 19:24 hybrid_p2_soft_c50_005_pqc_client_client.txt
-rw-r--r-- 1 root     root          37 may 16 19:24 hybrid_p2_soft_c50_005_pqc_client_summary.txt
=== resumen por cliente ===
[*] Perfil poisson_jitter: llegadas no sincronizadas con Poisson+jitter
[*] pqc_client <= plan: 1:0.198136 7:0.198136 13:0.198136 19:0.198136 25:0.198136 31:0.198136 37:0.198136 43:0.198136 49:0.198136
[*] pqc_client_2 <= plan: 2:0.198136 8:0.198136 14:0.198136 20:0.198136 26:0.198136 32:0.198136 38:0.198136 44:0.198136 50:0.198136
[*] pqc_client_3 <= plan: 3:0.198136 9:0.198136 15:0.198136 21:0.198136 27:0.198136 33:0.198136 39:0.198136 45:0.198136
[*] pqc_client_4 <= plan: 4:0.198136 10:0.198136 16:0.198136 22:0.198136 28:0.198136 34:0.198136 40:0.198136 46:0.198136
[*] pqc_client_5 <= plan: 5:0.198136 11:0.198136 17:0.198136 23:0.198136 29:0.198136 35:0.198136 41:0.198136 47:0.198136
[*] pqc_client_6 <= plan: 6:0.198136 12:0.198136 18:0.198136 24:0.198136 30:0.198136 36:0.198136 42:0.198136 48:0.198136
client=pqc_client total=9 ok=9 err=0
client=pqc_client_2 total=9 ok=9 err=0
client=pqc_client_3 total=8 ok=8 err=0
client=pqc_client_4 total=8 ok=8 err=0
client=pqc_client_5 total=8 ok=8 err=0
client=pqc_client_6 total=8 ok=8 err=0
[*] Resumen guardado en: results/hybrid_p2_soft_c50_005_resource_summary.txt
RUN_ID: hybrid_p2_soft_c50_005
CSV: results/hybrid_p2_soft_c50_005_docker_stats.csv

=== Resumen CPU% y MEM% (avg / max) por contenedor ===
pqc_client_2 -> CPU avg=2.32%, CPU max=6.97%, MEM avg=0.07%, MEM max=0.07%
pqc_client_3 -> CPU avg=0.52%, CPU max=1.56%, MEM avg=0.12%, MEM max=0.21%
pqc_monitor -> CPU avg=0.08%, CPU max=0.17%, MEM avg=0.11%, MEM max=0.11%
pqc_client_4 -> CPU avg=0.00%, CPU max=0.00%, MEM avg=0.12%, MEM max=0.25%
pqc_client_5 -> CPU avg=0.05%, CPU max=0.15%, MEM avg=0.12%, MEM max=0.25%
pqc_server -> CPU avg=1.36%, CPU max=4.07%, MEM avg=0.11%, MEM max=0.11%
pqc_client_6 -> CPU avg=0.31%, CPU max=0.92%, MEM avg=0.17%, MEM max=0.30%
pqc_client -> CPU avg=1.62%, CPU max=4.86%, MEM avg=0.09%, MEM max=0.09%
[2026-05-16 19:24:21] [*] Parando captura en pqc_monitor para hybrid_p2_soft_c50_005
[*] Métricas TXT guardadas en results/hybrid_p2_soft_c50_005_metrics.txt
[*] Métricas CSV guardadas en results/hybrid_p2_soft_c50_005_metrics.csv
[2026-05-16 19:24:47] === RUN END: hybrid_p2_soft_c50_005 ===

[2026-05-16 19:24:47] === RUN START: hybrid_p2_stress_c50_001 ===
[2026-05-16 19:24:47] [*] Arrancando captura en pqc_monitor (eth0) para hybrid_p2_stress_c50_001
[*] Guardando muestras en: results/hybrid_p2_stress_c50_001_docker_stats.csv
[*] Ejecutando comando medido: bash -lc ./scripts/run_client_once_rafaga_hibrido.sh hybrid_p2_stress_c50_001 50; sleep 3
[*] Ráfaga híbrida completada: 50 conexiones en 6 clientes (stress)
=== host results ===
-rw-rw-r-- 1 cristian cristian   11250 may 16 19:24 hybrid_p2_stress_c50_001_client_err.txt
-rw-rw-r-- 1 cristian cristian     690 may 16 19:24 hybrid_p2_stress_c50_001_client.txt
-rw-rw-r-- 1 cristian cristian     849 may 16 19:24 hybrid_p2_stress_c50_001_docker_stats.csv
-rw-r--r-- 1 root     root        2025 may 16 19:24 hybrid_p2_stress_c50_001_pqc_client_2_client_err.txt
-rw-r--r-- 1 root     root       23283 may 16 19:24 hybrid_p2_stress_c50_001_pqc_client_2_client.txt
-rw-r--r-- 1 root     root          39 may 16 19:24 hybrid_p2_stress_c50_001_pqc_client_2_summary.txt
-rw-r--r-- 1 root     root        1800 may 16 19:24 hybrid_p2_stress_c50_001_pqc_client_3_client_err.txt
-rw-r--r-- 1 root     root       20696 may 16 19:24 hybrid_p2_stress_c50_001_pqc_client_3_client.txt
-rw-r--r-- 1 root     root          39 may 16 19:24 hybrid_p2_stress_c50_001_pqc_client_3_summary.txt
-rw-r--r-- 1 root     root        1800 may 16 19:24 hybrid_p2_stress_c50_001_pqc_client_4_client_err.txt
-rw-r--r-- 1 root     root       20696 may 16 19:24 hybrid_p2_stress_c50_001_pqc_client_4_client.txt
-rw-r--r-- 1 root     root          39 may 16 19:24 hybrid_p2_stress_c50_001_pqc_client_4_summary.txt
-rw-r--r-- 1 root     root        1800 may 16 19:24 hybrid_p2_stress_c50_001_pqc_client_5_client_err.txt
-rw-r--r-- 1 root     root       20696 may 16 19:24 hybrid_p2_stress_c50_001_pqc_client_5_client.txt
-rw-r--r-- 1 root     root          39 may 16 19:24 hybrid_p2_stress_c50_001_pqc_client_5_summary.txt
-rw-r--r-- 1 root     root        1800 may 16 19:24 hybrid_p2_stress_c50_001_pqc_client_6_client_err.txt
-rw-r--r-- 1 root     root       20696 may 16 19:24 hybrid_p2_stress_c50_001_pqc_client_6_client.txt
-rw-r--r-- 1 root     root          39 may 16 19:24 hybrid_p2_stress_c50_001_pqc_client_6_summary.txt
-rw-r--r-- 1 root     root        2025 may 16 19:24 hybrid_p2_stress_c50_001_pqc_client_client_err.txt
-rw-r--r-- 1 root     root       23283 may 16 19:24 hybrid_p2_stress_c50_001_pqc_client_client.txt
-rw-r--r-- 1 root     root          37 may 16 19:24 hybrid_p2_stress_c50_001_pqc_client_summary.txt
=== resumen por cliente ===
[*] Perfil stress: conexiones totalmente paralelas por cliente
[*] pqc_client <= plan: 1:0 7:0 13:0 19:0 25:0 31:0 37:0 43:0 49:0
[*] pqc_client_2 <= plan: 2:0 8:0 14:0 20:0 26:0 32:0 38:0 44:0 50:0
[*] pqc_client_3 <= plan: 3:0 9:0 15:0 21:0 27:0 33:0 39:0 45:0
[*] pqc_client_4 <= plan: 4:0 10:0 16:0 22:0 28:0 34:0 40:0 46:0
[*] pqc_client_5 <= plan: 5:0 11:0 17:0 23:0 29:0 35:0 41:0 47:0
[*] pqc_client_6 <= plan: 6:0 12:0 18:0 24:0 30:0 36:0 42:0 48:0
client=pqc_client total=9 ok=9 err=0
client=pqc_client_2 total=9 ok=9 err=0
client=pqc_client_3 total=8 ok=8 err=0
client=pqc_client_4 total=8 ok=8 err=0
client=pqc_client_5 total=8 ok=8 err=0
client=pqc_client_6 total=8 ok=8 err=0
[*] Resumen guardado en: results/hybrid_p2_stress_c50_001_resource_summary.txt
RUN_ID: hybrid_p2_stress_c50_001
CSV: results/hybrid_p2_stress_c50_001_docker_stats.csv

=== Resumen CPU% y MEM% (avg / max) por contenedor ===
pqc_client_2 -> CPU avg=2.18%, CPU max=6.55%, MEM avg=0.07%, MEM max=0.07%
pqc_client_3 -> CPU avg=2.28%, CPU max=6.84%, MEM avg=0.07%, MEM max=0.07%
pqc_monitor -> CPU avg=0.11%, CPU max=0.21%, MEM avg=0.11%, MEM max=0.11%
pqc_client_4 -> CPU avg=0.00%, CPU max=0.00%, MEM avg=0.12%, MEM max=0.25%
pqc_client_5 -> CPU avg=0.00%, CPU max=0.00%, MEM avg=0.12%, MEM max=0.25%
pqc_server -> CPU avg=1.25%, CPU max=3.75%, MEM avg=0.11%, MEM max=0.11%
pqc_client_6 -> CPU avg=0.42%, CPU max=1.25%, MEM avg=0.17%, MEM max=0.28%
pqc_client -> CPU avg=0.00%, CPU max=0.00%, MEM avg=0.09%, MEM max=0.09%
[2026-05-16 19:25:00] [*] Parando captura en pqc_monitor para hybrid_p2_stress_c50_001
[*] Métricas TXT guardadas en results/hybrid_p2_stress_c50_001_metrics.txt
[*] Métricas CSV guardadas en results/hybrid_p2_stress_c50_001_metrics.csv
[2026-05-16 19:25:25] === RUN END: hybrid_p2_stress_c50_001 ===

[2026-05-16 19:25:25] === RUN START: hybrid_p2_stress_c50_002 ===
[2026-05-16 19:25:25] [*] Arrancando captura en pqc_monitor (eth0) para hybrid_p2_stress_c50_002
[*] Guardando muestras en: results/hybrid_p2_stress_c50_002_docker_stats.csv
[*] Ejecutando comando medido: bash -lc ./scripts/run_client_once_rafaga_hibrido.sh hybrid_p2_stress_c50_002 50; sleep 3
[*] Ráfaga híbrida completada: 50 conexiones en 6 clientes (stress)
=== host results ===
-rw-rw-r-- 1 cristian cristian   11250 may 16 19:25 hybrid_p2_stress_c50_002_client_err.txt
-rw-rw-r-- 1 cristian cristian     690 may 16 19:25 hybrid_p2_stress_c50_002_client.txt
-rw-rw-r-- 1 cristian cristian     856 may 16 19:25 hybrid_p2_stress_c50_002_docker_stats.csv
-rw-r--r-- 1 root     root        2025 may 16 19:25 hybrid_p2_stress_c50_002_pqc_client_2_client_err.txt
-rw-r--r-- 1 root     root       23283 may 16 19:25 hybrid_p2_stress_c50_002_pqc_client_2_client.txt
-rw-r--r-- 1 root     root          39 may 16 19:25 hybrid_p2_stress_c50_002_pqc_client_2_summary.txt
-rw-r--r-- 1 root     root        1800 may 16 19:25 hybrid_p2_stress_c50_002_pqc_client_3_client_err.txt
-rw-r--r-- 1 root     root       20696 may 16 19:25 hybrid_p2_stress_c50_002_pqc_client_3_client.txt
-rw-r--r-- 1 root     root          39 may 16 19:25 hybrid_p2_stress_c50_002_pqc_client_3_summary.txt
-rw-r--r-- 1 root     root        1800 may 16 19:25 hybrid_p2_stress_c50_002_pqc_client_4_client_err.txt
-rw-r--r-- 1 root     root       20696 may 16 19:25 hybrid_p2_stress_c50_002_pqc_client_4_client.txt
-rw-r--r-- 1 root     root          39 may 16 19:25 hybrid_p2_stress_c50_002_pqc_client_4_summary.txt
-rw-r--r-- 1 root     root        1800 may 16 19:25 hybrid_p2_stress_c50_002_pqc_client_5_client_err.txt
-rw-r--r-- 1 root     root       20696 may 16 19:25 hybrid_p2_stress_c50_002_pqc_client_5_client.txt
-rw-r--r-- 1 root     root          39 may 16 19:25 hybrid_p2_stress_c50_002_pqc_client_5_summary.txt
-rw-r--r-- 1 root     root        1800 may 16 19:25 hybrid_p2_stress_c50_002_pqc_client_6_client_err.txt
-rw-r--r-- 1 root     root       20696 may 16 19:25 hybrid_p2_stress_c50_002_pqc_client_6_client.txt
-rw-r--r-- 1 root     root          39 may 16 19:25 hybrid_p2_stress_c50_002_pqc_client_6_summary.txt
-rw-r--r-- 1 root     root        2025 may 16 19:25 hybrid_p2_stress_c50_002_pqc_client_client_err.txt
-rw-r--r-- 1 root     root       23283 may 16 19:25 hybrid_p2_stress_c50_002_pqc_client_client.txt
-rw-r--r-- 1 root     root          37 may 16 19:25 hybrid_p2_stress_c50_002_pqc_client_summary.txt
=== resumen por cliente ===
[*] Perfil stress: conexiones totalmente paralelas por cliente
[*] pqc_client <= plan: 1:0 7:0 13:0 19:0 25:0 31:0 37:0 43:0 49:0
[*] pqc_client_2 <= plan: 2:0 8:0 14:0 20:0 26:0 32:0 38:0 44:0 50:0
[*] pqc_client_3 <= plan: 3:0 9:0 15:0 21:0 27:0 33:0 39:0 45:0
[*] pqc_client_4 <= plan: 4:0 10:0 16:0 22:0 28:0 34:0 40:0 46:0
[*] pqc_client_5 <= plan: 5:0 11:0 17:0 23:0 29:0 35:0 41:0 47:0
[*] pqc_client_6 <= plan: 6:0 12:0 18:0 24:0 30:0 36:0 42:0 48:0
client=pqc_client total=9 ok=9 err=0
client=pqc_client_2 total=9 ok=9 err=0
client=pqc_client_3 total=8 ok=8 err=0
client=pqc_client_4 total=8 ok=8 err=0
client=pqc_client_5 total=8 ok=8 err=0
client=pqc_client_6 total=8 ok=8 err=0
[*] Resumen guardado en: results/hybrid_p2_stress_c50_002_resource_summary.txt
RUN_ID: hybrid_p2_stress_c50_002
CSV: results/hybrid_p2_stress_c50_002_docker_stats.csv

=== Resumen CPU% y MEM% (avg / max) por contenedor ===
pqc_client_2 -> CPU avg=1.53%, CPU max=4.60%, MEM avg=0.08%, MEM max=0.10%
pqc_client_3 -> CPU avg=1.06%, CPU max=3.18%, MEM avg=0.10%, MEM max=0.15%
pqc_monitor -> CPU avg=0.27%, CPU max=0.46%, MEM avg=0.11%, MEM max=0.11%
pqc_client_4 -> CPU avg=6.30%, CPU max=18.90%, MEM avg=0.12%, MEM max=0.25%
pqc_client_5 -> CPU avg=0.00%, CPU max=0.00%, MEM avg=0.13%, MEM max=0.26%
pqc_server -> CPU avg=1.24%, CPU max=3.72%, MEM avg=0.11%, MEM max=0.11%
pqc_client_6 -> CPU avg=0.00%, CPU max=0.00%, MEM avg=0.18%, MEM max=0.31%
pqc_client -> CPU avg=1.08%, CPU max=3.25%, MEM avg=0.10%, MEM max=0.10%
[2026-05-16 19:25:38] [*] Parando captura en pqc_monitor para hybrid_p2_stress_c50_002
[*] Métricas TXT guardadas en results/hybrid_p2_stress_c50_002_metrics.txt
[*] Métricas CSV guardadas en results/hybrid_p2_stress_c50_002_metrics.csv
[2026-05-16 19:26:04] === RUN END: hybrid_p2_stress_c50_002 ===

[2026-05-16 19:26:04] === RUN START: hybrid_p2_stress_c50_003 ===
[2026-05-16 19:26:04] [*] Arrancando captura en pqc_monitor (eth0) para hybrid_p2_stress_c50_003
[*] Guardando muestras en: results/hybrid_p2_stress_c50_003_docker_stats.csv
[*] Ejecutando comando medido: bash -lc ./scripts/run_client_once_rafaga_hibrido.sh hybrid_p2_stress_c50_003 50; sleep 3
[*] Ráfaga híbrida completada: 50 conexiones en 6 clientes (stress)
=== host results ===
-rw-rw-r-- 1 cristian cristian   11250 may 16 19:26 hybrid_p2_stress_c50_003_client_err.txt
-rw-rw-r-- 1 cristian cristian     690 may 16 19:26 hybrid_p2_stress_c50_003_client.txt
-rw-rw-r-- 1 cristian cristian     851 may 16 19:26 hybrid_p2_stress_c50_003_docker_stats.csv
-rw-r--r-- 1 root     root        2025 may 16 19:26 hybrid_p2_stress_c50_003_pqc_client_2_client_err.txt
-rw-r--r-- 1 root     root       23283 may 16 19:26 hybrid_p2_stress_c50_003_pqc_client_2_client.txt
-rw-r--r-- 1 root     root          39 may 16 19:26 hybrid_p2_stress_c50_003_pqc_client_2_summary.txt
-rw-r--r-- 1 root     root        1800 may 16 19:26 hybrid_p2_stress_c50_003_pqc_client_3_client_err.txt
-rw-r--r-- 1 root     root       20696 may 16 19:26 hybrid_p2_stress_c50_003_pqc_client_3_client.txt
-rw-r--r-- 1 root     root          39 may 16 19:26 hybrid_p2_stress_c50_003_pqc_client_3_summary.txt
-rw-r--r-- 1 root     root        1800 may 16 19:26 hybrid_p2_stress_c50_003_pqc_client_4_client_err.txt
-rw-r--r-- 1 root     root       20696 may 16 19:26 hybrid_p2_stress_c50_003_pqc_client_4_client.txt
-rw-r--r-- 1 root     root          39 may 16 19:26 hybrid_p2_stress_c50_003_pqc_client_4_summary.txt
-rw-r--r-- 1 root     root        1800 may 16 19:26 hybrid_p2_stress_c50_003_pqc_client_5_client_err.txt
-rw-r--r-- 1 root     root       20696 may 16 19:26 hybrid_p2_stress_c50_003_pqc_client_5_client.txt
-rw-r--r-- 1 root     root          39 may 16 19:26 hybrid_p2_stress_c50_003_pqc_client_5_summary.txt
-rw-r--r-- 1 root     root        1800 may 16 19:26 hybrid_p2_stress_c50_003_pqc_client_6_client_err.txt
-rw-r--r-- 1 root     root       20696 may 16 19:26 hybrid_p2_stress_c50_003_pqc_client_6_client.txt
-rw-r--r-- 1 root     root          39 may 16 19:26 hybrid_p2_stress_c50_003_pqc_client_6_summary.txt
-rw-r--r-- 1 root     root        2025 may 16 19:26 hybrid_p2_stress_c50_003_pqc_client_client_err.txt
-rw-r--r-- 1 root     root       23283 may 16 19:26 hybrid_p2_stress_c50_003_pqc_client_client.txt
-rw-r--r-- 1 root     root          37 may 16 19:26 hybrid_p2_stress_c50_003_pqc_client_summary.txt
=== resumen por cliente ===
[*] Perfil stress: conexiones totalmente paralelas por cliente
[*] pqc_client <= plan: 1:0 7:0 13:0 19:0 25:0 31:0 37:0 43:0 49:0
[*] pqc_client_2 <= plan: 2:0 8:0 14:0 20:0 26:0 32:0 38:0 44:0 50:0
[*] pqc_client_3 <= plan: 3:0 9:0 15:0 21:0 27:0 33:0 39:0 45:0
[*] pqc_client_4 <= plan: 4:0 10:0 16:0 22:0 28:0 34:0 40:0 46:0
[*] pqc_client_5 <= plan: 5:0 11:0 17:0 23:0 29:0 35:0 41:0 47:0
[*] pqc_client_6 <= plan: 6:0 12:0 18:0 24:0 30:0 36:0 42:0 48:0
client=pqc_client total=9 ok=9 err=0
client=pqc_client_2 total=9 ok=9 err=0
client=pqc_client_3 total=8 ok=8 err=0
client=pqc_client_4 total=8 ok=8 err=0
client=pqc_client_5 total=8 ok=8 err=0
client=pqc_client_6 total=8 ok=8 err=0
[*] Resumen guardado en: results/hybrid_p2_stress_c50_003_resource_summary.txt
RUN_ID: hybrid_p2_stress_c50_003
CSV: results/hybrid_p2_stress_c50_003_docker_stats.csv

=== Resumen CPU% y MEM% (avg / max) por contenedor ===
pqc_client_2 -> CPU avg=1.54%, CPU max=4.61%, MEM avg=0.07%, MEM max=0.07%
pqc_client_3 -> CPU avg=2.03%, CPU max=6.10%, MEM avg=0.07%, MEM max=0.07%
pqc_monitor -> CPU avg=0.10%, CPU max=0.25%, MEM avg=0.11%, MEM max=0.11%
pqc_client_4 -> CPU avg=0.00%, CPU max=0.00%, MEM avg=0.12%, MEM max=0.25%
pqc_client_5 -> CPU avg=0.25%, CPU max=0.74%, MEM avg=0.12%, MEM max=0.23%
pqc_server -> CPU avg=1.37%, CPU max=4.10%, MEM avg=0.11%, MEM max=0.11%
pqc_client_6 -> CPU avg=0.00%, CPU max=0.00%, MEM avg=0.18%, MEM max=0.31%
pqc_client -> CPU avg=10.68%, CPU max=32.03%, MEM avg=0.12%, MEM max=0.17%
[2026-05-16 19:26:17] [*] Parando captura en pqc_monitor para hybrid_p2_stress_c50_003
[*] Métricas TXT guardadas en results/hybrid_p2_stress_c50_003_metrics.txt
[*] Métricas CSV guardadas en results/hybrid_p2_stress_c50_003_metrics.csv
[2026-05-16 19:26:43] === RUN END: hybrid_p2_stress_c50_003 ===

[2026-05-16 19:26:43] === RUN START: hybrid_p2_stress_c50_004 ===
[2026-05-16 19:26:43] [*] Arrancando captura en pqc_monitor (eth0) para hybrid_p2_stress_c50_004
[*] Guardando muestras en: results/hybrid_p2_stress_c50_004_docker_stats.csv
[*] Ejecutando comando medido: bash -lc ./scripts/run_client_once_rafaga_hibrido.sh hybrid_p2_stress_c50_004 50; sleep 3
[*] Ráfaga híbrida completada: 50 conexiones en 6 clientes (stress)
=== host results ===
-rw-rw-r-- 1 cristian cristian   11250 may 16 19:26 hybrid_p2_stress_c50_004_client_err.txt
-rw-rw-r-- 1 cristian cristian     690 may 16 19:26 hybrid_p2_stress_c50_004_client.txt
-rw-rw-r-- 1 cristian cristian     854 may 16 19:26 hybrid_p2_stress_c50_004_docker_stats.csv
-rw-r--r-- 1 root     root        2025 may 16 19:26 hybrid_p2_stress_c50_004_pqc_client_2_client_err.txt
-rw-r--r-- 1 root     root       23283 may 16 19:26 hybrid_p2_stress_c50_004_pqc_client_2_client.txt
-rw-r--r-- 1 root     root          39 may 16 19:26 hybrid_p2_stress_c50_004_pqc_client_2_summary.txt
-rw-r--r-- 1 root     root        1800 may 16 19:26 hybrid_p2_stress_c50_004_pqc_client_3_client_err.txt
-rw-r--r-- 1 root     root       20696 may 16 19:26 hybrid_p2_stress_c50_004_pqc_client_3_client.txt
-rw-r--r-- 1 root     root          39 may 16 19:26 hybrid_p2_stress_c50_004_pqc_client_3_summary.txt
-rw-r--r-- 1 root     root        1800 may 16 19:26 hybrid_p2_stress_c50_004_pqc_client_4_client_err.txt
-rw-r--r-- 1 root     root       20696 may 16 19:26 hybrid_p2_stress_c50_004_pqc_client_4_client.txt
-rw-r--r-- 1 root     root          39 may 16 19:26 hybrid_p2_stress_c50_004_pqc_client_4_summary.txt
-rw-r--r-- 1 root     root        1800 may 16 19:26 hybrid_p2_stress_c50_004_pqc_client_5_client_err.txt
-rw-r--r-- 1 root     root       20696 may 16 19:26 hybrid_p2_stress_c50_004_pqc_client_5_client.txt
-rw-r--r-- 1 root     root          39 may 16 19:26 hybrid_p2_stress_c50_004_pqc_client_5_summary.txt
-rw-r--r-- 1 root     root        1800 may 16 19:26 hybrid_p2_stress_c50_004_pqc_client_6_client_err.txt
-rw-r--r-- 1 root     root       20696 may 16 19:26 hybrid_p2_stress_c50_004_pqc_client_6_client.txt
-rw-r--r-- 1 root     root          39 may 16 19:26 hybrid_p2_stress_c50_004_pqc_client_6_summary.txt
-rw-r--r-- 1 root     root        2025 may 16 19:26 hybrid_p2_stress_c50_004_pqc_client_client_err.txt
-rw-r--r-- 1 root     root       23283 may 16 19:26 hybrid_p2_stress_c50_004_pqc_client_client.txt
-rw-r--r-- 1 root     root          37 may 16 19:26 hybrid_p2_stress_c50_004_pqc_client_summary.txt
=== resumen por cliente ===
[*] Perfil stress: conexiones totalmente paralelas por cliente
[*] pqc_client <= plan: 1:0 7:0 13:0 19:0 25:0 31:0 37:0 43:0 49:0
[*] pqc_client_2 <= plan: 2:0 8:0 14:0 20:0 26:0 32:0 38:0 44:0 50:0
[*] pqc_client_3 <= plan: 3:0 9:0 15:0 21:0 27:0 33:0 39:0 45:0
[*] pqc_client_4 <= plan: 4:0 10:0 16:0 22:0 28:0 34:0 40:0 46:0
[*] pqc_client_5 <= plan: 5:0 11:0 17:0 23:0 29:0 35:0 41:0 47:0
[*] pqc_client_6 <= plan: 6:0 12:0 18:0 24:0 30:0 36:0 42:0 48:0
client=pqc_client total=9 ok=9 err=0
client=pqc_client_2 total=9 ok=9 err=0
client=pqc_client_3 total=8 ok=8 err=0
client=pqc_client_4 total=8 ok=8 err=0
client=pqc_client_5 total=8 ok=8 err=0
client=pqc_client_6 total=8 ok=8 err=0
[*] Resumen guardado en: results/hybrid_p2_stress_c50_004_resource_summary.txt
RUN_ID: hybrid_p2_stress_c50_004
CSV: results/hybrid_p2_stress_c50_004_docker_stats.csv

=== Resumen CPU% y MEM% (avg / max) por contenedor ===
pqc_client_2 -> CPU avg=1.66%, CPU max=4.97%, MEM avg=0.07%, MEM max=0.07%
pqc_client_3 -> CPU avg=9.17%, CPU max=27.51%, MEM avg=0.13%, MEM max=0.26%
pqc_monitor -> CPU avg=0.08%, CPU max=0.15%, MEM avg=0.11%, MEM max=0.11%
pqc_client_4 -> CPU avg=1.41%, CPU max=4.23%, MEM avg=0.08%, MEM max=0.11%
pqc_client_5 -> CPU avg=0.45%, CPU max=1.34%, MEM avg=0.12%, MEM max=0.21%
pqc_server -> CPU avg=1.25%, CPU max=3.76%, MEM avg=0.11%, MEM max=0.11%
pqc_client_6 -> CPU avg=0.00%, CPU max=0.00%, MEM avg=0.18%, MEM max=0.31%
pqc_client -> CPU avg=0.82%, CPU max=2.46%, MEM avg=0.10%, MEM max=0.10%
[2026-05-16 19:26:56] [*] Parando captura en pqc_monitor para hybrid_p2_stress_c50_004
[*] Métricas TXT guardadas en results/hybrid_p2_stress_c50_004_metrics.txt
[*] Métricas CSV guardadas en results/hybrid_p2_stress_c50_004_metrics.csv
[2026-05-16 19:27:22] === RUN END: hybrid_p2_stress_c50_004 ===

[2026-05-16 19:27:22] === RUN START: hybrid_p2_stress_c50_005 ===
[2026-05-16 19:27:22] [*] Arrancando captura en pqc_monitor (eth0) para hybrid_p2_stress_c50_005
[*] Guardando muestras en: results/hybrid_p2_stress_c50_005_docker_stats.csv
[*] Ejecutando comando medido: bash -lc ./scripts/run_client_once_rafaga_hibrido.sh hybrid_p2_stress_c50_005 50; sleep 3
[*] Ráfaga híbrida completada: 50 conexiones en 6 clientes (stress)
=== host results ===
-rw-rw-r-- 1 cristian cristian   11250 may 16 19:27 hybrid_p2_stress_c50_005_client_err.txt
-rw-rw-r-- 1 cristian cristian     690 may 16 19:27 hybrid_p2_stress_c50_005_client.txt
-rw-rw-r-- 1 cristian cristian     853 may 16 19:27 hybrid_p2_stress_c50_005_docker_stats.csv
-rw-r--r-- 1 root     root        2025 may 16 19:27 hybrid_p2_stress_c50_005_pqc_client_2_client_err.txt
-rw-r--r-- 1 root     root       23283 may 16 19:27 hybrid_p2_stress_c50_005_pqc_client_2_client.txt
-rw-r--r-- 1 root     root          39 may 16 19:27 hybrid_p2_stress_c50_005_pqc_client_2_summary.txt
-rw-r--r-- 1 root     root        1800 may 16 19:27 hybrid_p2_stress_c50_005_pqc_client_3_client_err.txt
-rw-r--r-- 1 root     root       20696 may 16 19:27 hybrid_p2_stress_c50_005_pqc_client_3_client.txt
-rw-r--r-- 1 root     root          39 may 16 19:27 hybrid_p2_stress_c50_005_pqc_client_3_summary.txt
-rw-r--r-- 1 root     root        1800 may 16 19:27 hybrid_p2_stress_c50_005_pqc_client_4_client_err.txt
-rw-r--r-- 1 root     root       20696 may 16 19:27 hybrid_p2_stress_c50_005_pqc_client_4_client.txt
-rw-r--r-- 1 root     root          39 may 16 19:27 hybrid_p2_stress_c50_005_pqc_client_4_summary.txt
-rw-r--r-- 1 root     root        1800 may 16 19:27 hybrid_p2_stress_c50_005_pqc_client_5_client_err.txt
-rw-r--r-- 1 root     root       20696 may 16 19:27 hybrid_p2_stress_c50_005_pqc_client_5_client.txt
-rw-r--r-- 1 root     root          39 may 16 19:27 hybrid_p2_stress_c50_005_pqc_client_5_summary.txt
-rw-r--r-- 1 root     root        1800 may 16 19:27 hybrid_p2_stress_c50_005_pqc_client_6_client_err.txt
-rw-r--r-- 1 root     root       20696 may 16 19:27 hybrid_p2_stress_c50_005_pqc_client_6_client.txt
-rw-r--r-- 1 root     root          39 may 16 19:27 hybrid_p2_stress_c50_005_pqc_client_6_summary.txt
-rw-r--r-- 1 root     root        2025 may 16 19:27 hybrid_p2_stress_c50_005_pqc_client_client_err.txt
-rw-r--r-- 1 root     root       23283 may 16 19:27 hybrid_p2_stress_c50_005_pqc_client_client.txt
-rw-r--r-- 1 root     root          37 may 16 19:27 hybrid_p2_stress_c50_005_pqc_client_summary.txt
=== resumen por cliente ===
[*] Perfil stress: conexiones totalmente paralelas por cliente
[*] pqc_client <= plan: 1:0 7:0 13:0 19:0 25:0 31:0 37:0 43:0 49:0
[*] pqc_client_2 <= plan: 2:0 8:0 14:0 20:0 26:0 32:0 38:0 44:0 50:0
[*] pqc_client_3 <= plan: 3:0 9:0 15:0 21:0 27:0 33:0 39:0 45:0
[*] pqc_client_4 <= plan: 4:0 10:0 16:0 22:0 28:0 34:0 40:0 46:0
[*] pqc_client_5 <= plan: 5:0 11:0 17:0 23:0 29:0 35:0 41:0 47:0
[*] pqc_client_6 <= plan: 6:0 12:0 18:0 24:0 30:0 36:0 42:0 48:0
client=pqc_client total=9 ok=9 err=0
client=pqc_client_2 total=9 ok=9 err=0
client=pqc_client_3 total=8 ok=8 err=0
client=pqc_client_4 total=8 ok=8 err=0
client=pqc_client_5 total=8 ok=8 err=0
client=pqc_client_6 total=8 ok=8 err=0
[*] Resumen guardado en: results/hybrid_p2_stress_c50_005_resource_summary.txt
RUN_ID: hybrid_p2_stress_c50_005
CSV: results/hybrid_p2_stress_c50_005_docker_stats.csv

=== Resumen CPU% y MEM% (avg / max) por contenedor ===
pqc_client_2 -> CPU avg=1.93%, CPU max=5.78%, MEM avg=0.07%, MEM max=0.07%
pqc_client_3 -> CPU avg=1.17%, CPU max=3.50%, MEM avg=0.09%, MEM max=0.12%
pqc_monitor -> CPU avg=0.14%, CPU max=0.20%, MEM avg=0.11%, MEM max=0.11%
pqc_client_4 -> CPU avg=0.13%, CPU max=0.39%, MEM avg=0.12%, MEM max=0.25%
pqc_client_5 -> CPU avg=0.00%, CPU max=0.00%, MEM avg=0.13%, MEM max=0.26%
pqc_server -> CPU avg=1.39%, CPU max=4.16%, MEM avg=0.11%, MEM max=0.11%
pqc_client_6 -> CPU avg=0.55%, CPU max=1.65%, MEM avg=0.17%, MEM max=0.26%
pqc_client -> CPU avg=0.94%, CPU max=2.82%, MEM avg=0.10%, MEM max=0.10%
[2026-05-16 19:27:34] [*] Parando captura en pqc_monitor para hybrid_p2_stress_c50_005
[*] Métricas TXT guardadas en results/hybrid_p2_stress_c50_005_metrics.txt
[*] Métricas CSV guardadas en results/hybrid_p2_stress_c50_005_metrics.csv
[2026-05-16 19:27:59] === RUN END: hybrid_p2_stress_c50_005 ===

[2026-05-16 19:27:59] ---- Aplicando perfil de red P3 ----
[*] Aplicando perfil P3

[*] Estado qdisc en monitor:
qdisc netem 800b: root refcnt 5 limit 1000 delay 50ms loss 1%
qdisc netem 800c: root refcnt 5 limit 1000 delay 50ms loss 1%
[2026-05-16 19:28:00] === RUN START: hybrid_p3_balanced_c50_001 ===
[2026-05-16 19:28:00] [*] Arrancando captura en pqc_monitor (eth0) para hybrid_p3_balanced_c50_001
[*] Guardando muestras en: results/hybrid_p3_balanced_c50_001_docker_stats.csv
[*] Ejecutando comando medido: bash -lc ./scripts/run_client_once_rafaga_hibrido.sh hybrid_p3_balanced_c50_001 50; sleep 3
[*] Ráfaga híbrida completada: 50 conexiones en 6 clientes (poisson_jitter)
=== host results ===
-rw-rw-r-- 1 cristian cristian   11250 may 16 19:28 hybrid_p3_balanced_c50_001_client_err.txt
-rw-rw-r-- 1 cristian cristian    1049 may 16 19:28 hybrid_p3_balanced_c50_001_client.txt
-rw-rw-r-- 1 cristian cristian    1640 may 16 19:28 hybrid_p3_balanced_c50_001_docker_stats.csv
-rw-r--r-- 1 root     root        2025 may 16 19:28 hybrid_p3_balanced_c50_001_pqc_client_2_client_err.txt
-rw-r--r-- 1 root     root       23283 may 16 19:28 hybrid_p3_balanced_c50_001_pqc_client_2_client.txt
-rw-r--r-- 1 root     root          39 may 16 19:28 hybrid_p3_balanced_c50_001_pqc_client_2_summary.txt
-rw-r--r-- 1 root     root        1800 may 16 19:28 hybrid_p3_balanced_c50_001_pqc_client_3_client_err.txt
-rw-r--r-- 1 root     root       20696 may 16 19:28 hybrid_p3_balanced_c50_001_pqc_client_3_client.txt
-rw-r--r-- 1 root     root          39 may 16 19:28 hybrid_p3_balanced_c50_001_pqc_client_3_summary.txt
-rw-r--r-- 1 root     root        1800 may 16 19:28 hybrid_p3_balanced_c50_001_pqc_client_4_client_err.txt
-rw-r--r-- 1 root     root       20696 may 16 19:28 hybrid_p3_balanced_c50_001_pqc_client_4_client.txt
-rw-r--r-- 1 root     root          39 may 16 19:28 hybrid_p3_balanced_c50_001_pqc_client_4_summary.txt
-rw-r--r-- 1 root     root        1800 may 16 19:28 hybrid_p3_balanced_c50_001_pqc_client_5_client_err.txt
-rw-r--r-- 1 root     root       20696 may 16 19:28 hybrid_p3_balanced_c50_001_pqc_client_5_client.txt
-rw-r--r-- 1 root     root          39 may 16 19:28 hybrid_p3_balanced_c50_001_pqc_client_5_summary.txt
-rw-r--r-- 1 root     root        1800 may 16 19:28 hybrid_p3_balanced_c50_001_pqc_client_6_client_err.txt
-rw-r--r-- 1 root     root       20696 may 16 19:28 hybrid_p3_balanced_c50_001_pqc_client_6_client.txt
-rw-r--r-- 1 root     root          39 may 16 19:28 hybrid_p3_balanced_c50_001_pqc_client_6_summary.txt
-rw-r--r-- 1 root     root        2025 may 16 19:28 hybrid_p3_balanced_c50_001_pqc_client_client_err.txt
-rw-r--r-- 1 root     root       23283 may 16 19:28 hybrid_p3_balanced_c50_001_pqc_client_client.txt
-rw-r--r-- 1 root     root          37 may 16 19:28 hybrid_p3_balanced_c50_001_pqc_client_summary.txt
=== resumen por cliente ===
[*] Perfil poisson_jitter: llegadas no sincronizadas con Poisson+jitter
[*] pqc_client <= plan: 1:0.010322 7:0.010322 13:0.010322 19:0.010322 25:0.010322 31:0.010322 37:0.010322 43:0.010322 49:0.010322
[*] pqc_client_2 <= plan: 2:0.010322 8:0.010322 14:0.010322 20:0.010322 26:0.010322 32:0.010322 38:0.010322 44:0.010322 50:0.010322
[*] pqc_client_3 <= plan: 3:0.010322 9:0.010322 15:0.010322 21:0.010322 27:0.010322 33:0.010322 39:0.010322 45:0.010322
[*] pqc_client_4 <= plan: 4:0.010322 10:0.010322 16:0.010322 22:0.010322 28:0.010322 34:0.010322 40:0.010322 46:0.010322
[*] pqc_client_5 <= plan: 5:0.010322 11:0.010322 17:0.010322 23:0.010322 29:0.010322 35:0.010322 41:0.010322 47:0.010322
[*] pqc_client_6 <= plan: 6:0.010322 12:0.010322 18:0.010322 24:0.010322 30:0.010322 36:0.010322 42:0.010322 48:0.010322
client=pqc_client total=9 ok=9 err=0
client=pqc_client_2 total=9 ok=9 err=0
client=pqc_client_3 total=8 ok=8 err=0
client=pqc_client_4 total=8 ok=8 err=0
client=pqc_client_5 total=8 ok=8 err=0
client=pqc_client_6 total=8 ok=8 err=0
[*] Resumen guardado en: results/hybrid_p3_balanced_c50_001_resource_summary.txt
RUN_ID: hybrid_p3_balanced_c50_001
CSV: results/hybrid_p3_balanced_c50_001_docker_stats.csv

=== Resumen CPU% y MEM% (avg / max) por contenedor ===
pqc_client_2 -> CPU avg=0.61%, CPU max=1.46%, MEM avg=0.12%, MEM max=0.26%
pqc_client_3 -> CPU avg=0.33%, CPU max=1.15%, MEM avg=0.13%, MEM max=0.26%
pqc_monitor -> CPU avg=0.06%, CPU max=0.10%, MEM avg=0.11%, MEM max=0.11%
pqc_client_4 -> CPU avg=0.16%, CPU max=0.64%, MEM avg=0.11%, MEM max=0.25%
pqc_client_5 -> CPU avg=0.39%, CPU max=1.55%, MEM avg=0.13%, MEM max=0.26%
pqc_server -> CPU avg=0.55%, CPU max=1.31%, MEM avg=0.11%, MEM max=0.11%
pqc_client_6 -> CPU avg=0.43%, CPU max=1.74%, MEM avg=0.21%, MEM max=0.31%
pqc_client -> CPU avg=1.24%, CPU max=4.94%, MEM avg=0.10%, MEM max=0.10%
[2026-05-16 19:28:16] [*] Parando captura en pqc_monitor para hybrid_p3_balanced_c50_001
[*] Métricas TXT guardadas en results/hybrid_p3_balanced_c50_001_metrics.txt
[*] Métricas CSV guardadas en results/hybrid_p3_balanced_c50_001_metrics.csv
[2026-05-16 19:28:42] === RUN END: hybrid_p3_balanced_c50_001 ===

[2026-05-16 19:28:42] === RUN START: hybrid_p3_balanced_c50_002 ===
[2026-05-16 19:28:42] [*] Arrancando captura en pqc_monitor (eth0) para hybrid_p3_balanced_c50_002
[*] Guardando muestras en: results/hybrid_p3_balanced_c50_002_docker_stats.csv
[*] Ejecutando comando medido: bash -lc ./scripts/run_client_once_rafaga_hibrido.sh hybrid_p3_balanced_c50_002 50; sleep 3
[*] Ráfaga híbrida completada: 50 conexiones en 6 clientes (poisson_jitter)
=== host results ===
-rw-rw-r-- 1 cristian cristian   11250 may 16 19:28 hybrid_p3_balanced_c50_002_client_err.txt
-rw-rw-r-- 1 cristian cristian    1049 may 16 19:28 hybrid_p3_balanced_c50_002_client.txt
-rw-rw-r-- 1 cristian cristian    1632 may 16 19:28 hybrid_p3_balanced_c50_002_docker_stats.csv
-rw-r--r-- 1 root     root        2025 may 16 19:28 hybrid_p3_balanced_c50_002_pqc_client_2_client_err.txt
-rw-r--r-- 1 root     root       23283 may 16 19:28 hybrid_p3_balanced_c50_002_pqc_client_2_client.txt
-rw-r--r-- 1 root     root          39 may 16 19:28 hybrid_p3_balanced_c50_002_pqc_client_2_summary.txt
-rw-r--r-- 1 root     root        1800 may 16 19:28 hybrid_p3_balanced_c50_002_pqc_client_3_client_err.txt
-rw-r--r-- 1 root     root       20696 may 16 19:28 hybrid_p3_balanced_c50_002_pqc_client_3_client.txt
-rw-r--r-- 1 root     root          39 may 16 19:28 hybrid_p3_balanced_c50_002_pqc_client_3_summary.txt
-rw-r--r-- 1 root     root        1800 may 16 19:28 hybrid_p3_balanced_c50_002_pqc_client_4_client_err.txt
-rw-r--r-- 1 root     root       20696 may 16 19:28 hybrid_p3_balanced_c50_002_pqc_client_4_client.txt
-rw-r--r-- 1 root     root          39 may 16 19:28 hybrid_p3_balanced_c50_002_pqc_client_4_summary.txt
-rw-r--r-- 1 root     root        1800 may 16 19:28 hybrid_p3_balanced_c50_002_pqc_client_5_client_err.txt
-rw-r--r-- 1 root     root       20696 may 16 19:28 hybrid_p3_balanced_c50_002_pqc_client_5_client.txt
-rw-r--r-- 1 root     root          39 may 16 19:28 hybrid_p3_balanced_c50_002_pqc_client_5_summary.txt
-rw-r--r-- 1 root     root        1800 may 16 19:28 hybrid_p3_balanced_c50_002_pqc_client_6_client_err.txt
-rw-r--r-- 1 root     root       20696 may 16 19:28 hybrid_p3_balanced_c50_002_pqc_client_6_client.txt
-rw-r--r-- 1 root     root          39 may 16 19:28 hybrid_p3_balanced_c50_002_pqc_client_6_summary.txt
-rw-r--r-- 1 root     root        2025 may 16 19:28 hybrid_p3_balanced_c50_002_pqc_client_client_err.txt
-rw-r--r-- 1 root     root       23283 may 16 19:28 hybrid_p3_balanced_c50_002_pqc_client_client.txt
-rw-r--r-- 1 root     root          37 may 16 19:28 hybrid_p3_balanced_c50_002_pqc_client_summary.txt
=== resumen por cliente ===
[*] Perfil poisson_jitter: llegadas no sincronizadas con Poisson+jitter
[*] pqc_client <= plan: 1:0.034375 7:0.034375 13:0.034375 19:0.034375 25:0.034375 31:0.034375 37:0.034375 43:0.034375 49:0.034375
[*] pqc_client_2 <= plan: 2:0.034375 8:0.034375 14:0.034375 20:0.034375 26:0.034375 32:0.034375 38:0.034375 44:0.034375 50:0.034375
[*] pqc_client_3 <= plan: 3:0.034375 9:0.034375 15:0.034375 21:0.034375 27:0.034375 33:0.034375 39:0.034375 45:0.034375
[*] pqc_client_4 <= plan: 4:0.034375 10:0.034375 16:0.034375 22:0.034375 28:0.034375 34:0.034375 40:0.034375 46:0.034375
[*] pqc_client_5 <= plan: 5:0.034375 11:0.034375 17:0.034375 23:0.034375 29:0.034375 35:0.034375 41:0.034375 47:0.034375
[*] pqc_client_6 <= plan: 6:0.034375 12:0.034375 18:0.034375 24:0.034375 30:0.034375 36:0.034375 42:0.034375 48:0.034375
client=pqc_client total=9 ok=9 err=0
client=pqc_client_2 total=9 ok=9 err=0
client=pqc_client_3 total=8 ok=8 err=0
client=pqc_client_4 total=8 ok=8 err=0
client=pqc_client_5 total=8 ok=8 err=0
client=pqc_client_6 total=8 ok=8 err=0
[*] Resumen guardado en: results/hybrid_p3_balanced_c50_002_resource_summary.txt
RUN_ID: hybrid_p3_balanced_c50_002
CSV: results/hybrid_p3_balanced_c50_002_docker_stats.csv

=== Resumen CPU% y MEM% (avg / max) por contenedor ===
pqc_client_2 -> CPU avg=0.47%, CPU max=1.85%, MEM avg=0.12%, MEM max=0.29%
pqc_client_3 -> CPU avg=0.50%, CPU max=2.49%, MEM avg=0.12%, MEM max=0.27%
pqc_monitor -> CPU avg=0.19%, CPU max=0.37%, MEM avg=0.11%, MEM max=0.11%
pqc_client_4 -> CPU avg=0.24%, CPU max=0.79%, MEM avg=0.13%, MEM max=0.26%
pqc_client_5 -> CPU avg=0.08%, CPU max=0.40%, MEM avg=0.14%, MEM max=0.26%
pqc_server -> CPU avg=0.48%, CPU max=1.32%, MEM avg=0.11%, MEM max=0.11%
pqc_client_6 -> CPU avg=0.25%, CPU max=1.27%, MEM avg=0.20%, MEM max=0.31%
pqc_client -> CPU avg=6.53%, CPU max=31.21%, MEM avg=0.14%, MEM max=0.29%
[2026-05-16 19:29:02] [*] Parando captura en pqc_monitor para hybrid_p3_balanced_c50_002
[*] Métricas TXT guardadas en results/hybrid_p3_balanced_c50_002_metrics.txt
[*] Métricas CSV guardadas en results/hybrid_p3_balanced_c50_002_metrics.csv
[2026-05-16 19:29:27] === RUN END: hybrid_p3_balanced_c50_002 ===

[2026-05-16 19:29:27] === RUN START: hybrid_p3_balanced_c50_003 ===
[2026-05-16 19:29:27] [*] Arrancando captura en pqc_monitor (eth0) para hybrid_p3_balanced_c50_003
[*] Guardando muestras en: results/hybrid_p3_balanced_c50_003_docker_stats.csv
[*] Ejecutando comando medido: bash -lc ./scripts/run_client_once_rafaga_hibrido.sh hybrid_p3_balanced_c50_003 50; sleep 3
[*] Ráfaga híbrida completada: 50 conexiones en 6 clientes (poisson_jitter)
=== host results ===
-rw-rw-r-- 1 cristian cristian   11250 may 16 19:29 hybrid_p3_balanced_c50_003_client_err.txt
-rw-rw-r-- 1 cristian cristian    1049 may 16 19:29 hybrid_p3_balanced_c50_003_client.txt
-rw-rw-r-- 1 cristian cristian    1637 may 16 19:29 hybrid_p3_balanced_c50_003_docker_stats.csv
-rw-r--r-- 1 root     root        2025 may 16 19:29 hybrid_p3_balanced_c50_003_pqc_client_2_client_err.txt
-rw-r--r-- 1 root     root       23283 may 16 19:29 hybrid_p3_balanced_c50_003_pqc_client_2_client.txt
-rw-r--r-- 1 root     root          39 may 16 19:29 hybrid_p3_balanced_c50_003_pqc_client_2_summary.txt
-rw-r--r-- 1 root     root        1800 may 16 19:29 hybrid_p3_balanced_c50_003_pqc_client_3_client_err.txt
-rw-r--r-- 1 root     root       20696 may 16 19:29 hybrid_p3_balanced_c50_003_pqc_client_3_client.txt
-rw-r--r-- 1 root     root          39 may 16 19:29 hybrid_p3_balanced_c50_003_pqc_client_3_summary.txt
-rw-r--r-- 1 root     root        1800 may 16 19:29 hybrid_p3_balanced_c50_003_pqc_client_4_client_err.txt
-rw-r--r-- 1 root     root       20696 may 16 19:29 hybrid_p3_balanced_c50_003_pqc_client_4_client.txt
-rw-r--r-- 1 root     root          39 may 16 19:29 hybrid_p3_balanced_c50_003_pqc_client_4_summary.txt
-rw-r--r-- 1 root     root        1800 may 16 19:29 hybrid_p3_balanced_c50_003_pqc_client_5_client_err.txt
-rw-r--r-- 1 root     root       20696 may 16 19:29 hybrid_p3_balanced_c50_003_pqc_client_5_client.txt
-rw-r--r-- 1 root     root          39 may 16 19:29 hybrid_p3_balanced_c50_003_pqc_client_5_summary.txt
-rw-r--r-- 1 root     root        1800 may 16 19:29 hybrid_p3_balanced_c50_003_pqc_client_6_client_err.txt
-rw-r--r-- 1 root     root       20696 may 16 19:29 hybrid_p3_balanced_c50_003_pqc_client_6_client.txt
-rw-r--r-- 1 root     root          39 may 16 19:29 hybrid_p3_balanced_c50_003_pqc_client_6_summary.txt
-rw-r--r-- 1 root     root        2025 may 16 19:29 hybrid_p3_balanced_c50_003_pqc_client_client_err.txt
-rw-r--r-- 1 root     root       23283 may 16 19:29 hybrid_p3_balanced_c50_003_pqc_client_client.txt
-rw-r--r-- 1 root     root          37 may 16 19:29 hybrid_p3_balanced_c50_003_pqc_client_summary.txt
=== resumen por cliente ===
[*] Perfil poisson_jitter: llegadas no sincronizadas con Poisson+jitter
[*] pqc_client <= plan: 1:0.006596 7:0.006596 13:0.006596 19:0.006596 25:0.006596 31:0.006596 37:0.006596 43:0.006596 49:0.006596
[*] pqc_client_2 <= plan: 2:0.006596 8:0.006596 14:0.006596 20:0.006596 26:0.006596 32:0.006596 38:0.006596 44:0.006596 50:0.006596
[*] pqc_client_3 <= plan: 3:0.006596 9:0.006596 15:0.006596 21:0.006596 27:0.006596 33:0.006596 39:0.006596 45:0.006596
[*] pqc_client_4 <= plan: 4:0.006596 10:0.006596 16:0.006596 22:0.006596 28:0.006596 34:0.006596 40:0.006596 46:0.006596
[*] pqc_client_5 <= plan: 5:0.006596 11:0.006596 17:0.006596 23:0.006596 29:0.006596 35:0.006596 41:0.006596 47:0.006596
[*] pqc_client_6 <= plan: 6:0.006596 12:0.006596 18:0.006596 24:0.006596 30:0.006596 36:0.006596 42:0.006596 48:0.006596
client=pqc_client total=9 ok=9 err=0
client=pqc_client_2 total=9 ok=9 err=0
client=pqc_client_3 total=8 ok=8 err=0
client=pqc_client_4 total=8 ok=8 err=0
client=pqc_client_5 total=8 ok=8 err=0
client=pqc_client_6 total=8 ok=8 err=0
[*] Resumen guardado en: results/hybrid_p3_balanced_c50_003_resource_summary.txt
RUN_ID: hybrid_p3_balanced_c50_003
CSV: results/hybrid_p3_balanced_c50_003_docker_stats.csv

=== Resumen CPU% y MEM% (avg / max) por contenedor ===
pqc_client_2 -> CPU avg=0.55%, CPU max=2.18%, MEM avg=0.10%, MEM max=0.19%
pqc_client_3 -> CPU avg=0.68%, CPU max=2.72%, MEM avg=0.13%, MEM max=0.27%
pqc_monitor -> CPU avg=0.11%, CPU max=0.16%, MEM avg=0.11%, MEM max=0.11%
pqc_client_4 -> CPU avg=0.43%, CPU max=1.74%, MEM avg=0.12%, MEM max=0.26%
pqc_client_5 -> CPU avg=0.10%, CPU max=0.42%, MEM avg=0.17%, MEM max=0.26%
pqc_server -> CPU avg=0.93%, CPU max=1.87%, MEM avg=0.11%, MEM max=0.11%
pqc_client_6 -> CPU avg=0.57%, CPU max=1.26%, MEM avg=0.21%, MEM max=0.31%
pqc_client -> CPU avg=0.41%, CPU max=1.66%, MEM avg=0.13%, MEM max=0.22%
[2026-05-16 19:29:43] [*] Parando captura en pqc_monitor para hybrid_p3_balanced_c50_003
[*] Métricas TXT guardadas en results/hybrid_p3_balanced_c50_003_metrics.txt
[*] Métricas CSV guardadas en results/hybrid_p3_balanced_c50_003_metrics.csv
[2026-05-16 19:30:09] === RUN END: hybrid_p3_balanced_c50_003 ===

[2026-05-16 19:30:09] === RUN START: hybrid_p3_balanced_c50_004 ===
[2026-05-16 19:30:09] [*] Arrancando captura en pqc_monitor (eth0) para hybrid_p3_balanced_c50_004
[*] Guardando muestras en: results/hybrid_p3_balanced_c50_004_docker_stats.csv
[*] Ejecutando comando medido: bash -lc ./scripts/run_client_once_rafaga_hibrido.sh hybrid_p3_balanced_c50_004 50; sleep 3
[*] Ráfaga híbrida completada: 50 conexiones en 6 clientes (poisson_jitter)
=== host results ===
-rw-rw-r-- 1 cristian cristian   11250 may 16 19:30 hybrid_p3_balanced_c50_004_client_err.txt
-rw-rw-r-- 1 cristian cristian    1049 may 16 19:30 hybrid_p3_balanced_c50_004_client.txt
-rw-rw-r-- 1 cristian cristian    1643 may 16 19:30 hybrid_p3_balanced_c50_004_docker_stats.csv
-rw-r--r-- 1 root     root        2025 may 16 19:30 hybrid_p3_balanced_c50_004_pqc_client_2_client_err.txt
-rw-r--r-- 1 root     root       23283 may 16 19:30 hybrid_p3_balanced_c50_004_pqc_client_2_client.txt
-rw-r--r-- 1 root     root          39 may 16 19:30 hybrid_p3_balanced_c50_004_pqc_client_2_summary.txt
-rw-r--r-- 1 root     root        1800 may 16 19:30 hybrid_p3_balanced_c50_004_pqc_client_3_client_err.txt
-rw-r--r-- 1 root     root       20696 may 16 19:30 hybrid_p3_balanced_c50_004_pqc_client_3_client.txt
-rw-r--r-- 1 root     root          39 may 16 19:30 hybrid_p3_balanced_c50_004_pqc_client_3_summary.txt
-rw-r--r-- 1 root     root        1800 may 16 19:30 hybrid_p3_balanced_c50_004_pqc_client_4_client_err.txt
-rw-r--r-- 1 root     root       20696 may 16 19:30 hybrid_p3_balanced_c50_004_pqc_client_4_client.txt
-rw-r--r-- 1 root     root          39 may 16 19:30 hybrid_p3_balanced_c50_004_pqc_client_4_summary.txt
-rw-r--r-- 1 root     root        1800 may 16 19:30 hybrid_p3_balanced_c50_004_pqc_client_5_client_err.txt
-rw-r--r-- 1 root     root       20696 may 16 19:30 hybrid_p3_balanced_c50_004_pqc_client_5_client.txt
-rw-r--r-- 1 root     root          39 may 16 19:30 hybrid_p3_balanced_c50_004_pqc_client_5_summary.txt
-rw-r--r-- 1 root     root        1800 may 16 19:30 hybrid_p3_balanced_c50_004_pqc_client_6_client_err.txt
-rw-r--r-- 1 root     root       20696 may 16 19:30 hybrid_p3_balanced_c50_004_pqc_client_6_client.txt
-rw-r--r-- 1 root     root          39 may 16 19:30 hybrid_p3_balanced_c50_004_pqc_client_6_summary.txt
-rw-r--r-- 1 root     root        2025 may 16 19:30 hybrid_p3_balanced_c50_004_pqc_client_client_err.txt
-rw-r--r-- 1 root     root       23283 may 16 19:30 hybrid_p3_balanced_c50_004_pqc_client_client.txt
-rw-r--r-- 1 root     root          37 may 16 19:30 hybrid_p3_balanced_c50_004_pqc_client_summary.txt
=== resumen por cliente ===
[*] Perfil poisson_jitter: llegadas no sincronizadas con Poisson+jitter
[*] pqc_client <= plan: 1:0.014985 7:0.014985 13:0.014985 19:0.014985 25:0.014985 31:0.014985 37:0.014985 43:0.058202 49:0.058202
[*] pqc_client_2 <= plan: 2:0.014985 8:0.014985 14:0.014985 20:0.014985 26:0.014985 32:0.014985 38:0.014985 44:0.058202 50:0.058202
[*] pqc_client_3 <= plan: 3:0.014985 9:0.014985 15:0.014985 21:0.014985 27:0.014985 33:0.014985 39:0.014985 45:0.058202
[*] pqc_client_4 <= plan: 4:0.014985 10:0.014985 16:0.014985 22:0.014985 28:0.014985 34:0.014985 40:0.014985 46:0.058202
[*] pqc_client_5 <= plan: 5:0.014985 11:0.014985 17:0.014985 23:0.014985 29:0.014985 35:0.014985 41:0.058202 47:0.058202
[*] pqc_client_6 <= plan: 6:0.014985 12:0.014985 18:0.014985 24:0.014985 30:0.014985 36:0.014985 42:0.058202 48:0.058202
client=pqc_client total=9 ok=9 err=0
client=pqc_client_2 total=9 ok=9 err=0
client=pqc_client_3 total=8 ok=8 err=0
client=pqc_client_4 total=8 ok=8 err=0
client=pqc_client_5 total=8 ok=8 err=0
client=pqc_client_6 total=8 ok=8 err=0
[*] Resumen guardado en: results/hybrid_p3_balanced_c50_004_resource_summary.txt
RUN_ID: hybrid_p3_balanced_c50_004
CSV: results/hybrid_p3_balanced_c50_004_docker_stats.csv

=== Resumen CPU% y MEM% (avg / max) por contenedor ===
pqc_client_2 -> CPU avg=0.59%, CPU max=1.63%, MEM avg=0.11%, MEM max=0.27%
pqc_client_3 -> CPU avg=0.56%, CPU max=2.79%, MEM avg=0.12%, MEM max=0.27%
pqc_monitor -> CPU avg=0.10%, CPU max=0.17%, MEM avg=0.11%, MEM max=0.11%
pqc_client_4 -> CPU avg=0.00%, CPU max=0.00%, MEM avg=0.15%, MEM max=0.26%
pqc_client_5 -> CPU avg=0.00%, CPU max=0.00%, MEM avg=0.15%, MEM max=0.26%
pqc_server -> CPU avg=0.94%, CPU max=2.17%, MEM avg=0.11%, MEM max=0.11%
pqc_client_6 -> CPU avg=0.75%, CPU max=3.20%, MEM avg=0.20%, MEM max=0.31%
pqc_client -> CPU avg=0.77%, CPU max=2.52%, MEM avg=0.11%, MEM max=0.17%
[2026-05-16 19:30:28] [*] Parando captura en pqc_monitor para hybrid_p3_balanced_c50_004
[*] Métricas TXT guardadas en results/hybrid_p3_balanced_c50_004_metrics.txt
[*] Métricas CSV guardadas en results/hybrid_p3_balanced_c50_004_metrics.csv
[2026-05-16 19:30:54] === RUN END: hybrid_p3_balanced_c50_004 ===

[2026-05-16 19:30:54] === RUN START: hybrid_p3_balanced_c50_005 ===
[2026-05-16 19:30:54] [*] Arrancando captura en pqc_monitor (eth0) para hybrid_p3_balanced_c50_005
[*] Guardando muestras en: results/hybrid_p3_balanced_c50_005_docker_stats.csv
[*] Ejecutando comando medido: bash -lc ./scripts/run_client_once_rafaga_hibrido.sh hybrid_p3_balanced_c50_005 50; sleep 3
[*] Ráfaga híbrida completada: 50 conexiones en 6 clientes (poisson_jitter)
=== host results ===
-rw-rw-r-- 1 cristian cristian   11250 may 16 19:31 hybrid_p3_balanced_c50_005_client_err.txt
-rw-rw-r-- 1 cristian cristian    1049 may 16 19:31 hybrid_p3_balanced_c50_005_client.txt
-rw-rw-r-- 1 cristian cristian    1638 may 16 19:31 hybrid_p3_balanced_c50_005_docker_stats.csv
-rw-r--r-- 1 root     root        2025 may 16 19:30 hybrid_p3_balanced_c50_005_pqc_client_2_client_err.txt
-rw-r--r-- 1 root     root       23283 may 16 19:30 hybrid_p3_balanced_c50_005_pqc_client_2_client.txt
-rw-r--r-- 1 root     root          39 may 16 19:30 hybrid_p3_balanced_c50_005_pqc_client_2_summary.txt
-rw-r--r-- 1 root     root        1800 may 16 19:30 hybrid_p3_balanced_c50_005_pqc_client_3_client_err.txt
-rw-r--r-- 1 root     root       20696 may 16 19:30 hybrid_p3_balanced_c50_005_pqc_client_3_client.txt
-rw-r--r-- 1 root     root          39 may 16 19:30 hybrid_p3_balanced_c50_005_pqc_client_3_summary.txt
-rw-r--r-- 1 root     root        1800 may 16 19:31 hybrid_p3_balanced_c50_005_pqc_client_4_client_err.txt
-rw-r--r-- 1 root     root       20696 may 16 19:31 hybrid_p3_balanced_c50_005_pqc_client_4_client.txt
-rw-r--r-- 1 root     root          39 may 16 19:31 hybrid_p3_balanced_c50_005_pqc_client_4_summary.txt
-rw-r--r-- 1 root     root        1800 may 16 19:31 hybrid_p3_balanced_c50_005_pqc_client_5_client_err.txt
-rw-r--r-- 1 root     root       20696 may 16 19:31 hybrid_p3_balanced_c50_005_pqc_client_5_client.txt
-rw-r--r-- 1 root     root          39 may 16 19:31 hybrid_p3_balanced_c50_005_pqc_client_5_summary.txt
-rw-r--r-- 1 root     root        1800 may 16 19:31 hybrid_p3_balanced_c50_005_pqc_client_6_client_err.txt
-rw-r--r-- 1 root     root       20696 may 16 19:31 hybrid_p3_balanced_c50_005_pqc_client_6_client.txt
-rw-r--r-- 1 root     root          39 may 16 19:31 hybrid_p3_balanced_c50_005_pqc_client_6_summary.txt
-rw-r--r-- 1 root     root        2025 may 16 19:31 hybrid_p3_balanced_c50_005_pqc_client_client_err.txt
-rw-r--r-- 1 root     root       23283 may 16 19:31 hybrid_p3_balanced_c50_005_pqc_client_client.txt
-rw-r--r-- 1 root     root          37 may 16 19:31 hybrid_p3_balanced_c50_005_pqc_client_summary.txt
=== resumen por cliente ===
[*] Perfil poisson_jitter: llegadas no sincronizadas con Poisson+jitter
[*] pqc_client <= plan: 1:0.054601 7:0.054601 13:0.054601 19:0.054601 25:0.054601 31:0.054601 37:0.053113 43:0.053113 49:0.053113
[*] pqc_client_2 <= plan: 2:0.054601 8:0.054601 14:0.054601 20:0.054601 26:0.054601 32:0.054601 38:0.053113 44:0.053113 50:0.053113
[*] pqc_client_3 <= plan: 3:0.054601 9:0.054601 15:0.054601 21:0.054601 27:0.054601 33:0.054601 39:0.053113 45:0.053113
[*] pqc_client_4 <= plan: 4:0.054601 10:0.054601 16:0.054601 22:0.054601 28:0.054601 34:0.054601 40:0.053113 46:0.053113
[*] pqc_client_5 <= plan: 5:0.054601 11:0.054601 17:0.054601 23:0.054601 29:0.054601 35:0.054601 41:0.053113 47:0.053113
[*] pqc_client_6 <= plan: 6:0.054601 12:0.054601 18:0.054601 24:0.054601 30:0.054601 36:0.054601 42:0.053113 48:0.053113
client=pqc_client total=9 ok=9 err=0
client=pqc_client_2 total=9 ok=9 err=0
client=pqc_client_3 total=8 ok=8 err=0
client=pqc_client_4 total=8 ok=8 err=0
client=pqc_client_5 total=8 ok=8 err=0
client=pqc_client_6 total=8 ok=8 err=0
[*] Resumen guardado en: results/hybrid_p3_balanced_c50_005_resource_summary.txt
RUN_ID: hybrid_p3_balanced_c50_005
CSV: results/hybrid_p3_balanced_c50_005_docker_stats.csv

=== Resumen CPU% y MEM% (avg / max) por contenedor ===
pqc_client_2 -> CPU avg=0.92%, CPU max=3.66%, MEM avg=0.09%, MEM max=0.13%
pqc_client_3 -> CPU avg=0.32%, CPU max=1.27%, MEM avg=0.12%, MEM max=0.25%
pqc_monitor -> CPU avg=0.11%, CPU max=0.18%, MEM avg=0.11%, MEM max=0.11%
pqc_client_4 -> CPU avg=0.41%, CPU max=1.66%, MEM avg=0.15%, MEM max=0.25%
pqc_client_5 -> CPU avg=0.80%, CPU max=1.76%, MEM avg=0.16%, MEM max=0.26%
pqc_server -> CPU avg=1.06%, CPU max=2.20%, MEM avg=0.11%, MEM max=0.11%
pqc_client_6 -> CPU avg=0.33%, CPU max=1.31%, MEM avg=0.21%, MEM max=0.31%
pqc_client -> CPU avg=0.21%, CPU max=0.83%, MEM avg=0.14%, MEM max=0.27%
[2026-05-16 19:31:10] [*] Parando captura en pqc_monitor para hybrid_p3_balanced_c50_005
[*] Métricas TXT guardadas en results/hybrid_p3_balanced_c50_005_metrics.txt
[*] Métricas CSV guardadas en results/hybrid_p3_balanced_c50_005_metrics.csv
[2026-05-16 19:31:36] === RUN END: hybrid_p3_balanced_c50_005 ===

[2026-05-16 19:31:36] === RUN START: hybrid_p3_aggressive_c50_001 ===
[2026-05-16 19:31:36] [*] Arrancando captura en pqc_monitor (eth0) para hybrid_p3_aggressive_c50_001
[*] Guardando muestras en: results/hybrid_p3_aggressive_c50_001_docker_stats.csv
[*] Ejecutando comando medido: bash -lc ./scripts/run_client_once_rafaga_hibrido.sh hybrid_p3_aggressive_c50_001 50; sleep 3
[*] Ráfaga híbrida completada: 50 conexiones en 6 clientes (poisson_jitter)
=== host results ===
-rw-rw-r-- 1 cristian cristian   11250 may 16 19:31 hybrid_p3_aggressive_c50_001_client_err.txt
-rw-rw-r-- 1 cristian cristian    1049 may 16 19:31 hybrid_p3_aggressive_c50_001_client.txt
-rw-rw-r-- 1 cristian cristian    1636 may 16 19:31 hybrid_p3_aggressive_c50_001_docker_stats.csv
-rw-r--r-- 1 root     root        2025 may 16 19:31 hybrid_p3_aggressive_c50_001_pqc_client_2_client_err.txt
-rw-r--r-- 1 root     root       23283 may 16 19:31 hybrid_p3_aggressive_c50_001_pqc_client_2_client.txt
-rw-r--r-- 1 root     root          39 may 16 19:31 hybrid_p3_aggressive_c50_001_pqc_client_2_summary.txt
-rw-r--r-- 1 root     root        1800 may 16 19:31 hybrid_p3_aggressive_c50_001_pqc_client_3_client_err.txt
-rw-r--r-- 1 root     root       20696 may 16 19:31 hybrid_p3_aggressive_c50_001_pqc_client_3_client.txt
-rw-r--r-- 1 root     root          39 may 16 19:31 hybrid_p3_aggressive_c50_001_pqc_client_3_summary.txt
-rw-r--r-- 1 root     root        1800 may 16 19:31 hybrid_p3_aggressive_c50_001_pqc_client_4_client_err.txt
-rw-r--r-- 1 root     root       20696 may 16 19:31 hybrid_p3_aggressive_c50_001_pqc_client_4_client.txt
-rw-r--r-- 1 root     root          39 may 16 19:31 hybrid_p3_aggressive_c50_001_pqc_client_4_summary.txt
-rw-r--r-- 1 root     root        1800 may 16 19:31 hybrid_p3_aggressive_c50_001_pqc_client_5_client_err.txt
-rw-r--r-- 1 root     root       20696 may 16 19:31 hybrid_p3_aggressive_c50_001_pqc_client_5_client.txt
-rw-r--r-- 1 root     root          39 may 16 19:31 hybrid_p3_aggressive_c50_001_pqc_client_5_summary.txt
-rw-r--r-- 1 root     root        1800 may 16 19:31 hybrid_p3_aggressive_c50_001_pqc_client_6_client_err.txt
-rw-r--r-- 1 root     root       20696 may 16 19:31 hybrid_p3_aggressive_c50_001_pqc_client_6_client.txt
-rw-r--r-- 1 root     root          39 may 16 19:31 hybrid_p3_aggressive_c50_001_pqc_client_6_summary.txt
-rw-r--r-- 1 root     root        2025 may 16 19:31 hybrid_p3_aggressive_c50_001_pqc_client_client_err.txt
-rw-r--r-- 1 root     root       23283 may 16 19:31 hybrid_p3_aggressive_c50_001_pqc_client_client.txt
-rw-r--r-- 1 root     root          37 may 16 19:31 hybrid_p3_aggressive_c50_001_pqc_client_summary.txt
=== resumen por cliente ===
[*] Perfil poisson_jitter: llegadas no sincronizadas con Poisson+jitter
[*] pqc_client <= plan: 1:0.008685 7:0.008685 13:0.008685 19:0.008685 25:0.008685 31:0.008685 37:0.008685 43:0.008685 49:0.008685
[*] pqc_client_2 <= plan: 2:0.008685 8:0.008685 14:0.008685 20:0.008685 26:0.008685 32:0.008685 38:0.008685 44:0.008685 50:0.008685
[*] pqc_client_3 <= plan: 3:0.008685 9:0.008685 15:0.008685 21:0.008685 27:0.008685 33:0.008685 39:0.008685 45:0.008685
[*] pqc_client_4 <= plan: 4:0.008685 10:0.008685 16:0.008685 22:0.008685 28:0.008685 34:0.008685 40:0.008685 46:0.008685
[*] pqc_client_5 <= plan: 5:0.008685 11:0.008685 17:0.008685 23:0.008685 29:0.008685 35:0.008685 41:0.008685 47:0.008685
[*] pqc_client_6 <= plan: 6:0.008685 12:0.008685 18:0.008685 24:0.008685 30:0.008685 36:0.008685 42:0.008685 48:0.008685
client=pqc_client total=9 ok=9 err=0
client=pqc_client_2 total=9 ok=9 err=0
client=pqc_client_3 total=8 ok=8 err=0
client=pqc_client_4 total=8 ok=8 err=0
client=pqc_client_5 total=8 ok=8 err=0
client=pqc_client_6 total=8 ok=8 err=0
[*] Resumen guardado en: results/hybrid_p3_aggressive_c50_001_resource_summary.txt
RUN_ID: hybrid_p3_aggressive_c50_001
CSV: results/hybrid_p3_aggressive_c50_001_docker_stats.csv

=== Resumen CPU% y MEM% (avg / max) por contenedor ===
pqc_client_2 -> CPU avg=0.46%, CPU max=1.85%, MEM avg=0.12%, MEM max=0.24%
pqc_client_3 -> CPU avg=0.00%, CPU max=0.00%, MEM avg=0.13%, MEM max=0.27%
pqc_monitor -> CPU avg=0.09%, CPU max=0.21%, MEM avg=0.11%, MEM max=0.11%
pqc_client_4 -> CPU avg=0.23%, CPU max=0.50%, MEM avg=0.15%, MEM max=0.26%
pqc_client_5 -> CPU avg=5.78%, CPU max=21.55%, MEM avg=0.13%, MEM max=0.24%
pqc_server -> CPU avg=0.91%, CPU max=2.12%, MEM avg=0.11%, MEM max=0.11%
pqc_client_6 -> CPU avg=0.53%, CPU max=1.43%, MEM avg=0.19%, MEM max=0.31%
pqc_client -> CPU avg=1.00%, CPU max=3.99%, MEM avg=0.11%, MEM max=0.13%
[2026-05-16 19:31:52] [*] Parando captura en pqc_monitor para hybrid_p3_aggressive_c50_001
[*] Métricas TXT guardadas en results/hybrid_p3_aggressive_c50_001_metrics.txt
[*] Métricas CSV guardadas en results/hybrid_p3_aggressive_c50_001_metrics.csv
[2026-05-16 19:32:17] === RUN END: hybrid_p3_aggressive_c50_001 ===

[2026-05-16 19:32:17] === RUN START: hybrid_p3_aggressive_c50_002 ===
[2026-05-16 19:32:17] [*] Arrancando captura en pqc_monitor (eth0) para hybrid_p3_aggressive_c50_002
[*] Guardando muestras en: results/hybrid_p3_aggressive_c50_002_docker_stats.csv
[*] Ejecutando comando medido: bash -lc ./scripts/run_client_once_rafaga_hibrido.sh hybrid_p3_aggressive_c50_002 50; sleep 3
[*] Ráfaga híbrida completada: 50 conexiones en 6 clientes (poisson_jitter)
=== host results ===
-rw-rw-r-- 1 cristian cristian   11250 may 16 19:32 hybrid_p3_aggressive_c50_002_client_err.txt
-rw-rw-r-- 1 cristian cristian    1049 may 16 19:32 hybrid_p3_aggressive_c50_002_client.txt
-rw-rw-r-- 1 cristian cristian    1637 may 16 19:32 hybrid_p3_aggressive_c50_002_docker_stats.csv
-rw-r--r-- 1 root     root        2025 may 16 19:32 hybrid_p3_aggressive_c50_002_pqc_client_2_client_err.txt
-rw-r--r-- 1 root     root       23283 may 16 19:32 hybrid_p3_aggressive_c50_002_pqc_client_2_client.txt
-rw-r--r-- 1 root     root          39 may 16 19:32 hybrid_p3_aggressive_c50_002_pqc_client_2_summary.txt
-rw-r--r-- 1 root     root        1800 may 16 19:32 hybrid_p3_aggressive_c50_002_pqc_client_3_client_err.txt
-rw-r--r-- 1 root     root       20696 may 16 19:32 hybrid_p3_aggressive_c50_002_pqc_client_3_client.txt
-rw-r--r-- 1 root     root          39 may 16 19:32 hybrid_p3_aggressive_c50_002_pqc_client_3_summary.txt
-rw-r--r-- 1 root     root        1800 may 16 19:32 hybrid_p3_aggressive_c50_002_pqc_client_4_client_err.txt
-rw-r--r-- 1 root     root       20696 may 16 19:32 hybrid_p3_aggressive_c50_002_pqc_client_4_client.txt
-rw-r--r-- 1 root     root          39 may 16 19:32 hybrid_p3_aggressive_c50_002_pqc_client_4_summary.txt
-rw-r--r-- 1 root     root        1800 may 16 19:32 hybrid_p3_aggressive_c50_002_pqc_client_5_client_err.txt
-rw-r--r-- 1 root     root       20696 may 16 19:32 hybrid_p3_aggressive_c50_002_pqc_client_5_client.txt
-rw-r--r-- 1 root     root          39 may 16 19:32 hybrid_p3_aggressive_c50_002_pqc_client_5_summary.txt
-rw-r--r-- 1 root     root        1800 may 16 19:32 hybrid_p3_aggressive_c50_002_pqc_client_6_client_err.txt
-rw-r--r-- 1 root     root       20696 may 16 19:32 hybrid_p3_aggressive_c50_002_pqc_client_6_client.txt
-rw-r--r-- 1 root     root          39 may 16 19:32 hybrid_p3_aggressive_c50_002_pqc_client_6_summary.txt
-rw-r--r-- 1 root     root        2025 may 16 19:32 hybrid_p3_aggressive_c50_002_pqc_client_client_err.txt
-rw-r--r-- 1 root     root       23283 may 16 19:32 hybrid_p3_aggressive_c50_002_pqc_client_client.txt
-rw-r--r-- 1 root     root          37 may 16 19:32 hybrid_p3_aggressive_c50_002_pqc_client_summary.txt
=== resumen por cliente ===
[*] Perfil poisson_jitter: llegadas no sincronizadas con Poisson+jitter
[*] pqc_client <= plan: 1:0.017273 7:0.017273 13:0.017273 19:0.017273 25:0.017273 31:0.017273 37:0.017273 43:0.017273 49:0.017273
[*] pqc_client_2 <= plan: 2:0.017273 8:0.017273 14:0.017273 20:0.017273 26:0.017273 32:0.017273 38:0.017273 44:0.017273 50:0.017273
[*] pqc_client_3 <= plan: 3:0.017273 9:0.017273 15:0.017273 21:0.017273 27:0.017273 33:0.017273 39:0.017273 45:0.017273
[*] pqc_client_4 <= plan: 4:0.017273 10:0.017273 16:0.017273 22:0.017273 28:0.017273 34:0.017273 40:0.017273 46:0.017273
[*] pqc_client_5 <= plan: 5:0.017273 11:0.017273 17:0.017273 23:0.017273 29:0.017273 35:0.017273 41:0.017273 47:0.017273
[*] pqc_client_6 <= plan: 6:0.017273 12:0.017273 18:0.017273 24:0.017273 30:0.017273 36:0.017273 42:0.017273 48:0.017273
client=pqc_client total=9 ok=9 err=0
client=pqc_client_2 total=9 ok=9 err=0
client=pqc_client_3 total=8 ok=8 err=0
client=pqc_client_4 total=8 ok=8 err=0
client=pqc_client_5 total=8 ok=8 err=0
client=pqc_client_6 total=8 ok=8 err=0
[*] Resumen guardado en: results/hybrid_p3_aggressive_c50_002_resource_summary.txt
RUN_ID: hybrid_p3_aggressive_c50_002
CSV: results/hybrid_p3_aggressive_c50_002_docker_stats.csv

=== Resumen CPU% y MEM% (avg / max) por contenedor ===
pqc_client_2 -> CPU avg=0.57%, CPU max=2.27%, MEM avg=0.12%, MEM max=0.25%
pqc_client_3 -> CPU avg=0.00%, CPU max=0.00%, MEM avg=0.13%, MEM max=0.27%
pqc_monitor -> CPU avg=0.12%, CPU max=0.16%, MEM avg=0.11%, MEM max=0.11%
pqc_client_4 -> CPU avg=0.70%, CPU max=2.63%, MEM avg=0.12%, MEM max=0.26%
pqc_client_5 -> CPU avg=0.27%, CPU max=1.08%, MEM avg=0.17%, MEM max=0.26%
pqc_server -> CPU avg=0.82%, CPU max=1.90%, MEM avg=0.11%, MEM max=0.11%
pqc_client_6 -> CPU avg=0.53%, CPU max=1.23%, MEM avg=0.20%, MEM max=0.31%
pqc_client -> CPU avg=0.79%, CPU max=3.14%, MEM avg=0.12%, MEM max=0.18%
[2026-05-16 19:32:33] [*] Parando captura en pqc_monitor para hybrid_p3_aggressive_c50_002
[*] Métricas TXT guardadas en results/hybrid_p3_aggressive_c50_002_metrics.txt
[*] Métricas CSV guardadas en results/hybrid_p3_aggressive_c50_002_metrics.csv
[2026-05-16 19:32:58] === RUN END: hybrid_p3_aggressive_c50_002 ===

[2026-05-16 19:32:58] === RUN START: hybrid_p3_aggressive_c50_003 ===
[2026-05-16 19:32:58] [*] Arrancando captura en pqc_monitor (eth0) para hybrid_p3_aggressive_c50_003
[*] Guardando muestras en: results/hybrid_p3_aggressive_c50_003_docker_stats.csv
[*] Ejecutando comando medido: bash -lc ./scripts/run_client_once_rafaga_hibrido.sh hybrid_p3_aggressive_c50_003 50; sleep 3
[*] Ráfaga híbrida completada: 50 conexiones en 6 clientes (poisson_jitter)
=== host results ===
-rw-rw-r-- 1 cristian cristian   11250 may 16 19:33 hybrid_p3_aggressive_c50_003_client_err.txt
-rw-rw-r-- 1 cristian cristian    1049 may 16 19:33 hybrid_p3_aggressive_c50_003_client.txt
-rw-rw-r-- 1 cristian cristian    1634 may 16 19:33 hybrid_p3_aggressive_c50_003_docker_stats.csv
-rw-r--r-- 1 root     root        2025 may 16 19:33 hybrid_p3_aggressive_c50_003_pqc_client_2_client_err.txt
-rw-r--r-- 1 root     root       23283 may 16 19:33 hybrid_p3_aggressive_c50_003_pqc_client_2_client.txt
-rw-r--r-- 1 root     root          39 may 16 19:33 hybrid_p3_aggressive_c50_003_pqc_client_2_summary.txt
-rw-r--r-- 1 root     root        1800 may 16 19:33 hybrid_p3_aggressive_c50_003_pqc_client_3_client_err.txt
-rw-r--r-- 1 root     root       20696 may 16 19:33 hybrid_p3_aggressive_c50_003_pqc_client_3_client.txt
-rw-r--r-- 1 root     root          39 may 16 19:33 hybrid_p3_aggressive_c50_003_pqc_client_3_summary.txt
-rw-r--r-- 1 root     root        1800 may 16 19:33 hybrid_p3_aggressive_c50_003_pqc_client_4_client_err.txt
-rw-r--r-- 1 root     root       20696 may 16 19:33 hybrid_p3_aggressive_c50_003_pqc_client_4_client.txt
-rw-r--r-- 1 root     root          39 may 16 19:33 hybrid_p3_aggressive_c50_003_pqc_client_4_summary.txt
-rw-r--r-- 1 root     root        1800 may 16 19:33 hybrid_p3_aggressive_c50_003_pqc_client_5_client_err.txt
-rw-r--r-- 1 root     root       20696 may 16 19:33 hybrid_p3_aggressive_c50_003_pqc_client_5_client.txt
-rw-r--r-- 1 root     root          39 may 16 19:33 hybrid_p3_aggressive_c50_003_pqc_client_5_summary.txt
-rw-r--r-- 1 root     root        1800 may 16 19:33 hybrid_p3_aggressive_c50_003_pqc_client_6_client_err.txt
-rw-r--r-- 1 root     root       20696 may 16 19:33 hybrid_p3_aggressive_c50_003_pqc_client_6_client.txt
-rw-r--r-- 1 root     root          39 may 16 19:33 hybrid_p3_aggressive_c50_003_pqc_client_6_summary.txt
-rw-r--r-- 1 root     root        2025 may 16 19:33 hybrid_p3_aggressive_c50_003_pqc_client_client_err.txt
-rw-r--r-- 1 root     root       23283 may 16 19:33 hybrid_p3_aggressive_c50_003_pqc_client_client.txt
-rw-r--r-- 1 root     root          37 may 16 19:33 hybrid_p3_aggressive_c50_003_pqc_client_summary.txt
=== resumen por cliente ===
[*] Perfil poisson_jitter: llegadas no sincronizadas con Poisson+jitter
[*] pqc_client <= plan: 1:0.023938 7:0.023938 13:0.023938 19:0.023938 25:0.023938 31:0.023938 37:0.023938 43:0.023938 49:0.023938
[*] pqc_client_2 <= plan: 2:0.023938 8:0.023938 14:0.023938 20:0.023938 26:0.023938 32:0.023938 38:0.023938 44:0.023938 50:0.015306
[*] pqc_client_3 <= plan: 3:0.023938 9:0.023938 15:0.023938 21:0.023938 27:0.023938 33:0.023938 39:0.023938 45:0.023938
[*] pqc_client_4 <= plan: 4:0.023938 10:0.023938 16:0.023938 22:0.023938 28:0.023938 34:0.023938 40:0.023938 46:0.023938
[*] pqc_client_5 <= plan: 5:0.023938 11:0.023938 17:0.023938 23:0.023938 29:0.023938 35:0.023938 41:0.023938 47:0.023938
[*] pqc_client_6 <= plan: 6:0.023938 12:0.023938 18:0.023938 24:0.023938 30:0.023938 36:0.023938 42:0.023938 48:0.023938
client=pqc_client total=9 ok=9 err=0
client=pqc_client_2 total=9 ok=9 err=0
client=pqc_client_3 total=8 ok=8 err=0
client=pqc_client_4 total=8 ok=8 err=0
client=pqc_client_5 total=8 ok=8 err=0
client=pqc_client_6 total=8 ok=8 err=0
[*] Resumen guardado en: results/hybrid_p3_aggressive_c50_003_resource_summary.txt
RUN_ID: hybrid_p3_aggressive_c50_003
CSV: results/hybrid_p3_aggressive_c50_003_docker_stats.csv

=== Resumen CPU% y MEM% (avg / max) por contenedor ===
pqc_client_2 -> CPU avg=0.40%, CPU max=2.01%, MEM avg=0.10%, MEM max=0.20%
pqc_client_3 -> CPU avg=0.14%, CPU max=0.71%, MEM avg=0.12%, MEM max=0.25%
pqc_monitor -> CPU avg=0.14%, CPU max=0.27%, MEM avg=0.11%, MEM max=0.11%
pqc_client_4 -> CPU avg=0.57%, CPU max=1.70%, MEM avg=0.15%, MEM max=0.26%
pqc_client_5 -> CPU avg=0.87%, CPU max=3.53%, MEM avg=0.13%, MEM max=0.26%
pqc_server -> CPU avg=0.71%, CPU max=2.28%, MEM avg=0.11%, MEM max=0.11%
pqc_client_6 -> CPU avg=0.70%, CPU max=2.92%, MEM avg=0.18%, MEM max=0.31%
pqc_client -> CPU avg=0.49%, CPU max=1.56%, MEM avg=0.14%, MEM max=0.29%
[2026-05-16 19:33:18] [*] Parando captura en pqc_monitor para hybrid_p3_aggressive_c50_003
[*] Métricas TXT guardadas en results/hybrid_p3_aggressive_c50_003_metrics.txt
[*] Métricas CSV guardadas en results/hybrid_p3_aggressive_c50_003_metrics.csv
[2026-05-16 19:33:44] === RUN END: hybrid_p3_aggressive_c50_003 ===

[2026-05-16 19:33:44] === RUN START: hybrid_p3_aggressive_c50_004 ===
[2026-05-16 19:33:44] [*] Arrancando captura en pqc_monitor (eth0) para hybrid_p3_aggressive_c50_004
[*] Guardando muestras en: results/hybrid_p3_aggressive_c50_004_docker_stats.csv
[*] Ejecutando comando medido: bash -lc ./scripts/run_client_once_rafaga_hibrido.sh hybrid_p3_aggressive_c50_004 50; sleep 3
[*] Ráfaga híbrida completada: 50 conexiones en 6 clientes (poisson_jitter)
=== host results ===
-rw-rw-r-- 1 cristian cristian   11250 may 16 19:33 hybrid_p3_aggressive_c50_004_client_err.txt
-rw-rw-r-- 1 cristian cristian    1049 may 16 19:33 hybrid_p3_aggressive_c50_004_client.txt
-rw-rw-r-- 1 cristian cristian    1638 may 16 19:33 hybrid_p3_aggressive_c50_004_docker_stats.csv
-rw-r--r-- 1 root     root        2025 may 16 19:33 hybrid_p3_aggressive_c50_004_pqc_client_2_client_err.txt
-rw-r--r-- 1 root     root       23283 may 16 19:33 hybrid_p3_aggressive_c50_004_pqc_client_2_client.txt
-rw-r--r-- 1 root     root          39 may 16 19:33 hybrid_p3_aggressive_c50_004_pqc_client_2_summary.txt
-rw-r--r-- 1 root     root        1800 may 16 19:33 hybrid_p3_aggressive_c50_004_pqc_client_3_client_err.txt
-rw-r--r-- 1 root     root       20696 may 16 19:33 hybrid_p3_aggressive_c50_004_pqc_client_3_client.txt
-rw-r--r-- 1 root     root          39 may 16 19:33 hybrid_p3_aggressive_c50_004_pqc_client_3_summary.txt
-rw-r--r-- 1 root     root        1800 may 16 19:33 hybrid_p3_aggressive_c50_004_pqc_client_4_client_err.txt
-rw-r--r-- 1 root     root       20696 may 16 19:33 hybrid_p3_aggressive_c50_004_pqc_client_4_client.txt
-rw-r--r-- 1 root     root          39 may 16 19:33 hybrid_p3_aggressive_c50_004_pqc_client_4_summary.txt
-rw-r--r-- 1 root     root        1800 may 16 19:33 hybrid_p3_aggressive_c50_004_pqc_client_5_client_err.txt
-rw-r--r-- 1 root     root       20696 may 16 19:33 hybrid_p3_aggressive_c50_004_pqc_client_5_client.txt
-rw-r--r-- 1 root     root          39 may 16 19:33 hybrid_p3_aggressive_c50_004_pqc_client_5_summary.txt
-rw-r--r-- 1 root     root        1800 may 16 19:33 hybrid_p3_aggressive_c50_004_pqc_client_6_client_err.txt
-rw-r--r-- 1 root     root       20696 may 16 19:33 hybrid_p3_aggressive_c50_004_pqc_client_6_client.txt
-rw-r--r-- 1 root     root          39 may 16 19:33 hybrid_p3_aggressive_c50_004_pqc_client_6_summary.txt
-rw-r--r-- 1 root     root        2025 may 16 19:33 hybrid_p3_aggressive_c50_004_pqc_client_client_err.txt
-rw-r--r-- 1 root     root       23283 may 16 19:33 hybrid_p3_aggressive_c50_004_pqc_client_client.txt
-rw-r--r-- 1 root     root          37 may 16 19:33 hybrid_p3_aggressive_c50_004_pqc_client_summary.txt
=== resumen por cliente ===
[*] Perfil poisson_jitter: llegadas no sincronizadas con Poisson+jitter
[*] pqc_client <= plan: 1:0.007176 7:0.007176 13:0.007176 19:0.007176 25:0.007176 31:0.007176 37:0.007176 43:0.007176 49:0.007176
[*] pqc_client_2 <= plan: 2:0.007176 8:0.007176 14:0.007176 20:0.007176 26:0.007176 32:0.007176 38:0.007176 44:0.007176 50:0.007176
[*] pqc_client_3 <= plan: 3:0.007176 9:0.007176 15:0.007176 21:0.007176 27:0.007176 33:0.007176 39:0.007176 45:0.007176
[*] pqc_client_4 <= plan: 4:0.007176 10:0.007176 16:0.007176 22:0.007176 28:0.007176 34:0.007176 40:0.007176 46:0.007176
[*] pqc_client_5 <= plan: 5:0.007176 11:0.007176 17:0.007176 23:0.007176 29:0.007176 35:0.007176 41:0.007176 47:0.007176
[*] pqc_client_6 <= plan: 6:0.007176 12:0.007176 18:0.007176 24:0.007176 30:0.007176 36:0.007176 42:0.007176 48:0.007176
client=pqc_client total=9 ok=9 err=0
client=pqc_client_2 total=9 ok=9 err=0
client=pqc_client_3 total=8 ok=8 err=0
client=pqc_client_4 total=8 ok=8 err=0
client=pqc_client_5 total=8 ok=8 err=0
client=pqc_client_6 total=8 ok=8 err=0
[*] Resumen guardado en: results/hybrid_p3_aggressive_c50_004_resource_summary.txt
RUN_ID: hybrid_p3_aggressive_c50_004
CSV: results/hybrid_p3_aggressive_c50_004_docker_stats.csv

=== Resumen CPU% y MEM% (avg / max) por contenedor ===
pqc_client_2 -> CPU avg=0.31%, CPU max=1.25%, MEM avg=0.12%, MEM max=0.25%
pqc_client_3 -> CPU avg=0.56%, CPU max=1.69%, MEM avg=0.13%, MEM max=0.27%
pqc_monitor -> CPU avg=0.09%, CPU max=0.25%, MEM avg=0.11%, MEM max=0.11%
pqc_client_4 -> CPU avg=0.41%, CPU max=1.64%, MEM avg=0.12%, MEM max=0.26%
pqc_client_5 -> CPU avg=0.00%, CPU max=0.00%, MEM avg=0.17%, MEM max=0.26%
pqc_server -> CPU avg=1.04%, CPU max=2.19%, MEM avg=0.11%, MEM max=0.11%
pqc_client_6 -> CPU avg=0.35%, CPU max=1.41%, MEM avg=0.21%, MEM max=0.31%
pqc_client -> CPU avg=1.14%, CPU max=4.55%, MEM avg=0.12%, MEM max=0.13%
[2026-05-16 19:34:01] [*] Parando captura en pqc_monitor para hybrid_p3_aggressive_c50_004
[*] Métricas TXT guardadas en results/hybrid_p3_aggressive_c50_004_metrics.txt
[*] Métricas CSV guardadas en results/hybrid_p3_aggressive_c50_004_metrics.csv
[2026-05-16 19:34:26] === RUN END: hybrid_p3_aggressive_c50_004 ===

[2026-05-16 19:34:26] === RUN START: hybrid_p3_aggressive_c50_005 ===
[2026-05-16 19:34:26] [*] Arrancando captura en pqc_monitor (eth0) para hybrid_p3_aggressive_c50_005
[*] Guardando muestras en: results/hybrid_p3_aggressive_c50_005_docker_stats.csv
[*] Ejecutando comando medido: bash -lc ./scripts/run_client_once_rafaga_hibrido.sh hybrid_p3_aggressive_c50_005 50; sleep 3
[*] Ráfaga híbrida completada: 50 conexiones en 6 clientes (poisson_jitter)
=== host results ===
-rw-rw-r-- 1 cristian cristian   11250 may 16 19:34 hybrid_p3_aggressive_c50_005_client_err.txt
-rw-rw-r-- 1 cristian cristian    1049 may 16 19:34 hybrid_p3_aggressive_c50_005_client.txt
-rw-rw-r-- 1 cristian cristian    1636 may 16 19:34 hybrid_p3_aggressive_c50_005_docker_stats.csv
-rw-r--r-- 1 root     root        2025 may 16 19:34 hybrid_p3_aggressive_c50_005_pqc_client_2_client_err.txt
-rw-r--r-- 1 root     root       23283 may 16 19:34 hybrid_p3_aggressive_c50_005_pqc_client_2_client.txt
-rw-r--r-- 1 root     root          39 may 16 19:34 hybrid_p3_aggressive_c50_005_pqc_client_2_summary.txt
-rw-r--r-- 1 root     root        1800 may 16 19:34 hybrid_p3_aggressive_c50_005_pqc_client_3_client_err.txt
-rw-r--r-- 1 root     root       20696 may 16 19:34 hybrid_p3_aggressive_c50_005_pqc_client_3_client.txt
-rw-r--r-- 1 root     root          39 may 16 19:34 hybrid_p3_aggressive_c50_005_pqc_client_3_summary.txt
-rw-r--r-- 1 root     root        1800 may 16 19:34 hybrid_p3_aggressive_c50_005_pqc_client_4_client_err.txt
-rw-r--r-- 1 root     root       20696 may 16 19:34 hybrid_p3_aggressive_c50_005_pqc_client_4_client.txt
-rw-r--r-- 1 root     root          39 may 16 19:34 hybrid_p3_aggressive_c50_005_pqc_client_4_summary.txt
-rw-r--r-- 1 root     root        1800 may 16 19:34 hybrid_p3_aggressive_c50_005_pqc_client_5_client_err.txt
-rw-r--r-- 1 root     root       20696 may 16 19:34 hybrid_p3_aggressive_c50_005_pqc_client_5_client.txt
-rw-r--r-- 1 root     root          39 may 16 19:34 hybrid_p3_aggressive_c50_005_pqc_client_5_summary.txt
-rw-r--r-- 1 root     root        1800 may 16 19:34 hybrid_p3_aggressive_c50_005_pqc_client_6_client_err.txt
-rw-r--r-- 1 root     root       20696 may 16 19:34 hybrid_p3_aggressive_c50_005_pqc_client_6_client.txt
-rw-r--r-- 1 root     root          39 may 16 19:34 hybrid_p3_aggressive_c50_005_pqc_client_6_summary.txt
-rw-r--r-- 1 root     root        2025 may 16 19:34 hybrid_p3_aggressive_c50_005_pqc_client_client_err.txt
-rw-r--r-- 1 root     root       23283 may 16 19:34 hybrid_p3_aggressive_c50_005_pqc_client_client.txt
-rw-r--r-- 1 root     root          37 may 16 19:34 hybrid_p3_aggressive_c50_005_pqc_client_summary.txt
=== resumen por cliente ===
[*] Perfil poisson_jitter: llegadas no sincronizadas con Poisson+jitter
[*] pqc_client <= plan: 1:0.003608 7:0.003608 13:0.003608 19:0.003608 25:0.003608 31:0.003608 37:0.003608 43:0.003608 49:0.003608
[*] pqc_client_2 <= plan: 2:0.003608 8:0.003608 14:0.003608 20:0.003608 26:0.003608 32:0.003608 38:0.003608 44:0.003608 50:0.003608
[*] pqc_client_3 <= plan: 3:0.003608 9:0.003608 15:0.003608 21:0.003608 27:0.003608 33:0.003608 39:0.003608 45:0.003608
[*] pqc_client_4 <= plan: 4:0.003608 10:0.003608 16:0.003608 22:0.003608 28:0.003608 34:0.003608 40:0.003608 46:0.003608
[*] pqc_client_5 <= plan: 5:0.003608 11:0.003608 17:0.003608 23:0.003608 29:0.003608 35:0.003608 41:0.003608 47:0.003608
[*] pqc_client_6 <= plan: 6:0.003608 12:0.003608 18:0.003608 24:0.003608 30:0.003608 36:0.003608 42:0.003608 48:0.003608
client=pqc_client total=9 ok=9 err=0
client=pqc_client_2 total=9 ok=9 err=0
client=pqc_client_3 total=8 ok=8 err=0
client=pqc_client_4 total=8 ok=8 err=0
client=pqc_client_5 total=8 ok=8 err=0
client=pqc_client_6 total=8 ok=8 err=0
[*] Resumen guardado en: results/hybrid_p3_aggressive_c50_005_resource_summary.txt
RUN_ID: hybrid_p3_aggressive_c50_005
CSV: results/hybrid_p3_aggressive_c50_005_docker_stats.csv

=== Resumen CPU% y MEM% (avg / max) por contenedor ===
pqc_client_2 -> CPU avg=6.71%, CPU max=26.83%, MEM avg=0.13%, MEM max=0.27%
pqc_client_3 -> CPU avg=0.43%, CPU max=1.74%, MEM avg=0.13%, MEM max=0.27%
pqc_monitor -> CPU avg=0.17%, CPU max=0.36%, MEM avg=0.11%, MEM max=0.11%
pqc_client_4 -> CPU avg=0.91%, CPU max=3.62%, MEM avg=0.12%, MEM max=0.26%
pqc_client_5 -> CPU avg=0.00%, CPU max=0.00%, MEM avg=0.17%, MEM max=0.26%
pqc_server -> CPU avg=0.88%, CPU max=2.38%, MEM avg=0.11%, MEM max=0.11%
pqc_client_6 -> CPU avg=0.08%, CPU max=0.31%, MEM avg=0.22%, MEM max=0.32%
pqc_client -> CPU avg=0.55%, CPU max=2.18%, MEM avg=0.14%, MEM max=0.23%
[2026-05-16 19:34:42] [*] Parando captura en pqc_monitor para hybrid_p3_aggressive_c50_005
[*] Métricas TXT guardadas en results/hybrid_p3_aggressive_c50_005_metrics.txt
[*] Métricas CSV guardadas en results/hybrid_p3_aggressive_c50_005_metrics.csv
[2026-05-16 19:35:08] === RUN END: hybrid_p3_aggressive_c50_005 ===

[2026-05-16 19:35:08] === RUN START: hybrid_p3_soft_c50_001 ===
[2026-05-16 19:35:08] [*] Arrancando captura en pqc_monitor (eth0) para hybrid_p3_soft_c50_001
[*] Guardando muestras en: results/hybrid_p3_soft_c50_001_docker_stats.csv
[*] Ejecutando comando medido: bash -lc ./scripts/run_client_once_rafaga_hibrido.sh hybrid_p3_soft_c50_001 50; sleep 3
[*] Ráfaga híbrida completada: 50 conexiones en 6 clientes (poisson_jitter)
=== host results ===
-rw-rw-r-- 1 cristian cristian   11250 may 16 19:35 hybrid_p3_soft_c50_001_client_err.txt
-rw-rw-r-- 1 cristian cristian    1049 may 16 19:35 hybrid_p3_soft_c50_001_client.txt
-rw-rw-r-- 1 cristian cristian    1629 may 16 19:35 hybrid_p3_soft_c50_001_docker_stats.csv
-rw-r--r-- 1 root     root        2025 may 16 19:35 hybrid_p3_soft_c50_001_pqc_client_2_client_err.txt
-rw-r--r-- 1 root     root       23283 may 16 19:35 hybrid_p3_soft_c50_001_pqc_client_2_client.txt
-rw-r--r-- 1 root     root          39 may 16 19:35 hybrid_p3_soft_c50_001_pqc_client_2_summary.txt
-rw-r--r-- 1 root     root        1800 may 16 19:35 hybrid_p3_soft_c50_001_pqc_client_3_client_err.txt
-rw-r--r-- 1 root     root       20696 may 16 19:35 hybrid_p3_soft_c50_001_pqc_client_3_client.txt
-rw-r--r-- 1 root     root          39 may 16 19:35 hybrid_p3_soft_c50_001_pqc_client_3_summary.txt
-rw-r--r-- 1 root     root        1800 may 16 19:35 hybrid_p3_soft_c50_001_pqc_client_4_client_err.txt
-rw-r--r-- 1 root     root       20696 may 16 19:35 hybrid_p3_soft_c50_001_pqc_client_4_client.txt
-rw-r--r-- 1 root     root          39 may 16 19:35 hybrid_p3_soft_c50_001_pqc_client_4_summary.txt
-rw-r--r-- 1 root     root        1800 may 16 19:35 hybrid_p3_soft_c50_001_pqc_client_5_client_err.txt
-rw-r--r-- 1 root     root       20696 may 16 19:35 hybrid_p3_soft_c50_001_pqc_client_5_client.txt
-rw-r--r-- 1 root     root          39 may 16 19:35 hybrid_p3_soft_c50_001_pqc_client_5_summary.txt
-rw-r--r-- 1 root     root        1800 may 16 19:35 hybrid_p3_soft_c50_001_pqc_client_6_client_err.txt
-rw-r--r-- 1 root     root       20696 may 16 19:35 hybrid_p3_soft_c50_001_pqc_client_6_client.txt
-rw-r--r-- 1 root     root          39 may 16 19:35 hybrid_p3_soft_c50_001_pqc_client_6_summary.txt
-rw-r--r-- 1 root     root        2025 may 16 19:35 hybrid_p3_soft_c50_001_pqc_client_client_err.txt
-rw-r--r-- 1 root     root       23283 may 16 19:35 hybrid_p3_soft_c50_001_pqc_client_client.txt
-rw-r--r-- 1 root     root          37 may 16 19:35 hybrid_p3_soft_c50_001_pqc_client_summary.txt
=== resumen por cliente ===
[*] Perfil poisson_jitter: llegadas no sincronizadas con Poisson+jitter
[*] pqc_client <= plan: 1:0.118885 7:0.118885 13:0.118885 19:0.118885 25:0.118885 31:0.118885 37:0.118885 43:0.118885 49:0.118885
[*] pqc_client_2 <= plan: 2:0.118885 8:0.118885 14:0.118885 20:0.118885 26:0.118885 32:0.118885 38:0.118885 44:0.118885 50:0.118885
[*] pqc_client_3 <= plan: 3:0.118885 9:0.118885 15:0.118885 21:0.118885 27:0.118885 33:0.118885 39:0.118885 45:0.118885
[*] pqc_client_4 <= plan: 4:0.118885 10:0.118885 16:0.118885 22:0.118885 28:0.118885 34:0.118885 40:0.118885 46:0.118885
[*] pqc_client_5 <= plan: 5:0.118885 11:0.118885 17:0.118885 23:0.118885 29:0.118885 35:0.118885 41:0.118885 47:0.118885
[*] pqc_client_6 <= plan: 6:0.118885 12:0.118885 18:0.118885 24:0.118885 30:0.118885 36:0.118885 42:0.118885 48:0.118885
client=pqc_client total=9 ok=9 err=0
client=pqc_client_2 total=9 ok=9 err=0
client=pqc_client_3 total=8 ok=8 err=0
client=pqc_client_4 total=8 ok=8 err=0
client=pqc_client_5 total=8 ok=8 err=0
client=pqc_client_6 total=8 ok=8 err=0
[*] Resumen guardado en: results/hybrid_p3_soft_c50_001_resource_summary.txt
RUN_ID: hybrid_p3_soft_c50_001
CSV: results/hybrid_p3_soft_c50_001_docker_stats.csv

=== Resumen CPU% y MEM% (avg / max) por contenedor ===
pqc_client_2 -> CPU avg=0.31%, CPU max=1.25%, MEM avg=0.13%, MEM max=0.27%
pqc_client_3 -> CPU avg=0.00%, CPU max=0.00%, MEM avg=0.13%, MEM max=0.27%
pqc_monitor -> CPU avg=0.12%, CPU max=0.21%, MEM avg=0.11%, MEM max=0.11%
pqc_client_4 -> CPU avg=0.45%, CPU max=1.28%, MEM avg=0.16%, MEM max=0.26%
pqc_client_5 -> CPU avg=1.05%, CPU max=2.90%, MEM avg=0.13%, MEM max=0.27%
pqc_server -> CPU avg=1.19%, CPU max=2.51%, MEM avg=0.11%, MEM max=0.11%
pqc_client_6 -> CPU avg=1.36%, CPU max=3.83%, MEM avg=0.20%, MEM max=0.32%
pqc_client -> CPU avg=7.11%, CPU max=28.43%, MEM avg=0.16%, MEM max=0.32%
[2026-05-16 19:35:24] [*] Parando captura en pqc_monitor para hybrid_p3_soft_c50_001
[*] Métricas TXT guardadas en results/hybrid_p3_soft_c50_001_metrics.txt
[*] Métricas CSV guardadas en results/hybrid_p3_soft_c50_001_metrics.csv
[2026-05-16 19:35:49] === RUN END: hybrid_p3_soft_c50_001 ===

[2026-05-16 19:35:49] === RUN START: hybrid_p3_soft_c50_002 ===
[2026-05-16 19:35:49] [*] Arrancando captura en pqc_monitor (eth0) para hybrid_p3_soft_c50_002
[*] Guardando muestras en: results/hybrid_p3_soft_c50_002_docker_stats.csv
[*] Ejecutando comando medido: bash -lc ./scripts/run_client_once_rafaga_hibrido.sh hybrid_p3_soft_c50_002 50; sleep 3
[*] Ráfaga híbrida completada: 50 conexiones en 6 clientes (poisson_jitter)
=== host results ===
-rw-rw-r-- 1 cristian cristian   11250 may 16 19:35 hybrid_p3_soft_c50_002_client_err.txt
-rw-rw-r-- 1 cristian cristian    1049 may 16 19:35 hybrid_p3_soft_c50_002_client.txt
-rw-rw-r-- 1 cristian cristian    1644 may 16 19:35 hybrid_p3_soft_c50_002_docker_stats.csv
-rw-r--r-- 1 root     root        2025 may 16 19:35 hybrid_p3_soft_c50_002_pqc_client_2_client_err.txt
-rw-r--r-- 1 root     root       23283 may 16 19:35 hybrid_p3_soft_c50_002_pqc_client_2_client.txt
-rw-r--r-- 1 root     root          39 may 16 19:35 hybrid_p3_soft_c50_002_pqc_client_2_summary.txt
-rw-r--r-- 1 root     root        1800 may 16 19:35 hybrid_p3_soft_c50_002_pqc_client_3_client_err.txt
-rw-r--r-- 1 root     root       20696 may 16 19:35 hybrid_p3_soft_c50_002_pqc_client_3_client.txt
-rw-r--r-- 1 root     root          39 may 16 19:35 hybrid_p3_soft_c50_002_pqc_client_3_summary.txt
-rw-r--r-- 1 root     root        1800 may 16 19:35 hybrid_p3_soft_c50_002_pqc_client_4_client_err.txt
-rw-r--r-- 1 root     root       20696 may 16 19:35 hybrid_p3_soft_c50_002_pqc_client_4_client.txt
-rw-r--r-- 1 root     root          39 may 16 19:35 hybrid_p3_soft_c50_002_pqc_client_4_summary.txt
-rw-r--r-- 1 root     root        1800 may 16 19:35 hybrid_p3_soft_c50_002_pqc_client_5_client_err.txt
-rw-r--r-- 1 root     root       20696 may 16 19:35 hybrid_p3_soft_c50_002_pqc_client_5_client.txt
-rw-r--r-- 1 root     root          39 may 16 19:35 hybrid_p3_soft_c50_002_pqc_client_5_summary.txt
-rw-r--r-- 1 root     root        1800 may 16 19:35 hybrid_p3_soft_c50_002_pqc_client_6_client_err.txt
-rw-r--r-- 1 root     root       20696 may 16 19:35 hybrid_p3_soft_c50_002_pqc_client_6_client.txt
-rw-r--r-- 1 root     root          39 may 16 19:35 hybrid_p3_soft_c50_002_pqc_client_6_summary.txt
-rw-r--r-- 1 root     root        2025 may 16 19:35 hybrid_p3_soft_c50_002_pqc_client_client_err.txt
-rw-r--r-- 1 root     root       23283 may 16 19:35 hybrid_p3_soft_c50_002_pqc_client_client.txt
-rw-r--r-- 1 root     root          37 may 16 19:35 hybrid_p3_soft_c50_002_pqc_client_summary.txt
=== resumen por cliente ===
[*] Perfil poisson_jitter: llegadas no sincronizadas con Poisson+jitter
[*] pqc_client <= plan: 1:0.098307 7:0.098307 13:0.098307 19:0.098307 25:0.098307 31:0.098307 37:0.098307 43:0.098307 49:0.098307
[*] pqc_client_2 <= plan: 2:0.098307 8:0.098307 14:0.098307 20:0.098307 26:0.098307 32:0.098307 38:0.098307 44:0.098307 50:0.098307
[*] pqc_client_3 <= plan: 3:0.098307 9:0.098307 15:0.098307 21:0.098307 27:0.098307 33:0.098307 39:0.098307 45:0.098307
[*] pqc_client_4 <= plan: 4:0.098307 10:0.098307 16:0.098307 22:0.098307 28:0.098307 34:0.098307 40:0.098307 46:0.098307
[*] pqc_client_5 <= plan: 5:0.098307 11:0.098307 17:0.098307 23:0.098307 29:0.098307 35:0.098307 41:0.098307 47:0.098307
[*] pqc_client_6 <= plan: 6:0.098307 12:0.098307 18:0.098307 24:0.098307 30:0.098307 36:0.098307 42:0.098307 48:0.098307
client=pqc_client total=9 ok=9 err=0
client=pqc_client_2 total=9 ok=9 err=0
client=pqc_client_3 total=8 ok=8 err=0
client=pqc_client_4 total=8 ok=8 err=0
client=pqc_client_5 total=8 ok=8 err=0
client=pqc_client_6 total=8 ok=8 err=0
[*] Resumen guardado en: results/hybrid_p3_soft_c50_002_resource_summary.txt
RUN_ID: hybrid_p3_soft_c50_002
CSV: results/hybrid_p3_soft_c50_002_docker_stats.csv

=== Resumen CPU% y MEM% (avg / max) por contenedor ===
pqc_client_2 -> CPU avg=0.03%, CPU max=0.13%, MEM avg=0.14%, MEM max=0.29%
pqc_client_3 -> CPU avg=0.14%, CPU max=0.56%, MEM avg=0.13%, MEM max=0.27%
pqc_monitor -> CPU avg=0.10%, CPU max=0.13%, MEM avg=0.11%, MEM max=0.11%
pqc_client_4 -> CPU avg=0.53%, CPU max=2.12%, MEM avg=0.12%, MEM max=0.26%
pqc_client_5 -> CPU avg=1.46%, CPU max=4.76%, MEM avg=0.13%, MEM max=0.27%
pqc_server -> CPU avg=1.09%, CPU max=2.25%, MEM avg=0.11%, MEM max=0.11%
pqc_client_6 -> CPU avg=0.44%, CPU max=1.77%, MEM avg=0.23%, MEM max=0.32%
pqc_client -> CPU avg=1.59%, CPU max=6.38%, MEM avg=0.11%, MEM max=0.11%
[2026-05-16 19:36:06] [*] Parando captura en pqc_monitor para hybrid_p3_soft_c50_002
[*] Métricas TXT guardadas en results/hybrid_p3_soft_c50_002_metrics.txt
[*] Métricas CSV guardadas en results/hybrid_p3_soft_c50_002_metrics.csv
[2026-05-16 19:36:32] === RUN END: hybrid_p3_soft_c50_002 ===

[2026-05-16 19:36:32] === RUN START: hybrid_p3_soft_c50_003 ===
[2026-05-16 19:36:32] [*] Arrancando captura en pqc_monitor (eth0) para hybrid_p3_soft_c50_003
[*] Guardando muestras en: results/hybrid_p3_soft_c50_003_docker_stats.csv
[*] Ejecutando comando medido: bash -lc ./scripts/run_client_once_rafaga_hibrido.sh hybrid_p3_soft_c50_003 50; sleep 3
[*] Ráfaga híbrida completada: 50 conexiones en 6 clientes (poisson_jitter)
=== host results ===
-rw-rw-r-- 1 cristian cristian   11250 may 16 19:36 hybrid_p3_soft_c50_003_client_err.txt
-rw-rw-r-- 1 cristian cristian    1049 may 16 19:36 hybrid_p3_soft_c50_003_client.txt
-rw-rw-r-- 1 cristian cristian    1442 may 16 19:36 hybrid_p3_soft_c50_003_docker_stats.csv
-rw-r--r-- 1 root     root        2025 may 16 19:36 hybrid_p3_soft_c50_003_pqc_client_2_client_err.txt
-rw-r--r-- 1 root     root       23283 may 16 19:36 hybrid_p3_soft_c50_003_pqc_client_2_client.txt
-rw-r--r-- 1 root     root          39 may 16 19:36 hybrid_p3_soft_c50_003_pqc_client_2_summary.txt
-rw-r--r-- 1 root     root        1800 may 16 19:36 hybrid_p3_soft_c50_003_pqc_client_3_client_err.txt
-rw-r--r-- 1 root     root       20696 may 16 19:36 hybrid_p3_soft_c50_003_pqc_client_3_client.txt
-rw-r--r-- 1 root     root          39 may 16 19:36 hybrid_p3_soft_c50_003_pqc_client_3_summary.txt
-rw-r--r-- 1 root     root        1800 may 16 19:36 hybrid_p3_soft_c50_003_pqc_client_4_client_err.txt
-rw-r--r-- 1 root     root       20696 may 16 19:36 hybrid_p3_soft_c50_003_pqc_client_4_client.txt
-rw-r--r-- 1 root     root          39 may 16 19:36 hybrid_p3_soft_c50_003_pqc_client_4_summary.txt
-rw-r--r-- 1 root     root        1800 may 16 19:36 hybrid_p3_soft_c50_003_pqc_client_5_client_err.txt
-rw-r--r-- 1 root     root       20696 may 16 19:36 hybrid_p3_soft_c50_003_pqc_client_5_client.txt
-rw-r--r-- 1 root     root          39 may 16 19:36 hybrid_p3_soft_c50_003_pqc_client_5_summary.txt
-rw-r--r-- 1 root     root        1800 may 16 19:36 hybrid_p3_soft_c50_003_pqc_client_6_client_err.txt
-rw-r--r-- 1 root     root       20696 may 16 19:36 hybrid_p3_soft_c50_003_pqc_client_6_client.txt
-rw-r--r-- 1 root     root          39 may 16 19:36 hybrid_p3_soft_c50_003_pqc_client_6_summary.txt
-rw-r--r-- 1 root     root        2025 may 16 19:36 hybrid_p3_soft_c50_003_pqc_client_client_err.txt
-rw-r--r-- 1 root     root       23283 may 16 19:36 hybrid_p3_soft_c50_003_pqc_client_client.txt
-rw-r--r-- 1 root     root          37 may 16 19:36 hybrid_p3_soft_c50_003_pqc_client_summary.txt
=== resumen por cliente ===
[*] Perfil poisson_jitter: llegadas no sincronizadas con Poisson+jitter
[*] pqc_client <= plan: 1:0.005006 7:0.005006 13:0.005006 19:0.005006 25:0.005006 31:0.005006 37:0.005006 43:0.005006 49:0.005006
[*] pqc_client_2 <= plan: 2:0.005006 8:0.005006 14:0.005006 20:0.005006 26:0.005006 32:0.005006 38:0.005006 44:0.005006 50:0.005006
[*] pqc_client_3 <= plan: 3:0.005006 9:0.005006 15:0.005006 21:0.005006 27:0.005006 33:0.005006 39:0.005006 45:0.005006
[*] pqc_client_4 <= plan: 4:0.005006 10:0.005006 16:0.005006 22:0.005006 28:0.005006 34:0.005006 40:0.005006 46:0.005006
[*] pqc_client_5 <= plan: 5:0.005006 11:0.005006 17:0.005006 23:0.005006 29:0.005006 35:0.005006 41:0.005006 47:0.005006
[*] pqc_client_6 <= plan: 6:0.005006 12:0.005006 18:0.005006 24:0.005006 30:0.005006 36:0.005006 42:0.005006 48:0.005006
client=pqc_client total=9 ok=9 err=0
client=pqc_client_2 total=9 ok=9 err=0
client=pqc_client_3 total=8 ok=8 err=0
client=pqc_client_4 total=8 ok=8 err=0
client=pqc_client_5 total=8 ok=8 err=0
client=pqc_client_6 total=8 ok=8 err=0
[*] Resumen guardado en: results/hybrid_p3_soft_c50_003_resource_summary.txt
RUN_ID: hybrid_p3_soft_c50_003
CSV: results/hybrid_p3_soft_c50_003_docker_stats.csv

=== Resumen CPU% y MEM% (avg / max) por contenedor ===
pqc_client_2 -> CPU avg=0.27%, CPU max=1.06%, MEM avg=0.14%, MEM max=0.27%
pqc_client_3 -> CPU avg=0.15%, CPU max=0.61%, MEM avg=0.12%, MEM max=0.25%
pqc_monitor -> CPU avg=0.19%, CPU max=0.42%, MEM avg=0.11%, MEM max=0.11%
pqc_client_4 -> CPU avg=0.60%, CPU max=2.39%, MEM avg=0.12%, MEM max=0.26%
pqc_client_5 -> CPU avg=0.85%, CPU max=3.42%, MEM avg=0.15%, MEM max=0.27%
pqc_server -> CPU avg=1.17%, CPU max=2.55%, MEM avg=0.11%, MEM max=0.11%
pqc_client_6 -> CPU avg=0.65%, CPU max=2.59%, MEM avg=0.20%, MEM max=0.32%
pqc_client -> CPU avg=1.27%, CPU max=5.09%, MEM avg=0.12%, MEM max=0.14%
[2026-05-16 19:36:48] [*] Parando captura en pqc_monitor para hybrid_p3_soft_c50_003
[*] Métricas TXT guardadas en results/hybrid_p3_soft_c50_003_metrics.txt
[*] Métricas CSV guardadas en results/hybrid_p3_soft_c50_003_metrics.csv
[2026-05-16 19:37:15] === RUN END: hybrid_p3_soft_c50_003 ===

[2026-05-16 19:37:15] === RUN START: hybrid_p3_soft_c50_004 ===
[2026-05-16 19:37:15] [*] Arrancando captura en pqc_monitor (eth0) para hybrid_p3_soft_c50_004
[*] Guardando muestras en: results/hybrid_p3_soft_c50_004_docker_stats.csv
[*] Ejecutando comando medido: bash -lc ./scripts/run_client_once_rafaga_hibrido.sh hybrid_p3_soft_c50_004 50; sleep 3
[*] Ráfaga híbrida completada: 50 conexiones en 6 clientes (poisson_jitter)
=== host results ===
-rw-rw-r-- 1 cristian cristian   11250 may 16 19:37 hybrid_p3_soft_c50_004_client_err.txt
-rw-rw-r-- 1 cristian cristian    1049 may 16 19:37 hybrid_p3_soft_c50_004_client.txt
-rw-rw-r-- 1 cristian cristian    1636 may 16 19:37 hybrid_p3_soft_c50_004_docker_stats.csv
-rw-r--r-- 1 root     root        2025 may 16 19:37 hybrid_p3_soft_c50_004_pqc_client_2_client_err.txt
-rw-r--r-- 1 root     root       23283 may 16 19:37 hybrid_p3_soft_c50_004_pqc_client_2_client.txt
-rw-r--r-- 1 root     root          39 may 16 19:37 hybrid_p3_soft_c50_004_pqc_client_2_summary.txt
-rw-r--r-- 1 root     root        1800 may 16 19:37 hybrid_p3_soft_c50_004_pqc_client_3_client_err.txt
-rw-r--r-- 1 root     root       20696 may 16 19:37 hybrid_p3_soft_c50_004_pqc_client_3_client.txt
-rw-r--r-- 1 root     root          39 may 16 19:37 hybrid_p3_soft_c50_004_pqc_client_3_summary.txt
-rw-r--r-- 1 root     root        1800 may 16 19:37 hybrid_p3_soft_c50_004_pqc_client_4_client_err.txt
-rw-r--r-- 1 root     root       20696 may 16 19:37 hybrid_p3_soft_c50_004_pqc_client_4_client.txt
-rw-r--r-- 1 root     root          39 may 16 19:37 hybrid_p3_soft_c50_004_pqc_client_4_summary.txt
-rw-r--r-- 1 root     root        1800 may 16 19:37 hybrid_p3_soft_c50_004_pqc_client_5_client_err.txt
-rw-r--r-- 1 root     root       20696 may 16 19:37 hybrid_p3_soft_c50_004_pqc_client_5_client.txt
-rw-r--r-- 1 root     root          39 may 16 19:37 hybrid_p3_soft_c50_004_pqc_client_5_summary.txt
-rw-r--r-- 1 root     root        1800 may 16 19:37 hybrid_p3_soft_c50_004_pqc_client_6_client_err.txt
-rw-r--r-- 1 root     root       20696 may 16 19:37 hybrid_p3_soft_c50_004_pqc_client_6_client.txt
-rw-r--r-- 1 root     root          39 may 16 19:37 hybrid_p3_soft_c50_004_pqc_client_6_summary.txt
-rw-r--r-- 1 root     root        2025 may 16 19:37 hybrid_p3_soft_c50_004_pqc_client_client_err.txt
-rw-r--r-- 1 root     root       23283 may 16 19:37 hybrid_p3_soft_c50_004_pqc_client_client.txt
-rw-r--r-- 1 root     root          37 may 16 19:37 hybrid_p3_soft_c50_004_pqc_client_summary.txt
=== resumen por cliente ===
[*] Perfil poisson_jitter: llegadas no sincronizadas con Poisson+jitter
[*] pqc_client <= plan: 1:0.268660 7:0.268660 13:0.268660 19:0.120483 25:0.120483 31:0.120483 37:0.120483 43:0.120483 49:0.120483
[*] pqc_client_2 <= plan: 2:0.268660 8:0.268660 14:0.120483 20:0.120483 26:0.120483 32:0.120483 38:0.120483 44:0.120483 50:0.120483
[*] pqc_client_3 <= plan: 3:0.268660 9:0.268660 15:0.120483 21:0.120483 27:0.120483 33:0.120483 39:0.120483 45:0.120483
[*] pqc_client_4 <= plan: 4:0.268660 10:0.268660 16:0.120483 22:0.120483 28:0.120483 34:0.120483 40:0.120483 46:0.120483
[*] pqc_client_5 <= plan: 5:0.268660 11:0.268660 17:0.120483 23:0.120483 29:0.120483 35:0.120483 41:0.120483 47:0.120483
[*] pqc_client_6 <= plan: 6:0.268660 12:0.268660 18:0.120483 24:0.120483 30:0.120483 36:0.120483 42:0.120483 48:0.120483
client=pqc_client total=9 ok=9 err=0
client=pqc_client_2 total=9 ok=9 err=0
client=pqc_client_3 total=8 ok=8 err=0
client=pqc_client_4 total=8 ok=8 err=0
client=pqc_client_5 total=8 ok=8 err=0
client=pqc_client_6 total=8 ok=8 err=0
[*] Resumen guardado en: results/hybrid_p3_soft_c50_004_resource_summary.txt
RUN_ID: hybrid_p3_soft_c50_004
CSV: results/hybrid_p3_soft_c50_004_docker_stats.csv

=== Resumen CPU% y MEM% (avg / max) por contenedor ===
pqc_client_2 -> CPU avg=1.41%, CPU max=2.96%, MEM avg=0.12%, MEM max=0.23%
pqc_client_3 -> CPU avg=0.10%, CPU max=0.40%, MEM avg=0.14%, MEM max=0.27%
pqc_monitor -> CPU avg=0.06%, CPU max=0.13%, MEM avg=0.11%, MEM max=0.11%
pqc_client_4 -> CPU avg=0.11%, CPU max=0.43%, MEM avg=0.14%, MEM max=0.26%
pqc_client_5 -> CPU avg=0.64%, CPU max=2.13%, MEM avg=0.14%, MEM max=0.27%
pqc_server -> CPU avg=1.20%, CPU max=2.40%, MEM avg=0.11%, MEM max=0.11%
pqc_client_6 -> CPU avg=1.40%, CPU max=3.64%, MEM avg=0.21%, MEM max=0.32%
pqc_client -> CPU avg=0.90%, CPU max=3.58%, MEM avg=0.13%, MEM max=0.18%
[2026-05-16 19:37:31] [*] Parando captura en pqc_monitor para hybrid_p3_soft_c50_004
[*] Métricas TXT guardadas en results/hybrid_p3_soft_c50_004_metrics.txt
[*] Métricas CSV guardadas en results/hybrid_p3_soft_c50_004_metrics.csv
[2026-05-16 19:37:56] === RUN END: hybrid_p3_soft_c50_004 ===

[2026-05-16 19:37:56] === RUN START: hybrid_p3_soft_c50_005 ===
[2026-05-16 19:37:56] [*] Arrancando captura en pqc_monitor (eth0) para hybrid_p3_soft_c50_005
[*] Guardando muestras en: results/hybrid_p3_soft_c50_005_docker_stats.csv
[*] Ejecutando comando medido: bash -lc ./scripts/run_client_once_rafaga_hibrido.sh hybrid_p3_soft_c50_005 50; sleep 3
[*] Ráfaga híbrida completada: 50 conexiones en 6 clientes (poisson_jitter)
=== host results ===
-rw-rw-r-- 1 cristian cristian   11250 may 16 19:38 hybrid_p3_soft_c50_005_client_err.txt
-rw-rw-r-- 1 cristian cristian    1049 may 16 19:38 hybrid_p3_soft_c50_005_client.txt
-rw-rw-r-- 1 cristian cristian    1629 may 16 19:38 hybrid_p3_soft_c50_005_docker_stats.csv
-rw-r--r-- 1 root     root        2025 may 16 19:38 hybrid_p3_soft_c50_005_pqc_client_2_client_err.txt
-rw-r--r-- 1 root     root       23283 may 16 19:38 hybrid_p3_soft_c50_005_pqc_client_2_client.txt
-rw-r--r-- 1 root     root          39 may 16 19:38 hybrid_p3_soft_c50_005_pqc_client_2_summary.txt
-rw-r--r-- 1 root     root        1800 may 16 19:38 hybrid_p3_soft_c50_005_pqc_client_3_client_err.txt
-rw-r--r-- 1 root     root       20696 may 16 19:38 hybrid_p3_soft_c50_005_pqc_client_3_client.txt
-rw-r--r-- 1 root     root          39 may 16 19:38 hybrid_p3_soft_c50_005_pqc_client_3_summary.txt
-rw-r--r-- 1 root     root        1800 may 16 19:38 hybrid_p3_soft_c50_005_pqc_client_4_client_err.txt
-rw-r--r-- 1 root     root       20696 may 16 19:38 hybrid_p3_soft_c50_005_pqc_client_4_client.txt
-rw-r--r-- 1 root     root          39 may 16 19:38 hybrid_p3_soft_c50_005_pqc_client_4_summary.txt
-rw-r--r-- 1 root     root        1800 may 16 19:38 hybrid_p3_soft_c50_005_pqc_client_5_client_err.txt
-rw-r--r-- 1 root     root       20696 may 16 19:38 hybrid_p3_soft_c50_005_pqc_client_5_client.txt
-rw-r--r-- 1 root     root          39 may 16 19:38 hybrid_p3_soft_c50_005_pqc_client_5_summary.txt
-rw-r--r-- 1 root     root        1800 may 16 19:38 hybrid_p3_soft_c50_005_pqc_client_6_client_err.txt
-rw-r--r-- 1 root     root       20696 may 16 19:38 hybrid_p3_soft_c50_005_pqc_client_6_client.txt
-rw-r--r-- 1 root     root          39 may 16 19:38 hybrid_p3_soft_c50_005_pqc_client_6_summary.txt
-rw-r--r-- 1 root     root        2025 may 16 19:38 hybrid_p3_soft_c50_005_pqc_client_client_err.txt
-rw-r--r-- 1 root     root       23283 may 16 19:38 hybrid_p3_soft_c50_005_pqc_client_client.txt
-rw-r--r-- 1 root     root          37 may 16 19:38 hybrid_p3_soft_c50_005_pqc_client_summary.txt
=== resumen por cliente ===
[*] Perfil poisson_jitter: llegadas no sincronizadas con Poisson+jitter
[*] pqc_client <= plan: 1:0.062191 7:0.062191 13:0.062191 19:0.062191 25:0.062191 31:0.062191 37:0.062191 43:0.062191 49:0.062191
[*] pqc_client_2 <= plan: 2:0.062191 8:0.062191 14:0.062191 20:0.062191 26:0.062191 32:0.062191 38:0.062191 44:0.062191 50:0.062191
[*] pqc_client_3 <= plan: 3:0.062191 9:0.062191 15:0.062191 21:0.062191 27:0.062191 33:0.062191 39:0.062191 45:0.062191
[*] pqc_client_4 <= plan: 4:0.062191 10:0.062191 16:0.062191 22:0.062191 28:0.062191 34:0.062191 40:0.062191 46:0.062191
[*] pqc_client_5 <= plan: 5:0.062191 11:0.062191 17:0.062191 23:0.062191 29:0.062191 35:0.062191 41:0.062191 47:0.062191
[*] pqc_client_6 <= plan: 6:0.062191 12:0.062191 18:0.062191 24:0.062191 30:0.062191 36:0.062191 42:0.062191 48:0.062191
client=pqc_client total=9 ok=9 err=0
client=pqc_client_2 total=9 ok=9 err=0
client=pqc_client_3 total=8 ok=8 err=0
client=pqc_client_4 total=8 ok=8 err=0
client=pqc_client_5 total=8 ok=8 err=0
client=pqc_client_6 total=8 ok=8 err=0
[*] Resumen guardado en: results/hybrid_p3_soft_c50_005_resource_summary.txt
RUN_ID: hybrid_p3_soft_c50_005
CSV: results/hybrid_p3_soft_c50_005_docker_stats.csv

=== Resumen CPU% y MEM% (avg / max) por contenedor ===
pqc_client_2 -> CPU avg=0.12%, CPU max=0.46%, MEM avg=0.14%, MEM max=0.30%
pqc_client_3 -> CPU avg=0.00%, CPU max=0.00%, MEM avg=0.13%, MEM max=0.27%
pqc_monitor -> CPU avg=0.08%, CPU max=0.19%, MEM avg=0.11%, MEM max=0.11%
pqc_client_4 -> CPU avg=1.14%, CPU max=4.44%, MEM avg=0.12%, MEM max=0.26%
pqc_client_5 -> CPU avg=0.30%, CPU max=1.21%, MEM avg=0.17%, MEM max=0.27%
pqc_server -> CPU avg=1.27%, CPU max=2.54%, MEM avg=0.11%, MEM max=0.11%
pqc_client_6 -> CPU avg=0.89%, CPU max=2.12%, MEM avg=0.20%, MEM max=0.32%
pqc_client -> CPU avg=1.67%, CPU max=6.66%, MEM avg=0.11%, MEM max=0.11%
[2026-05-16 19:38:12] [*] Parando captura en pqc_monitor para hybrid_p3_soft_c50_005
[*] Métricas TXT guardadas en results/hybrid_p3_soft_c50_005_metrics.txt
[*] Métricas CSV guardadas en results/hybrid_p3_soft_c50_005_metrics.csv
[2026-05-16 19:38:38] === RUN END: hybrid_p3_soft_c50_005 ===

[2026-05-16 19:38:38] === RUN START: hybrid_p3_stress_c50_001 ===
[2026-05-16 19:38:38] [*] Arrancando captura en pqc_monitor (eth0) para hybrid_p3_stress_c50_001
[*] Guardando muestras en: results/hybrid_p3_stress_c50_001_docker_stats.csv
[*] Ejecutando comando medido: bash -lc ./scripts/run_client_once_rafaga_hibrido.sh hybrid_p3_stress_c50_001 50; sleep 3
[*] Ráfaga híbrida completada: 50 conexiones en 6 clientes (stress)
=== host results ===
-rw-rw-r-- 1 cristian cristian   11250 may 16 19:38 hybrid_p3_stress_c50_001_client_err.txt
-rw-rw-r-- 1 cristian cristian     690 may 16 19:38 hybrid_p3_stress_c50_001_client.txt
-rw-rw-r-- 1 cristian cristian    1637 may 16 19:38 hybrid_p3_stress_c50_001_docker_stats.csv
-rw-r--r-- 1 root     root        2025 may 16 19:38 hybrid_p3_stress_c50_001_pqc_client_2_client_err.txt
-rw-r--r-- 1 root     root       23283 may 16 19:38 hybrid_p3_stress_c50_001_pqc_client_2_client.txt
-rw-r--r-- 1 root     root          39 may 16 19:38 hybrid_p3_stress_c50_001_pqc_client_2_summary.txt
-rw-r--r-- 1 root     root        1800 may 16 19:38 hybrid_p3_stress_c50_001_pqc_client_3_client_err.txt
-rw-r--r-- 1 root     root       20696 may 16 19:38 hybrid_p3_stress_c50_001_pqc_client_3_client.txt
-rw-r--r-- 1 root     root          39 may 16 19:38 hybrid_p3_stress_c50_001_pqc_client_3_summary.txt
-rw-r--r-- 1 root     root        1800 may 16 19:38 hybrid_p3_stress_c50_001_pqc_client_4_client_err.txt
-rw-r--r-- 1 root     root       20696 may 16 19:38 hybrid_p3_stress_c50_001_pqc_client_4_client.txt
-rw-r--r-- 1 root     root          39 may 16 19:38 hybrid_p3_stress_c50_001_pqc_client_4_summary.txt
-rw-r--r-- 1 root     root        1800 may 16 19:38 hybrid_p3_stress_c50_001_pqc_client_5_client_err.txt
-rw-r--r-- 1 root     root       20696 may 16 19:38 hybrid_p3_stress_c50_001_pqc_client_5_client.txt
-rw-r--r-- 1 root     root          39 may 16 19:38 hybrid_p3_stress_c50_001_pqc_client_5_summary.txt
-rw-r--r-- 1 root     root        1800 may 16 19:38 hybrid_p3_stress_c50_001_pqc_client_6_client_err.txt
-rw-r--r-- 1 root     root       20696 may 16 19:38 hybrid_p3_stress_c50_001_pqc_client_6_client.txt
-rw-r--r-- 1 root     root          39 may 16 19:38 hybrid_p3_stress_c50_001_pqc_client_6_summary.txt
-rw-r--r-- 1 root     root        2025 may 16 19:38 hybrid_p3_stress_c50_001_pqc_client_client_err.txt
-rw-r--r-- 1 root     root       23283 may 16 19:38 hybrid_p3_stress_c50_001_pqc_client_client.txt
-rw-r--r-- 1 root     root          37 may 16 19:38 hybrid_p3_stress_c50_001_pqc_client_summary.txt
=== resumen por cliente ===
[*] Perfil stress: conexiones totalmente paralelas por cliente
[*] pqc_client <= plan: 1:0 7:0 13:0 19:0 25:0 31:0 37:0 43:0 49:0
[*] pqc_client_2 <= plan: 2:0 8:0 14:0 20:0 26:0 32:0 38:0 44:0 50:0
[*] pqc_client_3 <= plan: 3:0 9:0 15:0 21:0 27:0 33:0 39:0 45:0
[*] pqc_client_4 <= plan: 4:0 10:0 16:0 22:0 28:0 34:0 40:0 46:0
[*] pqc_client_5 <= plan: 5:0 11:0 17:0 23:0 29:0 35:0 41:0 47:0
[*] pqc_client_6 <= plan: 6:0 12:0 18:0 24:0 30:0 36:0 42:0 48:0
client=pqc_client total=9 ok=9 err=0
client=pqc_client_2 total=9 ok=9 err=0
client=pqc_client_3 total=8 ok=8 err=0
client=pqc_client_4 total=8 ok=8 err=0
client=pqc_client_5 total=8 ok=8 err=0
client=pqc_client_6 total=8 ok=8 err=0
[*] Resumen guardado en: results/hybrid_p3_stress_c50_001_resource_summary.txt
RUN_ID: hybrid_p3_stress_c50_001
CSV: results/hybrid_p3_stress_c50_001_docker_stats.csv

=== Resumen CPU% y MEM% (avg / max) por contenedor ===
pqc_client_2 -> CPU avg=0.29%, CPU max=1.17%, MEM avg=0.13%, MEM max=0.28%
pqc_client_3 -> CPU avg=0.29%, CPU max=1.17%, MEM avg=0.15%, MEM max=0.28%
pqc_monitor -> CPU avg=0.13%, CPU max=0.20%, MEM avg=0.11%, MEM max=0.11%
pqc_client_4 -> CPU avg=6.63%, CPU max=25.12%, MEM avg=0.13%, MEM max=0.27%
pqc_client_5 -> CPU avg=0.13%, CPU max=0.51%, MEM avg=0.15%, MEM max=0.27%
pqc_server -> CPU avg=0.60%, CPU max=1.21%, MEM avg=0.11%, MEM max=0.11%
pqc_client_6 -> CPU avg=0.00%, CPU max=0.00%, MEM avg=0.23%, MEM max=0.32%
pqc_client -> CPU avg=0.54%, CPU max=2.15%, MEM avg=0.12%, MEM max=0.14%
[2026-05-16 19:38:54] [*] Parando captura en pqc_monitor para hybrid_p3_stress_c50_001
[*] Métricas TXT guardadas en results/hybrid_p3_stress_c50_001_metrics.txt
[*] Métricas CSV guardadas en results/hybrid_p3_stress_c50_001_metrics.csv
[2026-05-16 19:39:19] === RUN END: hybrid_p3_stress_c50_001 ===

[2026-05-16 19:39:19] === RUN START: hybrid_p3_stress_c50_002 ===
[2026-05-16 19:39:19] [*] Arrancando captura en pqc_monitor (eth0) para hybrid_p3_stress_c50_002
[*] Guardando muestras en: results/hybrid_p3_stress_c50_002_docker_stats.csv
[*] Ejecutando comando medido: bash -lc ./scripts/run_client_once_rafaga_hibrido.sh hybrid_p3_stress_c50_002 50; sleep 3
[*] Ráfaga híbrida completada: 50 conexiones en 6 clientes (stress)
=== host results ===
-rw-rw-r-- 1 cristian cristian   11250 may 16 19:39 hybrid_p3_stress_c50_002_client_err.txt
-rw-rw-r-- 1 cristian cristian     690 may 16 19:39 hybrid_p3_stress_c50_002_client.txt
-rw-rw-r-- 1 cristian cristian    1446 may 16 19:39 hybrid_p3_stress_c50_002_docker_stats.csv
-rw-r--r-- 1 root     root        2025 may 16 19:39 hybrid_p3_stress_c50_002_pqc_client_2_client_err.txt
-rw-r--r-- 1 root     root       23283 may 16 19:39 hybrid_p3_stress_c50_002_pqc_client_2_client.txt
-rw-r--r-- 1 root     root          39 may 16 19:39 hybrid_p3_stress_c50_002_pqc_client_2_summary.txt
-rw-r--r-- 1 root     root        1800 may 16 19:39 hybrid_p3_stress_c50_002_pqc_client_3_client_err.txt
-rw-r--r-- 1 root     root       20696 may 16 19:39 hybrid_p3_stress_c50_002_pqc_client_3_client.txt
-rw-r--r-- 1 root     root          39 may 16 19:39 hybrid_p3_stress_c50_002_pqc_client_3_summary.txt
-rw-r--r-- 1 root     root        1800 may 16 19:39 hybrid_p3_stress_c50_002_pqc_client_4_client_err.txt
-rw-r--r-- 1 root     root       20696 may 16 19:39 hybrid_p3_stress_c50_002_pqc_client_4_client.txt
-rw-r--r-- 1 root     root          39 may 16 19:39 hybrid_p3_stress_c50_002_pqc_client_4_summary.txt
-rw-r--r-- 1 root     root        1800 may 16 19:39 hybrid_p3_stress_c50_002_pqc_client_5_client_err.txt
-rw-r--r-- 1 root     root       20696 may 16 19:39 hybrid_p3_stress_c50_002_pqc_client_5_client.txt
-rw-r--r-- 1 root     root          39 may 16 19:39 hybrid_p3_stress_c50_002_pqc_client_5_summary.txt
-rw-r--r-- 1 root     root        1800 may 16 19:39 hybrid_p3_stress_c50_002_pqc_client_6_client_err.txt
-rw-r--r-- 1 root     root       20696 may 16 19:39 hybrid_p3_stress_c50_002_pqc_client_6_client.txt
-rw-r--r-- 1 root     root          39 may 16 19:39 hybrid_p3_stress_c50_002_pqc_client_6_summary.txt
-rw-r--r-- 1 root     root        2025 may 16 19:39 hybrid_p3_stress_c50_002_pqc_client_client_err.txt
-rw-r--r-- 1 root     root       23283 may 16 19:39 hybrid_p3_stress_c50_002_pqc_client_client.txt
-rw-r--r-- 1 root     root          37 may 16 19:39 hybrid_p3_stress_c50_002_pqc_client_summary.txt
=== resumen por cliente ===
[*] Perfil stress: conexiones totalmente paralelas por cliente
[*] pqc_client <= plan: 1:0 7:0 13:0 19:0 25:0 31:0 37:0 43:0 49:0
[*] pqc_client_2 <= plan: 2:0 8:0 14:0 20:0 26:0 32:0 38:0 44:0 50:0
[*] pqc_client_3 <= plan: 3:0 9:0 15:0 21:0 27:0 33:0 39:0 45:0
[*] pqc_client_4 <= plan: 4:0 10:0 16:0 22:0 28:0 34:0 40:0 46:0
[*] pqc_client_5 <= plan: 5:0 11:0 17:0 23:0 29:0 35:0 41:0 47:0
[*] pqc_client_6 <= plan: 6:0 12:0 18:0 24:0 30:0 36:0 42:0 48:0
client=pqc_client total=9 ok=9 err=0
client=pqc_client_2 total=9 ok=9 err=0
client=pqc_client_3 total=8 ok=8 err=0
client=pqc_client_4 total=8 ok=8 err=0
client=pqc_client_5 total=8 ok=8 err=0
client=pqc_client_6 total=8 ok=8 err=0
[*] Resumen guardado en: results/hybrid_p3_stress_c50_002_resource_summary.txt
RUN_ID: hybrid_p3_stress_c50_002
CSV: results/hybrid_p3_stress_c50_002_docker_stats.csv

=== Resumen CPU% y MEM% (avg / max) por contenedor ===
pqc_client_2 -> CPU avg=0.54%, CPU max=2.15%, MEM avg=0.11%, MEM max=0.16%
pqc_client_3 -> CPU avg=0.46%, CPU max=1.85%, MEM avg=0.14%, MEM max=0.28%
pqc_monitor -> CPU avg=0.15%, CPU max=0.32%, MEM avg=0.11%, MEM max=0.11%
pqc_client_4 -> CPU avg=0.48%, CPU max=1.91%, MEM avg=0.13%, MEM max=0.27%
pqc_client_5 -> CPU avg=0.40%, CPU max=1.60%, MEM avg=0.17%, MEM max=0.27%
pqc_server -> CPU avg=1.11%, CPU max=2.23%, MEM avg=0.11%, MEM max=0.11%
pqc_client_6 -> CPU avg=0.28%, CPU max=1.11%, MEM avg=0.22%, MEM max=0.32%
pqc_client -> CPU avg=0.79%, CPU max=3.14%, MEM avg=0.13%, MEM max=0.19%
[2026-05-16 19:39:35] [*] Parando captura en pqc_monitor para hybrid_p3_stress_c50_002
[*] Métricas TXT guardadas en results/hybrid_p3_stress_c50_002_metrics.txt
[*] Métricas CSV guardadas en results/hybrid_p3_stress_c50_002_metrics.csv
[2026-05-16 19:40:02] === RUN END: hybrid_p3_stress_c50_002 ===

[2026-05-16 19:40:02] === RUN START: hybrid_p3_stress_c50_003 ===
[2026-05-16 19:40:02] [*] Arrancando captura en pqc_monitor (eth0) para hybrid_p3_stress_c50_003
[*] Guardando muestras en: results/hybrid_p3_stress_c50_003_docker_stats.csv
[*] Ejecutando comando medido: bash -lc ./scripts/run_client_once_rafaga_hibrido.sh hybrid_p3_stress_c50_003 50; sleep 3
[*] Ráfaga híbrida completada: 50 conexiones en 6 clientes (stress)
=== host results ===
-rw-rw-r-- 1 cristian cristian   11250 may 16 19:40 hybrid_p3_stress_c50_003_client_err.txt
-rw-rw-r-- 1 cristian cristian     690 may 16 19:40 hybrid_p3_stress_c50_003_client.txt
-rw-rw-r-- 1 cristian cristian    1636 may 16 19:40 hybrid_p3_stress_c50_003_docker_stats.csv
-rw-r--r-- 1 root     root        2025 may 16 19:40 hybrid_p3_stress_c50_003_pqc_client_2_client_err.txt
-rw-r--r-- 1 root     root       23283 may 16 19:40 hybrid_p3_stress_c50_003_pqc_client_2_client.txt
-rw-r--r-- 1 root     root          39 may 16 19:40 hybrid_p3_stress_c50_003_pqc_client_2_summary.txt
-rw-r--r-- 1 root     root        1800 may 16 19:40 hybrid_p3_stress_c50_003_pqc_client_3_client_err.txt
-rw-r--r-- 1 root     root       20696 may 16 19:40 hybrid_p3_stress_c50_003_pqc_client_3_client.txt
-rw-r--r-- 1 root     root          39 may 16 19:40 hybrid_p3_stress_c50_003_pqc_client_3_summary.txt
-rw-r--r-- 1 root     root        1800 may 16 19:40 hybrid_p3_stress_c50_003_pqc_client_4_client_err.txt
-rw-r--r-- 1 root     root       20696 may 16 19:40 hybrid_p3_stress_c50_003_pqc_client_4_client.txt
-rw-r--r-- 1 root     root          39 may 16 19:40 hybrid_p3_stress_c50_003_pqc_client_4_summary.txt
-rw-r--r-- 1 root     root        1800 may 16 19:40 hybrid_p3_stress_c50_003_pqc_client_5_client_err.txt
-rw-r--r-- 1 root     root       20696 may 16 19:40 hybrid_p3_stress_c50_003_pqc_client_5_client.txt
-rw-r--r-- 1 root     root          39 may 16 19:40 hybrid_p3_stress_c50_003_pqc_client_5_summary.txt
-rw-r--r-- 1 root     root        1800 may 16 19:40 hybrid_p3_stress_c50_003_pqc_client_6_client_err.txt
-rw-r--r-- 1 root     root       20696 may 16 19:40 hybrid_p3_stress_c50_003_pqc_client_6_client.txt
-rw-r--r-- 1 root     root          39 may 16 19:40 hybrid_p3_stress_c50_003_pqc_client_6_summary.txt
-rw-r--r-- 1 root     root        2025 may 16 19:40 hybrid_p3_stress_c50_003_pqc_client_client_err.txt
-rw-r--r-- 1 root     root       23283 may 16 19:40 hybrid_p3_stress_c50_003_pqc_client_client.txt
-rw-r--r-- 1 root     root          37 may 16 19:40 hybrid_p3_stress_c50_003_pqc_client_summary.txt
=== resumen por cliente ===
[*] Perfil stress: conexiones totalmente paralelas por cliente
[*] pqc_client <= plan: 1:0 7:0 13:0 19:0 25:0 31:0 37:0 43:0 49:0
[*] pqc_client_2 <= plan: 2:0 8:0 14:0 20:0 26:0 32:0 38:0 44:0 50:0
[*] pqc_client_3 <= plan: 3:0 9:0 15:0 21:0 27:0 33:0 39:0 45:0
[*] pqc_client_4 <= plan: 4:0 10:0 16:0 22:0 28:0 34:0 40:0 46:0
[*] pqc_client_5 <= plan: 5:0 11:0 17:0 23:0 29:0 35:0 41:0 47:0
[*] pqc_client_6 <= plan: 6:0 12:0 18:0 24:0 30:0 36:0 42:0 48:0
client=pqc_client total=9 ok=9 err=0
client=pqc_client_2 total=9 ok=9 err=0
client=pqc_client_3 total=8 ok=8 err=0
client=pqc_client_4 total=8 ok=8 err=0
client=pqc_client_5 total=8 ok=8 err=0
client=pqc_client_6 total=8 ok=8 err=0
[*] Resumen guardado en: results/hybrid_p3_stress_c50_003_resource_summary.txt
RUN_ID: hybrid_p3_stress_c50_003
CSV: results/hybrid_p3_stress_c50_003_docker_stats.csv

=== Resumen CPU% y MEM% (avg / max) por contenedor ===
pqc_client_2 -> CPU avg=0.72%, CPU max=2.90%, MEM avg=0.12%, MEM max=0.21%
pqc_client_3 -> CPU avg=0.71%, CPU max=2.84%, MEM avg=0.14%, MEM max=0.28%
pqc_monitor -> CPU avg=0.12%, CPU max=0.16%, MEM avg=0.11%, MEM max=0.12%
pqc_client_4 -> CPU avg=0.28%, CPU max=1.14%, MEM avg=0.13%, MEM max=0.27%
pqc_client_5 -> CPU avg=0.33%, CPU max=1.30%, MEM avg=0.14%, MEM max=0.27%
pqc_server -> CPU avg=0.97%, CPU max=2.31%, MEM avg=0.11%, MEM max=0.11%
pqc_client_6 -> CPU avg=0.00%, CPU max=0.00%, MEM avg=0.23%, MEM max=0.32%
pqc_client -> CPU avg=0.63%, CPU max=2.53%, MEM avg=0.13%, MEM max=0.16%
[2026-05-16 19:40:17] [*] Parando captura en pqc_monitor para hybrid_p3_stress_c50_003
[*] Métricas TXT guardadas en results/hybrid_p3_stress_c50_003_metrics.txt
[*] Métricas CSV guardadas en results/hybrid_p3_stress_c50_003_metrics.csv
[2026-05-16 19:40:43] === RUN END: hybrid_p3_stress_c50_003 ===

[2026-05-16 19:40:43] === RUN START: hybrid_p3_stress_c50_004 ===
[2026-05-16 19:40:43] [*] Arrancando captura en pqc_monitor (eth0) para hybrid_p3_stress_c50_004
[*] Guardando muestras en: results/hybrid_p3_stress_c50_004_docker_stats.csv
[*] Ejecutando comando medido: bash -lc ./scripts/run_client_once_rafaga_hibrido.sh hybrid_p3_stress_c50_004 50; sleep 3
[*] Ráfaga híbrida completada: 50 conexiones en 6 clientes (stress)
=== host results ===
-rw-rw-r-- 1 cristian cristian   11250 may 16 19:40 hybrid_p3_stress_c50_004_client_err.txt
-rw-rw-r-- 1 cristian cristian     690 may 16 19:40 hybrid_p3_stress_c50_004_client.txt
-rw-rw-r-- 1 cristian cristian    1637 may 16 19:40 hybrid_p3_stress_c50_004_docker_stats.csv
-rw-r--r-- 1 root     root        2025 may 16 19:40 hybrid_p3_stress_c50_004_pqc_client_2_client_err.txt
-rw-r--r-- 1 root     root       23283 may 16 19:40 hybrid_p3_stress_c50_004_pqc_client_2_client.txt
-rw-r--r-- 1 root     root          39 may 16 19:40 hybrid_p3_stress_c50_004_pqc_client_2_summary.txt
-rw-r--r-- 1 root     root        1800 may 16 19:40 hybrid_p3_stress_c50_004_pqc_client_3_client_err.txt
-rw-r--r-- 1 root     root       20696 may 16 19:40 hybrid_p3_stress_c50_004_pqc_client_3_client.txt
-rw-r--r-- 1 root     root          39 may 16 19:40 hybrid_p3_stress_c50_004_pqc_client_3_summary.txt
-rw-r--r-- 1 root     root        1800 may 16 19:40 hybrid_p3_stress_c50_004_pqc_client_4_client_err.txt
-rw-r--r-- 1 root     root       20696 may 16 19:40 hybrid_p3_stress_c50_004_pqc_client_4_client.txt
-rw-r--r-- 1 root     root          39 may 16 19:40 hybrid_p3_stress_c50_004_pqc_client_4_summary.txt
-rw-r--r-- 1 root     root        1800 may 16 19:40 hybrid_p3_stress_c50_004_pqc_client_5_client_err.txt
-rw-r--r-- 1 root     root       20696 may 16 19:40 hybrid_p3_stress_c50_004_pqc_client_5_client.txt
-rw-r--r-- 1 root     root          39 may 16 19:40 hybrid_p3_stress_c50_004_pqc_client_5_summary.txt
-rw-r--r-- 1 root     root        1800 may 16 19:40 hybrid_p3_stress_c50_004_pqc_client_6_client_err.txt
-rw-r--r-- 1 root     root       20696 may 16 19:40 hybrid_p3_stress_c50_004_pqc_client_6_client.txt
-rw-r--r-- 1 root     root          39 may 16 19:40 hybrid_p3_stress_c50_004_pqc_client_6_summary.txt
-rw-r--r-- 1 root     root        2025 may 16 19:40 hybrid_p3_stress_c50_004_pqc_client_client_err.txt
-rw-r--r-- 1 root     root       23283 may 16 19:40 hybrid_p3_stress_c50_004_pqc_client_client.txt
-rw-r--r-- 1 root     root          37 may 16 19:40 hybrid_p3_stress_c50_004_pqc_client_summary.txt
=== resumen por cliente ===
[*] Perfil stress: conexiones totalmente paralelas por cliente
[*] pqc_client <= plan: 1:0 7:0 13:0 19:0 25:0 31:0 37:0 43:0 49:0
[*] pqc_client_2 <= plan: 2:0 8:0 14:0 20:0 26:0 32:0 38:0 44:0 50:0
[*] pqc_client_3 <= plan: 3:0 9:0 15:0 21:0 27:0 33:0 39:0 45:0
[*] pqc_client_4 <= plan: 4:0 10:0 16:0 22:0 28:0 34:0 40:0 46:0
[*] pqc_client_5 <= plan: 5:0 11:0 17:0 23:0 29:0 35:0 41:0 47:0
[*] pqc_client_6 <= plan: 6:0 12:0 18:0 24:0 30:0 36:0 42:0 48:0
client=pqc_client total=9 ok=9 err=0
client=pqc_client_2 total=9 ok=9 err=0
client=pqc_client_3 total=8 ok=8 err=0
client=pqc_client_4 total=8 ok=8 err=0
client=pqc_client_5 total=8 ok=8 err=0
client=pqc_client_6 total=8 ok=8 err=0
[*] Resumen guardado en: results/hybrid_p3_stress_c50_004_resource_summary.txt
RUN_ID: hybrid_p3_stress_c50_004
CSV: results/hybrid_p3_stress_c50_004_docker_stats.csv

=== Resumen CPU% y MEM% (avg / max) por contenedor ===
pqc_client_2 -> CPU avg=0.40%, CPU max=1.60%, MEM avg=0.13%, MEM max=0.25%
pqc_client_3 -> CPU avg=0.00%, CPU max=0.00%, MEM avg=0.14%, MEM max=0.28%
pqc_monitor -> CPU avg=0.16%, CPU max=0.29%, MEM avg=0.12%, MEM max=0.12%
pqc_client_4 -> CPU avg=1.10%, CPU max=4.42%, MEM avg=0.16%, MEM max=0.27%
pqc_client_5 -> CPU avg=6.43%, CPU max=23.43%, MEM avg=0.17%, MEM max=0.27%
pqc_server -> CPU avg=0.84%, CPU max=2.14%, MEM avg=0.11%, MEM max=0.11%
pqc_client_6 -> CPU avg=0.89%, CPU max=3.54%, MEM avg=0.18%, MEM max=0.32%
pqc_client -> CPU avg=0.45%, CPU max=1.81%, MEM avg=0.12%, MEM max=0.16%
[2026-05-16 19:41:00] [*] Parando captura en pqc_monitor para hybrid_p3_stress_c50_004
[*] Métricas TXT guardadas en results/hybrid_p3_stress_c50_004_metrics.txt
[*] Métricas CSV guardadas en results/hybrid_p3_stress_c50_004_metrics.csv
[2026-05-16 19:41:25] === RUN END: hybrid_p3_stress_c50_004 ===

[2026-05-16 19:41:25] === RUN START: hybrid_p3_stress_c50_005 ===
[2026-05-16 19:41:25] [*] Arrancando captura en pqc_monitor (eth0) para hybrid_p3_stress_c50_005
[*] Guardando muestras en: results/hybrid_p3_stress_c50_005_docker_stats.csv
[*] Ejecutando comando medido: bash -lc ./scripts/run_client_once_rafaga_hibrido.sh hybrid_p3_stress_c50_005 50; sleep 3
[*] Ráfaga híbrida completada: 50 conexiones en 6 clientes (stress)
=== host results ===
-rw-rw-r-- 1 cristian cristian   11250 may 16 19:41 hybrid_p3_stress_c50_005_client_err.txt
-rw-rw-r-- 1 cristian cristian     690 may 16 19:41 hybrid_p3_stress_c50_005_client.txt
-rw-rw-r-- 1 cristian cristian    1638 may 16 19:41 hybrid_p3_stress_c50_005_docker_stats.csv
-rw-r--r-- 1 root     root        2025 may 16 19:41 hybrid_p3_stress_c50_005_pqc_client_2_client_err.txt
-rw-r--r-- 1 root     root       23283 may 16 19:41 hybrid_p3_stress_c50_005_pqc_client_2_client.txt
-rw-r--r-- 1 root     root          39 may 16 19:41 hybrid_p3_stress_c50_005_pqc_client_2_summary.txt
-rw-r--r-- 1 root     root        1800 may 16 19:41 hybrid_p3_stress_c50_005_pqc_client_3_client_err.txt
-rw-r--r-- 1 root     root       20696 may 16 19:41 hybrid_p3_stress_c50_005_pqc_client_3_client.txt
-rw-r--r-- 1 root     root          39 may 16 19:41 hybrid_p3_stress_c50_005_pqc_client_3_summary.txt
-rw-r--r-- 1 root     root        1800 may 16 19:41 hybrid_p3_stress_c50_005_pqc_client_4_client_err.txt
-rw-r--r-- 1 root     root       20696 may 16 19:41 hybrid_p3_stress_c50_005_pqc_client_4_client.txt
-rw-r--r-- 1 root     root          39 may 16 19:41 hybrid_p3_stress_c50_005_pqc_client_4_summary.txt
-rw-r--r-- 1 root     root        1800 may 16 19:41 hybrid_p3_stress_c50_005_pqc_client_5_client_err.txt
-rw-r--r-- 1 root     root       20696 may 16 19:41 hybrid_p3_stress_c50_005_pqc_client_5_client.txt
-rw-r--r-- 1 root     root          39 may 16 19:41 hybrid_p3_stress_c50_005_pqc_client_5_summary.txt
-rw-r--r-- 1 root     root        1800 may 16 19:41 hybrid_p3_stress_c50_005_pqc_client_6_client_err.txt
-rw-r--r-- 1 root     root       20696 may 16 19:41 hybrid_p3_stress_c50_005_pqc_client_6_client.txt
-rw-r--r-- 1 root     root          39 may 16 19:41 hybrid_p3_stress_c50_005_pqc_client_6_summary.txt
-rw-r--r-- 1 root     root        2025 may 16 19:41 hybrid_p3_stress_c50_005_pqc_client_client_err.txt
-rw-r--r-- 1 root     root       23283 may 16 19:41 hybrid_p3_stress_c50_005_pqc_client_client.txt
-rw-r--r-- 1 root     root          37 may 16 19:41 hybrid_p3_stress_c50_005_pqc_client_summary.txt
=== resumen por cliente ===
[*] Perfil stress: conexiones totalmente paralelas por cliente
[*] pqc_client <= plan: 1:0 7:0 13:0 19:0 25:0 31:0 37:0 43:0 49:0
[*] pqc_client_2 <= plan: 2:0 8:0 14:0 20:0 26:0 32:0 38:0 44:0 50:0
[*] pqc_client_3 <= plan: 3:0 9:0 15:0 21:0 27:0 33:0 39:0 45:0
[*] pqc_client_4 <= plan: 4:0 10:0 16:0 22:0 28:0 34:0 40:0 46:0
[*] pqc_client_5 <= plan: 5:0 11:0 17:0 23:0 29:0 35:0 41:0 47:0
[*] pqc_client_6 <= plan: 6:0 12:0 18:0 24:0 30:0 36:0 42:0 48:0
client=pqc_client total=9 ok=9 err=0
client=pqc_client_2 total=9 ok=9 err=0
client=pqc_client_3 total=8 ok=8 err=0
client=pqc_client_4 total=8 ok=8 err=0
client=pqc_client_5 total=8 ok=8 err=0
client=pqc_client_6 total=8 ok=8 err=0
[*] Resumen guardado en: results/hybrid_p3_stress_c50_005_resource_summary.txt
RUN_ID: hybrid_p3_stress_c50_005
CSV: results/hybrid_p3_stress_c50_005_docker_stats.csv

=== Resumen CPU% y MEM% (avg / max) por contenedor ===
pqc_client_2 -> CPU avg=0.05%, CPU max=0.26%, MEM avg=0.14%, MEM max=0.30%
pqc_client_3 -> CPU avg=0.42%, CPU max=2.10%, MEM avg=0.13%, MEM max=0.28%
pqc_monitor -> CPU avg=0.11%, CPU max=0.17%, MEM avg=0.12%, MEM max=0.12%
pqc_client_4 -> CPU avg=0.39%, CPU max=1.95%, MEM avg=0.14%, MEM max=0.27%
pqc_client_5 -> CPU avg=0.66%, CPU max=3.30%, MEM avg=0.12%, MEM max=0.27%
pqc_server -> CPU avg=0.58%, CPU max=1.64%, MEM avg=0.11%, MEM max=0.11%
pqc_client_6 -> CPU avg=0.11%, CPU max=0.53%, MEM avg=0.21%, MEM max=0.32%
pqc_client -> CPU avg=0.64%, CPU max=3.21%, MEM avg=0.12%, MEM max=0.16%
[2026-05-16 19:41:45] [*] Parando captura en pqc_monitor para hybrid_p3_stress_c50_005
[*] Métricas TXT guardadas en results/hybrid_p3_stress_c50_005_metrics.txt
[*] Métricas CSV guardadas en results/hybrid_p3_stress_c50_005_metrics.csv
[2026-05-16 19:42:10] === RUN END: hybrid_p3_stress_c50_005 ===

[2026-05-16 19:42:10] ==== Bloque TOTAL_CONN=50 completado ====
[2026-05-16 19:42:10] Campaña híbrida finalizada OK.
[2026-05-16 19:42:10] RUN_IDs ejecutados:
hybrid_p0_balanced_c6_001
hybrid_p0_balanced_c6_002
hybrid_p0_balanced_c6_003
hybrid_p0_balanced_c6_004
hybrid_p0_balanced_c6_005
hybrid_p0_aggressive_c6_001
hybrid_p0_aggressive_c6_002
hybrid_p0_aggressive_c6_003
hybrid_p0_aggressive_c6_004
hybrid_p0_aggressive_c6_005
hybrid_p0_soft_c6_001
hybrid_p0_soft_c6_002
hybrid_p0_soft_c6_003
hybrid_p0_soft_c6_004
hybrid_p0_soft_c6_005
hybrid_p0_stress_c6_001
hybrid_p0_stress_c6_002
hybrid_p0_stress_c6_003
hybrid_p0_stress_c6_004
hybrid_p0_stress_c6_005
hybrid_p1_balanced_c6_001
hybrid_p1_balanced_c6_002
hybrid_p1_balanced_c6_003
hybrid_p1_balanced_c6_004
hybrid_p1_balanced_c6_005
hybrid_p1_aggressive_c6_001
hybrid_p1_aggressive_c6_002
hybrid_p1_aggressive_c6_003
hybrid_p1_aggressive_c6_004
hybrid_p1_aggressive_c6_005
hybrid_p1_soft_c6_001
hybrid_p1_soft_c6_002
hybrid_p1_soft_c6_003
hybrid_p1_soft_c6_004
hybrid_p1_soft_c6_005
hybrid_p1_stress_c6_001
hybrid_p1_stress_c6_002
hybrid_p1_stress_c6_003
hybrid_p1_stress_c6_004
hybrid_p1_stress_c6_005
hybrid_p2_balanced_c6_001
hybrid_p2_balanced_c6_002
hybrid_p2_balanced_c6_003
hybrid_p2_balanced_c6_004
hybrid_p2_balanced_c6_005
hybrid_p2_aggressive_c6_001
hybrid_p2_aggressive_c6_002
hybrid_p2_aggressive_c6_003
hybrid_p2_aggressive_c6_004
hybrid_p2_aggressive_c6_005
hybrid_p2_soft_c6_001
hybrid_p2_soft_c6_002
hybrid_p2_soft_c6_003
hybrid_p2_soft_c6_004
hybrid_p2_soft_c6_005
hybrid_p2_stress_c6_001
hybrid_p2_stress_c6_002
hybrid_p2_stress_c6_003
hybrid_p2_stress_c6_004
hybrid_p2_stress_c6_005
hybrid_p3_balanced_c6_001
hybrid_p3_balanced_c6_002
hybrid_p3_balanced_c6_003
hybrid_p3_balanced_c6_004
hybrid_p3_balanced_c6_005
hybrid_p3_aggressive_c6_001
hybrid_p3_aggressive_c6_002
hybrid_p3_aggressive_c6_003
hybrid_p3_aggressive_c6_004
hybrid_p3_aggressive_c6_005
hybrid_p3_soft_c6_001
hybrid_p3_soft_c6_002
hybrid_p3_soft_c6_003
hybrid_p3_soft_c6_004
hybrid_p3_soft_c6_005
hybrid_p3_stress_c6_001
hybrid_p3_stress_c6_002
hybrid_p3_stress_c6_003
hybrid_p3_stress_c6_004
hybrid_p3_stress_c6_005
hybrid_p0_balanced_c50_001
hybrid_p0_balanced_c50_002
hybrid_p0_balanced_c50_003
hybrid_p0_balanced_c50_004
hybrid_p0_balanced_c50_005
hybrid_p0_aggressive_c50_001
hybrid_p0_aggressive_c50_002
hybrid_p0_aggressive_c50_003
hybrid_p0_aggressive_c50_004
hybrid_p0_aggressive_c50_005
hybrid_p0_soft_c50_001
hybrid_p0_soft_c50_002
hybrid_p0_soft_c50_003
hybrid_p0_soft_c50_004
hybrid_p0_soft_c50_005
hybrid_p0_stress_c50_001
hybrid_p0_stress_c50_002
hybrid_p0_stress_c50_003
hybrid_p0_stress_c50_004
hybrid_p0_stress_c50_005
hybrid_p1_balanced_c50_001
hybrid_p1_balanced_c50_002
hybrid_p1_balanced_c50_003
hybrid_p1_balanced_c50_004
hybrid_p1_balanced_c50_005
hybrid_p1_aggressive_c50_001
hybrid_p1_aggressive_c50_002
hybrid_p1_aggressive_c50_003
hybrid_p1_aggressive_c50_004
hybrid_p1_aggressive_c50_005
hybrid_p1_soft_c50_001
hybrid_p1_soft_c50_002
hybrid_p1_soft_c50_003
hybrid_p1_soft_c50_004
hybrid_p1_soft_c50_005
hybrid_p1_stress_c50_001
hybrid_p1_stress_c50_002
hybrid_p1_stress_c50_003
hybrid_p1_stress_c50_004
hybrid_p1_stress_c50_005
hybrid_p2_balanced_c50_001
hybrid_p2_balanced_c50_002
hybrid_p2_balanced_c50_003
hybrid_p2_balanced_c50_004
hybrid_p2_balanced_c50_005
hybrid_p2_aggressive_c50_001
hybrid_p2_aggressive_c50_002
hybrid_p2_aggressive_c50_003
hybrid_p2_aggressive_c50_004
hybrid_p2_aggressive_c50_005
hybrid_p2_soft_c50_001
hybrid_p2_soft_c50_002
hybrid_p2_soft_c50_003
hybrid_p2_soft_c50_004
hybrid_p2_soft_c50_005
hybrid_p2_stress_c50_001
hybrid_p2_stress_c50_002
hybrid_p2_stress_c50_003
hybrid_p2_stress_c50_004
hybrid_p2_stress_c50_005
hybrid_p3_balanced_c50_001
hybrid_p3_balanced_c50_002
hybrid_p3_balanced_c50_003
hybrid_p3_balanced_c50_004
hybrid_p3_balanced_c50_005
hybrid_p3_aggressive_c50_001
hybrid_p3_aggressive_c50_002
hybrid_p3_aggressive_c50_003
hybrid_p3_aggressive_c50_004
hybrid_p3_aggressive_c50_005
hybrid_p3_soft_c50_001
hybrid_p3_soft_c50_002
hybrid_p3_soft_c50_003
hybrid_p3_soft_c50_004
hybrid_p3_soft_c50_005
hybrid_p3_stress_c50_001
hybrid_p3_stress_c50_002
hybrid_p3_stress_c50_003
hybrid_p3_stress_c50_004
hybrid_p3_stress_c50_005
