tcp_stream,mss_negotiated,ch_tcp_bytes,sh_tcp_bytes,ch_packets,sh_packets,handshake_duration_ms,crypto_cost_ratio_sh_over_ch,has_ch,has_sh,has_end_heuristic,handshake_complete
0,1460,1383,3572,1,1,231.956,2.582791,1,1,1,1
1,1460,1383,3572,1,1,1228.605,2.582791,1,1,1,1
2,1460,1383,3572,1,1,1261.466,2.582791,1,1,1,1
3,1460,1383,3572,1,1,3061.141,2.582791,1,1,1,1
4,1460,1383,3572,1,1,2979.918,2.582791,1,1,1,1
5,1460,1383,3572,1,1,4175.939,2.582791,1,1,1,1
6,1460,1383,3572,1,1,4667.587,2.582791,1,1,1,1
7,1460,1383,3572,1,1,4570.945,2.582791,1,1,1,1
8,1460,1383,3572,1,1,5161.922,2.582791,1,1,1,1
9,1460,1383,3572,1,1,5160.339,2.582791,1,1,1,1
10,1460,1383,3572,1,1,5218.565,2.582791,1,1,1,1
11,1460,1383,3572,1,1,5668.697,2.582791,1,1,1,1
12,1460,1383,3572,1,1,5811.722,2.582791,1,1,1,1
13,1460,1383,3572,1,1,5824.936,2.582791,1,1,1,1
14,1460,1383,3572,1,1,5873.414,2.582791,1,1,1,1
15,1460,1383,3572,1,1,5259.345,2.582791,1,1,1,1
16,1460,1383,3572,1,1,5854.052,2.582791,1,1,1,1
17,1460,1383,3572,1,1,5741.262,2.582791,1,1,1,1
18,1460,1383,3572,1,1,6043.240,2.582791,1,1,1,1
19,1460,1383,3572,1,1,6235.426,2.582791,1,1,1,1
20,1460,1383,3572,1,1,6324.424,2.582791,1,1,1,1
21,1460,1383,3572,1,1,6361.944,2.582791,1,1,1,1
22,1460,1383,3572,1,1,6400.040,2.582791,1,1,1,1
23,1460,1383,3572,1,1,5938.827,2.582791,1,1,1,1
24,1460,1383,3572,1,1,5907.160,2.582791,1,1,1,1
25,1460,1383,3572,1,1,6586.011,2.582791,1,1,1,1
26,1460,1383,3572,1,1,6715.878,2.582791,1,1,1,1
27,1460,1383,3572,1,1,6763.008,2.582791,1,1,1,1
28,1460,1383,3572,1,1,6751.073,2.582791,1,1,1,1
29,1460,1383,3572,1,1,6818.572,2.582791,1,1,1,1
30,1460,1383,3572,1,1,4420.202,2.582791,1,1,1,1
31,1460,1383,3572,1,1,6391.861,2.582791,1,1,1,1
32,1460,1383,3572,1,1,6881.311,2.582791,1,1,1,1
33,1460,1383,3572,1,1,7183.218,2.582791,1,1,1,1
34,1460,1383,3572,1,1,7045.367,2.582791,1,1,1,1
35,1460,1383,3572,1,1,7198.318,2.582791,1,1,1,1
36,1460,1383,3572,1,1,6865.043,2.582791,1,1,1,1
37,1460,1383,3572,1,1,6974.007,2.582791,1,1,1,1
38,1460,1383,3572,1,1,7307.227,2.582791,1,1,1,1
39,1460,1383,3572,1,1,7692.129,2.582791,1,1,1,1
40,1460,1383,3572,1,1,7738.423,2.582791,1,1,1,1
41,1460,1383,3572,1,1,7725.831,2.582791,1,1,1,1
42,1460,1383,3572,1,1,7482.421,2.582791,1,1,1,1
43,1460,1383,3572,1,1,7936.376,2.582791,1,1,1,1
44,1460,1383,3572,1,1,7559.304,2.582791,1,1,1,1
45,1460,1383,3572,1,1,8131.566,2.582791,1,1,1,1
46,1460,1383,3572,1,1,8159.966,2.582791,1,1,1,1
47,1460,1383,3572,1,1,8224.113,2.582791,1,1,1,1
48,1460,1383,3572,1,1,7958.890,2.582791,1,1,1,1
49,1460,1383,3572,1,1,8525.265,2.582791,1,1,1,1
50,1460,1383,3572,1,1,8615.679,2.582791,1,1,1,1
51,1460,1383,3572,1,1,8651.918,2.582791,1,1,1,1
52,1460,1383,3572,1,1,8684.754,2.582791,1,1,1,1
53,1460,1383,3572,1,1,8751.735,2.582791,1,1,1,1
54,1460,1383,3572,1,1,8773.455,2.582791,1,1,1,1
55,1460,1383,3572,1,1,8796.617,2.582791,1,1,1,1
56,1460,1383,3572,1,1,8879.621,2.582791,1,1,1,1
57,1460,1383,3572,1,1,8899.396,2.582791,1,1,1,1
58,1460,1383,3572,1,1,8921.531,2.582791,1,1,1,1
59,1460,1383,3572,1,1,8924.848,2.582791,1,1,1,1
60,1460,1383,3572,1,1,8937.742,2.582791,1,1,1,1
61,1460,1383,3572,1,1,8988.570,2.582791,1,1,1,1
62,1460,1383,3572,1,1,9026.218,2.582791,1,1,1,1
63,1460,1383,3572,1,1,8675.955,2.582791,1,1,1,1
64,1460,1383,3572,1,1,8744.303,2.582791,1,1,1,1
65,1460,1383,3572,1,1,9313.934,2.582791,1,1,1,1
66,1460,1383,3572,1,1,9345.713,2.582791,1,1,1,1
67,1460,1383,3572,1,1,9509.259,2.582791,1,1,1,1
68,1460,1383,3572,1,1,9567.854,2.582791,1,1,1,1
69,1460,1383,3572,1,1,9685.128,2.582791,1,1,1,1
70,1460,1383,3572,1,1,9731.750,2.582791,1,1,1,1
71,1460,1383,3572,1,1,9744.365,2.582791,1,1,1,1
72,1460,1383,3572,1,1,9751.945,2.582791,1,1,1,1
73,1460,1383,3572,1,1,9773.895,2.582791,1,1,1,1
74,1460,1383,3572,1,1,9709.761,2.582791,1,1,1,1
75,1460,1383,3572,1,1,10043.460,2.582791,1,1,1,1
76,1460,1383,3572,1,1,10082.106,2.582791,1,1,1,1
77,1460,1383,3572,1,1,10134.372,2.582791,1,1,1,1
78,1460,1383,3572,1,1,10194.987,2.582791,1,1,1,1
79,1460,1383,3572,1,1,10237.376,2.582791,1,1,1,1
80,1460,1383,3572,1,1,10374.067,2.582791,1,1,1,1
81,1460,1383,3572,1,1,10453.774,2.582791,1,1,1,1
82,1460,1383,3572,1,1,10136.063,2.582791,1,1,1,1
83,1460,1383,3572,1,1,10629.368,2.582791,1,1,1,1
84,1460,1383,3572,1,1,10651.964,2.582791,1,1,1,1
85,1460,1383,3572,1,1,10667.583,2.582791,1,1,1,1
86,1460,1383,3572,1,1,10748.063,2.582791,1,1,1,1
87,1460,1383,3572,1,1,10797.830,2.582791,1,1,1,1
88,1460,1383,3572,1,1,10843.744,2.582791,1,1,1,1
89,1460,1383,3572,1,1,11215.211,2.582791,1,1,1,1
90,1460,1383,3572,1,1,11231.991,2.582791,1,1,1,1
91,1460,1383,3572,1,1,11272.012,2.582791,1,1,1,1
92,1460,1383,3572,1,1,11168.435,2.582791,1,1,1,1
93,1460,1383,3572,1,1,11496.235,2.582791,1,1,1,1
94,1460,1383,3572,1,1,11645.391,2.582791,1,1,1,1
95,1460,1383,3572,1,1,11708.828,2.582791,1,1,1,1
96,1460,1383,3572,1,1,11761.753,2.582791,1,1,1,1
97,1460,1383,3572,1,1,11773.662,2.582791,1,1,1,1
98,1460,1383,3572,1,1,11848.509,2.582791,1,1,1,1
99,1460,1383,3572,1,1,11976.842,2.582791,1,1,1,1
100,1460,1383,3572,1,1,12021.543,2.582791,1,1,1,1
101,1460,1383,3572,1,1,12057.653,2.582791,1,1,1,1
102,1460,1383,3572,1,1,12091.255,2.582791,1,1,1,1
103,1460,1383,3572,1,1,11582.261,2.582791,1,1,1,1
104,1460,1383,3572,1,1,12171.475,2.582791,1,1,1,1
105,1460,1383,3572,1,1,12203.808,2.582791,1,1,1,1
106,1460,1383,3572,1,1,12478.651,2.582791,1,1,1,1
107,1460,1383,3572,1,1,12527.241,2.582791,1,1,1,1
108,1460,1383,3572,1,1,12549.250,2.582791,1,1,1,1
109,1460,1383,3572,1,1,12519.552,2.582791,1,1,1,1
110,1460,1383,3572,1,1,12606.618,2.582791,1,1,1,1
111,1460,1383,3572,1,1,12755.890,2.582791,1,1,1,1
112,1460,1383,3572,1,1,12804.899,2.582791,1,1,1,1
113,1460,1383,3572,1,1,12834.236,2.582791,1,1,1,1
114,1460,1383,3572,1,1,13003.071,2.582791,1,1,1,1
115,1460,1383,3572,1,1,13045.423,2.582791,1,1,1,1
116,1460,1383,3572,1,1,13169.778,2.582791,1,1,1,1
117,1460,1383,3572,1,1,13264.873,2.582791,1,1,1,1
118,1460,1383,3572,1,1,13456.872,2.582791,1,1,1,1
119,1460,1383,3572,1,1,13516.902,2.582791,1,1,1,1
120,1460,1383,3572,1,1,13621.816,2.582791,1,1,1,1
121,1460,1383,3572,1,1,13635.907,2.582791,1,1,1,1
122,1460,1383,3572,1,1,13687.458,2.582791,1,1,1,1
123,1460,1383,3572,1,1,13726.383,2.582791,1,1,1,1
124,1460,1383,3572,1,1,13763.670,2.582791,1,1,1,1
125,1460,1383,3572,1,1,13790.873,2.582791,1,1,1,1
126,1460,1383,3572,1,1,13842.084,2.582791,1,1,1,1
127,1460,1383,3572,1,1,13958.702,2.582791,1,1,1,1
128,1460,1383,3572,1,1,14061.662,2.582791,1,1,1,1
129,1460,1383,3572,1,1,14141.097,2.582791,1,1,1,1
130,1460,1383,3572,1,1,14204.323,2.582791,1,1,1,1
131,1460,1383,3572,1,1,14248.263,2.582791,1,1,1,1
132,1460,1383,3572,1,1,14443.110,2.582791,1,1,1,1
133,1460,1383,3572,1,1,14467.405,2.582791,1,1,1,1
134,1460,1383,3572,1,1,14505.709,2.582791,1,1,1,1
135,1460,1383,3572,1,1,14545.511,2.582791,1,1,1,1
136,1460,1383,3572,1,1,14635.721,2.582791,1,1,1,1
137,1460,1383,3572,1,1,14770.931,2.582791,1,1,1,1
138,1460,1383,3572,1,1,14778.616,2.582791,1,1,1,1
139,1460,1383,3572,1,1,14817.834,2.582791,1,1,1,1
140,1460,1383,3572,1,1,14858.530,2.582791,1,1,1,1
141,1460,1383,3572,1,1,14985.945,2.582791,1,1,1,1
142,1460,1383,3572,1,1,14731.838,2.582791,1,1,1,1
143,1460,1383,3572,1,1,15108.369,2.582791,1,1,1,1
144,1460,1383,3572,1,1,15239.141,2.582791,1,1,1,1
145,1460,1383,3572,1,1,15435.552,2.582791,1,1,1,1
146,1460,1383,3572,1,1,15328.314,2.582791,1,1,1,1
147,1460,1383,3572,1,1,15748.109,2.582791,1,1,1,1
148,1460,1383,3572,1,1,15802.445,2.582791,1,1,1,1
149,1460,1383,3572,1,1,12445.213,2.582791,1,1,1,1
150,1460,1383,3572,1,1,15851.203,2.582791,1,1,1,1
151,1460,1383,3572,1,1,15560.990,2.582791,1,1,1,1
152,1460,1383,3572,1,1,16049.681,2.582791,1,1,1,1
153,1460,1383,3572,1,1,16029.449,2.582791,1,1,1,1
154,1460,1383,3572,1,1,15894.353,2.582791,1,1,1,1
155,1460,1383,3572,1,1,16280.605,2.582791,1,1,1,1
156,1460,1383,3572,1,1,16297.031,2.582791,1,1,1,1
157,1460,1383,3572,1,1,16402.143,2.582791,1,1,1,1
158,1460,1383,3572,1,1,16591.187,2.582791,1,1,1,1
159,1460,1383,3572,1,1,16623.864,2.582791,1,1,1,1
160,1460,1383,3572,1,1,17003.703,2.582791,1,1,1,1
161,1460,1383,3572,1,1,17051.061,2.582791,1,1,1,1
162,1460,1383,3572,1,1,17095.977,2.582791,1,1,1,1
163,1460,1383,3572,1,1,17017.754,2.582791,1,1,1,1
164,1460,1383,3572,1,1,17151.080,2.582791,1,1,1,1
165,1460,1383,3572,1,1,17137.374,2.582791,1,1,1,1
166,1460,1383,3572,1,1,17145.289,2.582791,1,1,1,1
167,1460,1383,3572,1,1,17202.805,2.582791,1,1,1,1
168,1460,1383,3572,1,1,17234.630,2.582791,1,1,1,1
169,1460,1383,3572,1,1,17230.220,2.582791,1,1,1,1
170,1460,1383,3572,1,1,17224.495,2.582791,1,1,1,1
171,1460,1383,3572,1,1,17183.923,2.582791,1,1,1,1
172,1460,1383,3572,1,1,16566.843,2.582791,1,1,1,1
173,1460,1383,3572,1,1,17235.891,2.582791,1,1,1,1
174,1460,1383,3572,1,1,17239.589,2.582791,1,1,1,1
175,1460,1383,3572,1,1,17247.384,2.582791,1,1,1,1
176,1460,1383,3572,1,1,17275.839,2.582791,1,1,1,1
177,1460,1383,3572,1,1,17326.489,2.582791,1,1,1,1
178,1460,1383,3572,1,1,17343.571,2.582791,1,1,1,1
179,1460,1383,3572,1,1,17348.903,2.582791,1,1,1,1
180,1460,1383,3572,1,1,17352.366,2.582791,1,1,1,1
181,1460,1383,3572,1,1,17357.401,2.582791,1,1,1,1
182,1460,1383,3572,1,1,17378.406,2.582791,1,1,1,1
183,1460,1383,3572,1,1,17362.407,2.582791,1,1,1,1
184,1460,1383,3572,1,1,17380.253,2.582791,1,1,1,1
185,1460,1383,3572,1,1,17387.866,2.582791,1,1,1,1
186,1460,1383,3572,1,1,14335.600,2.582791,1,1,1,1
187,1460,1383,3572,1,1,17394.073,2.582791,1,1,1,1
188,1460,1383,3572,1,1,17397.404,2.582791,1,1,1,1
189,1460,1383,3572,1,1,17395.860,2.582791,1,1,1,1
190,1460,1383,3572,1,1,17402.704,2.582791,1,1,1,1
191,1460,1383,3572,1,1,17414.009,2.582791,1,1,1,1
192,1460,1383,3572,1,1,17420.420,2.582791,1,1,1,1
193,1460,1383,3572,1,1,17425.005,2.582791,1,1,1,1
194,1460,1383,3572,1,1,16450.266,2.582791,1,1,1,1
195,1460,1383,3572,1,1,17415.919,2.582791,1,1,1,1
196,1460,1383,3572,1,1,17420.121,2.582791,1,1,1,1
197,1460,1383,3572,1,1,17272.105,2.582791,1,1,1,1
198,1460,1383,3572,1,1,17426.968,2.582791,1,1,1,1
199,1460,1383,3572,1,1,17421.919,2.582791,1,1,1,1
200,1460,1383,3572,1,1,17421.450,2.582791,1,1,1,1
201,1460,1383,3572,1,1,17426.449,2.582791,1,1,1,1
202,1460,1383,3572,1,1,17297.977,2.582791,1,1,1,1
203,1460,1383,3572,1,1,17421.625,2.582791,1,1,1,1
204,1460,1383,3572,1,1,15916.650,2.582791,1,1,1,1
205,1460,1383,3572,1,1,17322.693,2.582791,1,1,1,1
206,1460,1383,3572,1,1,14087.207,2.582791,1,1,1,1
207,1460,1383,3572,1,1,13105.627,2.582791,1,1,1,1
208,1460,1383,3572,1,1,17400.462,2.582791,1,1,1,1
209,1460,1383,3572,1,1,17403.475,2.582791,1,1,1,1
210,1460,1383,3572,1,1,17403.341,2.582791,1,1,1,1
211,1460,1383,3572,1,1,15113.406,2.582791,1,1,1,1
212,1460,1383,3572,1,1,17418.891,2.582791,1,1,1,1
213,1460,1383,3572,1,1,17382.024,2.582791,1,1,1,1
214,1460,1383,3572,1,1,17385.149,2.582791,1,1,1,1
215,1460,1383,3572,1,1,17393.878,2.582791,1,1,1,1
216,1460,1383,3572,1,1,17394.321,2.582791,1,1,1,1
217,1460,1383,3572,1,1,17402.927,2.582791,1,1,1,1
218,1460,1383,3572,1,1,17298.692,2.582791,1,1,1,1
219,1460,1383,3572,1,1,17299.927,2.582791,1,1,1,1
220,1460,1383,3572,1,1,14583.851,2.582791,1,1,1,1
221,1460,1383,3572,1,1,16823.773,2.582791,1,1,1,1
222,1460,1383,3572,1,1,16822.105,2.582791,1,1,1,1
223,1460,1383,3572,1,1,17074.327,2.582791,1,1,1,1
224,1460,1383,3572,1,1,16775.507,2.582791,1,1,1,1
225,1460,1383,3572,1,1,17209.028,2.582791,1,1,1,1
226,1460,1383,3572,1,1,17196.152,2.582791,1,1,1,1
227,1460,1383,3572,1,1,17186.350,2.582791,1,1,1,1
228,1460,1383,3572,1,1,17193.942,2.582791,1,1,1,1
229,1460,1383,3572,1,1,17191.740,2.582791,1,1,1,1
230,1460,1383,3572,1,1,17201.823,2.582791,1,1,1,1
231,1460,1383,3572,1,1,17206.414,2.582791,1,1,1,1
232,1460,1383,3572,1,1,17201.782,2.582791,1,1,1,1
233,1460,1383,3572,1,1,17208.032,2.582791,1,1,1,1
234,1460,1383,3572,1,1,17216.528,2.582791,1,1,1,1
235,1460,1383,3572,1,1,17212.057,2.582791,1,1,1,1
236,1460,1383,3572,1,1,17218.533,2.582791,1,1,1,1
237,1460,1383,3572,1,1,17243.777,2.582791,1,1,1,1
238,1460,1383,3572,1,1,17240.857,2.582791,1,1,1,1
239,1460,1383,3572,1,1,17246.664,2.582791,1,1,1,1
240,1460,1383,3572,1,1,17246.088,2.582791,1,1,1,1
241,1460,1383,3572,1,1,17248.047,2.582791,1,1,1,1
242,1460,1383,3572,1,1,17252.601,2.582791,1,1,1,1
243,1460,1383,3572,1,1,17246.057,2.582791,1,1,1,1
244,1460,1383,3572,1,1,17256.034,2.582791,1,1,1,1
245,1460,1383,3572,1,1,17256.537,2.582791,1,1,1,1
246,1460,1383,3572,1,1,17261.242,2.582791,1,1,1,1
247,1460,1383,3572,1,1,15574.379,2.582791,1,1,1,1
248,1460,1383,3572,1,1,17257.098,2.582791,1,1,1,1
249,1460,1383,3572,1,1,17263.422,2.582791,1,1,1,1
250,1460,1383,3572,1,1,17257.909,2.582791,1,1,1,1
251,1460,1383,3572,1,1,17258.400,2.582791,1,1,1,1
252,1460,1383,3572,1,1,17264.426,2.582791,1,1,1,1
253,1460,1383,3572,1,1,17268.777,2.582791,1,1,1,1
254,1460,1383,3572,1,1,17264.632,2.582791,1,1,1,1
255,1460,1383,3572,1,1,17264.932,2.582791,1,1,1,1
256,1460,1383,3572,1,1,17270.106,2.582791,1,1,1,1
257,1460,1383,3572,1,1,17262.286,2.582791,1,1,1,1
258,1460,1383,3572,1,1,17265.266,2.582791,1,1,1,1
259,1460,1383,3572,1,1,17269.834,2.582791,1,1,1,1
260,1460,1383,3572,1,1,17261.996,2.582791,1,1,1,1
261,1460,1383,3572,1,1,17260.285,2.582791,1,1,1,1
262,1460,1383,3572,1,1,17254.172,2.582791,1,1,1,1
263,1460,1383,3572,1,1,17261.008,2.582791,1,1,1,1
264,1460,1383,3572,1,1,17262.634,2.582791,1,1,1,1
265,1460,1383,3572,1,1,17260.781,2.582791,1,1,1,1
266,1460,1383,3572,1,1,17261.012,2.582791,1,1,1,1
267,1460,1383,3572,1,1,17261.222,2.582791,1,1,1,1
268,1460,1383,3572,1,1,17267.887,2.582791,1,1,1,1
269,1460,1383,3572,1,1,17260.347,2.582791,1,1,1,1
270,1460,1383,3572,1,1,17265.743,2.582791,1,1,1,1
271,1460,1383,3572,1,1,17272.913,2.582791,1,1,1,1
272,1460,1383,3572,1,1,17259.522,2.582791,1,1,1,1
273,1460,1383,3572,1,1,16228.577,2.582791,1,1,1,1
274,1460,1383,3572,1,1,13377.888,2.582791,1,1,1,1
275,1460,1383,3572,1,1,17249.220,2.582791,1,1,1,1
276,1460,1383,3572,1,1,17254.207,2.582791,1,1,1,1
277,1460,1383,3572,1,1,17257.652,2.582791,1,1,1,1
278,1460,1383,3572,1,1,17261.556,2.582791,1,1,1,1
279,1460,1383,3572,1,1,17261.957,2.582791,1,1,1,1
280,1460,1383,3572,1,1,17125.263,2.582791,1,1,1,1
281,1460,1383,3572,1,1,16950.232,2.582791,1,1,1,1
282,1460,1383,3572,1,1,17244.678,2.582791,1,1,1,1
283,1460,1383,3572,1,1,17236.481,2.582791,1,1,1,1
284,1460,1383,3572,1,1,17240.874,2.582791,1,1,1,1
285,1460,1383,3572,1,1,17231.807,2.582791,1,1,1,1
286,1460,1383,3572,1,1,17241.304,2.582791,1,1,1,1
287,1460,1383,3572,1,1,13368.207,2.582791,1,1,1,1
288,1460,1383,3572,1,1,15983.143,2.582791,1,1,1,1
289,1460,1383,3572,1,1,17211.839,2.582791,1,1,1,1
290,1460,1383,3572,1,1,16654.943,2.582791,1,1,1,1
291,1460,1383,3572,1,1,17190.241,2.582791,1,1,1,1
292,1460,1383,3572,1,1,17196.446,2.582791,1,1,1,1
293,1460,1383,3572,1,1,13760.956,2.582791,1,1,1,1
294,1460,1383,3572,1,1,15905.385,2.582791,1,1,1,1
295,1460,1383,3572,1,1,17201.604,2.582791,1,1,1,1
296,1460,1383,3572,1,1,17208.323,2.582791,1,1,1,1
297,1460,1383,3572,1,1,17212.273,2.582791,1,1,1,1
298,1460,1383,3572,1,1,17214.848,2.582791,1,1,1,1
299,1460,1383,3572,1,1,17214.166,2.582791,1,1,1,1
300,1460,1383,3572,1,1,17214.852,2.582791,1,1,1,1
301,1460,1383,3572,1,1,17198.967,2.582791,1,1,1,1
302,1460,1383,3572,1,1,17201.722,2.582791,1,1,1,1
303,1460,1383,3572,1,1,17203.059,2.582791,1,1,1,1
304,1460,1383,3572,1,1,17201.909,2.582791,1,1,1,1
305,1460,1383,3572,1,1,17200.315,2.582791,1,1,1,1
306,1460,1383,3572,1,1,17201.134,2.582791,1,1,1,1
307,1460,1383,3572,1,1,17201.260,2.582791,1,1,1,1
308,1460,1383,3572,1,1,17208.018,2.582791,1,1,1,1
309,1460,1383,3572,1,1,17212.077,2.582791,1,1,1,1
310,1460,1383,3572,1,1,16579.529,2.582791,1,1,1,1
311,1460,1383,3572,1,1,16342.833,2.582791,1,1,1,1
312,1460,1383,3572,1,1,17212.548,2.582791,1,1,1,1
313,1460,1383,3572,1,1,17209.588,2.582791,1,1,1,1
314,1460,1383,3572,1,1,17215.443,2.582791,1,1,1,1
315,1460,1383,3572,1,1,17221.421,2.582791,1,1,1,1
316,1460,1383,3572,1,1,17217.686,2.582791,1,1,1,1
317,1460,1383,3572,1,1,17224.301,2.582791,1,1,1,1
318,1460,1383,3572,1,1,17225.785,2.582791,1,1,1,1
319,1460,1383,3572,1,1,17206.177,2.582791,1,1,1,1
320,1460,1383,3572,1,1,17210.613,2.582791,1,1,1,1
321,1460,1383,3572,1,1,17212.252,2.582791,1,1,1,1
322,1460,1383,3572,1,1,17219.036,2.582791,1,1,1,1
323,1460,1383,3572,1,1,17220.226,2.582791,1,1,1,1
324,1460,1383,3572,1,1,17210.388,2.582791,1,1,1,1
325,1460,1383,3572,1,1,17214.570,2.582791,1,1,1,1
326,1460,1383,3572,1,1,13899.761,2.582791,1,1,1,1
327,1460,1383,3572,1,1,17211.158,2.582791,1,1,1,1
328,1460,1383,3572,1,1,17166.415,2.582791,1,1,1,1
329,1460,1383,3572,1,1,17137.787,2.582791,1,1,1,1
330,1460,1383,3572,1,1,17121.929,2.582791,1,1,1,1
331,1460,1383,3572,1,1,17087.108,2.582791,1,1,1,1
332,1460,1383,3572,1,1,17093.478,2.582791,1,1,1,1
333,1460,1383,3572,1,1,17096.393,2.582791,1,1,1,1
334,1460,1383,3572,1,1,17071.965,2.582791,1,1,1,1
335,1460,1383,3572,1,1,17073.618,2.582791,1,1,1,1
336,1460,1383,3572,1,1,14687.994,2.582791,1,1,1,1
337,1460,1383,3572,1,1,12900.940,2.582791,1,1,1,1
338,1460,1383,3572,1,1,17091.916,2.582791,1,1,1,1
339,1460,1383,3572,1,1,17067.974,2.582791,1,1,1,1
340,1460,1383,3572,1,1,17074.436,2.582791,1,1,1,1
341,1460,1383,3572,1,1,17078.611,2.582791,1,1,1,1
342,1460,1383,3572,1,1,14634.291,2.582791,1,1,1,1
343,1460,1383,3572,1,1,16988.039,2.582791,1,1,1,1
344,1460,1383,3572,1,1,16992.805,2.582791,1,1,1,1
345,1460,1383,3572,1,1,16996.590,2.582791,1,1,1,1
346,1460,1383,3572,1,1,13299.323,2.582791,1,1,1,1
347,1460,1383,3572,1,1,16995.674,2.582791,1,1,1,1
348,1460,1383,3572,1,1,16965.717,2.582791,1,1,1,1
349,1460,1383,3572,1,1,14441.554,2.582791,1,1,1,1
350,1460,1383,3572,1,1,16954.540,2.582791,1,1,1,1
351,1460,1383,3572,1,1,16960.379,2.582791,1,1,1,1
352,1460,1383,3572,1,1,16949.779,2.582791,1,1,1,1
353,1460,1383,3572,1,1,16956.451,2.582791,1,1,1,1
354,1460,1383,3572,1,1,16953.252,2.582791,1,1,1,1
355,1460,1383,3572,1,1,16949.873,2.582791,1,1,1,1
356,1460,1383,3572,1,1,16942.886,2.582791,1,1,1,1
357,1460,1383,3572,1,1,16945.997,2.582791,1,1,1,1
358,1460,1383,3572,1,1,16946.863,2.582791,1,1,1,1
359,1460,1383,3572,1,1,16275.788,2.582791,1,1,1,1
360,1460,1383,3572,1,1,16950.081,2.582791,1,1,1,1
361,1460,1383,3572,1,1,14112.340,2.582791,1,1,1,1
362,1460,1383,3572,1,1,16927.898,2.582791,1,1,1,1
363,1460,1383,3572,1,1,16927.772,2.582791,1,1,1,1
364,1460,1383,3572,1,1,16932.149,2.582791,1,1,1,1
365,1460,1383,3572,1,1,14537.332,2.582791,1,1,1,1
366,1460,1383,3572,1,1,16940.270,2.582791,1,1,1,1
367,1460,1383,3572,1,1,16921.401,2.582791,1,1,1,1
368,1460,1383,3572,1,1,16132.949,2.582791,1,1,1,1
369,1460,1383,3572,1,1,16133.481,2.582791,1,1,1,1
370,1460,1383,3572,1,1,16879.882,2.582791,1,1,1,1
371,1460,1383,3572,1,1,16880.521,2.582791,1,1,1,1
372,1460,1383,3572,1,1,15243.450,2.582791,1,1,1,1
373,1460,1383,3572,1,1,16854.597,2.582791,1,1,1,1
374,1460,1383,3572,1,1,16860.662,2.582791,1,1,1,1
375,1460,1383,3572,1,1,16866.339,2.582791,1,1,1,1
376,1460,1383,3572,1,1,16861.935,2.582791,1,1,1,1
377,1460,1383,3572,1,1,16865.312,2.582791,1,1,1,1
378,1460,1383,3572,1,1,13090.438,2.582791,1,1,1,1
379,1460,1383,3572,1,1,16870.945,2.582791,1,1,1,1
380,1460,1383,3572,1,1,16875.897,2.582791,1,1,1,1
381,1460,1383,3572,1,1,16871.775,2.582791,1,1,1,1
382,1460,1383,3572,1,1,16875.831,2.582791,1,1,1,1
383,1460,1383,3572,1,1,16879.812,2.582791,1,1,1,1
384,1460,1383,3572,1,1,16878.462,2.582791,1,1,1,1
385,1460,1383,3572,1,1,16876.518,2.582791,1,1,1,1
386,1460,1383,3572,1,1,16878.153,2.582791,1,1,1,1
387,1460,1383,3572,1,1,16879.187,2.582791,1,1,1,1
388,1460,1383,3572,1,1,16881.532,2.582791,1,1,1,1
389,1460,1383,3572,1,1,16882.733,2.582791,1,1,1,1
390,1460,1383,3572,1,1,16880.565,2.582791,1,1,1,1
391,1460,1383,3572,1,1,16878.712,2.582791,1,1,1,1
392,1460,1383,3572,1,1,16884.516,2.582791,1,1,1,1
393,1460,1383,3572,1,1,16883.188,2.582791,1,1,1,1
394,1460,1383,3572,1,1,16887.822,2.582791,1,1,1,1
395,1460,1383,3572,1,1,16885.749,2.582791,1,1,1,1
396,1460,1383,3572,1,1,16890.206,2.582791,1,1,1,1
397,1460,1383,3572,1,1,16896.545,2.582791,1,1,1,1
398,1460,1383,3572,1,1,16893.238,2.582791,1,1,1,1
399,1460,1383,3572,1,1,16887.284,2.582791,1,1,1,1
400,1460,1383,3572,1,1,16885.689,2.582791,1,1,1,1
401,1460,1383,3572,1,1,16887.036,2.582791,1,1,1,1
402,1460,1383,3572,1,1,16889.733,2.582791,1,1,1,1
403,1460,1383,3572,1,1,16888.916,2.582791,1,1,1,1
404,1460,1383,3572,1,1,16894.050,2.582791,1,1,1,1
405,1460,1383,3572,1,1,16896.490,2.582791,1,1,1,1
406,1460,1383,3572,1,1,16899.460,2.582791,1,1,1,1
407,1460,1383,3572,1,1,16897.557,2.582791,1,1,1,1
408,1460,1383,3572,1,1,14561.009,2.582791,1,1,1,1
409,1460,1383,3572,1,1,16878.651,2.582791,1,1,1,1
410,1460,1383,3572,1,1,16880.975,2.582791,1,1,1,1
411,1460,1383,3572,1,1,16884.385,2.582791,1,1,1,1
412,1460,1383,3572,1,1,16888.871,2.582791,1,1,1,1
413,1460,1383,3572,1,1,16894.672,2.582791,1,1,1,1
414,1460,1383,3572,1,1,14656.360,2.582791,1,1,1,1
415,1460,1383,3572,1,1,16886.626,2.582791,1,1,1,1
416,1460,1383,3572,1,1,15083.050,2.582791,1,1,1,1
417,1460,1383,3572,1,1,16895.751,2.582791,1,1,1,1
418,1460,1383,3572,1,1,16899.042,2.582791,1,1,1,1
419,1460,1383,3572,1,1,16888.966,2.582791,1,1,1,1
420,1460,1383,3572,1,1,13921.611,2.582791,1,1,1,1
421,1460,1383,3572,1,1,16898.420,2.582791,1,1,1,1
422,1460,1383,3572,1,1,16903.629,2.582791,1,1,1,1
423,1460,1383,3572,1,1,16908.831,2.582791,1,1,1,1
424,1460,1383,3572,1,1,16913.654,2.582791,1,1,1,1
425,1460,1383,3572,1,1,16913.625,2.582791,1,1,1,1
426,1460,1383,3572,1,1,14222.908,2.582791,1,1,1,1
427,1460,1383,3572,1,1,16896.114,2.582791,1,1,1,1
428,1460,1383,3572,1,1,16900.188,2.582791,1,1,1,1
429,1460,1383,3572,1,1,16901.543,2.582791,1,1,1,1
430,1460,1383,3572,1,1,16907.108,2.582791,1,1,1,1
431,1460,1383,3572,1,1,16909.672,2.582791,1,1,1,1
432,1460,1383,3572,1,1,16914.507,2.582791,1,1,1,1
433,1460,1383,3572,1,1,15462.376,2.582791,1,1,1,1
434,1460,1383,3572,1,1,16915.201,2.582791,1,1,1,1
435,1460,1383,3572,1,1,16910.191,2.582791,1,1,1,1
436,1460,1383,3572,1,1,16914.797,2.582791,1,1,1,1
437,1460,1383,3572,1,1,16918.976,2.582791,1,1,1,1
438,1460,1383,3572,1,1,16919.811,2.582791,1,1,1,1
439,1460,1383,3572,1,1,16923.760,2.582791,1,1,1,1
440,1460,1383,3572,1,1,16923.733,2.582791,1,1,1,1
441,1460,1383,3572,1,1,16925.911,2.582791,1,1,1,1
442,1460,1383,3572,1,1,16925.966,2.582791,1,1,1,1
443,1460,1383,3572,1,1,16930.262,2.582791,1,1,1,1
444,1460,1383,3572,1,1,16919.454,2.582791,1,1,1,1
445,1460,1383,3572,1,1,16923.107,2.582791,1,1,1,1
446,1460,1383,3572,1,1,16929.106,2.582791,1,1,1,1
447,1460,1383,3572,1,1,16845.613,2.582791,1,1,1,1
448,1460,1383,3572,1,1,16938.315,2.582791,1,1,1,1
449,1460,1383,3572,1,1,16938.038,2.582791,1,1,1,1
450,1460,1383,3572,1,1,16942.587,2.582791,1,1,1,1
451,1460,1383,3572,1,1,16926.613,2.582791,1,1,1,1
452,1460,1383,3572,1,1,16927.024,2.582791,1,1,1,1
453,1460,1383,3572,1,1,16928.911,2.582791,1,1,1,1
454,1460,1383,3572,1,1,16918.086,2.582791,1,1,1,1
455,1460,1383,3572,1,1,15279.261,2.582791,1,1,1,1
456,1460,1383,3572,1,1,16908.667,2.582791,1,1,1,1
457,1460,1383,3572,1,1,15598.891,2.582791,1,1,1,1
458,1460,1383,3572,1,1,16888.984,2.582791,1,1,1,1
459,1460,1383,3572,1,1,16890.785,2.582791,1,1,1,1
460,1460,1383,3572,1,1,16897.330,2.582791,1,1,1,1
461,1460,1383,3572,1,1,16871.302,2.582791,1,1,1,1
462,1460,1383,3572,1,1,16871.959,2.582791,1,1,1,1
463,1460,1383,3572,1,1,16870.256,2.582791,1,1,1,1
464,1460,1383,3572,1,1,16875.725,2.582791,1,1,1,1
465,1460,1383,3572,1,1,16865.445,2.582791,1,1,1,1
466,1460,1383,3572,1,1,16872.055,2.582791,1,1,1,1
467,1460,1383,3572,1,1,16879.559,2.582791,1,1,1,1
468,1460,1383,3572,1,1,16182.800,2.582791,1,1,1,1
469,1460,1383,3572,1,1,16878.169,2.582791,1,1,1,1
470,1460,1383,3572,1,1,16882.336,2.582791,1,1,1,1
471,1460,1383,3572,1,1,16893.525,2.582791,1,1,1,1
472,1460,1383,3572,1,1,16878.278,2.582791,1,1,1,1
473,1460,1383,3572,1,1,16879.804,2.582791,1,1,1,1
474,1460,1383,3572,1,1,13527.164,2.582791,1,1,1,1
475,1460,1383,3572,1,1,15741.429,2.582791,1,1,1,1
476,1460,1383,3572,1,1,16880.467,2.582791,1,1,1,1
477,1460,1383,3572,1,1,14412.573,2.582791,1,1,1,1
478,1460,1383,3572,1,1,16859.850,2.582791,1,1,1,1
479,1460,1383,3572,1,1,16858.450,2.582791,1,1,1,1
480,1460,1383,3572,1,1,16851.763,2.582791,1,1,1,1
481,1460,1383,3572,1,1,16846.234,2.582791,1,1,1,1
482,1460,1383,3572,1,1,16830.018,2.582791,1,1,1,1
483,1460,1383,3572,1,1,16834.848,2.582791,1,1,1,1
484,1460,1383,3572,1,1,16711.738,2.582791,1,1,1,1
485,1460,1383,3572,1,1,14657.938,2.582791,1,1,1,1
486,1460,1383,3572,1,1,16807.253,2.582791,1,1,1,1
487,1460,1383,3572,1,1,16808.465,2.582791,1,1,1,1
488,1460,1383,3572,1,1,16816.941,2.582791,1,1,1,1
489,1460,1383,3572,1,1,16821.970,2.582791,1,1,1,1
490,1460,1383,3572,1,1,15917.099,2.582791,1,1,1,1
491,1460,1383,3572,1,1,16822.373,2.582791,1,1,1,1
492,1460,1383,3572,1,1,16831.315,2.582791,1,1,1,1
493,1460,1383,3572,1,1,16831.059,2.582791,1,1,1,1
494,1460,1383,3572,1,1,16832.717,2.582791,1,1,1,1
495,1460,1383,3572,1,1,16832.094,2.582791,1,1,1,1
496,1460,1383,3572,1,1,16835.856,2.582791,1,1,1,1
497,1460,1383,3572,1,1,16837.000,2.582791,1,1,1,1
498,1460,1383,3572,1,1,16826.367,2.582791,1,1,1,1
499,1460,1383,3572,1,1,16831.900,2.582791,1,1,1,1
500,1460,1383,3572,1,1,16839.480,2.582791,1,1,1,1
501,1460,1383,3572,1,1,16839.771,2.582791,1,1,1,1
502,1460,1383,3572,1,1,13878.167,2.582791,1,1,1,1
503,1460,1383,3572,1,1,14940.113,2.582791,1,1,1,1
504,1460,1383,3572,1,1,16853.823,2.582791,1,1,1,1
505,1460,1383,3572,1,1,16855.596,2.582791,1,1,1,1
506,1460,1383,3572,1,1,16857.615,2.582791,1,1,1,1
507,1460,1383,3572,1,1,16863.789,2.582791,1,1,1,1
508,1460,1383,3572,1,1,16871.891,2.582791,1,1,1,1
509,1460,1383,3572,1,1,16879.702,2.582791,1,1,1,1
510,1460,1383,3572,1,1,16882.115,2.582791,1,1,1,1
511,1460,1383,3572,1,1,15981.550,2.582791,1,1,1,1
512,1460,1383,3572,1,1,16887.892,2.582791,1,1,1,1
513,1460,1383,3572,1,1,16892.219,2.582791,1,1,1,1
514,1460,1383,3572,1,1,16899.483,2.582791,1,1,1,1
515,1460,1383,3572,1,1,16907.501,2.582791,1,1,1,1
516,1460,1383,3572,1,1,16909.678,2.582791,1,1,1,1
517,1460,1383,3572,1,1,16912.322,2.582791,1,1,1,1
518,1460,1383,3572,1,1,16919.724,2.582791,1,1,1,1
519,1460,1383,3572,1,1,16925.391,2.582791,1,1,1,1
520,1460,1383,3572,1,1,16929.208,2.582791,1,1,1,1
521,1460,1383,3572,1,1,16936.067,2.582791,1,1,1,1
522,1460,1383,3572,1,1,16943.849,2.582791,1,1,1,1
523,1460,1383,3572,1,1,16950.732,2.582791,1,1,1,1
524,1460,1383,3572,1,1,16953.832,2.582791,1,1,1,1
525,1460,1383,3572,1,1,16957.900,2.582791,1,1,1,1
526,1460,1383,3572,1,1,16964.595,2.582791,1,1,1,1
527,1460,1383,3572,1,1,16963.842,2.582791,1,1,1,1
528,1460,1383,3572,1,1,16966.113,2.582791,1,1,1,1
529,1460,1383,3572,1,1,16971.697,2.582791,1,1,1,1
530,1460,1383,3572,1,1,16974.050,2.582791,1,1,1,1
531,1460,1383,3572,1,1,16976.942,2.582791,1,1,1,1
532,1460,1383,3572,1,1,16980.245,2.582791,1,1,1,1
533,1460,1383,3572,1,1,16985.243,2.582791,1,1,1,1
534,1460,1383,3572,1,1,16992.311,2.582791,1,1,1,1
535,1460,1383,3572,1,1,16996.001,2.582791,1,1,1,1
536,1460,1383,3572,1,1,16999.669,2.582791,1,1,1,1
537,1460,1383,3572,1,1,17007.596,2.582791,1,1,1,1
538,1460,1383,3572,1,1,17010.688,2.582791,1,1,1,1
539,1460,1383,3572,1,1,17015.981,2.582791,1,1,1,1
540,1460,1383,3572,1,1,17022.035,2.582791,1,1,1,1
541,1460,1383,3572,1,1,17028.273,2.582791,1,1,1,1
542,1460,1383,3572,1,1,17035.720,2.582791,1,1,1,1
543,1460,1383,3572,1,1,17038.455,2.582791,1,1,1,1
544,1460,1383,3572,1,1,17046.795,2.582791,1,1,1,1
545,1460,1383,3572,1,1,17053.159,2.582791,1,1,1,1
546,1460,1383,3572,1,1,17060.370,2.582791,1,1,1,1
547,1460,1383,3572,1,1,17065.024,2.582791,1,1,1,1
548,1460,1383,3572,1,1,17069.328,2.582791,1,1,1,1
549,1460,1383,3572,1,1,17071.736,2.582791,1,1,1,1
550,1460,1383,3572,1,1,17077.008,2.582791,1,1,1,1
551,1460,1383,3572,1,1,17069.916,2.582791,1,1,1,1
552,1460,1383,3572,1,1,17074.753,2.582791,1,1,1,1
553,1460,1383,3572,1,1,17080.958,2.582791,1,1,1,1
554,1460,1383,3572,1,1,17082.766,2.582791,1,1,1,1
555,1460,1383,3572,1,1,17086.719,2.582791,1,1,1,1
556,1460,1383,3572,1,1,17085.744,2.582791,1,1,1,1
557,1460,1383,3572,1,1,17088.084,2.582791,1,1,1,1
558,1460,1383,3572,1,1,17087.665,2.582791,1,1,1,1
559,1460,1383,3572,1,1,17092.340,2.582791,1,1,1,1
560,1460,1383,3572,1,1,17098.177,2.582791,1,1,1,1
561,1460,1383,3572,1,1,17098.863,2.582791,1,1,1,1
562,1460,1383,3572,1,1,17104.446,2.582791,1,1,1,1
563,1460,1383,3572,1,1,17117.917,2.582791,1,1,1,1
564,1460,1383,3572,1,1,17123.776,2.582791,1,1,1,1
565,1460,1383,3572,1,1,17120.770,2.582791,1,1,1,1
566,1460,1383,3572,1,1,17128.460,2.582791,1,1,1,1
567,1460,1383,3572,1,1,17128.225,2.582791,1,1,1,1
568,1460,1383,3572,1,1,17129.579,2.582791,1,1,1,1
569,1460,1383,3572,1,1,17136.935,2.582791,1,1,1,1
570,1460,1383,3572,1,1,17147.336,2.582791,1,1,1,1
571,1460,1383,3572,1,1,17139.160,2.582791,1,1,1,1
572,1460,1383,3572,1,1,17130.894,2.582791,1,1,1,1
573,1460,1383,3572,1,1,17139.553,2.582791,1,1,1,1
574,1460,1383,3572,1,1,17137.715,2.582791,1,1,1,1
575,1460,1383,3572,1,1,17145.326,2.582791,1,1,1,1
576,1460,1383,3572,1,1,17147.867,2.582791,1,1,1,1
577,1460,1383,3572,1,1,17152.236,2.582791,1,1,1,1
578,1460,1383,3572,1,1,17159.364,2.582791,1,1,1,1
579,1460,1383,3572,1,1,17163.687,2.582791,1,1,1,1
580,1460,1383,3572,1,1,17172.404,2.582791,1,1,1,1
581,1460,1383,3572,1,1,17175.296,2.582791,1,1,1,1
582,1460,1383,3572,1,1,17177.302,2.582791,1,1,1,1
583,1460,1383,3572,1,1,17176.539,2.582791,1,1,1,1
584,1460,1383,3572,1,1,17179.384,2.582791,1,1,1,1
585,1460,1383,3572,1,1,17186.538,2.582791,1,1,1,1
586,1460,1383,3572,1,1,17183.666,2.582791,1,1,1,1
587,1460,1383,3572,1,1,17191.633,2.582791,1,1,1,1
588,1460,1383,3572,1,1,17201.029,2.582791,1,1,1,1
589,1460,1383,3572,1,1,15824.693,2.582791,1,1,1,1
590,1460,1383,3572,1,1,17172.805,2.582791,1,1,1,1
591,1460,1383,3572,1,1,17177.489,2.582791,1,1,1,1
592,1460,1383,3572,1,1,17187.116,2.582791,1,1,1,1
593,1460,1383,3572,1,1,17178.103,2.582791,1,1,1,1
594,1460,1383,3572,1,1,17185.115,2.582791,1,1,1,1
595,1460,1383,3572,1,1,17191.888,2.582791,1,1,1,1
596,1460,1383,3572,1,1,17199.133,2.582791,1,1,1,1
597,1460,1383,3572,1,1,13545.216,2.582791,1,1,1,1
598,1460,1383,3572,1,1,17192.206,2.582791,1,1,1,1
599,1460,1383,3572,1,1,16028.157,2.582791,1,1,1,1
600,1460,1383,3572,1,1,17193.814,2.582791,1,1,1,1
601,1460,1383,3572,1,1,15797.272,2.582791,1,1,1,1
602,1460,1383,3572,1,1,17192.778,2.582791,1,1,1,1
603,1460,1383,3572,1,1,16474.790,2.582791,1,1,1,1
604,1460,1383,3572,1,1,16017.725,2.582791,1,1,1,1
605,1460,1383,3572,1,1,17211.065,2.582791,1,1,1,1
606,1460,1383,3572,1,1,17216.449,2.582791,1,1,1,1
607,1460,1383,3572,1,1,17211.965,2.582791,1,1,1,1
608,1460,1383,3572,1,1,17199.355,2.582791,1,1,1,1
609,1460,1383,3572,1,1,17201.588,2.582791,1,1,1,1
610,1460,1383,3572,1,1,17210.336,2.582791,1,1,1,1
611,1460,1383,3572,1,1,13788.474,2.582791,1,1,1,1
612,1460,1383,3572,1,1,17222.954,2.582791,1,1,1,1
613,1460,1383,3572,1,1,17040.678,2.582791,1,1,1,1
614,1460,1383,3572,1,1,17223.904,2.582791,1,1,1,1
615,1460,1383,3572,1,1,17233.181,2.582791,1,1,1,1
616,1460,1383,3572,1,1,17237.924,2.582791,1,1,1,1
617,1460,1383,3572,1,1,14529.127,2.582791,1,1,1,1
618,1460,1383,3572,1,1,17230.854,2.582791,1,1,1,1
619,1460,1383,3572,1,1,17199.232,2.582791,1,1,1,1
620,1460,1383,3572,1,1,17207.166,2.582791,1,1,1,1
621,1460,1383,3572,1,1,16946.861,2.582791,1,1,1,1
622,1460,1383,3572,1,1,17181.372,2.582791,1,1,1,1
623,1460,1383,3572,1,1,17183.008,2.582791,1,1,1,1
624,1460,1383,3572,1,1,16651.346,2.582791,1,1,1,1
625,1460,1383,3572,1,1,17188.794,2.582791,1,1,1,1
626,1460,1383,3572,1,1,17192.898,2.582791,1,1,1,1
627,1460,1383,3572,1,1,17196.715,2.582791,1,1,1,1
628,1460,1383,3572,1,1,16940.110,2.582791,1,1,1,1
629,1460,1383,3572,1,1,15740.093,2.582791,1,1,1,1
630,1460,1383,3572,1,1,17194.965,2.582791,1,1,1,1
631,1460,1383,3572,1,1,17194.297,2.582791,1,1,1,1
632,1460,1383,3572,1,1,17198.843,2.582791,1,1,1,1
633,1460,1383,3572,1,1,17200.958,2.582791,1,1,1,1
634,1460,1383,3572,1,1,17206.825,2.582791,1,1,1,1
635,1460,1383,3572,1,1,17212.252,2.582791,1,1,1,1
636,1460,1383,3572,1,1,17218.144,2.582791,1,1,1,1
637,1460,1383,3572,1,1,17048.994,2.582791,1,1,1,1
638,1460,1383,3572,1,1,17211.210,2.582791,1,1,1,1
639,1460,1383,3572,1,1,17205.895,2.582791,1,1,1,1
640,1460,1383,3572,1,1,17208.154,2.582791,1,1,1,1
641,1460,1383,3572,1,1,16965.853,2.582791,1,1,1,1
642,1460,1383,3572,1,1,17197.021,2.582791,1,1,1,1
643,1460,1383,3572,1,1,17200.908,2.582791,1,1,1,1
644,1460,1383,3572,1,1,17204.865,2.582791,1,1,1,1
645,1460,1383,3572,1,1,17202.190,2.582791,1,1,1,1
646,1460,1383,3572,1,1,17207.429,2.582791,1,1,1,1
647,1460,1383,3572,1,1,17205.810,2.582791,1,1,1,1
648,1460,1383,3572,1,1,17208.343,2.582791,1,1,1,1
649,1460,1383,3572,1,1,17208.408,2.582791,1,1,1,1
650,1460,1383,3572,1,1,17213.945,2.582791,1,1,1,1
651,1460,1383,3572,1,1,17215.288,2.582791,1,1,1,1
652,1460,1383,3572,1,1,17222.090,2.582791,1,1,1,1
653,1460,1383,3572,1,1,17228.296,2.582791,1,1,1,1
654,1460,1383,3572,1,1,17236.377,2.582791,1,1,1,1
655,1460,1383,3572,1,1,17236.772,2.582791,1,1,1,1
656,1460,1383,3572,1,1,17244.002,2.582791,1,1,1,1
657,1460,1383,3572,1,1,17237.372,2.582791,1,1,1,1
658,1460,1383,3572,1,1,17240.845,2.582791,1,1,1,1
659,1460,1383,3572,1,1,17234.575,2.582791,1,1,1,1
660,1460,1383,3572,1,1,17238.065,2.582791,1,1,1,1
661,1460,1383,3572,1,1,17239.223,2.582791,1,1,1,1
662,1460,1383,3572,1,1,17244.217,2.582791,1,1,1,1
663,1460,1383,3572,1,1,17245.255,2.582791,1,1,1,1
664,1460,1383,3572,1,1,17247.395,2.582791,1,1,1,1
665,1460,1383,3572,1,1,17253.273,2.582791,1,1,1,1
666,1460,1383,3572,1,1,17251.810,2.582791,1,1,1,1
667,1460,1383,3572,1,1,17250.268,2.582791,1,1,1,1
668,1460,1383,3572,1,1,17249.019,2.582791,1,1,1,1
669,1460,1383,3572,1,1,17252.757,2.582791,1,1,1,1
670,1460,1383,3572,1,1,17253.508,2.582791,1,1,1,1
671,1460,1383,3572,1,1,17254.787,2.582791,1,1,1,1
672,1460,1383,3572,1,1,17260.693,2.582791,1,1,1,1
673,1460,1383,3572,1,1,14568.436,2.582791,1,1,1,1
674,1460,1383,3572,1,1,17267.827,2.582791,1,1,1,1
675,1460,1383,3572,1,1,17267.105,2.582791,1,1,1,1
676,1460,1383,3572,1,1,17267.290,2.582791,1,1,1,1
677,1460,1383,3572,1,1,17270.409,2.582791,1,1,1,1
678,1460,1383,3572,1,1,17269.902,2.582791,1,1,1,1
679,1460,1383,3572,1,1,17271.752,2.582791,1,1,1,1
680,1460,1383,3572,1,1,17277.283,2.582791,1,1,1,1
681,1460,1383,3572,1,1,17278.919,2.582791,1,1,1,1
682,1460,1383,3572,1,1,17281.592,2.582791,1,1,1,1
683,1460,1383,3572,1,1,17281.115,2.582791,1,1,1,1
684,1460,1383,3572,1,1,17285.006,2.582791,1,1,1,1
685,1460,1383,3572,1,1,17284.187,2.582791,1,1,1,1
686,1460,1383,3572,1,1,17279.378,2.582791,1,1,1,1
687,1460,1383,3572,1,1,15264.208,2.582791,1,1,1,1
688,1460,1383,3572,1,1,17268.339,2.582791,1,1,1,1
689,1460,1383,3572,1,1,17266.104,2.582791,1,1,1,1
690,1460,1383,3572,1,1,17271.503,2.582791,1,1,1,1
691,1460,1383,3572,1,1,17237.678,2.582791,1,1,1,1
692,1460,1383,3572,1,1,17240.809,2.582791,1,1,1,1
693,1460,1383,3572,1,1,17242.368,2.582791,1,1,1,1
694,1460,1383,3572,1,1,17248.287,2.582791,1,1,1,1
695,1460,1383,3572,1,1,17254.396,2.582791,1,1,1,1
696,1460,1383,3572,1,1,17252.401,2.582791,1,1,1,1
697,1460,1383,3572,1,1,16820.008,2.582791,1,1,1,1
698,1460,1383,3572,1,1,17239.517,2.582791,1,1,1,1
699,1460,1383,3572,1,1,17236.114,2.582791,1,1,1,1
700,1460,1383,3572,1,1,17241.024,2.582791,1,1,1,1
701,1460,1383,3572,1,1,17220.199,2.582791,1,1,1,1
702,1460,1383,3572,1,1,17218.848,2.582791,1,1,1,1
703,1460,1383,3572,1,1,17222.370,2.582791,1,1,1,1
704,1460,1383,3572,1,1,17226.918,2.582791,1,1,1,1
705,1460,1383,3572,1,1,17233.254,2.582791,1,1,1,1
706,1460,1383,3572,1,1,17222.933,2.582791,1,1,1,1
707,1460,1383,3572,1,1,17227.991,2.582791,1,1,1,1
708,1460,1383,3572,1,1,17226.960,2.582791,1,1,1,1
709,1460,1383,3572,1,1,15536.895,2.582791,1,1,1,1
710,1460,1383,3572,1,1,16756.157,2.582791,1,1,1,1
711,1460,1383,3572,1,1,17231.125,2.582791,1,1,1,1
712,1460,1383,3572,1,1,17236.496,2.582791,1,1,1,1
713,1460,1383,3572,1,1,17233.658,2.582791,1,1,1,1
714,1460,1383,3572,1,1,13759.347,2.582791,1,1,1,1
715,1460,1383,3572,1,1,17227.769,2.582791,1,1,1,1
716,1460,1383,3572,1,1,17228.112,2.582791,1,1,1,1
717,1460,1383,3572,1,1,17230.729,2.582791,1,1,1,1
718,1460,1383,3572,1,1,16918.402,2.582791,1,1,1,1
719,1460,1383,3572,1,1,17220.417,2.582791,1,1,1,1
720,1460,1383,3572,1,1,16660.408,2.582791,1,1,1,1
721,1460,1383,3572,1,1,17203.417,2.582791,1,1,1,1
722,1460,1383,3572,1,1,17209.411,2.582791,1,1,1,1
723,1460,1383,3572,1,1,16717.209,2.582791,1,1,1,1
724,1460,1383,3572,1,1,17218.013,2.582791,1,1,1,1
725,1460,1383,3572,1,1,17224.124,2.582791,1,1,1,1
726,1460,1383,3572,1,1,17229.514,2.582791,1,1,1,1
727,1460,1383,3572,1,1,17233.350,2.582791,1,1,1,1
728,1460,1383,3572,1,1,15563.125,2.582791,1,1,1,1
729,1460,1383,3572,1,1,17034.349,2.582791,1,1,1,1
730,1460,1383,3572,1,1,17231.332,2.582791,1,1,1,1
731,1460,1383,3572,1,1,16578.644,2.582791,1,1,1,1
732,1460,1383,3572,1,1,17211.148,2.582791,1,1,1,1
733,1460,1383,3572,1,1,17204.983,2.582791,1,1,1,1
734,1460,1383,3572,1,1,17210.719,2.582791,1,1,1,1
735,1460,1383,3572,1,1,16792.779,2.582791,1,1,1,1
736,1460,1383,3572,1,1,17195.695,2.582791,1,1,1,1
737,1460,1383,3572,1,1,17199.959,2.582791,1,1,1,1
738,1460,1383,3572,1,1,17196.827,2.582791,1,1,1,1
739,1460,1383,3572,1,1,17197.065,2.582791,1,1,1,1
740,1460,1383,3572,1,1,17192.656,2.582791,1,1,1,1
741,1460,1383,3572,1,1,17193.529,2.582791,1,1,1,1
742,1460,1383,3572,1,1,17189.663,2.582791,1,1,1,1
743,1460,1383,3572,1,1,17193.455,2.582791,1,1,1,1
744,1460,1383,3572,1,1,17182.066,2.582791,1,1,1,1
745,1460,1383,3572,1,1,17180.624,2.582791,1,1,1,1
746,1460,1383,3572,1,1,17186.596,2.582791,1,1,1,1
747,1460,1383,3572,1,1,17176.651,2.582791,1,1,1,1
748,1460,1383,3572,1,1,17181.822,2.582791,1,1,1,1
749,1460,1383,3572,1,1,17166.826,2.582791,1,1,1,1
750,1460,1383,3572,1,1,17171.646,2.582791,1,1,1,1
751,1460,1383,3572,1,1,15789.974,2.582791,1,1,1,1
752,1460,1383,3572,1,1,13538.353,2.582791,1,1,1,1
753,1460,1383,3572,1,1,17173.484,2.582791,1,1,1,1
754,1460,1383,3572,1,1,16930.061,2.582791,1,1,1,1
755,1460,1383,3572,1,1,17170.779,2.582791,1,1,1,1
756,1460,1383,3572,1,1,17164.135,2.582791,1,1,1,1
757,1460,1383,3572,1,1,17165.318,2.582791,1,1,1,1
758,1460,1383,3572,1,1,16699.930,2.582791,1,1,1,1
759,1460,1383,3572,1,1,16405.704,2.582791,1,1,1,1
760,1460,1383,3572,1,1,17149.711,2.582791,1,1,1,1
761,1460,1383,3572,1,1,17154.142,2.582791,1,1,1,1
762,1460,1383,3572,1,1,17156.693,2.582791,1,1,1,1
763,1460,1383,3572,1,1,14590.872,2.582791,1,1,1,1
764,1460,1383,3572,1,1,17157.640,2.582791,1,1,1,1
765,1460,1383,3572,1,1,17163.196,2.582791,1,1,1,1
766,1460,1383,3572,1,1,16516.853,2.582791,1,1,1,1
767,1460,1383,3572,1,1,17164.631,2.582791,1,1,1,1
768,1460,1383,3572,1,1,17169.043,2.582791,1,1,1,1
769,1460,1383,3572,1,1,17174.666,2.582791,1,1,1,1
770,1460,1383,3572,1,1,16166.542,2.582791,1,1,1,1
771,1460,1383,3572,1,1,15183.304,2.582791,1,1,1,1
772,1460,1383,3572,1,1,17171.736,2.582791,1,1,1,1
773,1460,1383,3572,1,1,17148.832,2.582791,1,1,1,1
774,1460,1383,3572,1,1,17150.825,2.582791,1,1,1,1
775,1460,1383,3572,1,1,15513.734,2.582791,1,1,1,1
776,1460,1383,3572,1,1,17088.600,2.582791,1,1,1,1
777,1460,1383,3572,1,1,17153.773,2.582791,1,1,1,1
778,1460,1383,3572,1,1,17160.723,2.582791,1,1,1,1
779,1460,1383,3572,1,1,16480.864,2.582791,1,1,1,1
780,1460,1383,3572,1,1,17169.888,2.582791,1,1,1,1
781,1460,1383,3572,1,1,17143.035,2.582791,1,1,1,1
782,1460,1383,3572,1,1,17140.996,2.582791,1,1,1,1
783,1460,1383,3572,1,1,17146.043,2.582791,1,1,1,1
784,1460,1383,3572,1,1,17140.850,2.582791,1,1,1,1
785,1460,1383,3572,1,1,17146.122,2.582791,1,1,1,1
786,1460,1383,3572,1,1,15802.579,2.582791,1,1,1,1
787,1460,1383,3572,1,1,16880.821,2.582791,1,1,1,1
788,1460,1383,3572,1,1,17159.147,2.582791,1,1,1,1
789,1460,1383,3572,1,1,17161.654,2.582791,1,1,1,1
790,1460,1383,3572,1,1,17160.113,2.582791,1,1,1,1
791,1460,1383,3572,1,1,15417.072,2.582791,1,1,1,1
792,1460,1383,3572,1,1,17172.436,2.582791,1,1,1,1
793,1460,1383,3572,1,1,17170.933,2.582791,1,1,1,1
794,1460,1383,3572,1,1,17170.265,2.582791,1,1,1,1
795,1460,1383,3572,1,1,17170.857,2.582791,1,1,1,1
796,1460,1383,3572,1,1,17173.835,2.582791,1,1,1,1
797,1460,1383,3572,1,1,17177.786,2.582791,1,1,1,1
798,1460,1383,3572,1,1,16261.567,2.582791,1,1,1,1
799,1460,1383,3572,1,1,17178.507,2.582791,1,1,1,1
800,1460,1383,3572,1,1,17173.590,2.582791,1,1,1,1
801,1460,1383,3572,1,1,15719.035,2.582791,1,1,1,1
802,1460,1383,3572,1,1,15732.116,2.582791,1,1,1,1
803,1460,1383,3572,1,1,17177.646,2.582791,1,1,1,1
804,1460,1383,3572,1,1,16359.792,2.582791,1,1,1,1
805,1460,1383,3572,1,1,17178.744,2.582791,1,1,1,1
806,1460,1383,3572,1,1,17166.385,2.582791,1,1,1,1
807,1460,1383,3572,1,1,17166.585,2.582791,1,1,1,1
808,1460,1383,3572,1,1,17173.375,2.582791,1,1,1,1
809,1460,1383,3572,1,1,17177.708,2.582791,1,1,1,1
810,1460,1383,3572,1,1,17178.952,2.582791,1,1,1,1
811,1460,1383,3572,1,1,17183.857,2.582791,1,1,1,1
812,1460,1383,3572,1,1,17192.926,2.582791,1,1,1,1
813,1460,1383,3572,1,1,17198.913,2.582791,1,1,1,1
814,1460,1383,3572,1,1,16369.106,2.582791,1,1,1,1
815,1460,1383,3572,1,1,17069.368,2.582791,1,1,1,1
816,1460,1383,3572,1,1,15182.699,2.582791,1,1,1,1
817,1460,1383,3572,1,1,15685.755,2.582791,1,1,1,1
818,1460,1383,3572,1,1,16738.816,2.582791,1,1,1,1
819,1460,1383,3572,1,1,15227.936,2.582791,1,1,1,1
820,1460,1383,3572,1,1,17187.511,2.582791,1,1,1,1
821,1460,1383,3572,1,1,17191.668,2.582791,1,1,1,1
822,1460,1383,3572,1,1,17193.364,2.582791,1,1,1,1
823,1460,1383,3572,1,1,17196.913,2.582791,1,1,1,1
824,1460,1383,3572,1,1,17202.359,2.582791,1,1,1,1
825,1460,1383,3572,1,1,17196.105,2.582791,1,1,1,1
826,1460,1383,3572,1,1,17197.492,2.582791,1,1,1,1
827,1460,1383,3572,1,1,15427.158,2.582791,1,1,1,1
828,1460,1383,3572,1,1,17205.627,2.582791,1,1,1,1
829,1460,1383,3572,1,1,17209.058,2.582791,1,1,1,1
830,1460,1383,3572,1,1,17209.516,2.582791,1,1,1,1
831,1460,1383,3572,1,1,15225.011,2.582791,1,1,1,1
832,1460,1383,3572,1,1,17214.249,2.582791,1,1,1,1
833,1460,1383,3572,1,1,16552.442,2.582791,1,1,1,1
834,1460,1383,3572,1,1,16741.774,2.582791,1,1,1,1
835,1460,1383,3572,1,1,16396.014,2.582791,1,1,1,1
836,1460,1383,3572,1,1,17182.714,2.582791,1,1,1,1
837,1460,1383,3572,1,1,17185.155,2.582791,1,1,1,1
838,1460,1383,3572,1,1,17188.438,2.582791,1,1,1,1
839,1460,1383,3572,1,1,15111.982,2.582791,1,1,1,1
840,1460,1383,3572,1,1,17180.293,2.582791,1,1,1,1
841,1460,1383,3572,1,1,17186.341,2.582791,1,1,1,1
842,1460,1383,3572,1,1,17185.605,2.582791,1,1,1,1
843,1460,1383,3572,1,1,16456.688,2.582791,1,1,1,1
844,1460,1383,3572,1,1,17181.956,2.582791,1,1,1,1
845,1460,1383,3572,1,1,17184.775,2.582791,1,1,1,1
846,1460,1383,3572,1,1,17186.575,2.582791,1,1,1,1
847,1460,1383,3572,1,1,17189.904,2.582791,1,1,1,1
848,1460,1383,3572,1,1,16119.734,2.582791,1,1,1,1
849,1460,1383,3572,1,1,17194.787,2.582791,1,1,1,1
850,1460,1383,3572,1,1,17194.561,2.582791,1,1,1,1
851,1460,1383,3572,1,1,17200.291,2.582791,1,1,1,1
852,1460,1383,3572,1,1,17200.032,2.582791,1,1,1,1
853,1460,1383,3572,1,1,17192.595,2.582791,1,1,1,1
854,1460,1383,3572,1,1,17189.624,2.582791,1,1,1,1
855,1460,1383,3572,1,1,17182.872,2.582791,1,1,1,1
856,1460,1383,3572,1,1,17173.810,2.582791,1,1,1,1
857,1460,1383,3572,1,1,17163.985,2.582791,1,1,1,1
858,1460,1383,3572,1,1,17166.098,2.582791,1,1,1,1
859,1460,1383,3572,1,1,17162.995,2.582791,1,1,1,1
860,1460,1383,3572,1,1,17166.533,2.582791,1,1,1,1
861,1460,1383,3572,1,1,17169.760,2.582791,1,1,1,1
862,1460,1383,3572,1,1,16403.400,2.582791,1,1,1,1
863,1460,1383,3572,1,1,17155.319,2.582791,1,1,1,1
864,1460,1383,3572,1,1,17158.911,2.582791,1,1,1,1
865,1460,1383,3572,1,1,16864.418,2.582791,1,1,1,1
866,1460,1383,3572,1,1,17144.778,2.582791,1,1,1,1
867,1460,1383,3572,1,1,17142.388,2.582791,1,1,1,1
868,1460,1383,3572,1,1,17147.166,2.582791,1,1,1,1
869,1460,1383,3572,1,1,17116.415,2.582791,1,1,1,1
870,1460,1383,3572,1,1,16815.342,2.582791,1,1,1,1
871,1460,1383,3572,1,1,14518.829,2.582791,1,1,1,1
872,1460,1383,3572,1,1,17120.943,2.582791,1,1,1,1
873,1460,1383,3572,1,1,17132.941,2.582791,1,1,1,1
874,1460,1383,3572,1,1,17135.859,2.582791,1,1,1,1
875,1460,1383,3572,1,1,17119.570,2.582791,1,1,1,1
876,1460,1383,3572,1,1,17109.263,2.582791,1,1,1,1
877,1460,1383,3572,1,1,17115.312,2.582791,1,1,1,1
878,1460,1383,3572,1,1,17114.222,2.582791,1,1,1,1
879,1460,1383,3572,1,1,17109.448,2.582791,1,1,1,1
880,1460,1383,3572,1,1,17113.055,2.582791,1,1,1,1
881,1460,1383,3572,1,1,15781.047,2.582791,1,1,1,1
882,1460,1383,3572,1,1,16728.817,2.582791,1,1,1,1
883,1460,1383,3572,1,1,17126.590,2.582791,1,1,1,1
884,1460,1383,3572,1,1,17125.496,2.582791,1,1,1,1
885,1460,1383,3572,1,1,17130.064,2.582791,1,1,1,1
886,1460,1383,3572,1,1,15379.569,2.582791,1,1,1,1
887,1460,1383,3572,1,1,15878.967,2.582791,1,1,1,1
888,1460,1383,3572,1,1,17136.058,2.582791,1,1,1,1
889,1460,1383,3572,1,1,17140.679,2.582791,1,1,1,1
890,1460,1383,3572,1,1,17144.107,2.582791,1,1,1,1
891,1460,1383,3572,1,1,17148.628,2.582791,1,1,1,1
892,1460,1383,3572,1,1,17151.936,2.582791,1,1,1,1
893,1460,1383,3572,1,1,17150.691,2.582791,1,1,1,1
894,1460,1383,3572,1,1,17147.314,2.582791,1,1,1,1
895,1460,1383,3572,1,1,17141.076,2.582791,1,1,1,1
896,1460,1383,3572,1,1,17147.274,2.582791,1,1,1,1
897,1460,1383,3572,1,1,17152.136,2.582791,1,1,1,1
898,1460,1383,3572,1,1,17158.350,2.582791,1,1,1,1
899,1460,1383,3572,1,1,15110.312,2.582791,1,1,1,1
900,1460,1383,3572,1,1,17158.236,2.582791,1,1,1,1
901,1460,1383,3572,1,1,17162.726,2.582791,1,1,1,1
902,1460,1383,3572,1,1,17168.280,2.582791,1,1,1,1
903,1460,1383,3572,1,1,16574.211,2.582791,1,1,1,1
904,1460,1383,3572,1,1,17169.723,2.582791,1,1,1,1
905,1460,1383,3572,1,1,17171.830,2.582791,1,1,1,1
906,1460,1383,3572,1,1,17169.164,2.582791,1,1,1,1
907,1460,1383,3572,1,1,17169.760,2.582791,1,1,1,1
908,1460,1383,3572,1,1,17163.158,2.582791,1,1,1,1
909,1460,1383,3572,1,1,14597.072,2.582791,1,1,1,1
910,1460,1383,3572,1,1,17166.358,2.582791,1,1,1,1
911,1460,1383,3572,1,1,17169.592,2.582791,1,1,1,1
912,1460,1383,3572,1,1,17173.297,2.582791,1,1,1,1
913,1460,1383,3572,1,1,17179.404,2.582791,1,1,1,1
914,1460,1383,3572,1,1,17178.521,2.582791,1,1,1,1
915,1460,1383,3572,1,1,16841.654,2.582791,1,1,1,1
916,1460,1383,3572,1,1,16150.379,2.582791,1,1,1,1
917,1460,1383,3572,1,1,15645.743,2.582791,1,1,1,1
918,1460,1383,3572,1,1,17156.372,2.582791,1,1,1,1
919,1460,1383,3572,1,1,17158.287,2.582791,1,1,1,1
920,1460,1383,3572,1,1,17159.334,2.582791,1,1,1,1
921,1460,1383,3572,1,1,17162.645,2.582791,1,1,1,1
922,1460,1383,3572,1,1,16918.526,2.582791,1,1,1,1
923,1460,1383,3572,1,1,17162.883,2.582791,1,1,1,1
924,1460,1383,3572,1,1,17167.831,2.582791,1,1,1,1
925,1460,1383,3572,1,1,16380.709,2.582791,1,1,1,1
926,1460,1383,3572,1,1,17167.019,2.582791,1,1,1,1
927,1460,1383,3572,1,1,16737.641,2.582791,1,1,1,1
928,1460,1383,3572,1,1,16737.418,2.582791,1,1,1,1
929,1460,1383,3572,1,1,17158.255,2.582791,1,1,1,1
930,1460,1383,3572,1,1,17164.177,2.582791,1,1,1,1
931,1460,1383,3572,1,1,17164.269,2.582791,1,1,1,1
932,1460,1383,3572,1,1,17164.821,2.582791,1,1,1,1
933,1460,1383,3572,1,1,16955.216,2.582791,1,1,1,1
934,1460,1383,3572,1,1,17165.899,2.582791,1,1,1,1
935,1460,1383,3572,1,1,17168.394,2.582791,1,1,1,1
936,1460,1383,3572,1,1,16298.318,2.582791,1,1,1,1
937,1460,1383,3572,1,1,16976.771,2.582791,1,1,1,1
938,1460,1383,3572,1,1,17134.537,2.582791,1,1,1,1
939,1460,1383,3572,1,1,13536.999,2.582791,1,1,1,1
940,1460,1383,3572,1,1,17140.416,2.582791,1,1,1,1
941,1460,1383,3572,1,1,17144.771,2.582791,1,1,1,1
942,1460,1383,3572,1,1,17146.884,2.582791,1,1,1,1
943,1460,1383,3572,1,1,17149.075,2.582791,1,1,1,1
944,1460,1383,3572,1,1,17152.841,2.582791,1,1,1,1
945,1460,1383,3572,1,1,17156.177,2.582791,1,1,1,1
946,1460,1383,3572,1,1,17157.326,2.582791,1,1,1,1
947,1460,1383,3572,1,1,17151.958,2.582791,1,1,1,1
948,1460,1383,3572,1,1,17136.686,2.582791,1,1,1,1
949,1460,1383,3572,1,1,17142.630,2.582791,1,1,1,1
950,1460,1383,3572,1,1,17148.005,2.582791,1,1,1,1
951,1460,1383,3572,1,1,17153.985,2.582791,1,1,1,1
952,1460,1383,3572,1,1,17157.830,2.582791,1,1,1,1
953,1460,1383,3572,1,1,17164.323,2.582791,1,1,1,1
954,1460,1383,3572,1,1,17167.717,2.582791,1,1,1,1
955,1460,1383,3572,1,1,15957.585,2.582791,1,1,1,1
956,1460,1383,3572,1,1,17169.185,2.582791,1,1,1,1
957,1460,1383,3572,1,1,17172.859,2.582791,1,1,1,1
958,1460,1383,3572,1,1,17177.377,2.582791,1,1,1,1
959,1460,1383,3572,1,1,16944.041,2.582791,1,1,1,1
960,1460,1383,3572,1,1,17182.604,2.582791,1,1,1,1
961,1460,1383,3572,1,1,17174.221,2.582791,1,1,1,1
962,1460,1383,3572,1,1,17170.103,2.582791,1,1,1,1
963,1460,1383,3572,1,1,17175.720,2.582791,1,1,1,1
964,1460,1383,3572,1,1,17179.129,2.582791,1,1,1,1
965,1460,1383,3572,1,1,17178.162,2.582791,1,1,1,1
966,1460,1383,3572,1,1,15541.654,2.582791,1,1,1,1
967,1460,1383,3572,1,1,16727.889,2.582791,1,1,1,1
968,1460,1383,3572,1,1,16496.293,2.582791,1,1,1,1
969,1460,1383,3572,1,1,17162.435,2.582791,1,1,1,1
970,1460,1383,3572,1,1,17166.544,2.582791,1,1,1,1
971,1460,1383,3572,1,1,17172.392,2.582791,1,1,1,1
972,1460,1383,3572,1,1,17172.808,2.582791,1,1,1,1
973,1460,1383,3572,1,1,17177.997,2.582791,1,1,1,1
974,1460,1383,3572,1,1,17183.286,2.582791,1,1,1,1
975,1460,1383,3572,1,1,14616.452,2.582791,1,1,1,1
976,1460,1383,3572,1,1,17202.092,2.582791,1,1,1,1
977,1460,1383,3572,1,1,17208.120,2.582791,1,1,1,1
978,1460,1383,3572,1,1,17212.686,2.582791,1,1,1,1
979,1460,1383,3572,1,1,17213.949,2.582791,1,1,1,1
980,1460,1383,3572,1,1,17218.822,2.582791,1,1,1,1
981,1460,1383,3572,1,1,17222.531,2.582791,1,1,1,1
982,1460,1383,3572,1,1,17233.374,2.582791,1,1,1,1
983,1460,1383,3572,1,1,16566.972,2.582791,1,1,1,1
984,1460,1383,3572,1,1,17241.875,2.582791,1,1,1,1
985,1460,1383,3572,1,1,17242.325,2.582791,1,1,1,1
986,1460,1383,3572,1,1,17248.792,2.582791,1,1,1,1
987,1460,1383,3572,1,1,16074.114,2.582791,1,1,1,1
988,1460,1383,3572,1,1,17254.278,2.582791,1,1,1,1
989,1460,1383,3572,1,1,16290.364,2.582791,1,1,1,1
990,1460,1383,3572,1,1,17244.133,2.582791,1,1,1,1
991,1460,1383,3572,1,1,17250.416,2.582791,1,1,1,1
992,1460,1383,3572,1,1,17256.973,2.582791,1,1,1,1
993,1460,1383,3572,1,1,16323.233,2.582791,1,1,1,1
994,1460,1383,3572,1,1,17266.364,2.582791,1,1,1,1
995,1460,1383,3572,1,1,17265.864,2.582791,1,1,1,1
996,1460,1383,3572,1,1,15361.542,2.582791,1,1,1,1
997,1460,1383,3572,1,1,17023.992,2.582791,1,1,1,1
998,1460,1383,3572,1,1,17268.556,2.582791,1,1,1,1
999,1460,1383,3572,1,1,17069.013,2.582791,1,1,1,1
1000,1460,1383,3572,1,1,16324.812,2.582791,1,1,1,1
1001,1460,1383,3572,1,1,17289.311,2.582791,1,1,1,1
1002,1460,1383,3572,1,1,15965.056,2.582791,1,1,1,1
1003,1460,1383,3572,1,1,17285.592,2.582791,1,1,1,1
1004,1460,1383,3572,1,1,15968.763,2.582791,1,1,1,1
1005,1460,1383,3572,1,1,17309.490,2.582791,1,1,1,1
1006,1460,1383,3572,1,1,17317.448,2.582791,1,1,1,1
1007,1460,1383,3572,1,1,17320.704,2.582791,1,1,1,1
1008,1460,1383,3572,1,1,17325.171,2.582791,1,1,1,1
1009,1460,1383,3572,1,1,16566.570,2.582791,1,1,1,1
1010,1460,1383,3572,1,1,16766.797,2.582791,1,1,1,1
1011,1460,1383,3572,1,1,17345.411,2.582791,1,1,1,1
1012,1460,1383,3572,1,1,16994.661,2.582791,1,1,1,1
1013,1460,1383,3572,1,1,17278.565,2.582791,1,1,1,1
1014,1460,1383,3572,1,1,17360.658,2.582791,1,1,1,1
1015,1460,1383,3572,1,1,17367.956,2.582791,1,1,1,1
1016,1460,1383,3572,1,1,17367.035,2.582791,1,1,1,1
1017,1460,1383,3572,1,1,17370.393,2.582791,1,1,1,1
1018,1460,1383,3572,1,1,17371.912,2.582791,1,1,1,1
1019,1460,1383,3572,1,1,14695.596,2.582791,1,1,1,1
1020,1460,1383,3572,1,1,15034.788,2.582791,1,1,1,1
1021,1460,1383,3572,1,1,17375.654,2.582791,1,1,1,1
1022,1460,1383,3572,1,1,17379.286,2.582791,1,1,1,1
1023,1460,1383,3572,1,1,17380.239,2.582791,1,1,1,1
1024,1460,1383,3572,1,1,17387.481,2.582791,1,1,1,1
1025,1460,1383,3572,1,1,17393.495,2.582791,1,1,1,1
1026,1460,1383,3572,1,1,17400.626,2.582791,1,1,1,1
1027,1460,1383,3572,1,1,17396.474,2.582791,1,1,1,1
1028,1460,1383,3572,1,1,17401.575,2.582791,1,1,1,1
1029,1460,1383,3572,1,1,17407.226,2.582791,1,1,1,1
1030,1460,1383,3572,1,1,17395.228,2.582791,1,1,1,1
1031,1460,1383,3572,1,1,17401.649,2.582791,1,1,1,1
1032,1460,1383,3572,1,1,16644.883,2.582791,1,1,1,1
1033,1460,1383,3572,1,1,17411.517,2.582791,1,1,1,1
1034,1460,1383,3572,1,1,17411.800,2.582791,1,1,1,1
1035,1460,1383,3572,1,1,17419.467,2.582791,1,1,1,1
1036,1460,1383,3572,1,1,17424.945,2.582791,1,1,1,1
1037,1460,1383,3572,1,1,17431.324,2.582791,1,1,1,1
1038,1460,1383,3572,1,1,17434.844,2.582791,1,1,1,1
1039,1460,1383,3572,1,1,17439.981,2.582791,1,1,1,1
1040,1460,1383,3572,1,1,17443.371,2.582791,1,1,1,1
1041,1460,1383,3572,1,1,17449.604,2.582791,1,1,1,1
1042,1460,1383,3572,1,1,14088.085,2.582791,1,1,1,1
1043,1460,1383,3572,1,1,16296.375,2.582791,1,1,1,1
1044,1460,1383,3572,1,1,17468.358,2.582791,1,1,1,1
1045,1460,1383,3572,1,1,17471.224,2.582791,1,1,1,1
1046,1460,1383,3572,1,1,17477.742,2.582791,1,1,1,1
1047,1460,1383,3572,1,1,17478.779,2.582791,1,1,1,1
1048,1460,1383,3572,1,1,17485.457,2.582791,1,1,1,1
1049,1460,1383,3572,1,1,17491.832,2.582791,1,1,1,1
1050,1460,1383,3572,1,1,17497.783,2.582791,1,1,1,1
1051,1460,1383,3572,1,1,17499.551,2.582791,1,1,1,1
1052,1460,1383,3572,1,1,16728.438,2.582791,1,1,1,1
1053,1460,1383,3572,1,1,17391.091,2.582791,1,1,1,1
1054,1460,1383,3572,1,1,17519.885,2.582791,1,1,1,1
1055,1460,1383,3572,1,1,17515.024,2.582791,1,1,1,1
1056,1460,1383,3572,1,1,16959.490,2.582791,1,1,1,1
1057,1460,1383,3572,1,1,17489.513,2.582791,1,1,1,1
1058,1460,1383,3572,1,1,17426.119,2.582791,1,1,1,1
1059,1460,1383,3572,1,1,16327.863,2.582791,1,1,1,1
1060,1460,1383,3572,1,1,17480.453,2.582791,1,1,1,1
1061,1460,1383,3572,1,1,17480.274,2.582791,1,1,1,1
1062,1460,1383,3572,1,1,17485.559,2.582791,1,1,1,1
1063,1460,1383,3572,1,1,17492.506,2.582791,1,1,1,1
1064,1460,1383,3572,1,1,17488.726,2.582791,1,1,1,1
1065,1460,1383,3572,1,1,17181.171,2.582791,1,1,1,1
1066,1460,1383,3572,1,1,17499.887,2.582791,1,1,1,1
1067,1460,1383,3572,1,1,16971.065,2.582791,1,1,1,1
1068,1460,1383,3572,1,1,17502.833,2.582791,1,1,1,1
1069,1460,1383,3572,1,1,16921.822,2.582791,1,1,1,1
1070,1460,1383,3572,1,1,17513.004,2.582791,1,1,1,1
1071,1460,1383,3572,1,1,17510.150,2.582791,1,1,1,1
1072,1460,1383,3572,1,1,17519.586,2.582791,1,1,1,1
1073,1460,1383,3572,1,1,17527.194,2.582791,1,1,1,1
1074,1460,1383,3572,1,1,17518.783,2.582791,1,1,1,1
1075,1460,1383,3572,1,1,17528.237,2.582791,1,1,1,1
1076,1460,1383,3572,1,1,17535.612,2.582791,1,1,1,1
1077,1460,1383,3572,1,1,17343.009,2.582791,1,1,1,1
1078,1460,1383,3572,1,1,17542.474,2.582791,1,1,1,1
1079,1460,1383,3572,1,1,17552.211,2.582791,1,1,1,1
1080,1460,1383,3572,1,1,17547.319,2.582791,1,1,1,1
1081,1460,1383,3572,1,1,16888.121,2.582791,1,1,1,1
1082,1460,1383,3572,1,1,17096.514,2.582791,1,1,1,1
1083,1460,1383,3572,1,1,17552.224,2.582791,1,1,1,1
1084,1460,1383,3572,1,1,16963.134,2.582791,1,1,1,1
1085,1460,1383,3572,1,1,17048.259,2.582791,1,1,1,1
1086,1460,1383,3572,1,1,17553.532,2.582791,1,1,1,1
1087,1460,1383,3572,1,1,17559.033,2.582791,1,1,1,1
1088,1460,1383,3572,1,1,17567.714,2.582791,1,1,1,1
1089,1460,1383,3572,1,1,17575.475,2.582791,1,1,1,1
1090,1460,1383,3572,1,1,17579.531,2.582791,1,1,1,1
1091,1460,1383,3572,1,1,17588.159,2.582791,1,1,1,1
1092,1460,1383,3572,1,1,17597.139,2.582791,1,1,1,1
1093,1460,1383,3572,1,1,17599.261,2.582791,1,1,1,1
1094,1460,1383,3572,1,1,17602.475,2.582791,1,1,1,1
1095,1460,1383,3572,1,1,17206.389,2.582791,1,1,1,1
1096,1460,1383,3572,1,1,17607.524,2.582791,1,1,1,1
1097,1460,1383,3572,1,1,17609.185,2.582791,1,1,1,1
1098,1460,1383,3572,1,1,17606.848,2.582791,1,1,1,1
1099,1460,1383,3572,1,1,17618.224,2.582791,1,1,1,1
1100,1460,1383,3572,1,1,17606.233,2.582791,1,1,1,1
1101,1460,1383,3572,1,1,16839.328,2.582791,1,1,1,1
1102,1460,1383,3572,1,1,16638.229,2.582791,1,1,1,1
1103,1460,1383,3572,1,1,15450.589,2.582791,1,1,1,1
1104,1460,1383,3572,1,1,17599.652,2.582791,1,1,1,1
1105,1460,1383,3572,1,1,17488.242,2.582791,1,1,1,1
1106,1460,1383,3572,1,1,17616.111,2.582791,1,1,1,1
1107,1460,1383,3572,1,1,17625.564,2.582791,1,1,1,1
1108,1460,1383,3572,1,1,17635.165,2.582791,1,1,1,1
1109,1460,1383,3572,1,1,17136.138,2.582791,1,1,1,1
1110,1460,1383,3572,1,1,17649.937,2.582791,1,1,1,1
1111,1460,1383,3572,1,1,17657.544,2.582791,1,1,1,1
1112,1460,1383,3572,1,1,17616.819,2.582791,1,1,1,1
1113,1460,1383,3572,1,1,16969.385,2.582791,1,1,1,1
1114,1460,1383,3572,1,1,17227.519,2.582791,1,1,1,1
1115,1460,1383,3572,1,1,17256.950,2.582791,1,1,1,1
1116,1460,1383,3572,1,1,17581.688,2.582791,1,1,1,1
1117,1460,1383,3572,1,1,17585.487,2.582791,1,1,1,1
1118,1460,1383,3572,1,1,17156.979,2.582791,1,1,1,1
1119,1460,1383,3572,1,1,17591.080,2.582791,1,1,1,1
1120,1460,1383,3572,1,1,17569.388,2.582791,1,1,1,1
1121,1460,1383,3572,1,1,17568.124,2.582791,1,1,1,1
1122,1460,1383,3572,1,1,17569.987,2.582791,1,1,1,1
1123,1460,1383,3572,1,1,17030.701,2.582791,1,1,1,1
1124,1460,1383,3572,1,1,17569.156,2.582791,1,1,1,1
1125,1460,1383,3572,1,1,17567.242,2.582791,1,1,1,1
1126,1460,1383,3572,1,1,17087.594,2.582791,1,1,1,1
1127,1460,1383,3572,1,1,17573.400,2.582791,1,1,1,1
1128,1460,1383,3572,1,1,17576.571,2.582791,1,1,1,1
1129,1460,1383,3572,1,1,17577.544,2.582791,1,1,1,1
1130,1460,1383,3572,1,1,17581.470,2.582791,1,1,1,1
1131,1460,1383,3572,1,1,17583.429,2.582791,1,1,1,1
1132,1460,1383,3572,1,1,17588.173,2.582791,1,1,1,1
1133,1460,1383,3572,1,1,17589.936,2.582791,1,1,1,1
1134,1460,1383,3572,1,1,17592.546,2.582791,1,1,1,1
1135,1460,1383,3572,1,1,17594.853,2.582791,1,1,1,1
1136,1460,1383,3572,1,1,15025.886,2.582791,1,1,1,1
1137,1460,1383,3572,1,1,17600.652,2.582791,1,1,1,1
1138,1460,1383,3572,1,1,17597.426,2.582791,1,1,1,1
1139,1460,1383,3572,1,1,17600.379,2.582791,1,1,1,1
1140,1460,1383,3572,1,1,17602.838,2.582791,1,1,1,1
1141,1460,1383,3572,1,1,16198.669,2.582791,1,1,1,1
1142,1460,1383,3572,1,1,17610.744,2.582791,1,1,1,1
1143,1460,1383,3572,1,1,17619.625,2.582791,1,1,1,1
1144,1460,1383,3572,1,1,17617.109,2.582791,1,1,1,1
1145,1460,1383,3572,1,1,17620.477,2.582791,1,1,1,1
1146,1460,1383,3572,1,1,17628.541,2.582791,1,1,1,1
1147,1460,1383,3572,1,1,17633.746,2.582791,1,1,1,1
1148,1460,1383,3572,1,1,17641.407,2.582791,1,1,1,1
1149,1460,1383,3572,1,1,17646.454,2.582791,1,1,1,1
1150,1460,1383,3572,1,1,17645.861,2.582791,1,1,1,1
1151,1460,1383,3572,1,1,17650.620,2.582791,1,1,1,1
1152,1460,1383,3572,1,1,17656.969,2.582791,1,1,1,1
1153,1460,1383,3572,1,1,17650.028,2.582791,1,1,1,1
1154,1460,1383,3572,1,1,17654.241,2.582791,1,1,1,1
1155,1460,1383,3572,1,1,17649.926,2.582791,1,1,1,1
1156,1460,1383,3572,1,1,17654.807,2.582791,1,1,1,1
1157,1460,1383,3572,1,1,17632.149,2.582791,1,1,1,1
1158,1460,1383,3572,1,1,17629.716,2.582791,1,1,1,1
1159,1460,1383,3572,1,1,17635.243,2.582791,1,1,1,1
1160,1460,1383,3572,1,1,17639.096,2.582791,1,1,1,1
1161,1460,1383,3572,1,1,16286.651,2.582791,1,1,1,1
1162,1460,1383,3572,1,1,17641.361,2.582791,1,1,1,1
1163,1460,1383,3572,1,1,17648.047,2.582791,1,1,1,1
1164,1460,1383,3572,1,1,17640.401,2.582791,1,1,1,1
1165,1460,1383,3572,1,1,17643.314,2.582791,1,1,1,1
1166,1460,1383,3572,1,1,17640.937,2.582791,1,1,1,1
1167,1460,1383,3572,1,1,17644.724,2.582791,1,1,1,1
1168,1460,1383,3572,1,1,17648.113,2.582791,1,1,1,1
1169,1460,1383,3572,1,1,16941.782,2.582791,1,1,1,1
1170,1460,1383,3572,1,1,16328.176,2.582791,1,1,1,1
1171,1460,1383,3572,1,1,15701.960,2.582791,1,1,1,1
1172,1460,1383,3572,1,1,17644.940,2.582791,1,1,1,1
1173,1460,1383,3572,1,1,17644.096,2.582791,1,1,1,1
1174,1460,1383,3572,1,1,17635.873,2.582791,1,1,1,1
1175,1460,1383,3572,1,1,17629.095,2.582791,1,1,1,1
1176,1460,1383,3572,1,1,17634.676,2.582791,1,1,1,1
1177,1460,1383,3572,1,1,17618.081,2.582791,1,1,1,1
1178,1460,1383,3572,1,1,17623.214,2.582791,1,1,1,1
1179,1460,1383,3572,1,1,15663.631,2.582791,1,1,1,1
1180,1460,1383,3572,1,1,17616.376,2.582791,1,1,1,1
1181,1460,1383,3572,1,1,14593.676,2.582791,1,1,1,1
1182,1460,1383,3572,1,1,17623.743,2.582791,1,1,1,1
1183,1460,1383,3572,1,1,17627.164,2.582791,1,1,1,1
1184,1460,1383,3572,1,1,17626.703,2.582791,1,1,1,1
1185,1460,1383,3572,1,1,17617.559,2.582791,1,1,1,1
1186,1460,1383,3572,1,1,17622.595,2.582791,1,1,1,1
1187,1460,1383,3572,1,1,15719.606,2.582791,1,1,1,1
1188,1460,1383,3572,1,1,15694.710,2.582791,1,1,1,1
1189,1460,1383,3572,1,1,16972.588,2.582791,1,1,1,1
1190,1460,1383,3572,1,1,17622.571,2.582791,1,1,1,1
1191,1460,1383,3572,1,1,17627.079,2.582791,1,1,1,1
1192,1460,1383,3572,1,1,16966.362,2.582791,1,1,1,1
1193,1460,1383,3572,1,1,17208.699,2.582791,1,1,1,1
1194,1460,1383,3572,1,1,17609.616,2.582791,1,1,1,1
1195,1460,1383,3572,1,1,17615.743,2.582791,1,1,1,1
1196,1460,1383,3572,1,1,17614.307,2.582791,1,1,1,1
1197,1460,1383,3572,1,1,16091.194,2.582791,1,1,1,1
1198,1460,1383,3572,1,1,17609.424,2.582791,1,1,1,1
1199,1460,1383,3572,1,1,15677.023,2.582791,1,1,1,1
1200,1460,1383,3572,1,1,15528.128,2.582791,1,1,1,1
1201,1460,1383,3572,1,1,17602.149,2.582791,1,1,1,1
1202,1460,1383,3572,1,1,15246.765,2.582791,1,1,1,1
1203,1460,1383,3572,1,1,14681.592,2.582791,1,1,1,1
1204,1460,1383,3572,1,1,17611.619,2.582791,1,1,1,1
1205,1460,1383,3572,1,1,17610.967,2.582791,1,1,1,1
1206,1460,1383,3572,1,1,17616.323,2.582791,1,1,1,1
1207,1460,1383,3572,1,1,16955.162,2.582791,1,1,1,1
1208,1460,1383,3572,1,1,17623.701,2.582791,1,1,1,1
1209,1460,1383,3572,1,1,17481.137,2.582791,1,1,1,1
1210,1460,1383,3572,1,1,17616.828,2.582791,1,1,1,1
1211,1460,1383,3572,1,1,17620.525,2.582791,1,1,1,1
1212,1460,1383,3572,1,1,17626.443,2.582791,1,1,1,1
1213,1460,1383,3572,1,1,17630.230,2.582791,1,1,1,1
1214,1460,1383,3572,1,1,17628.796,2.582791,1,1,1,1
1215,1460,1383,3572,1,1,17633.592,2.582791,1,1,1,1
1216,1460,1383,3572,1,1,17635.466,2.582791,1,1,1,1
1217,1460,1383,3572,1,1,17595.650,2.582791,1,1,1,1
1218,1460,1383,3572,1,1,17646.235,2.582791,1,1,1,1
1219,1460,1383,3572,1,1,17645.503,2.582791,1,1,1,1
1220,1460,1383,3572,1,1,17643.852,2.582791,1,1,1,1
1221,1460,1383,3572,1,1,16043.110,2.582791,1,1,1,1
1222,1460,1383,3572,1,1,17630.518,2.582791,1,1,1,1
1223,1460,1383,3572,1,1,17654.871,2.582791,1,1,1,1
1224,1460,1383,3572,1,1,15613.705,2.582791,1,1,1,1
1225,1460,1383,3572,1,1,16634.181,2.582791,1,1,1,1
1226,1460,1383,3572,1,1,17643.669,2.582791,1,1,1,1
1227,1460,1383,3572,1,1,17647.785,2.582791,1,1,1,1
1228,1460,1383,3572,1,1,17647.739,2.582791,1,1,1,1
1229,1460,1383,3572,1,1,17654.819,2.582791,1,1,1,1
1230,1460,1383,3572,1,1,17656.755,2.582791,1,1,1,1
1231,1460,1383,3572,1,1,17621.629,2.582791,1,1,1,1
1232,1460,1383,3572,1,1,17653.757,2.582791,1,1,1,1
1233,1460,1383,3572,1,1,17659.996,2.582791,1,1,1,1
1234,1460,1383,3572,1,1,17654.171,2.582791,1,1,1,1
1235,1460,1383,3572,1,1,17656.569,2.582791,1,1,1,1
1236,1460,1383,3572,1,1,17140.792,2.582791,1,1,1,1
1237,1460,1383,3572,1,1,15496.496,2.582791,1,1,1,1
1238,1460,1383,3572,1,1,16625.591,2.582791,1,1,1,1
1239,1460,1383,3572,1,1,17656.067,2.582791,1,1,1,1
1240,1460,1383,3572,1,1,17656.003,2.582791,1,1,1,1
1241,1460,1383,3572,1,1,17658.784,2.582791,1,1,1,1
1242,1460,1383,3572,1,1,17655.048,2.582791,1,1,1,1
1243,1460,1383,3572,1,1,17643.597,2.582791,1,1,1,1
1244,1460,1383,3572,1,1,17649.171,2.582791,1,1,1,1
1245,1460,1383,3572,1,1,17653.168,2.582791,1,1,1,1
1246,1460,1383,3572,1,1,17653.167,2.582791,1,1,1,1
1247,1460,1383,3572,1,1,17658.117,2.582791,1,1,1,1
1248,1460,1383,3572,1,1,17654.985,2.582791,1,1,1,1
1249,1460,1383,3572,1,1,17658.656,2.582791,1,1,1,1
1250,1460,1383,3572,1,1,17659.883,2.582791,1,1,1,1
1251,1460,1383,3572,1,1,17655.430,2.582791,1,1,1,1
1252,1460,1383,3572,1,1,17657.479,2.582791,1,1,1,1
1253,1460,1383,3572,1,1,17663.265,2.582791,1,1,1,1
1254,1460,1383,3572,1,1,17667.024,2.582791,1,1,1,1
1255,1460,1383,3572,1,1,17666.891,2.582791,1,1,1,1
1256,1460,1383,3572,1,1,17664.393,2.582791,1,1,1,1
1257,1460,1383,3572,1,1,17663.247,2.582791,1,1,1,1
1258,1460,1383,3572,1,1,17668.352,2.582791,1,1,1,1
1259,1460,1383,3572,1,1,16558.390,2.582791,1,1,1,1
1260,1460,1383,3572,1,1,17672.442,2.582791,1,1,1,1
1261,1460,1383,3572,1,1,17328.395,2.582791,1,1,1,1
1262,1460,1383,3572,1,1,17672.980,2.582791,1,1,1,1
1263,1460,1383,3572,1,1,17675.004,2.582791,1,1,1,1
1264,1460,1383,3572,1,1,17679.076,2.582791,1,1,1,1
1265,1460,1383,3572,1,1,16258.590,2.582791,1,1,1,1
1266,1460,1383,3572,1,1,17676.272,2.582791,1,1,1,1
1267,1460,1383,3572,1,1,17206.907,2.582791,1,1,1,1
1268,1460,1383,3572,1,1,17655.011,2.582791,1,1,1,1
1269,1460,1383,3572,1,1,17647.813,2.582791,1,1,1,1
1270,1460,1383,3572,1,1,17642.905,2.582791,1,1,1,1
1271,1460,1383,3572,1,1,17638.427,2.582791,1,1,1,1
1272,1460,1383,3572,1,1,17640.451,2.582791,1,1,1,1
1273,1460,1383,3572,1,1,17645.424,2.582791,1,1,1,1
1274,1460,1383,3572,1,1,17639.266,2.582791,1,1,1,1
1275,1460,1383,3572,1,1,16705.451,2.582791,1,1,1,1
1276,1460,1383,3572,1,1,17642.888,2.582791,1,1,1,1
1277,1460,1383,3572,1,1,17626.943,2.582791,1,1,1,1
1278,1460,1383,3572,1,1,17631.199,2.582791,1,1,1,1
1279,1460,1383,3572,1,1,17637.600,2.582791,1,1,1,1
1280,1460,1383,3572,1,1,17643.530,2.582791,1,1,1,1
1281,1460,1383,3572,1,1,17623.955,2.582791,1,1,1,1
1282,1460,1383,3572,1,1,17625.358,2.582791,1,1,1,1
1283,1460,1383,3572,1,1,17631.436,2.582791,1,1,1,1
1284,1460,1383,3572,1,1,17635.556,2.582791,1,1,1,1
1285,1460,1383,3572,1,1,17624.469,2.582791,1,1,1,1
1286,1460,1383,3572,1,1,16886.412,2.582791,1,1,1,1
1287,1460,1383,3572,1,1,16237.221,2.582791,1,1,1,1
1288,1460,1383,3572,1,1,17610.788,2.582791,1,1,1,1
1289,1460,1383,3572,1,1,17612.166,2.582791,1,1,1,1
1290,1460,0,0,0,0,,,0,0,1,0
1291,1460,1383,3572,1,1,17599.955,2.582791,1,1,1,1
1292,1460,1383,3572,1,1,16867.314,2.582791,1,1,1,1
1293,1460,1383,3572,1,1,17603.063,2.582791,1,1,1,1
1294,1460,1383,3572,1,1,17563.888,2.582791,1,1,1,1
1295,1460,1383,3572,1,1,17564.077,2.582791,1,1,1,1
1296,1460,1383,3572,1,1,17554.125,2.582791,1,1,1,1
1297,1460,1383,3572,1,1,16476.247,2.582791,1,1,1,1
1298,1460,1383,3572,1,1,16410.311,2.582791,1,1,1,1
1299,1460,1383,3572,1,1,17568.830,2.582791,1,1,1,1
1300,1460,1383,3572,1,1,17576.254,2.582791,1,1,1,1
1301,1460,1383,3572,1,1,17577.982,2.582791,1,1,1,1
1302,1460,1383,3572,1,1,17579.240,2.582791,1,1,1,1
1303,1460,1383,3572,1,1,17584.462,2.582791,1,1,1,1
1304,1460,1383,3572,1,1,16347.908,2.582791,1,1,1,1
1305,1460,1383,3572,1,1,16648.157,2.582791,1,1,1,1
1306,1460,1383,3572,1,1,17566.728,2.582791,1,1,1,1
1307,1460,1383,3572,1,1,17572.220,2.582791,1,1,1,1
1308,1460,1383,3572,1,1,14988.587,2.582791,1,1,1,1
1309,1460,1383,3572,1,1,17581.943,2.582791,1,1,1,1
1310,1460,1383,3572,1,1,17557.933,2.582791,1,1,1,1
1311,1460,1383,3572,1,1,17499.755,2.582791,1,1,1,1
1312,1460,1383,3572,1,1,17583.674,2.582791,1,1,1,1
1313,1460,1383,3572,1,1,17008.134,2.582791,1,1,1,1
1314,1460,1383,3572,1,1,17579.902,2.582791,1,1,1,1
1315,1460,1383,3572,1,1,17566.807,2.582791,1,1,1,1
1316,1460,1383,3572,1,1,17570.159,2.582791,1,1,1,1
1317,1460,1383,3572,1,1,17575.775,2.582791,1,1,1,1
1318,1460,1383,3572,1,1,17574.153,2.582791,1,1,1,1
1319,1460,1383,3572,1,1,17580.163,2.582791,1,1,1,1
1320,1460,1383,3572,1,1,17585.528,2.582791,1,1,1,1
1321,1460,1383,3572,1,1,14458.929,2.582791,1,1,1,1
1322,1460,1383,3572,1,1,17591.138,2.582791,1,1,1,1
1323,1460,1383,3572,1,1,17595.449,2.582791,1,1,1,1
1324,1460,1383,3572,1,1,15719.492,2.582791,1,1,1,1
1325,1460,1383,3572,1,1,17581.030,2.582791,1,1,1,1
1326,1460,1383,3572,1,1,17162.585,2.582791,1,1,1,1
1327,1460,1383,3572,1,1,17590.431,2.582791,1,1,1,1
1328,1460,1383,3572,1,1,17588.609,2.582791,1,1,1,1
1329,1460,1383,3572,1,1,17594.968,2.582791,1,1,1,1
1330,1460,1383,3572,1,1,16551.066,2.582791,1,1,1,1
1331,1460,1383,3572,1,1,17593.865,2.582791,1,1,1,1
1332,1460,1383,3572,1,1,17595.285,2.582791,1,1,1,1
1333,1460,1383,3572,1,1,17590.139,2.582791,1,1,1,1
1334,1460,1383,3572,1,1,17436.592,2.582791,1,1,1,1
1335,1460,1383,3572,1,1,17159.670,2.582791,1,1,1,1
1336,1460,1383,3572,1,1,16350.616,2.582791,1,1,1,1
1337,1460,1383,3572,1,1,17593.234,2.582791,1,1,1,1
1338,1460,1383,3572,1,1,17583.328,2.582791,1,1,1,1
1339,1460,1383,3572,1,1,17589.240,2.582791,1,1,1,1
1340,1460,1383,3572,1,1,16468.883,2.582791,1,1,1,1
1341,1460,1383,3572,1,1,17589.375,2.582791,1,1,1,1
1342,1460,1383,3572,1,1,17142.612,2.582791,1,1,1,1
1343,1460,1383,3572,1,1,17584.616,2.582791,1,1,1,1
1344,1460,1383,3572,1,1,17570.300,2.582791,1,1,1,1
1345,1460,1383,3572,1,1,17576.244,2.582791,1,1,1,1
1346,1460,1383,3572,1,1,16792.683,2.582791,1,1,1,1
1347,1460,1383,3572,1,1,17520.257,2.582791,1,1,1,1
1348,1460,1383,3572,1,1,16820.238,2.582791,1,1,1,1
1349,1460,1383,3572,1,1,16804.329,2.582791,1,1,1,1
1350,1460,1383,3572,1,1,17511.048,2.582791,1,1,1,1
1351,1460,1383,3572,1,1,17515.075,2.582791,1,1,1,1
1352,1460,1383,3572,1,1,17520.446,2.582791,1,1,1,1
1353,1460,1383,3572,1,1,17526.686,2.582791,1,1,1,1
1354,1460,1383,3572,1,1,17526.424,2.582791,1,1,1,1
1355,1460,1383,3572,1,1,16801.734,2.582791,1,1,1,1
1356,1460,1383,3572,1,1,17518.255,2.582791,1,1,1,1
1357,1460,1383,3572,1,1,17511.151,2.582791,1,1,1,1
1358,1460,1383,3572,1,1,16071.795,2.582791,1,1,1,1
1359,1460,1383,3572,1,1,17499.103,2.582791,1,1,1,1
1360,1460,1383,3572,1,1,16357.049,2.582791,1,1,1,1
1361,1460,1383,3572,1,1,17510.557,2.582791,1,1,1,1
1362,1460,1383,3572,1,1,16713.899,2.582791,1,1,1,1
1363,1460,1383,3572,1,1,17519.831,2.582791,1,1,1,1
1364,1460,1383,3572,1,1,17520.250,2.582791,1,1,1,1
1365,1460,1383,3572,1,1,17520.956,2.582791,1,1,1,1
1366,1460,1383,3572,1,1,17523.428,2.582791,1,1,1,1
1367,1460,1383,3572,1,1,13492.460,2.582791,1,1,1,1
1368,1460,1383,3572,1,1,16992.693,2.582791,1,1,1,1
1369,1460,1383,3572,1,1,17513.130,2.582791,1,1,1,1
1370,1460,1383,3572,1,1,17519.093,2.582791,1,1,1,1
1371,1460,1383,3572,1,1,17522.373,2.582791,1,1,1,1
1372,1460,1383,3572,1,1,15201.868,2.582791,1,1,1,1
1373,1460,1383,3572,1,1,17507.353,2.582791,1,1,1,1
1374,1460,1383,3572,1,1,17508.046,2.582791,1,1,1,1
1375,1460,1383,3572,1,1,16329.989,2.582791,1,1,1,1
1376,1460,1383,3572,1,1,17506.897,2.582791,1,1,1,1
1377,1460,1383,3572,1,1,17509.265,2.582791,1,1,1,1
1378,1460,1383,3572,1,1,17513.305,2.582791,1,1,1,1
1379,1460,1383,3572,1,1,17379.875,2.582791,1,1,1,1
1380,1460,1383,3572,1,1,17520.466,2.582791,1,1,1,1
1381,1460,1383,3572,1,1,17525.156,2.582791,1,1,1,1
1382,1460,1383,3572,1,1,17518.970,2.582791,1,1,1,1
1383,1460,1383,3572,1,1,17525.100,2.582791,1,1,1,1
1384,1460,1383,3572,1,1,16234.148,2.582791,1,1,1,1
1385,1460,1383,3572,1,1,17522.693,2.582791,1,1,1,1
1386,1460,1383,3572,1,1,17525.444,2.582791,1,1,1,1
1387,1460,1383,3572,1,1,17512.171,2.582791,1,1,1,1
1388,1460,1383,3572,1,1,17514.315,2.582791,1,1,1,1
1389,1460,1383,3572,1,1,17518.554,2.582791,1,1,1,1
1390,1460,1383,3572,1,1,16267.016,2.582791,1,1,1,1
1391,1460,1383,3572,1,1,17513.649,2.582791,1,1,1,1
1392,1460,1383,3572,1,1,17517.284,2.582791,1,1,1,1
1393,1460,1383,3572,1,1,17521.552,2.582791,1,1,1,1
1394,1460,1383,3572,1,1,17523.081,2.582791,1,1,1,1
1395,1460,1383,3572,1,1,17527.744,2.582791,1,1,1,1
1396,1460,1383,3572,1,1,16508.267,2.582791,1,1,1,1
1397,1460,1383,3572,1,1,17527.319,2.582791,1,1,1,1
1398,1460,1383,3572,1,1,16768.651,2.582791,1,1,1,1
1399,1460,1383,3572,1,1,17533.343,2.582791,1,1,1,1
1400,1460,1383,3572,1,1,17534.114,2.582791,1,1,1,1
1401,1460,1383,3572,1,1,17539.249,2.582791,1,1,1,1
1402,1460,1383,3572,1,1,17541.379,2.582791,1,1,1,1
1403,1460,1383,3572,1,1,17544.476,2.582791,1,1,1,1
1404,1460,1383,3572,1,1,17550.781,2.582791,1,1,1,1
1405,1460,1383,3572,1,1,17545.634,2.582791,1,1,1,1
1406,1460,1383,3572,1,1,17547.428,2.582791,1,1,1,1
1407,1460,1383,3572,1,1,17552.405,2.582791,1,1,1,1
1408,1460,1383,3572,1,1,17265.862,2.582791,1,1,1,1
1409,1460,1383,3572,1,1,17536.885,2.582791,1,1,1,1
1410,1460,1383,3572,1,1,17532.588,2.582791,1,1,1,1
1411,1460,1383,3572,1,1,15227.012,2.582791,1,1,1,1
1412,1460,1383,3572,1,1,16896.794,2.582791,1,1,1,1
1413,1460,1383,3572,1,1,17531.444,2.582791,1,1,1,1
1414,1460,1383,3572,1,1,17532.031,2.582791,1,1,1,1
1415,1460,1383,3572,1,1,17537.559,2.582791,1,1,1,1
1416,1460,1383,3572,1,1,17543.619,2.582791,1,1,1,1
1417,1460,1383,3572,1,1,17547.738,2.582791,1,1,1,1
1418,1460,1383,3572,1,1,17541.085,2.582791,1,1,1,1
1419,1460,1383,3572,1,1,17535.709,2.582791,1,1,1,1
1420,1460,1383,3572,1,1,17541.048,2.582791,1,1,1,1
1421,1460,1383,3572,1,1,17537.790,2.582791,1,1,1,1
1422,1460,1383,3572,1,1,17540.523,2.582791,1,1,1,1
1423,1460,1383,3572,1,1,17537.585,2.582791,1,1,1,1
1424,1460,1383,3572,1,1,17533.148,2.582791,1,1,1,1
1425,1460,1383,3572,1,1,17539.401,2.582791,1,1,1,1
1426,1460,1383,3572,1,1,16350.118,2.582791,1,1,1,1
1427,1460,1383,3572,1,1,17545.905,2.582791,1,1,1,1
1428,1460,1383,3572,1,1,17550.863,2.582791,1,1,1,1
1429,1460,1383,3572,1,1,17553.686,2.582791,1,1,1,1
1430,1460,1383,3572,1,1,17558.453,2.582791,1,1,1,1
1431,1460,1383,3572,1,1,17559.777,2.582791,1,1,1,1
1432,1460,1383,3572,1,1,17163.642,2.582791,1,1,1,1
1433,1460,1383,3572,1,1,17541.840,2.582791,1,1,1,1
1434,1460,1383,3572,1,1,17543.089,2.582791,1,1,1,1
1435,1460,1383,3572,1,1,16879.963,2.582791,1,1,1,1
1436,1460,1383,3572,1,1,16201.378,2.582791,1,1,1,1
1437,1460,1383,3572,1,1,17557.370,2.582791,1,1,1,1
1438,1460,1383,3572,1,1,17564.664,2.582791,1,1,1,1
1439,1460,1383,3572,1,1,16284.707,2.582791,1,1,1,1
1440,1460,1383,3572,1,1,17557.735,2.582791,1,1,1,1
1441,1460,1383,3572,1,1,17561.124,2.582791,1,1,1,1
1442,1460,1383,3572,1,1,17565.955,2.582791,1,1,1,1
1443,1460,1383,3572,1,1,17562.908,2.582791,1,1,1,1
1444,1460,1383,3572,1,1,16756.521,2.582791,1,1,1,1
1445,1460,1383,3572,1,1,17564.268,2.582791,1,1,1,1
1446,1460,1383,3572,1,1,17567.438,2.582791,1,1,1,1
1447,1460,1383,3572,1,1,16978.083,2.582791,1,1,1,1
1448,1460,1383,3572,1,1,17554.603,2.582791,1,1,1,1
1449,1460,1383,3572,1,1,17392.937,2.582791,1,1,1,1
1450,1460,1383,3572,1,1,17556.510,2.582791,1,1,1,1
1451,1460,1383,3572,1,1,17233.284,2.582791,1,1,1,1
1452,1460,1383,3572,1,1,17252.824,2.582791,1,1,1,1
1453,1460,1383,3572,1,1,17558.739,2.582791,1,1,1,1
1454,1460,1383,3572,1,1,17562.152,2.582791,1,1,1,1
1455,1460,1383,3572,1,1,17568.129,2.582791,1,1,1,1
1456,1460,1383,3572,1,1,17570.437,2.582791,1,1,1,1
1457,1460,1383,3572,1,1,17445.316,2.582791,1,1,1,1
1458,1460,1383,3572,1,1,17576.113,2.582791,1,1,1,1
1459,1460,1383,3572,1,1,17584.708,2.582791,1,1,1,1
1460,1460,1383,3572,1,1,17586.637,2.582791,1,1,1,1
1461,1460,1383,3572,1,1,17593.960,2.582791,1,1,1,1
1462,1460,1383,3572,1,1,16905.063,2.582791,1,1,1,1
1463,1460,1383,3572,1,1,17603.814,2.582791,1,1,1,1
1464,1460,1383,3572,1,1,17601.555,2.582791,1,1,1,1
1465,1460,1383,3572,1,1,17606.879,2.582791,1,1,1,1
1466,1460,1383,3572,1,1,17610.839,2.582791,1,1,1,1
1467,1460,1383,3572,1,1,17616.721,2.582791,1,1,1,1
1468,1460,1383,3572,1,1,17625.754,2.582791,1,1,1,1
1469,1460,1383,3572,1,1,17632.654,2.582791,1,1,1,1
1470,1460,1383,3572,1,1,17644.710,2.582791,1,1,1,1
1471,1460,1383,3572,1,1,17126.416,2.582791,1,1,1,1
1472,1460,1383,3572,1,1,17647.768,2.582791,1,1,1,1
1473,1460,1383,3572,1,1,17649.554,2.582791,1,1,1,1
1474,1460,1383,3572,1,1,17657.568,2.582791,1,1,1,1
1475,1460,1383,3572,1,1,17661.510,2.582791,1,1,1,1
1476,1460,1383,3572,1,1,17668.128,2.582791,1,1,1,1
1477,1460,1383,3572,1,1,17672.718,2.582791,1,1,1,1
1478,1460,1383,3572,1,1,17676.765,2.582791,1,1,1,1
1479,1460,1383,3572,1,1,17678.557,2.582791,1,1,1,1
1480,1460,1383,3572,1,1,17196.047,2.582791,1,1,1,1
1481,1460,1383,3572,1,1,17398.994,2.582791,1,1,1,1
1482,1460,1383,3572,1,1,17523.422,2.582791,1,1,1,1
1483,1460,1383,3572,1,1,16944.789,2.582791,1,1,1,1
1484,1460,1383,3572,1,1,17369.102,2.582791,1,1,1,1
1485,1460,1383,3572,1,1,17485.611,2.582791,1,1,1,1
1486,1460,1383,3572,1,1,17697.306,2.582791,1,1,1,1
1487,1460,1383,3572,1,1,17699.525,2.582791,1,1,1,1
1488,1460,1383,3572,1,1,17699.938,2.582791,1,1,1,1
1489,1460,1383,3572,1,1,17703.758,2.582791,1,1,1,1
1490,1460,1383,3572,1,1,17711.508,2.582791,1,1,1,1
1491,1460,1383,3572,1,1,16567.744,2.582791,1,1,1,1
1492,1460,1383,3572,1,1,17704.836,2.582791,1,1,1,1
1493,1460,1383,3572,1,1,17604.486,2.582791,1,1,1,1
1494,1460,1383,3572,1,1,17719.930,2.582791,1,1,1,1
1495,1460,1383,3572,1,1,17721.529,2.582791,1,1,1,1
1496,1460,1383,3572,1,1,17727.300,2.582791,1,1,1,1
1497,1460,1383,3572,1,1,17471.419,2.582791,1,1,1,1
1498,1460,1383,3572,1,1,17742.256,2.582791,1,1,1,1
1499,1460,1383,3572,1,1,17734.431,2.582791,1,1,1,1
1500,1460,1383,3572,1,1,16850.112,2.582791,1,1,1,1
1501,1460,1383,3572,1,1,17756.188,2.582791,1,1,1,1
1502,1460,1383,3572,1,1,17759.342,2.582791,1,1,1,1
1503,1460,1383,3572,1,1,17761.267,2.582791,1,1,1,1
1504,1460,1383,3572,1,1,17768.082,2.582791,1,1,1,1
1505,1460,1383,3572,1,1,17774.622,2.582791,1,1,1,1
1506,1460,1383,3572,1,1,17775.117,2.582791,1,1,1,1
1507,1460,1383,3572,1,1,16517.809,2.582791,1,1,1,1
1508,1460,1383,3572,1,1,14727.266,2.582791,1,1,1,1
1509,1460,1383,3572,1,1,17787.173,2.582791,1,1,1,1
1510,1460,1383,3572,1,1,17579.724,2.582791,1,1,1,1
1511,1460,1383,3572,1,1,17771.335,2.582791,1,1,1,1
1512,1460,1383,3572,1,1,17771.090,2.582791,1,1,1,1
1513,1460,1383,3572,1,1,17779.076,2.582791,1,1,1,1
1514,1460,1383,3572,1,1,17785.751,2.582791,1,1,1,1
1515,1460,1383,3572,1,1,17783.205,2.582791,1,1,1,1
1516,1460,1383,3572,1,1,17782.169,2.582791,1,1,1,1
1517,1460,1383,3572,1,1,17790.173,2.582791,1,1,1,1
1518,1460,1383,3572,1,1,17793.420,2.582791,1,1,1,1
1519,1460,1383,3572,1,1,17801.679,2.582791,1,1,1,1
1520,1460,1383,3572,1,1,17539.840,2.582791,1,1,1,1
1521,1460,1383,3572,1,1,17797.681,2.582791,1,1,1,1
1522,1460,1383,3572,1,1,17528.368,2.582791,1,1,1,1
1523,1460,1383,3572,1,1,17808.536,2.582791,1,1,1,1
1524,1460,1383,3572,1,1,17812.558,2.582791,1,1,1,1
1525,1460,1383,3572,1,1,17818.891,2.582791,1,1,1,1
1526,1460,1383,3572,1,1,17824.496,2.582791,1,1,1,1
1527,1460,1383,3572,1,1,13805.761,2.582791,1,1,1,1
1528,1460,1383,3572,1,1,16926.702,2.582791,1,1,1,1
1529,1460,1383,3572,1,1,17586.559,2.582791,1,1,1,1
1530,1460,1383,3572,1,1,17241.598,2.582791,1,1,1,1
1531,1460,1383,3572,1,1,17837.686,2.582791,1,1,1,1
1532,1460,1383,3572,1,1,16177.554,2.582791,1,1,1,1
1533,1460,1383,3572,1,1,17831.814,2.582791,1,1,1,1
1534,1460,1383,3572,1,1,17837.112,2.582791,1,1,1,1
1535,1460,1383,3572,1,1,17448.437,2.582791,1,1,1,1
1536,1460,1383,3572,1,1,17850.015,2.582791,1,1,1,1
1537,1460,1383,3572,1,1,17850.498,2.582791,1,1,1,1
1538,1460,1383,3572,1,1,17855.920,2.582791,1,1,1,1
1539,1460,1383,3572,1,1,17850.805,2.582791,1,1,1,1
1540,1460,1383,3572,1,1,17830.628,2.582791,1,1,1,1
1541,1460,1383,3572,1,1,17823.927,2.582791,1,1,1,1
1542,1460,1383,3572,1,1,17831.705,2.582791,1,1,1,1
1543,1460,1383,3572,1,1,17830.783,2.582791,1,1,1,1
1544,1460,1383,3572,1,1,15652.219,2.582791,1,1,1,1
1545,1460,1383,3572,1,1,17832.733,2.582791,1,1,1,1
1546,1460,1383,3572,1,1,17831.174,2.582791,1,1,1,1
1547,1460,1383,3572,1,1,17838.448,2.582791,1,1,1,1
1548,1460,1383,3572,1,1,17844.730,2.582791,1,1,1,1
1549,1460,1383,3572,1,1,17848.287,2.582791,1,1,1,1
1550,1460,1383,3572,1,1,17854.133,2.582791,1,1,1,1
1551,1460,1383,3572,1,1,17041.385,2.582791,1,1,1,1
1552,1460,1383,3572,1,1,17857.566,2.582791,1,1,1,1
1553,1460,1383,3572,1,1,17865.316,2.582791,1,1,1,1
1554,1460,1383,3572,1,1,15905.606,2.582791,1,1,1,1
1555,1460,1383,3572,1,1,17873.489,2.582791,1,1,1,1
1556,1460,1383,3572,1,1,17880.067,2.582791,1,1,1,1
1557,1460,1383,3572,1,1,17888.313,2.582791,1,1,1,1
1558,1460,1383,3572,1,1,17893.729,2.582791,1,1,1,1
1559,1460,1383,3572,1,1,17900.381,2.582791,1,1,1,1
1560,1460,1383,3572,1,1,17904.173,2.582791,1,1,1,1
1561,1460,1383,3572,1,1,17912.934,2.582791,1,1,1,1
1562,1460,1383,3572,1,1,17913.684,2.582791,1,1,1,1
1563,1460,1383,3572,1,1,17917.671,2.582791,1,1,1,1
1564,1460,1383,3572,1,1,17925.170,2.582791,1,1,1,1
1565,1460,1383,3572,1,1,17933.717,2.582791,1,1,1,1
1566,1460,1383,3572,1,1,17944.544,2.582791,1,1,1,1
1567,1460,1383,3572,1,1,17949.450,2.582791,1,1,1,1
1568,1460,1383,3572,1,1,17960.565,2.582791,1,1,1,1
1569,1460,1383,3572,1,1,17969.308,2.582791,1,1,1,1
1570,1460,1383,3572,1,1,17970.138,2.582791,1,1,1,1
1571,1460,1383,3572,1,1,17979.990,2.582791,1,1,1,1
1572,1460,1383,3572,1,1,16044.918,2.582791,1,1,1,1
1573,1460,1383,3572,1,1,17989.235,2.582791,1,1,1,1
1574,1460,1383,3572,1,1,17996.181,2.582791,1,1,1,1
1575,1460,1383,3572,1,1,18005.148,2.582791,1,1,1,1
1576,1460,1383,3572,1,1,18011.689,2.582791,1,1,1,1
1577,1460,1383,3572,1,1,18017.106,2.582791,1,1,1,1
1578,1460,1383,3572,1,1,18025.321,2.582791,1,1,1,1
1579,1460,1383,3572,1,1,18030.720,2.582791,1,1,1,1
1580,1460,1383,3572,1,1,17269.979,2.582791,1,1,1,1
1581,1460,1383,3572,1,1,18027.681,2.582791,1,1,1,1
1582,1460,1383,3572,1,1,18036.984,2.582791,1,1,1,1
1583,1460,1383,3572,1,1,18040.428,2.582791,1,1,1,1
1584,1460,1383,3572,1,1,18048.598,2.582791,1,1,1,1
1585,1460,1383,3572,1,1,18056.778,2.582791,1,1,1,1
1586,1460,1383,3572,1,1,18041.936,2.582791,1,1,1,1
1587,1460,1383,3572,1,1,18050.178,2.582791,1,1,1,1
1588,1460,1383,3572,1,1,18057.025,2.582791,1,1,1,1
1589,1460,1383,3572,1,1,18058.320,2.582791,1,1,1,1
1590,1460,1383,3572,1,1,18064.056,2.582791,1,1,1,1
1591,1460,1383,3572,1,1,18057.229,2.582791,1,1,1,1
1592,1460,1383,3572,1,1,17740.443,2.582791,1,1,1,1
1593,1460,1383,3572,1,1,17894.213,2.582791,1,1,1,1
1594,1460,1383,3572,1,1,17109.399,2.582791,1,1,1,1
1595,1460,1383,3572,1,1,18061.943,2.582791,1,1,1,1
1596,1460,1383,3572,1,1,18057.784,2.582791,1,1,1,1
1597,1460,1383,3572,1,1,18062.363,2.582791,1,1,1,1
1598,1460,1383,3572,1,1,16451.752,2.582791,1,1,1,1
1599,1460,1383,3572,1,1,17727.839,2.582791,1,1,1,1
1600,1460,1383,3572,1,1,18074.410,2.582791,1,1,1,1
1601,1460,1383,3572,1,1,18084.343,2.582791,1,1,1,1
1602,1460,1383,3572,1,1,15051.533,2.582791,1,1,1,1
1603,1460,1383,3572,1,1,17789.444,2.582791,1,1,1,1
1604,1460,1383,3572,1,1,18083.912,2.582791,1,1,1,1
1605,1460,1383,3572,1,1,16346.254,2.582791,1,1,1,1
1606,1460,1383,3572,1,1,18010.634,2.582791,1,1,1,1
1607,1460,1383,3572,1,1,18089.699,2.582791,1,1,1,1
1608,1460,1383,3572,1,1,18096.470,2.582791,1,1,1,1
1609,1460,1383,3572,1,1,18106.739,2.582791,1,1,1,1
1610,1460,1383,3572,1,1,18103.770,2.582791,1,1,1,1
1611,1460,1383,3572,1,1,15085.666,2.582791,1,1,1,1
1612,1460,1383,3572,1,1,18106.423,2.582791,1,1,1,1
1613,1460,1383,3572,1,1,18110.995,2.582791,1,1,1,1
1614,1460,1383,3572,1,1,18110.776,2.582791,1,1,1,1
1615,1460,1383,3572,1,1,18091.747,2.582791,1,1,1,1
1616,1460,1383,3572,1,1,18099.882,2.582791,1,1,1,1
1617,1460,1383,3572,1,1,18104.266,2.582791,1,1,1,1
1618,1460,1383,3572,1,1,16453.190,2.582791,1,1,1,1
1619,1460,1383,3572,1,1,17882.446,2.582791,1,1,1,1
1620,1460,1383,3572,1,1,18109.466,2.582791,1,1,1,1
1621,1460,1383,3572,1,1,17115.688,2.582791,1,1,1,1
1622,1460,1383,3572,1,1,18114.619,2.582791,1,1,1,1
1623,1460,1383,3572,1,1,18119.682,2.582791,1,1,1,1
1624,1460,1383,3572,1,1,18122.097,2.582791,1,1,1,1
1625,1460,1383,3572,1,1,18127.905,2.582791,1,1,1,1
1626,1460,1383,3572,1,1,17046.547,2.582791,1,1,1,1
1627,1460,1383,3572,1,1,18112.398,2.582791,1,1,1,1
1628,1460,1383,3572,1,1,18029.537,2.582791,1,1,1,1
1629,1460,1383,3572,1,1,18142.321,2.582791,1,1,1,1
1630,1460,1383,3572,1,1,18148.065,2.582791,1,1,1,1
1631,1460,1383,3572,1,1,18146.254,2.582791,1,1,1,1
1632,1460,1383,3572,1,1,18149.361,2.582791,1,1,1,1
1633,1460,1383,3572,1,1,18148.834,2.582791,1,1,1,1
1634,1460,1383,3572,1,1,18153.260,2.582791,1,1,1,1
1635,1460,1383,3572,1,1,18153.960,2.582791,1,1,1,1
1636,1460,1383,3572,1,1,18150.341,2.582791,1,1,1,1
1637,1460,1383,3572,1,1,18151.620,2.582791,1,1,1,1
1638,1460,1383,3572,1,1,18154.118,2.582791,1,1,1,1
1639,1460,1383,3572,1,1,18160.483,2.582791,1,1,1,1
1640,1460,1383,3572,1,1,18164.677,2.582791,1,1,1,1
1641,1460,1383,3572,1,1,18170.858,2.582791,1,1,1,1
1642,1460,1383,3572,1,1,18171.703,2.582791,1,1,1,1
1643,1460,1383,3572,1,1,18178.280,2.582791,1,1,1,1
1644,1460,1383,3572,1,1,18185.045,2.582791,1,1,1,1
1645,1460,1383,3572,1,1,18183.870,2.582791,1,1,1,1
1646,1460,1383,3572,1,1,18187.231,2.582791,1,1,1,1
1647,1460,1383,3572,1,1,18189.321,2.582791,1,1,1,1
1648,1460,1383,3572,1,1,18192.816,2.582791,1,1,1,1
1649,1460,1383,3572,1,1,18198.237,2.582791,1,1,1,1
1650,1460,1383,3572,1,1,16786.144,2.582791,1,1,1,1
1651,1460,1383,3572,1,1,18187.085,2.582791,1,1,1,1
1652,1460,1383,3572,1,1,17560.607,2.582791,1,1,1,1
1653,1460,1383,3572,1,1,18195.415,2.582791,1,1,1,1
1654,1460,1383,3572,1,1,18162.523,2.582791,1,1,1,1
1655,1460,1383,3572,1,1,17914.209,2.582791,1,1,1,1
1656,1460,1383,3572,1,1,18176.752,2.582791,1,1,1,1
1657,1460,1383,3572,1,1,18198.578,2.582791,1,1,1,1
1658,1460,1383,3572,1,1,18205.602,2.582791,1,1,1,1
1659,1460,1383,3572,1,1,18203.305,2.582791,1,1,1,1
1660,1460,1383,3572,1,1,18198.565,2.582791,1,1,1,1
1661,1460,1383,3572,1,1,18204.443,2.582791,1,1,1,1
1662,1460,1383,3572,1,1,18207.875,2.582791,1,1,1,1
1663,1460,1383,3572,1,1,18207.553,2.582791,1,1,1,1
1664,1460,1383,3572,1,1,18213.529,2.582791,1,1,1,1
1665,1460,1383,3572,1,1,16805.749,2.582791,1,1,1,1
1666,1460,1383,3572,1,1,18220.649,2.582791,1,1,1,1
1667,1460,1383,3572,1,1,18220.762,2.582791,1,1,1,1
1668,1460,1383,3572,1,1,16642.492,2.582791,1,1,1,1
1669,1460,1383,3572,1,1,18218.144,2.582791,1,1,1,1
1670,1460,1383,3572,1,1,18219.895,2.582791,1,1,1,1
1671,1460,1383,3572,1,1,18211.776,2.582791,1,1,1,1
1672,1460,1383,3572,1,1,18217.531,2.582791,1,1,1,1
1673,1460,1383,3572,1,1,18206.206,2.582791,1,1,1,1
1674,1460,1383,3572,1,1,18213.870,2.582791,1,1,1,1
1675,1460,1383,3572,1,1,18197.942,2.582791,1,1,1,1
1676,1460,1383,3572,1,1,18180.821,2.582791,1,1,1,1
1677,1460,1383,3572,1,1,18187.307,2.582791,1,1,1,1
1678,1460,1383,3572,1,1,18191.622,2.582791,1,1,1,1
1679,1460,1383,3572,1,1,18186.506,2.582791,1,1,1,1
1680,1460,1383,3572,1,1,17273.530,2.582791,1,1,1,1
1681,1460,1383,3572,1,1,18174.601,2.582791,1,1,1,1
1682,1460,1383,3572,1,1,18166.175,2.582791,1,1,1,1
1683,1460,1383,3572,1,1,18169.053,2.582791,1,1,1,1
1684,1460,1383,3572,1,1,18174.411,2.582791,1,1,1,1
1685,1460,1383,3572,1,1,18180.199,2.582791,1,1,1,1
1686,1460,1383,3572,1,1,18185.890,2.582791,1,1,1,1
1687,1460,1383,3572,1,1,17642.175,2.582791,1,1,1,1
1688,1460,1383,3572,1,1,18196.179,2.582791,1,1,1,1
1689,1460,1383,3572,1,1,18197.447,2.582791,1,1,1,1
1690,1460,1383,3572,1,1,18202.017,2.582791,1,1,1,1
1691,1460,1383,3572,1,1,18202.880,2.582791,1,1,1,1
1692,1460,1383,3572,1,1,18209.332,2.582791,1,1,1,1
1693,1460,1383,3572,1,1,18210.792,2.582791,1,1,1,1
1694,1460,1383,3572,1,1,18212.661,2.582791,1,1,1,1
1695,1460,1383,3572,1,1,17004.419,2.582791,1,1,1,1
1696,1460,1383,3572,1,1,18203.028,2.582791,1,1,1,1
1697,1460,1383,3572,1,1,18206.342,2.582791,1,1,1,1
1698,1460,1383,3572,1,1,18211.725,2.582791,1,1,1,1
1699,1460,1383,3572,1,1,17152.020,2.582791,1,1,1,1
1700,1460,1383,3572,1,1,17157.739,2.582791,1,1,1,1
1701,1460,1383,3572,1,1,18213.587,2.582791,1,1,1,1
1702,1460,1383,3572,1,1,18216.068,2.582791,1,1,1,1
1703,1460,1383,3572,1,1,16895.644,2.582791,1,1,1,1
1704,1460,1383,3572,1,1,17881.490,2.582791,1,1,1,1
1705,1460,1383,3572,1,1,18210.900,2.582791,1,1,1,1
1706,1460,1383,3572,1,1,15631.857,2.582791,1,1,1,1
1707,1460,1383,3572,1,1,17605.576,2.582791,1,1,1,1
1708,1460,1383,3572,1,1,16896.635,2.582791,1,1,1,1
1709,1460,1383,3572,1,1,18219.794,2.582791,1,1,1,1
1710,1460,1383,3572,1,1,17322.874,2.582791,1,1,1,1
1711,1460,1383,3572,1,1,18204.157,2.582791,1,1,1,1
1712,1460,1383,3572,1,1,18206.436,2.582791,1,1,1,1
1713,1460,1383,3572,1,1,18204.630,2.582791,1,1,1,1
1714,1460,1383,3572,1,1,18201.961,2.582791,1,1,1,1
1715,1460,1383,3572,1,1,18156.256,2.582791,1,1,1,1
1716,1460,1383,3572,1,1,18163.786,2.582791,1,1,1,1
1717,1460,1383,3572,1,1,18163.182,2.582791,1,1,1,1
1718,1460,1383,3572,1,1,18161.743,2.582791,1,1,1,1
1719,1460,1383,3572,1,1,18165.713,2.582791,1,1,1,1
1720,1460,1383,3572,1,1,18170.293,2.582791,1,1,1,1
1721,1460,1383,3572,1,1,18174.528,2.582791,1,1,1,1
1722,1460,1383,3572,1,1,18173.333,2.582791,1,1,1,1
1723,1460,1383,3572,1,1,16154.474,2.582791,1,1,1,1
1724,1460,1383,3572,1,1,16413.194,2.582791,1,1,1,1
1725,1460,1383,3572,1,1,18182.796,2.582791,1,1,1,1
1726,1460,1383,3572,1,1,18188.059,2.582791,1,1,1,1
1727,1460,1383,3572,1,1,18178.524,2.582791,1,1,1,1
1728,1460,1383,3572,1,1,18177.244,2.582791,1,1,1,1
1729,1460,1383,3572,1,1,18182.910,2.582791,1,1,1,1
1730,1460,1383,3572,1,1,18183.096,2.582791,1,1,1,1
1731,1460,1383,3572,1,1,18186.530,2.582791,1,1,1,1
1732,1460,1383,3572,1,1,18192.851,2.582791,1,1,1,1
1733,1460,1383,3572,1,1,18195.479,2.582791,1,1,1,1
1734,1460,1383,3572,1,1,18199.413,2.582791,1,1,1,1
1735,1460,1383,3572,1,1,18200.933,2.582791,1,1,1,1
1736,1460,1383,3572,1,1,18198.320,2.582791,1,1,1,1
1737,1460,1383,3572,1,1,18203.413,2.582791,1,1,1,1
1738,1460,1383,3572,1,1,18208.447,2.582791,1,1,1,1
1739,1460,1383,3572,1,1,18209.584,2.582791,1,1,1,1
1740,1460,1383,3572,1,1,18212.628,2.582791,1,1,1,1
1741,1460,1383,3572,1,1,18217.826,2.582791,1,1,1,1
1742,1460,1383,3572,1,1,18217.112,2.582791,1,1,1,1
1743,1460,1383,3572,1,1,18222.648,2.582791,1,1,1,1
1744,1460,1383,3572,1,1,18218.366,2.582791,1,1,1,1
1745,1460,1383,3572,1,1,18216.760,2.582791,1,1,1,1
1746,1460,1383,3572,1,1,18223.000,2.582791,1,1,1,1
1747,1460,1383,3572,1,1,18220.917,2.582791,1,1,1,1
1748,1460,1383,3572,1,1,18219.608,2.582791,1,1,1,1
1749,1460,1383,3572,1,1,18222.561,2.582791,1,1,1,1
1750,1460,1383,3572,1,1,18227.419,2.582791,1,1,1,1
1751,1460,1383,3572,1,1,18234.506,2.582791,1,1,1,1
1752,1460,1383,3572,1,1,18226.944,2.582791,1,1,1,1
1753,1460,1383,3572,1,1,18233.223,2.582791,1,1,1,1
1754,1460,1383,3572,1,1,18235.046,2.582791,1,1,1,1
1755,1460,1383,3572,1,1,18234.355,2.582791,1,1,1,1
1756,1460,1383,3572,1,1,18237.581,2.582791,1,1,1,1
1757,1460,1383,3572,1,1,18242.434,2.582791,1,1,1,1
1758,1460,1383,3572,1,1,18242.512,2.582791,1,1,1,1
1759,1460,1383,3572,1,1,18245.781,2.582791,1,1,1,1
1760,1460,1383,3572,1,1,18247.601,2.582791,1,1,1,1
1761,1460,1383,3572,1,1,18251.665,2.582791,1,1,1,1
1762,1460,1383,3572,1,1,18255.298,2.582791,1,1,1,1
1763,1460,1383,3572,1,1,18254.456,2.582791,1,1,1,1
1764,1460,1383,3572,1,1,18258.927,2.582791,1,1,1,1
1765,1460,1383,3572,1,1,18263.341,2.582791,1,1,1,1
1766,1460,1383,3572,1,1,18266.170,2.582791,1,1,1,1
1767,1460,1383,3572,1,1,18267.647,2.582791,1,1,1,1
1768,1460,1383,3572,1,1,18273.047,2.582791,1,1,1,1
1769,1460,1383,3572,1,1,18278.129,2.582791,1,1,1,1
1770,1460,1383,3572,1,1,18282.226,2.582791,1,1,1,1
1771,1460,1383,3572,1,1,18287.218,2.582791,1,1,1,1
1772,1460,1383,3572,1,1,18283.606,2.582791,1,1,1,1
1773,1460,1383,3572,1,1,18288.221,2.582791,1,1,1,1
1774,1460,1383,3572,1,1,18280.200,2.582791,1,1,1,1
1775,1460,1383,3572,1,1,16220.550,2.582791,1,1,1,1
1776,1460,1383,3572,1,1,18269.186,2.582791,1,1,1,1
1777,1460,1383,3572,1,1,18001.272,2.582791,1,1,1,1
1778,1460,1383,3572,1,1,18268.274,2.582791,1,1,1,1
1779,1460,1383,3572,1,1,18274.195,2.582791,1,1,1,1
1780,1460,1383,3572,1,1,18277.366,2.582791,1,1,1,1
1781,1460,1383,3572,1,1,16167.404,2.582791,1,1,1,1
1782,1460,1383,3572,1,1,18284.579,2.582791,1,1,1,1
1783,1460,1383,3572,1,1,18286.748,2.582791,1,1,1,1
1784,1460,1383,3572,1,1,18289.951,2.582791,1,1,1,1
1785,1460,1383,3572,1,1,18294.298,2.582791,1,1,1,1
1786,1460,1383,3572,1,1,17411.131,2.582791,1,1,1,1
1787,1460,1383,3572,1,1,18296.839,2.582791,1,1,1,1
1788,1460,1383,3572,1,1,16283.652,2.582791,1,1,1,1
1789,1460,1383,3572,1,1,18303.438,2.582791,1,1,1,1
1790,1460,1383,3572,1,1,18303.202,2.582791,1,1,1,1
1791,1460,1383,3572,1,1,17801.415,2.582791,1,1,1,1
1792,1460,1383,3572,1,1,18217.973,2.582791,1,1,1,1
1793,1460,1383,3572,1,1,17260.087,2.582791,1,1,1,1
1794,1460,1383,3572,1,1,18282.388,2.582791,1,1,1,1
1795,1460,1383,3572,1,1,18076.221,2.582791,1,1,1,1
1796,1460,1383,3572,1,1,16617.472,2.582791,1,1,1,1
1797,1460,1383,3572,1,1,18290.207,2.582791,1,1,1,1
1798,1460,1383,3572,1,1,18289.795,2.582791,1,1,1,1
1799,1460,1383,3572,1,1,16944.042,2.582791,1,1,1,1
1800,1460,1383,3572,1,1,18290.763,2.582791,1,1,1,1
1801,1460,1383,3572,1,1,18285.192,2.582791,1,1,1,1
1802,1460,1383,3572,1,1,17289.223,2.582791,1,1,1,1
1803,1460,1383,3572,1,1,17547.462,2.582791,1,1,1,1
1804,1460,1383,3572,1,1,18297.008,2.582791,1,1,1,1
1805,1460,1383,3572,1,1,16296.259,2.582791,1,1,1,1
1806,1460,1383,3572,1,1,18301.492,2.582791,1,1,1,1
1807,1460,1383,3572,1,1,18313.280,2.582791,1,1,1,1
1808,1460,1383,3572,1,1,16683.449,2.582791,1,1,1,1
1809,1460,1383,3572,1,1,18310.115,2.582791,1,1,1,1
1810,1460,1383,3572,1,1,16766.774,2.582791,1,1,1,1
1811,1460,1383,3572,1,1,18300.692,2.582791,1,1,1,1
1812,1460,1383,3572,1,1,18295.869,2.582791,1,1,1,1
1813,1460,1383,3572,1,1,18302.178,2.582791,1,1,1,1
1814,1460,1383,3572,1,1,18306.083,2.582791,1,1,1,1
1815,1460,1383,3572,1,1,18305.835,2.582791,1,1,1,1
1816,1460,1383,3572,1,1,18307.885,2.582791,1,1,1,1
1817,1460,1383,3572,1,1,18310.210,2.582791,1,1,1,1
1818,1460,1383,3572,1,1,18315.635,2.582791,1,1,1,1
1819,1460,1383,3572,1,1,18312.729,2.582791,1,1,1,1
1820,1460,1383,3572,1,1,18318.038,2.582791,1,1,1,1
1821,1460,1383,3572,1,1,18320.715,2.582791,1,1,1,1
1822,1460,1383,3572,1,1,18274.062,2.582791,1,1,1,1
1823,1460,1383,3572,1,1,18317.374,2.582791,1,1,1,1
1824,1460,1383,3572,1,1,18321.873,2.582791,1,1,1,1
1825,1460,1383,3572,1,1,18326.832,2.582791,1,1,1,1
1826,1460,1383,3572,1,1,18321.350,2.582791,1,1,1,1
1827,1460,1383,3572,1,1,18324.284,2.582791,1,1,1,1
1828,1460,1383,3572,1,1,18329.420,2.582791,1,1,1,1
1829,1460,1383,3572,1,1,18335.697,2.582791,1,1,1,1
1830,1460,1383,3572,1,1,16694.821,2.582791,1,1,1,1
1831,1460,1383,3572,1,1,18288.738,2.582791,1,1,1,1
1832,1460,1383,3572,1,1,18294.945,2.582791,1,1,1,1
1833,1460,1383,3572,1,1,18299.415,2.582791,1,1,1,1
1834,1460,1383,3572,1,1,18301.006,2.582791,1,1,1,1
1835,1460,1383,3572,1,1,18306.808,2.582791,1,1,1,1
1836,1460,1383,3572,1,1,18306.042,2.582791,1,1,1,1
1837,1460,1383,3572,1,1,18308.092,2.582791,1,1,1,1
1838,1460,1383,3572,1,1,18314.324,2.582791,1,1,1,1
1839,1460,1383,3572,1,1,18316.972,2.582791,1,1,1,1
1840,1460,1383,3572,1,1,18319.070,2.582791,1,1,1,1
1841,1460,1383,3572,1,1,18326.489,2.582791,1,1,1,1
1842,1460,1383,3572,1,1,18327.035,2.582791,1,1,1,1
1843,1460,1383,3572,1,1,18329.592,2.582791,1,1,1,1
1844,1460,1383,3572,1,1,18301.171,2.582791,1,1,1,1
1845,1460,1383,3572,1,1,17420.506,2.582791,1,1,1,1
1846,1460,1383,3572,1,1,18305.855,2.582791,1,1,1,1
1847,1460,1383,3572,1,1,18311.968,2.582791,1,1,1,1
1848,1460,1383,3572,1,1,18305.762,2.582791,1,1,1,1
1849,1460,1383,3572,1,1,18312.411,2.582791,1,1,1,1
1850,1460,1383,3572,1,1,18315.663,2.582791,1,1,1,1
1851,1460,1383,3572,1,1,18315.082,2.582791,1,1,1,1
1852,1460,1383,3572,1,1,18317.887,2.582791,1,1,1,1
1853,1460,1383,3572,1,1,18308.801,2.582791,1,1,1,1
1854,1460,1383,3572,1,1,18308.297,2.582791,1,1,1,1
1855,1460,1383,3572,1,1,16550.820,2.582791,1,1,1,1
1856,1460,1383,3572,1,1,18294.084,2.582791,1,1,1,1
1857,1460,1383,3572,1,1,18299.371,2.582791,1,1,1,1
1858,1460,1383,3572,1,1,18252.253,2.582791,1,1,1,1
1859,1460,1383,3572,1,1,16439.539,2.582791,1,1,1,1
1860,1460,1383,3572,1,1,18215.845,2.582791,1,1,1,1
1861,1460,1383,3572,1,1,18220.879,2.582791,1,1,1,1
1862,1460,1383,3572,1,1,17486.665,2.582791,1,1,1,1
1863,1460,1383,3572,1,1,18222.105,2.582791,1,1,1,1
1864,1460,1383,3572,1,1,18227.057,2.582791,1,1,1,1
1865,1460,1383,3572,1,1,18230.338,2.582791,1,1,1,1
1866,1460,1383,3572,1,1,18235.546,2.582791,1,1,1,1
1867,1460,1383,3572,1,1,18240.074,2.582791,1,1,1,1
1868,1460,1383,3572,1,1,18246.665,2.582791,1,1,1,1
1869,1460,1383,3572,1,1,18126.766,2.582791,1,1,1,1
1870,1460,1383,3572,1,1,17263.008,2.582791,1,1,1,1
1871,1460,1383,3572,1,1,18238.026,2.582791,1,1,1,1
1872,1460,1383,3572,1,1,18243.557,2.582791,1,1,1,1
1873,1460,1383,3572,1,1,18247.120,2.582791,1,1,1,1
1874,1460,1383,3572,1,1,16836.601,2.582791,1,1,1,1
1875,1460,1383,3572,1,1,18222.460,2.582791,1,1,1,1
1876,1460,1383,3572,1,1,18227.982,2.582791,1,1,1,1
1877,1460,1383,3572,1,1,18232.333,2.582791,1,1,1,1
1878,1460,1383,3572,1,1,18224.383,2.582791,1,1,1,1
1879,1460,1383,3572,1,1,18210.242,2.582791,1,1,1,1
1880,1460,1383,3572,1,1,18214.766,2.582791,1,1,1,1
1881,1460,1383,3572,1,1,16513.213,2.582791,1,1,1,1
1882,1460,1383,3572,1,1,18198.994,2.582791,1,1,1,1
1883,1460,1383,3572,1,1,18205.896,2.582791,1,1,1,1
1884,1460,1383,3572,1,1,18205.395,2.582791,1,1,1,1
1885,1460,1383,3572,1,1,18208.152,2.582791,1,1,1,1
1886,1460,1383,3572,1,1,18079.515,2.582791,1,1,1,1
1887,1460,1383,3572,1,1,18212.299,2.582791,1,1,1,1
1888,1460,1383,3572,1,1,18097.638,2.582791,1,1,1,1
1889,1460,1383,3572,1,1,16813.698,2.582791,1,1,1,1
1890,1460,1383,3572,1,1,18210.999,2.582791,1,1,1,1
1891,1460,1383,3572,1,1,18208.783,2.582791,1,1,1,1
1892,1460,1383,3572,1,1,18212.912,2.582791,1,1,1,1
1893,1460,1383,3572,1,1,18216.759,2.582791,1,1,1,1
1894,1460,1383,3572,1,1,18222.642,2.582791,1,1,1,1
1895,1460,1383,3572,1,1,18211.591,2.582791,1,1,1,1
1896,1460,1383,3572,1,1,18213.977,2.582791,1,1,1,1
1897,1460,1383,3572,1,1,18216.463,2.582791,1,1,1,1
1898,1460,1383,3572,1,1,18209.584,2.582791,1,1,1,1
1899,1460,1383,3572,1,1,18213.003,2.582791,1,1,1,1
1900,1460,1383,3572,1,1,18204.451,2.582791,1,1,1,1
1901,1460,1383,3572,1,1,18209.654,2.582791,1,1,1,1
1902,1460,1383,3572,1,1,18212.470,2.582791,1,1,1,1
1903,1460,1383,3572,1,1,18213.763,2.582791,1,1,1,1
1904,1460,1383,3572,1,1,18216.567,2.582791,1,1,1,1
1905,1460,1383,3572,1,1,18220.849,2.582791,1,1,1,1
1906,1460,1383,3572,1,1,15777.041,2.582791,1,1,1,1
1907,1460,1383,3572,1,1,18225.657,2.582791,1,1,1,1
1908,1460,1383,3572,1,1,18225.932,2.582791,1,1,1,1
1909,1460,1383,3572,1,1,18227.882,2.582791,1,1,1,1
1910,1460,1383,3572,1,1,18232.217,2.582791,1,1,1,1
1911,1460,1383,3572,1,1,18231.547,2.582791,1,1,1,1
1912,1460,1383,3572,1,1,18233.336,2.582791,1,1,1,1
1913,1460,1383,3572,1,1,18232.107,2.582791,1,1,1,1
1914,1460,1383,3572,1,1,18238.344,2.582791,1,1,1,1
1915,1460,1383,3572,1,1,18241.402,2.582791,1,1,1,1
1916,1460,1383,3572,1,1,18243.592,2.582791,1,1,1,1
1917,1460,1383,3572,1,1,17663.493,2.582791,1,1,1,1
1918,1460,1383,3572,1,1,18249.627,2.582791,1,1,1,1
1919,1460,1383,3572,1,1,18241.813,2.582791,1,1,1,1
1920,1460,1383,3572,1,1,18232.837,2.582791,1,1,1,1
1921,1460,1383,3572,1,1,17002.389,2.582791,1,1,1,1
1922,1460,1383,3572,1,1,16864.345,2.582791,1,1,1,1
1923,1460,1383,3572,1,1,18219.087,2.582791,1,1,1,1
1924,1460,1383,3572,1,1,17109.083,2.582791,1,1,1,1
1925,1460,1383,3572,1,1,18192.971,2.582791,1,1,1,1
1926,1460,1383,3572,1,1,18196.198,2.582791,1,1,1,1
1927,1460,1383,3572,1,1,18192.294,2.582791,1,1,1,1
1928,1460,1383,3572,1,1,18194.753,2.582791,1,1,1,1
1929,1460,1383,3572,1,1,18198.161,2.582791,1,1,1,1
1930,1460,1383,3572,1,1,13979.903,2.582791,1,1,1,1
1931,1460,1383,3572,1,1,18188.476,2.582791,1,1,1,1
1932,1460,1383,3572,1,1,18191.396,2.582791,1,1,1,1
1933,1460,1383,3572,1,1,18191.451,2.582791,1,1,1,1
1934,1460,1383,3572,1,1,18193.163,2.582791,1,1,1,1
1935,1460,1383,3572,1,1,17784.750,2.582791,1,1,1,1
1936,1460,1383,3572,1,1,17746.660,2.582791,1,1,1,1
1937,1460,1383,3572,1,1,18182.098,2.582791,1,1,1,1
1938,1460,1383,3572,1,1,18180.336,2.582791,1,1,1,1
1939,1460,1383,3572,1,1,17252.803,2.582791,1,1,1,1
1940,1460,1383,3572,1,1,17284.686,2.582791,1,1,1,1
1941,1460,1383,3572,1,1,17552.920,2.582791,1,1,1,1
1942,1460,1383,3572,1,1,18180.715,2.582791,1,1,1,1
1943,1460,1383,3572,1,1,18183.842,2.582791,1,1,1,1
1944,1460,1383,3572,1,1,18188.710,2.582791,1,1,1,1
1945,1460,1383,3572,1,1,18161.620,2.582791,1,1,1,1
1946,1460,1383,3572,1,1,18151.322,2.582791,1,1,1,1
1947,1460,1383,3572,1,1,18152.819,2.582791,1,1,1,1
1948,1460,1383,3572,1,1,18158.382,2.582791,1,1,1,1
1949,1460,1383,3572,1,1,18160.435,2.582791,1,1,1,1
1950,1460,1383,3572,1,1,18164.552,2.582791,1,1,1,1
1951,1460,1383,3572,1,1,18166.084,2.582791,1,1,1,1
1952,1460,1383,3572,1,1,18167.899,2.582791,1,1,1,1
1953,1460,1383,3572,1,1,18155.197,2.582791,1,1,1,1
1954,1460,1383,3572,1,1,18153.431,2.582791,1,1,1,1
1955,1460,1383,3572,1,1,18154.627,2.582791,1,1,1,1
1956,1460,1383,3572,1,1,18159.204,2.582791,1,1,1,1
1957,1460,1383,3572,1,1,17478.891,2.582791,1,1,1,1
1958,1460,1383,3572,1,1,18163.763,2.582791,1,1,1,1
1959,1460,1383,3572,1,1,18168.830,2.582791,1,1,1,1
1960,1460,1383,3572,1,1,17602.242,2.582791,1,1,1,1
1961,1460,1383,3572,1,1,18162.709,2.582791,1,1,1,1
1962,1460,1383,3572,1,1,18167.979,2.582791,1,1,1,1
1963,1460,1383,3572,1,1,18175.206,2.582791,1,1,1,1
1964,1460,1383,3572,1,1,18171.966,2.582791,1,1,1,1
1965,1460,1383,3572,1,1,18178.767,2.582791,1,1,1,1
1966,1460,1383,3572,1,1,18186.924,2.582791,1,1,1,1
1967,1460,1383,3572,1,1,18181.569,2.582791,1,1,1,1
1968,1460,1383,3572,1,1,18186.824,2.582791,1,1,1,1
1969,1460,1383,3572,1,1,17734.880,2.582791,1,1,1,1
1970,1460,1383,3572,1,1,18191.819,2.582791,1,1,1,1
1971,1460,1383,3572,1,1,18191.170,2.582791,1,1,1,1
1972,1460,1383,3572,1,1,18194.370,2.582791,1,1,1,1
1973,1460,1383,3572,1,1,18202.695,2.582791,1,1,1,1
1974,1460,1383,3572,1,1,18206.145,2.582791,1,1,1,1
1975,1460,1383,3572,1,1,18210.790,2.582791,1,1,1,1
1976,1460,1383,3572,1,1,18217.324,2.582791,1,1,1,1
1977,1460,1383,3572,1,1,18221.088,2.582791,1,1,1,1
1978,1460,1383,3572,1,1,18229.862,2.582791,1,1,1,1
1979,1460,1383,3572,1,1,18236.156,2.582791,1,1,1,1
1980,1460,1383,3572,1,1,17564.590,2.582791,1,1,1,1
1981,1460,1383,3572,1,1,14970.051,2.582791,1,1,1,1
1982,1460,1383,3572,1,1,15370.578,2.582791,1,1,1,1
1983,1460,1383,3572,1,1,18248.589,2.582791,1,1,1,1
1984,1460,1383,3572,1,1,18256.575,2.582791,1,1,1,1
1985,1460,1383,3572,1,1,18263.096,2.582791,1,1,1,1
1986,1460,1383,3572,1,1,18267.915,2.582791,1,1,1,1
1987,1460,1383,3572,1,1,18271.380,2.582791,1,1,1,1
1988,1460,1383,3572,1,1,18280.346,2.582791,1,1,1,1
1989,1460,1383,3572,1,1,18281.006,2.582791,1,1,1,1
1990,1460,1383,3572,1,1,18274.257,2.582791,1,1,1,1
1991,1460,1383,3572,1,1,18265.060,2.582791,1,1,1,1
1992,1460,1383,3572,1,1,17188.706,2.582791,1,1,1,1
1993,1460,1383,3572,1,1,17565.121,2.582791,1,1,1,1
1994,1460,1383,3572,1,1,18276.418,2.582791,1,1,1,1
1995,1460,1383,3572,1,1,17454.392,2.582791,1,1,1,1
1996,1460,1383,3572,1,1,18293.135,2.582791,1,1,1,1
1997,1460,1383,3572,1,1,18300.268,2.582791,1,1,1,1
1998,1460,1383,3572,1,1,18289.063,2.582791,1,1,1,1
1999,1460,1383,3572,1,1,18296.356,2.582791,1,1,1,1
2000,1460,1383,3572,1,1,17301.664,2.582791,1,1,1,1
2001,1460,1383,3572,1,1,17441.876,2.582791,1,1,1,1
2002,1460,1383,3572,1,1,18310.918,2.582791,1,1,1,1
2003,1460,1383,3572,1,1,18318.358,2.582791,1,1,1,1
2004,1460,1383,3572,1,1,18314.464,2.582791,1,1,1,1
2005,1460,1383,3572,1,1,18317.479,2.582791,1,1,1,1
2006,1460,1383,3572,1,1,17619.947,2.582791,1,1,1,1
2007,1460,1383,3572,1,1,18217.375,2.582791,1,1,1,1
2008,1460,1383,3572,1,1,17817.742,2.582791,1,1,1,1
2009,1460,1383,3572,1,1,18311.657,2.582791,1,1,1,1
2010,1460,1383,3572,1,1,18318.606,2.582791,1,1,1,1
2011,1460,1383,3572,1,1,18321.809,2.582791,1,1,1,1
2012,1460,1383,3572,1,1,18328.166,2.582791,1,1,1,1
2013,1460,1383,3572,1,1,14864.352,2.582791,1,1,1,1
2014,1460,1383,3572,1,1,18284.759,2.582791,1,1,1,1
2015,1460,1383,3572,1,1,18338.758,2.582791,1,1,1,1
2016,1460,1383,3572,1,1,18338.408,2.582791,1,1,1,1
2017,1460,1383,3572,1,1,18345.863,2.582791,1,1,1,1
2018,1460,1383,3572,1,1,18351.888,2.582791,1,1,1,1
2019,1460,1383,3572,1,1,18350.134,2.582791,1,1,1,1
2020,1460,1383,3572,1,1,18355.043,2.582791,1,1,1,1
2021,1460,1383,3572,1,1,18356.231,2.582791,1,1,1,1
2022,1460,1383,3572,1,1,18360.944,2.582791,1,1,1,1
2023,1460,1383,3572,1,1,18370.695,2.582791,1,1,1,1
2024,1460,1383,3572,1,1,18371.451,2.582791,1,1,1,1
2025,1460,1383,3572,1,1,18372.942,2.582791,1,1,1,1
2026,1460,1383,3572,1,1,18378.739,2.582791,1,1,1,1
2027,1460,1383,3572,1,1,18386.450,2.582791,1,1,1,1
2028,1460,1383,3572,1,1,18390.847,2.582791,1,1,1,1
2029,1460,1383,3572,1,1,18399.515,2.582791,1,1,1,1
2030,1460,1383,3572,1,1,18398.850,2.582791,1,1,1,1
2031,1460,1383,3572,1,1,18405.470,2.582791,1,1,1,1
2032,1460,1383,3572,1,1,18411.056,2.582791,1,1,1,1
2033,1460,1383,3572,1,1,18416.066,2.582791,1,1,1,1
2034,1460,1383,3572,1,1,18426.766,2.582791,1,1,1,1
2035,1460,1383,3572,1,1,18432.215,2.582791,1,1,1,1
2036,1460,1383,3572,1,1,18438.597,2.582791,1,1,1,1
2037,1460,1383,3572,1,1,18439.122,2.582791,1,1,1,1
2038,1460,1383,3572,1,1,18445.586,2.582791,1,1,1,1
2039,1460,1383,3572,1,1,18451.919,2.582791,1,1,1,1
2040,1460,1383,3572,1,1,18459.139,2.582791,1,1,1,1
2041,1460,1383,3572,1,1,18462.520,2.582791,1,1,1,1
2042,1460,1383,3572,1,1,18464.764,2.582791,1,1,1,1
2043,1460,1383,3572,1,1,18468.671,2.582791,1,1,1,1
2044,1460,1383,3572,1,1,18471.921,2.582791,1,1,1,1
2045,1460,1383,3572,1,1,18479.637,2.582791,1,1,1,1
2046,1460,1383,3572,1,1,18481.379,2.582791,1,1,1,1
2047,1460,1383,3572,1,1,18488.493,2.582791,1,1,1,1
2048,1460,1383,3572,1,1,18494.276,2.582791,1,1,1,1
2049,1460,1383,3572,1,1,18498.421,2.582791,1,1,1,1
2050,1460,1383,3572,1,1,18496.700,2.582791,1,1,1,1
2051,1460,1383,3572,1,1,18497.909,2.582791,1,1,1,1
2052,1460,1383,3572,1,1,18507.078,2.582791,1,1,1,1
2053,1460,1383,3572,1,1,17652.937,2.582791,1,1,1,1
2054,1460,1383,3572,1,1,17502.136,2.582791,1,1,1,1
2055,1460,1383,3572,1,1,18509.580,2.582791,1,1,1,1
2056,1460,1383,3572,1,1,18503.380,2.582791,1,1,1,1
2057,1460,1383,3572,1,1,18508.623,2.582791,1,1,1,1
2058,1460,1383,3572,1,1,18240.606,2.582791,1,1,1,1
2059,1460,1383,3572,1,1,18513.312,2.582791,1,1,1,1
2060,1460,1383,3572,1,1,18517.342,2.582791,1,1,1,1
2061,1460,1383,3572,1,1,18520.811,2.582791,1,1,1,1
2062,1460,1383,3572,1,1,18203.219,2.582791,1,1,1,1
2063,1460,1383,3572,1,1,18528.817,2.582791,1,1,1,1
2064,1460,1383,3572,1,1,18530.202,2.582791,1,1,1,1
2065,1460,1383,3572,1,1,18533.462,2.582791,1,1,1,1
2066,1460,1383,3572,1,1,18535.488,2.582791,1,1,1,1
2067,1460,1383,3572,1,1,18537.300,2.582791,1,1,1,1
2068,1460,1383,3572,1,1,18535.720,2.582791,1,1,1,1
2069,1460,1383,3572,1,1,18357.843,2.582791,1,1,1,1
2070,1460,1383,3572,1,1,14877.574,2.582791,1,1,1,1
2071,1460,1383,3572,1,1,18549.927,2.582791,1,1,1,1
2072,1460,1383,3572,1,1,18540.985,2.582791,1,1,1,1
2073,1460,1383,3572,1,1,18527.893,2.582791,1,1,1,1
2074,1460,1383,3572,1,1,18535.151,2.582791,1,1,1,1
2075,1460,1383,3572,1,1,16734.280,2.582791,1,1,1,1
2076,1460,1383,3572,1,1,18533.953,2.582791,1,1,1,1
2077,1460,1383,3572,1,1,18532.158,2.582791,1,1,1,1
2078,1460,1383,3572,1,1,18536.080,2.582791,1,1,1,1
2079,1460,1383,3572,1,1,18541.187,2.582791,1,1,1,1
2080,1460,1383,3572,1,1,18545.654,2.582791,1,1,1,1
2081,1460,1383,3572,1,1,18541.911,2.582791,1,1,1,1
2082,1460,1383,3572,1,1,18547.578,2.582791,1,1,1,1
2083,1460,1383,3572,1,1,18525.015,2.582791,1,1,1,1
2084,1460,1383,3572,1,1,18505.170,2.582791,1,1,1,1
2085,1460,1383,3572,1,1,18511.853,2.582791,1,1,1,1
2086,1460,1383,3572,1,1,18518.326,2.582791,1,1,1,1
2087,1460,1383,3572,1,1,18524.816,2.582791,1,1,1,1
2088,1460,1383,3572,1,1,17969.825,2.582791,1,1,1,1
2089,1460,1383,3572,1,1,18538.718,2.582791,1,1,1,1
2090,1460,1383,3572,1,1,18546.835,2.582791,1,1,1,1
2091,1460,1383,3572,1,1,18549.924,2.582791,1,1,1,1
2092,1460,1383,3572,1,1,18543.997,2.582791,1,1,1,1
2093,1460,1383,3572,1,1,15803.303,2.582791,1,1,1,1
2094,1460,1383,3572,1,1,15827.109,2.582791,1,1,1,1
2095,1460,1383,3572,1,1,18566.281,2.582791,1,1,1,1
2096,1460,1383,3572,1,1,18569.669,2.582791,1,1,1,1
2097,1460,1383,3572,1,1,18577.665,2.582791,1,1,1,1
2098,1460,1383,3572,1,1,18581.275,2.582791,1,1,1,1
2099,1460,1383,3572,1,1,18588.129,2.582791,1,1,1,1
2100,1460,1383,3572,1,1,18598.759,2.582791,1,1,1,1
2101,1460,1383,3572,1,1,18604.039,2.582791,1,1,1,1
2102,1460,1383,3572,1,1,18334.276,2.582791,1,1,1,1
2103,1460,1383,3572,1,1,18602.734,2.582791,1,1,1,1
2104,1460,1383,3572,1,1,18606.283,2.582791,1,1,1,1
2105,1460,1383,3572,1,1,18611.744,2.582791,1,1,1,1
2106,1460,1383,3572,1,1,18622.418,2.582791,1,1,1,1
2107,1460,1383,3572,1,1,18627.700,2.582791,1,1,1,1
2108,1460,1383,3572,1,1,18633.248,2.582791,1,1,1,1
2109,1460,1383,3572,1,1,18652.971,2.582791,1,1,1,1
2110,1460,1383,3572,1,1,18663.067,2.582791,1,1,1,1
2111,1460,1383,3572,1,1,18664.786,2.582791,1,1,1,1
2112,1460,1383,3572,1,1,18668.969,2.582791,1,1,1,1
2113,1460,1383,3572,1,1,18670.324,2.582791,1,1,1,1
2114,1460,1383,3572,1,1,18677.224,2.582791,1,1,1,1
2115,1460,1383,3572,1,1,18672.070,2.582791,1,1,1,1
2116,1460,1383,3572,1,1,18673.969,2.582791,1,1,1,1
2117,1460,1383,3572,1,1,18678.261,2.582791,1,1,1,1
2118,1460,1383,3572,1,1,18682.187,2.582791,1,1,1,1
2119,1460,1383,3572,1,1,18216.797,2.582791,1,1,1,1
2120,1460,1383,3572,1,1,18682.881,2.582791,1,1,1,1
2121,1460,1383,3572,1,1,18687.773,2.582791,1,1,1,1
2122,1460,1383,3572,1,1,18693.227,2.582791,1,1,1,1
2123,1460,1383,3572,1,1,18697.730,2.582791,1,1,1,1
2124,1460,1383,3572,1,1,18699.976,2.582791,1,1,1,1
2125,1460,1383,3572,1,1,18694.286,2.582791,1,1,1,1
2126,1460,1383,3572,1,1,18690.876,2.582791,1,1,1,1
2127,1460,1383,3572,1,1,18696.898,2.582791,1,1,1,1
2128,1460,1383,3572,1,1,18690.900,2.582791,1,1,1,1
2129,1460,1383,3572,1,1,18694.172,2.582791,1,1,1,1
2130,1460,1383,3572,1,1,18697.388,2.582791,1,1,1,1
2131,1460,1383,3572,1,1,16096.253,2.582791,1,1,1,1
2132,1460,1383,3572,1,1,18705.102,2.582791,1,1,1,1
2133,1460,1383,3572,1,1,18706.893,2.582791,1,1,1,1
2134,1460,1383,3572,1,1,18710.512,2.582791,1,1,1,1
2135,1460,1383,3572,1,1,18715.858,2.582791,1,1,1,1
2136,1460,1383,3572,1,1,18717.264,2.582791,1,1,1,1
2137,1460,1383,3572,1,1,18723.639,2.582791,1,1,1,1
2138,1460,1383,3572,1,1,18725.602,2.582791,1,1,1,1
2139,1460,1383,3572,1,1,18730.281,2.582791,1,1,1,1
2140,1460,1383,3572,1,1,18510.817,2.582791,1,1,1,1
2141,1460,1383,3572,1,1,17977.805,2.582791,1,1,1,1
2142,1460,1383,3572,1,1,18742.771,2.582791,1,1,1,1
2143,1460,1383,3572,1,1,18749.042,2.582791,1,1,1,1
2144,1460,1383,3572,1,1,18752.620,2.582791,1,1,1,1
2145,1460,1383,3572,1,1,18755.539,2.582791,1,1,1,1
2146,1460,1383,3572,1,1,17320.743,2.582791,1,1,1,1
2147,1460,1383,3572,1,1,18759.817,2.582791,1,1,1,1
2148,1460,1383,3572,1,1,18762.932,2.582791,1,1,1,1
2149,1460,1383,3572,1,1,18772.337,2.582791,1,1,1,1
2150,1460,1383,3572,1,1,18774.617,2.582791,1,1,1,1
2151,1460,1383,3572,1,1,18780.187,2.582791,1,1,1,1
2152,1460,1383,3572,1,1,18169.741,2.582791,1,1,1,1
2153,1460,1383,3572,1,1,18760.393,2.582791,1,1,1,1
2154,1460,1383,3572,1,1,18770.177,2.582791,1,1,1,1
2155,1460,1383,3572,1,1,18539.860,2.582791,1,1,1,1
2156,1460,1383,3572,1,1,18764.509,2.582791,1,1,1,1
2157,1460,1383,3572,1,1,18554.626,2.582791,1,1,1,1
2158,1460,1383,3572,1,1,18342.985,2.582791,1,1,1,1
2159,1460,1383,3572,1,1,18749.500,2.582791,1,1,1,1
2160,1460,1383,3572,1,1,16578.935,2.582791,1,1,1,1
2161,1460,1383,3572,1,1,18737.358,2.582791,1,1,1,1
2162,1460,1383,3572,1,1,18737.769,2.582791,1,1,1,1
2163,1460,1383,3572,1,1,18739.339,2.582791,1,1,1,1
2164,1460,1383,3572,1,1,18741.575,2.582791,1,1,1,1
2165,1460,1383,3572,1,1,18746.275,2.582791,1,1,1,1
2166,1460,1383,3572,1,1,18466.287,2.582791,1,1,1,1
2167,1460,1383,3572,1,1,17748.748,2.582791,1,1,1,1
2168,1460,1383,3572,1,1,16776.485,2.582791,1,1,1,1
2169,1460,1383,3572,1,1,18738.016,2.582791,1,1,1,1
2170,1460,1383,3572,1,1,18562.373,2.582791,1,1,1,1
2171,1460,1383,3572,1,1,17764.985,2.582791,1,1,1,1
2172,1460,1383,3572,1,1,17973.209,2.582791,1,1,1,1
2173,1460,1383,3572,1,1,18149.222,2.582791,1,1,1,1
2174,1460,1383,3572,1,1,18726.800,2.582791,1,1,1,1
2175,1460,1383,3572,1,1,18731.627,2.582791,1,1,1,1
2176,1460,1383,3572,1,1,18715.179,2.582791,1,1,1,1
2177,1460,1383,3572,1,1,18719.943,2.582791,1,1,1,1
2178,1460,1383,3572,1,1,18719.420,2.582791,1,1,1,1
2179,1460,1383,3572,1,1,18724.910,2.582791,1,1,1,1
2180,1460,1383,3572,1,1,18730.220,2.582791,1,1,1,1
2181,1460,1383,3572,1,1,18726.928,2.582791,1,1,1,1
2182,1460,1383,3572,1,1,18725.343,2.582791,1,1,1,1
2183,1460,1383,3572,1,1,18726.866,2.582791,1,1,1,1
2184,1460,1383,3572,1,1,18728.275,2.582791,1,1,1,1
2185,1460,1383,3572,1,1,17831.539,2.582791,1,1,1,1
2186,1460,1383,3572,1,1,18631.603,2.582791,1,1,1,1
2187,1460,1383,3572,1,1,18723.337,2.582791,1,1,1,1
2188,1460,1383,3572,1,1,18724.188,2.582791,1,1,1,1
2189,1460,1383,3572,1,1,18730.250,2.582791,1,1,1,1
2190,1460,1383,3572,1,1,18715.861,2.582791,1,1,1,1
2191,1460,1383,3572,1,1,18722.541,2.582791,1,1,1,1
2192,1460,1383,3572,1,1,18723.823,2.582791,1,1,1,1
2193,1460,1383,3572,1,1,18725.439,2.582791,1,1,1,1
2194,1460,1383,3572,1,1,18728.962,2.582791,1,1,1,1
2195,1460,1383,3572,1,1,18734.922,2.582791,1,1,1,1
2196,1460,1383,3572,1,1,17214.421,2.582791,1,1,1,1
2197,1460,1383,3572,1,1,18706.893,2.582791,1,1,1,1
2198,1460,1383,3572,1,1,18711.255,2.582791,1,1,1,1
2199,1460,1383,3572,1,1,18715.297,2.582791,1,1,1,1
2200,1460,1383,3572,1,1,18716.400,2.582791,1,1,1,1
2201,1460,1383,3572,1,1,16940.597,2.582791,1,1,1,1
2202,1460,1383,3572,1,1,18438.825,2.582791,1,1,1,1
2203,1460,1383,3572,1,1,18730.517,2.582791,1,1,1,1
2204,1460,1383,3572,1,1,18731.291,2.582791,1,1,1,1
2205,1460,1383,3572,1,1,18731.075,2.582791,1,1,1,1
2206,1460,1383,3572,1,1,18614.848,2.582791,1,1,1,1
2207,1460,1383,3572,1,1,18728.026,2.582791,1,1,1,1
2208,1460,1383,3572,1,1,18603.912,2.582791,1,1,1,1
2209,1460,1383,3572,1,1,18735.938,2.582791,1,1,1,1
2210,1460,1383,3572,1,1,18732.925,2.582791,1,1,1,1
2211,1460,1383,3572,1,1,18739.085,2.582791,1,1,1,1
2212,1460,1383,3572,1,1,18737.579,2.582791,1,1,1,1
2213,1460,1383,3572,1,1,18337.417,2.582791,1,1,1,1
2214,1460,1383,3572,1,1,18713.022,2.582791,1,1,1,1
2215,1460,1383,3572,1,1,17233.572,2.582791,1,1,1,1
2216,1460,1383,3572,1,1,18714.296,2.582791,1,1,1,1
2217,1460,1383,3572,1,1,18717.412,2.582791,1,1,1,1
2218,1460,1383,3572,1,1,18722.119,2.582791,1,1,1,1
2219,1460,1383,3572,1,1,18719.411,2.582791,1,1,1,1
2220,1460,1383,3572,1,1,18036.398,2.582791,1,1,1,1
2221,1460,1383,3572,1,1,18725.262,2.582791,1,1,1,1
2222,1460,1383,3572,1,1,18716.732,2.582791,1,1,1,1
2223,1460,1383,3572,1,1,18723.565,2.582791,1,1,1,1
2224,1460,1383,3572,1,1,18729.919,2.582791,1,1,1,1
2225,1460,1383,3572,1,1,18722.668,2.582791,1,1,1,1
2226,1460,1383,3572,1,1,18709.876,2.582791,1,1,1,1
2227,1460,1383,3572,1,1,18705.145,2.582791,1,1,1,1
2228,1460,1383,3572,1,1,18713.990,2.582791,1,1,1,1
2229,1460,1383,3572,1,1,18715.509,2.582791,1,1,1,1
2230,1460,1383,3572,1,1,18701.827,2.582791,1,1,1,1
2231,1460,1383,3572,1,1,18703.959,2.582791,1,1,1,1
2232,1460,1383,3572,1,1,18705.892,2.582791,1,1,1,1
2233,1460,1383,3572,1,1,18701.924,2.582791,1,1,1,1
2234,1460,1383,3572,1,1,18704.371,2.582791,1,1,1,1
2235,1460,1383,3572,1,1,18707.628,2.582791,1,1,1,1
2236,1460,1383,3572,1,1,18713.431,2.582791,1,1,1,1
2237,1460,1383,3572,1,1,18720.183,2.582791,1,1,1,1
2238,1460,1383,3572,1,1,18717.774,2.582791,1,1,1,1
2239,1460,1383,3572,1,1,18709.500,2.582791,1,1,1,1
2240,1460,1383,3572,1,1,18701.042,2.582791,1,1,1,1
2241,1460,1383,3572,1,1,18708.407,2.582791,1,1,1,1
2242,1460,1383,3572,1,1,16980.503,2.582791,1,1,1,1
2243,1460,1383,3572,1,1,18705.279,2.582791,1,1,1,1
2244,1460,1383,3572,1,1,16991.660,2.582791,1,1,1,1
2245,1460,1383,3572,1,1,18707.155,2.582791,1,1,1,1
2246,1460,1383,3572,1,1,18713.957,2.582791,1,1,1,1
2247,1460,1383,3572,1,1,18716.709,2.582791,1,1,1,1
2248,1460,1383,3572,1,1,17638.518,2.582791,1,1,1,1
2249,1460,1383,3572,1,1,18726.740,2.582791,1,1,1,1
2250,1460,1383,3572,1,1,18725.684,2.582791,1,1,1,1
2251,1460,1383,3572,1,1,18577.407,2.582791,1,1,1,1
2252,1460,1383,3572,1,1,18331.015,2.582791,1,1,1,1
2253,1460,1383,3572,1,1,18725.869,2.582791,1,1,1,1
2254,1460,1383,3572,1,1,18719.180,2.582791,1,1,1,1
2255,1460,1383,3572,1,1,16084.796,2.582791,1,1,1,1
2256,1460,1383,3572,1,1,15992.856,2.582791,1,1,1,1
2257,1460,1383,3572,1,1,18620.416,2.582791,1,1,1,1
2258,1460,1383,3572,1,1,18721.265,2.582791,1,1,1,1
2259,1460,1383,3572,1,1,18719.005,2.582791,1,1,1,1
2260,1460,1383,3572,1,1,18723.424,2.582791,1,1,1,1
2261,1460,1383,3572,1,1,18729.810,2.582791,1,1,1,1
2262,1460,1383,3572,1,1,18733.108,2.582791,1,1,1,1
2263,1460,1383,3572,1,1,18731.332,2.582791,1,1,1,1
2264,1460,1383,3572,1,1,18735.349,2.582791,1,1,1,1
2265,1460,1383,3572,1,1,18707.987,2.582791,1,1,1,1
2266,1460,1383,3572,1,1,18727.589,2.582791,1,1,1,1
2267,1460,1383,3572,1,1,18727.542,2.582791,1,1,1,1
2268,1460,1383,3572,1,1,18733.414,2.582791,1,1,1,1
2269,1460,1383,3572,1,1,18724.044,2.582791,1,1,1,1
2270,1460,1383,3572,1,1,18727.070,2.582791,1,1,1,1
2271,1460,1383,3572,1,1,18724.584,2.582791,1,1,1,1
2272,1460,1383,3572,1,1,18727.148,2.582791,1,1,1,1
2273,1460,1383,3572,1,1,18727.636,2.582791,1,1,1,1
2274,1460,1383,3572,1,1,18620.048,2.582791,1,1,1,1
2275,1460,1383,3572,1,1,18731.533,2.582791,1,1,1,1
2276,1460,1383,3572,1,1,18731.330,2.582791,1,1,1,1
2277,1460,1383,3572,1,1,17053.100,2.582791,1,1,1,1
2278,1460,1383,3572,1,1,18738.944,2.582791,1,1,1,1
2279,1460,1383,3572,1,1,17159.702,2.582791,1,1,1,1
2280,1460,1383,3572,1,1,18721.015,2.582791,1,1,1,1
2281,1460,1383,3572,1,1,18727.127,2.582791,1,1,1,1
2282,1460,1383,3572,1,1,18690.746,2.582791,1,1,1,1
2283,1460,1383,3572,1,1,18688.413,2.582791,1,1,1,1
2284,1460,1383,3572,1,1,17858.124,2.582791,1,1,1,1
2285,1460,1383,3572,1,1,18136.621,2.582791,1,1,1,1
2286,1460,1383,3572,1,1,18667.165,2.582791,1,1,1,1
2287,1460,1383,3572,1,1,18665.458,2.582791,1,1,1,1
2288,1460,1383,3572,1,1,18670.246,2.582791,1,1,1,1
2289,1460,1383,3572,1,1,16203.322,2.582791,1,1,1,1
2290,1460,1383,3572,1,1,17493.148,2.582791,1,1,1,1
2291,1460,1383,3572,1,1,18660.919,2.582791,1,1,1,1
2292,1460,1383,3572,1,1,18663.294,2.582791,1,1,1,1
2293,1460,1383,3572,1,1,18661.371,2.582791,1,1,1,1
2294,1460,1383,3572,1,1,18662.926,2.582791,1,1,1,1
2295,1460,1383,3572,1,1,17529.855,2.582791,1,1,1,1
2296,1460,1383,3572,1,1,18671.299,2.582791,1,1,1,1
2297,1460,1383,3572,1,1,18669.360,2.582791,1,1,1,1
2298,1460,1383,3572,1,1,18641.985,2.582791,1,1,1,1
2299,1460,1383,3572,1,1,18649.880,2.582791,1,1,1,1
2300,1460,1383,3572,1,1,18300.585,2.582791,1,1,1,1
2301,1460,1383,3572,1,1,18606.494,2.582791,1,1,1,1
2302,1460,1383,3572,1,1,18589.579,2.582791,1,1,1,1
2303,1460,1383,3572,1,1,18591.343,2.582791,1,1,1,1
2304,1460,1383,3572,1,1,17367.284,2.582791,1,1,1,1
2305,1460,1383,3572,1,1,18540.547,2.582791,1,1,1,1
2306,1460,1383,3572,1,1,18551.149,2.582791,1,1,1,1
2307,1460,1383,3572,1,1,18550.992,2.582791,1,1,1,1
2308,1460,1383,3572,1,1,18558.547,2.582791,1,1,1,1
2309,1460,1383,3572,1,1,18567.530,2.582791,1,1,1,1
2310,1460,1383,3572,1,1,18553.082,2.582791,1,1,1,1
2311,1460,1383,3572,1,1,18553.531,2.582791,1,1,1,1
2312,1460,1383,3572,1,1,18561.215,2.582791,1,1,1,1
2313,1460,1383,3572,1,1,18556.256,2.582791,1,1,1,1
2314,1460,1383,3572,1,1,18561.073,2.582791,1,1,1,1
2315,1460,1383,3572,1,1,18565.687,2.582791,1,1,1,1
2316,1460,1383,3572,1,1,18570.519,2.582791,1,1,1,1
2317,1460,1383,3572,1,1,18575.310,2.582791,1,1,1,1
2318,1460,1383,3572,1,1,17258.636,2.582791,1,1,1,1
2319,1460,1383,3572,1,1,18576.983,2.582791,1,1,1,1
2320,1460,1383,3572,1,1,18580.521,2.582791,1,1,1,1
2321,1460,1383,3572,1,1,18583.757,2.582791,1,1,1,1
2322,1460,1383,3572,1,1,16963.656,2.582791,1,1,1,1
2323,1460,1383,3572,1,1,18550.189,2.582791,1,1,1,1
2324,1460,1383,3572,1,1,18554.333,2.582791,1,1,1,1
2325,1460,1383,3572,1,1,18560.554,2.582791,1,1,1,1
2326,1460,1383,3572,1,1,18543.952,2.582791,1,1,1,1
2327,1460,1383,3572,1,1,18549.123,2.582791,1,1,1,1
2328,1460,1383,3572,1,1,18554.740,2.582791,1,1,1,1
2329,1460,1383,3572,1,1,18558.445,2.582791,1,1,1,1
2330,1460,1383,3572,1,1,18527.214,2.582791,1,1,1,1
2331,1460,1383,3572,1,1,17512.539,2.582791,1,1,1,1
2332,1460,1383,3572,1,1,18520.291,2.582791,1,1,1,1
2333,1460,1383,3572,1,1,18527.111,2.582791,1,1,1,1
2334,1460,1383,3572,1,1,16795.082,2.582791,1,1,1,1
2335,1460,1383,3572,1,1,18522.491,2.582791,1,1,1,1
2336,1460,1383,3572,1,1,18495.630,2.582791,1,1,1,1
2337,1460,1383,3572,1,1,18501.614,2.582791,1,1,1,1
2338,1460,1383,3572,1,1,18507.723,2.582791,1,1,1,1
2339,1460,1383,3572,1,1,18504.073,2.582791,1,1,1,1
2340,1460,1383,3572,1,1,18510.865,2.582791,1,1,1,1
2341,1460,1383,3572,1,1,18367.004,2.582791,1,1,1,1
2342,1460,1383,3572,1,1,18513.129,2.582791,1,1,1,1
2343,1460,1383,3572,1,1,18514.205,2.582791,1,1,1,1
2344,1460,1383,3572,1,1,18100.510,2.582791,1,1,1,1
2345,1460,1383,3572,1,1,18133.513,2.582791,1,1,1,1
2346,1460,1383,3572,1,1,18519.260,2.582791,1,1,1,1
2347,1460,1383,3572,1,1,18516.491,2.582791,1,1,1,1
2348,1460,1383,3572,1,1,18511.324,2.582791,1,1,1,1
2349,1460,1383,3572,1,1,18515.611,2.582791,1,1,1,1
2350,1460,1383,3572,1,1,17714.858,2.582791,1,1,1,1
2351,1460,1383,3572,1,1,18502.816,2.582791,1,1,1,1
2352,1460,1383,3572,1,1,18505.221,2.582791,1,1,1,1
2353,1460,1383,3572,1,1,18509.122,2.582791,1,1,1,1
2354,1460,1383,3572,1,1,18511.043,2.582791,1,1,1,1
2355,1460,1383,3572,1,1,15972.659,2.582791,1,1,1,1
2356,1460,1383,3572,1,1,18037.342,2.582791,1,1,1,1
2357,1460,1383,3572,1,1,18497.454,2.582791,1,1,1,1
2358,1460,1383,3572,1,1,18502.972,2.582791,1,1,1,1
2359,1460,1383,3572,1,1,18506.648,2.582791,1,1,1,1
2360,1460,1383,3572,1,1,18512.856,2.582791,1,1,1,1
2361,1460,1383,3572,1,1,18512.817,2.582791,1,1,1,1
2362,1460,1383,3572,1,1,18504.726,2.582791,1,1,1,1
2363,1460,1383,3572,1,1,18510.104,2.582791,1,1,1,1
2364,1460,1383,3572,1,1,18515.043,2.582791,1,1,1,1
2365,1460,1383,3572,1,1,18520.360,2.582791,1,1,1,1
2366,1460,1383,3572,1,1,18520.067,2.582791,1,1,1,1
2367,1460,1383,3572,1,1,18525.257,2.582791,1,1,1,1
2368,1460,1383,3572,1,1,18528.798,2.582791,1,1,1,1
2369,1460,1383,3572,1,1,18533.960,2.582791,1,1,1,1
2370,1460,1383,3572,1,1,18185.499,2.582791,1,1,1,1
2371,1460,1383,3572,1,1,18539.277,2.582791,1,1,1,1
2372,1460,1383,3572,1,1,18537.455,2.582791,1,1,1,1
2373,1460,1383,3572,1,1,18531.751,2.582791,1,1,1,1
2374,1460,1383,3572,1,1,18537.314,2.582791,1,1,1,1
2375,1460,1383,3572,1,1,18543.645,2.582791,1,1,1,1
2376,1460,1383,3572,1,1,18537.674,2.582791,1,1,1,1
2377,1460,1383,3572,1,1,18539.914,2.582791,1,1,1,1
2378,1460,1383,3572,1,1,18542.869,2.582791,1,1,1,1
2379,1460,1383,3572,1,1,18547.903,2.582791,1,1,1,1
2380,1460,1383,3572,1,1,18552.446,2.582791,1,1,1,1
2381,1460,1383,3572,1,1,17474.323,2.582791,1,1,1,1
2382,1460,1383,3572,1,1,18557.788,2.582791,1,1,1,1
2383,1460,1383,3572,1,1,18551.186,2.582791,1,1,1,1
2384,1460,1383,3572,1,1,18557.297,2.582791,1,1,1,1
2385,1460,1383,3572,1,1,18562.926,2.582791,1,1,1,1
2386,1460,1383,3572,1,1,18559.679,2.582791,1,1,1,1
2387,1460,1383,3572,1,1,18124.891,2.582791,1,1,1,1
2388,1460,1383,3572,1,1,17853.278,2.582791,1,1,1,1
2389,1460,1383,3572,1,1,18565.713,2.582791,1,1,1,1
2390,1460,1383,3572,1,1,18566.325,2.582791,1,1,1,1
2391,1460,1383,3572,1,1,18567.153,2.582791,1,1,1,1
2392,1460,1383,3572,1,1,16714.508,2.582791,1,1,1,1
2393,1460,1383,3572,1,1,18219.138,2.582791,1,1,1,1
2394,1460,1383,3572,1,1,18571.777,2.582791,1,1,1,1
2395,1460,1383,3572,1,1,18574.335,2.582791,1,1,1,1
2396,1460,1383,3572,1,1,17935.111,2.582791,1,1,1,1
2397,1460,1383,3572,1,1,18570.281,2.582791,1,1,1,1
2398,1460,1383,3572,1,1,18573.236,2.582791,1,1,1,1
2399,1460,1383,3572,1,1,18576.500,2.582791,1,1,1,1
2400,1460,1383,3572,1,1,18574.028,2.582791,1,1,1,1
2401,1460,1383,3572,1,1,18080.916,2.582791,1,1,1,1
2402,1460,1383,3572,1,1,17527.773,2.582791,1,1,1,1
2403,1460,1383,3572,1,1,18574.442,2.582791,1,1,1,1
2404,1460,1383,3572,1,1,18580.074,2.582791,1,1,1,1
2405,1460,1383,3572,1,1,18584.871,2.582791,1,1,1,1
2406,1460,1383,3572,1,1,18588.548,2.582791,1,1,1,1
2407,1460,1383,3572,1,1,18585.149,2.582791,1,1,1,1
2408,1460,1383,3572,1,1,18587.172,2.582791,1,1,1,1
2409,1460,1383,3572,1,1,16763.266,2.582791,1,1,1,1
2410,1460,1383,3572,1,1,18594.283,2.582791,1,1,1,1
2411,1460,1383,3572,1,1,18353.815,2.582791,1,1,1,1
2412,1460,1383,3572,1,1,17789.152,2.582791,1,1,1,1
2413,1460,1383,3572,1,1,18599.231,2.582791,1,1,1,1
2414,1460,1383,3572,1,1,18597.919,2.582791,1,1,1,1
2415,1460,1383,3572,1,1,18601.752,2.582791,1,1,1,1
2416,1460,1383,3572,1,1,18607.860,2.582791,1,1,1,1
2417,1460,1383,3572,1,1,18612.254,2.582791,1,1,1,1
2418,1460,1383,3572,1,1,17987.049,2.582791,1,1,1,1
2419,1460,1383,3572,1,1,18616.821,2.582791,1,1,1,1
2420,1460,1383,3572,1,1,18620.582,2.582791,1,1,1,1
2421,1460,1383,3572,1,1,18625.686,2.582791,1,1,1,1
2422,1460,1383,3572,1,1,18619.274,2.582791,1,1,1,1
2423,1460,1383,3572,1,1,18620.318,2.582791,1,1,1,1
2424,1460,1383,3572,1,1,18625.943,2.582791,1,1,1,1
2425,1460,1383,3572,1,1,17788.525,2.582791,1,1,1,1
2426,1460,1383,3572,1,1,17278.978,2.582791,1,1,1,1
2427,1460,1383,3572,1,1,18628.789,2.582791,1,1,1,1
2428,1460,1383,3572,1,1,18618.341,2.582791,1,1,1,1
2429,1460,1383,3572,1,1,18617.592,2.582791,1,1,1,1
2430,1460,1383,3572,1,1,18622.423,2.582791,1,1,1,1
2431,1460,1383,3572,1,1,18623.730,2.582791,1,1,1,1
2432,1460,1383,3572,1,1,18617.414,2.582791,1,1,1,1
2433,1460,1383,3572,1,1,18617.371,2.582791,1,1,1,1
2434,1460,1383,3572,1,1,18616.310,2.582791,1,1,1,1
2435,1460,1383,3572,1,1,17647.723,2.582791,1,1,1,1
2436,1460,1383,3572,1,1,18612.333,2.582791,1,1,1,1
2437,1460,1383,3572,1,1,18614.120,2.582791,1,1,1,1
2438,1460,1383,3572,1,1,18618.774,2.582791,1,1,1,1
2439,1460,1383,3572,1,1,18619.885,2.582791,1,1,1,1
2440,1460,1383,3572,1,1,18622.641,2.582791,1,1,1,1
2441,1460,1383,3572,1,1,18627.856,2.582791,1,1,1,1
2442,1460,1383,3572,1,1,18634.153,2.582791,1,1,1,1
2443,1460,1383,3572,1,1,18192.890,2.582791,1,1,1,1
2444,1460,1383,3572,1,1,17953.485,2.582791,1,1,1,1
2445,1460,1383,3572,1,1,18636.889,2.582791,1,1,1,1
2446,1460,1383,3572,1,1,18639.947,2.582791,1,1,1,1
2447,1460,1383,3572,1,1,18639.770,2.582791,1,1,1,1
2448,1460,1383,3572,1,1,18645.167,2.582791,1,1,1,1
2449,1460,1383,3572,1,1,18651.633,2.582791,1,1,1,1
2450,1460,1383,3572,1,1,18654.739,2.582791,1,1,1,1
2451,1460,1383,3572,1,1,18654.766,2.582791,1,1,1,1
2452,1460,1383,3572,1,1,18659.681,2.582791,1,1,1,1
2453,1460,1383,3572,1,1,18146.116,2.582791,1,1,1,1
2454,1460,1383,3572,1,1,18646.493,2.582791,1,1,1,1
2455,1460,1383,3572,1,1,18648.717,2.582791,1,1,1,1
2456,1460,1383,3572,1,1,18654.649,2.582791,1,1,1,1
2457,1460,1383,3572,1,1,18655.991,2.582791,1,1,1,1
2458,1460,1383,3572,1,1,17033.127,2.582791,1,1,1,1
2459,1460,1383,3572,1,1,16608.609,2.582791,1,1,1,1
2460,1460,1383,3572,1,1,18663.130,2.582791,1,1,1,1
2461,1460,1383,3572,1,1,18669.252,2.582791,1,1,1,1
2462,1460,1383,3572,1,1,18674.115,2.582791,1,1,1,1
2463,1460,1383,3572,1,1,17516.248,2.582791,1,1,1,1
2464,1460,1383,3572,1,1,18675.814,2.582791,1,1,1,1
2465,1460,1383,3572,1,1,18677.391,2.582791,1,1,1,1
2466,1460,1383,3572,1,1,17702.188,2.582791,1,1,1,1
2467,1460,1383,3572,1,1,18685.486,2.582791,1,1,1,1
2468,1460,1383,3572,1,1,18364.364,2.582791,1,1,1,1
2469,1460,1383,3572,1,1,17400.886,2.582791,1,1,1,1
2470,1460,1383,3572,1,1,18689.557,2.582791,1,1,1,1
2471,1460,1383,3572,1,1,18695.344,2.582791,1,1,1,1
2472,1460,1383,3572,1,1,18702.230,2.582791,1,1,1,1
2473,1460,1383,3572,1,1,18710.662,2.582791,1,1,1,1
2474,1460,1383,3572,1,1,18723.022,2.582791,1,1,1,1
2475,1460,1383,3572,1,1,18307.525,2.582791,1,1,1,1
2476,1460,1383,3572,1,1,18730.895,2.582791,1,1,1,1
2477,1460,1383,3572,1,1,18737.928,2.582791,1,1,1,1
2478,1460,1383,3572,1,1,18459.903,2.582791,1,1,1,1
2479,1460,1383,3572,1,1,17145.935,2.582791,1,1,1,1
2480,1460,1383,3572,1,1,18313.881,2.582791,1,1,1,1
2481,1460,1383,3572,1,1,18753.835,2.582791,1,1,1,1
2482,1460,1383,3572,1,1,18118.589,2.582791,1,1,1,1
2483,1460,1383,3572,1,1,18102.854,2.582791,1,1,1,1
2484,1460,1383,3572,1,1,17885.357,2.582791,1,1,1,1
2485,1460,1383,3572,1,1,18763.541,2.582791,1,1,1,1
2486,1460,1383,3572,1,1,18764.176,2.582791,1,1,1,1
2487,1460,1383,3572,1,1,18768.973,2.582791,1,1,1,1
2488,1460,1383,3572,1,1,18748.372,2.582791,1,1,1,1
2489,1460,1383,3572,1,1,18757.946,2.582791,1,1,1,1
2490,1460,1383,3572,1,1,18182.239,2.582791,1,1,1,1
2491,1460,1383,3572,1,1,18744.615,2.582791,1,1,1,1
2492,1460,1383,3572,1,1,18124.345,2.582791,1,1,1,1
2493,1460,1383,3572,1,1,18768.406,2.582791,1,1,1,1
2494,1460,1383,3572,1,1,18768.198,2.582791,1,1,1,1
2495,1460,1383,3572,1,1,18768.704,2.582791,1,1,1,1
2496,1460,1383,3572,1,1,17222.274,2.582791,1,1,1,1
2497,1460,1383,3572,1,1,18768.000,2.582791,1,1,1,1
2498,1460,1383,3572,1,1,18703.728,2.582791,1,1,1,1
2499,1460,1383,3572,1,1,18757.338,2.582791,1,1,1,1
2500,1460,1383,3572,1,1,18762.791,2.582791,1,1,1,1
2501,1460,1383,3572,1,1,18771.391,2.582791,1,1,1,1
2502,1460,1383,3572,1,1,18562.100,2.582791,1,1,1,1
2503,1460,1383,3572,1,1,18260.331,2.582791,1,1,1,1
2504,1460,1383,3572,1,1,18774.425,2.582791,1,1,1,1
2505,1460,1383,3572,1,1,18781.759,2.582791,1,1,1,1
2506,1460,1383,3572,1,1,18784.208,2.582791,1,1,1,1
2507,1460,1383,3572,1,1,18790.424,2.582791,1,1,1,1
2508,1460,1383,3572,1,1,17656.906,2.582791,1,1,1,1
2509,1460,1383,3572,1,1,18208.717,2.582791,1,1,1,1
2510,1460,1383,3572,1,1,18811.376,2.582791,1,1,1,1
2511,1460,1383,3572,1,1,18815.733,2.582791,1,1,1,1
2512,1460,1383,3572,1,1,18818.862,2.582791,1,1,1,1
2513,1460,1383,3572,1,1,18813.615,2.582791,1,1,1,1
2514,1460,1383,3572,1,1,18814.904,2.582791,1,1,1,1
2515,1460,1383,3572,1,1,18824.262,2.582791,1,1,1,1
2516,1460,1383,3572,1,1,18832.682,2.582791,1,1,1,1
2517,1460,1383,3572,1,1,18832.922,2.582791,1,1,1,1
2518,1460,1383,3572,1,1,18839.517,2.582791,1,1,1,1
2519,1460,1383,3572,1,1,18829.499,2.582791,1,1,1,1
2520,1460,1383,3572,1,1,18552.760,2.582791,1,1,1,1
2521,1460,1383,3572,1,1,18756.202,2.582791,1,1,1,1
2522,1460,1383,3572,1,1,18838.905,2.582791,1,1,1,1
2523,1460,1383,3572,1,1,18845.102,2.582791,1,1,1,1
2524,1460,1383,3572,1,1,18666.215,2.582791,1,1,1,1
2525,1460,1383,3572,1,1,17051.047,2.582791,1,1,1,1
2526,1460,1383,3572,1,1,18849.919,2.582791,1,1,1,1
2527,1460,1383,3572,1,1,18857.220,2.582791,1,1,1,1
2528,1460,1383,3572,1,1,18701.594,2.582791,1,1,1,1
2529,1460,1383,3572,1,1,18551.034,2.582791,1,1,1,1
2530,1460,1383,3572,1,1,18864.362,2.582791,1,1,1,1
2531,1460,1383,3572,1,1,17329.843,2.582791,1,1,1,1
2532,1460,1383,3572,1,1,18874.488,2.582791,1,1,1,1
2533,1460,1383,3572,1,1,18877.124,2.582791,1,1,1,1
2534,1460,1383,3572,1,1,18632.236,2.582791,1,1,1,1
2535,1460,1383,3572,1,1,18890.507,2.582791,1,1,1,1
2536,1460,1383,3572,1,1,18894.544,2.582791,1,1,1,1
2537,1460,1383,3572,1,1,18905.063,2.582791,1,1,1,1
2538,1460,1383,3572,1,1,18910.465,2.582791,1,1,1,1
2539,1460,1383,3572,1,1,17237.939,2.582791,1,1,1,1
2540,1460,1383,3572,1,1,18926.167,2.582791,1,1,1,1
2541,1460,1383,3572,1,1,18940.540,2.582791,1,1,1,1
2542,1460,1383,3572,1,1,18946.045,2.582791,1,1,1,1
2543,1460,1383,3572,1,1,18935.328,2.582791,1,1,1,1
2544,1460,1383,3572,1,1,18957.307,2.582791,1,1,1,1
2545,1460,1383,3572,1,1,18910.669,2.582791,1,1,1,1
2546,1460,1383,3572,1,1,18820.225,2.582791,1,1,1,1
2547,1460,1383,3572,1,1,18761.600,2.582791,1,1,1,1
2548,1460,1383,3572,1,1,18930.538,2.582791,1,1,1,1
2549,1460,1383,3572,1,1,18948.071,2.582791,1,1,1,1
2550,1460,1383,3572,1,1,18950.204,2.582791,1,1,1,1
2551,1460,1383,3572,1,1,18959.526,2.582791,1,1,1,1
2552,1460,1383,3572,1,1,18964.712,2.582791,1,1,1,1
2553,1460,1383,3572,1,1,18964.264,2.582791,1,1,1,1
2554,1460,1383,3572,1,1,18961.835,2.582791,1,1,1,1
2555,1460,1383,3572,1,1,18177.778,2.582791,1,1,1,1
2556,1460,1383,3572,1,1,17811.569,2.582791,1,1,1,1
2557,1460,1383,3572,1,1,18965.272,2.582791,1,1,1,1
2558,1460,1383,3572,1,1,18969.142,2.582791,1,1,1,1
2559,1460,1383,3572,1,1,18963.040,2.582791,1,1,1,1
2560,1460,1383,3572,1,1,18958.201,2.582791,1,1,1,1
2561,1460,1383,3572,1,1,18930.432,2.582791,1,1,1,1
2562,1460,1383,3572,1,1,18961.894,2.582791,1,1,1,1
2563,1460,1383,3572,1,1,18954.448,2.582791,1,1,1,1
2564,1460,1383,3572,1,1,18906.787,2.582791,1,1,1,1
2565,1460,1383,3572,1,1,18951.606,2.582791,1,1,1,1
2566,1460,1383,3572,1,1,18957.678,2.582791,1,1,1,1
2567,1460,1383,3572,1,1,17857.276,2.582791,1,1,1,1
2568,1460,1383,3572,1,1,18516.336,2.582791,1,1,1,1
2569,1460,1383,3572,1,1,18970.695,2.582791,1,1,1,1
2570,1460,1383,3572,1,1,18978.822,2.582791,1,1,1,1
2571,1460,1383,3572,1,1,18658.504,2.582791,1,1,1,1
2572,1460,1383,3572,1,1,18990.034,2.582791,1,1,1,1
2573,1460,1383,3572,1,1,18994.645,2.582791,1,1,1,1
2574,1460,1383,3572,1,1,18995.641,2.582791,1,1,1,1
2575,1460,1383,3572,1,1,18996.199,2.582791,1,1,1,1
2576,1460,1383,3572,1,1,17776.852,2.582791,1,1,1,1
2577,1460,1383,3572,1,1,18988.666,2.582791,1,1,1,1
2578,1460,1383,3572,1,1,18988.326,2.582791,1,1,1,1
2579,1460,1383,3572,1,1,18993.570,2.582791,1,1,1,1
2580,1460,1383,3572,1,1,18985.145,2.582791,1,1,1,1
2581,1460,1383,3572,1,1,18991.063,2.582791,1,1,1,1
2582,1460,1383,3572,1,1,18997.143,2.582791,1,1,1,1
2583,1460,1383,3572,1,1,18989.042,2.582791,1,1,1,1
2584,1460,1383,3572,1,1,17728.347,2.582791,1,1,1,1
2585,1460,1383,3572,1,1,19001.469,2.582791,1,1,1,1
2586,1460,1383,3572,1,1,18996.714,2.582791,1,1,1,1
2587,1460,1383,3572,1,1,19003.682,2.582791,1,1,1,1
2588,1460,1383,3572,1,1,19007.616,2.582791,1,1,1,1
2589,1460,1383,3572,1,1,18778.129,2.582791,1,1,1,1
2590,1460,1383,3572,1,1,19015.093,2.582791,1,1,1,1
2591,1460,1383,3572,1,1,19020.189,2.582791,1,1,1,1
2592,1460,1383,3572,1,1,18762.133,2.582791,1,1,1,1
2593,1460,1383,3572,1,1,19031.117,2.582791,1,1,1,1
2594,1460,1383,3572,1,1,19034.590,2.582791,1,1,1,1
2595,1460,1383,3572,1,1,19040.626,2.582791,1,1,1,1
2596,1460,1383,3572,1,1,19047.946,2.582791,1,1,1,1
2597,1460,1383,3572,1,1,18722.310,2.582791,1,1,1,1
2598,1460,1383,3572,1,1,19050.628,2.582791,1,1,1,1
2599,1460,1383,3572,1,1,17921.315,2.582791,1,1,1,1
2600,1460,1383,3572,1,1,19060.412,2.582791,1,1,1,1
2601,1460,1383,3572,1,1,19065.415,2.582791,1,1,1,1
2602,1460,1383,3572,1,1,19069.850,2.582791,1,1,1,1
2603,1460,1383,3572,1,1,19074.886,2.582791,1,1,1,1
2604,1460,1383,3572,1,1,19085.541,2.582791,1,1,1,1
2605,1460,1383,3572,1,1,19091.466,2.582791,1,1,1,1
2606,1460,1383,3572,1,1,19089.913,2.582791,1,1,1,1
2607,1460,1383,3572,1,1,19094.931,2.582791,1,1,1,1
2608,1460,1383,3572,1,1,19095.979,2.582791,1,1,1,1
2609,1460,1383,3572,1,1,19099.486,2.582791,1,1,1,1
2610,1460,1383,3572,1,1,18338.275,2.582791,1,1,1,1
2611,1460,1383,3572,1,1,19099.668,2.582791,1,1,1,1
2612,1460,1383,3572,1,1,19089.795,2.582791,1,1,1,1
2613,1460,1383,3572,1,1,19093.046,2.582791,1,1,1,1
2614,1460,1383,3572,1,1,19102.345,2.582791,1,1,1,1
2615,1460,1383,3572,1,1,19100.600,2.582791,1,1,1,1
2616,1460,1383,3572,1,1,19099.453,2.582791,1,1,1,1
2617,1460,1383,3572,1,1,19101.011,2.582791,1,1,1,1
2618,1460,1383,3572,1,1,19106.107,2.582791,1,1,1,1
2619,1460,1383,3572,1,1,19111.372,2.582791,1,1,1,1
2620,1460,1383,3572,1,1,19106.289,2.582791,1,1,1,1
2621,1460,1383,3572,1,1,19099.644,2.582791,1,1,1,1
2622,1460,1383,3572,1,1,19099.365,2.582791,1,1,1,1
2623,1460,1383,3572,1,1,19099.866,2.582791,1,1,1,1
2624,1460,1383,3572,1,1,18778.740,2.582791,1,1,1,1
2625,1460,1383,3572,1,1,19099.457,2.582791,1,1,1,1
2626,1460,1383,3572,1,1,19103.966,2.582791,1,1,1,1
2627,1460,1383,3572,1,1,19108.829,2.582791,1,1,1,1
2628,1460,1383,3572,1,1,19109.894,2.582791,1,1,1,1
2629,1460,1383,3572,1,1,19114.454,2.582791,1,1,1,1
2630,1460,1383,3572,1,1,18531.119,2.582791,1,1,1,1
2631,1460,1383,3572,1,1,17755.871,2.582791,1,1,1,1
2632,1460,1383,3572,1,1,19092.118,2.582791,1,1,1,1
2633,1460,1383,3572,1,1,19093.509,2.582791,1,1,1,1
2634,1460,1383,3572,1,1,18352.896,2.582791,1,1,1,1
2635,1460,1383,3572,1,1,18041.627,2.582791,1,1,1,1
2636,1460,1383,3572,1,1,19072.583,2.582791,1,1,1,1
2637,1460,1383,3572,1,1,19070.151,2.582791,1,1,1,1
2638,1460,1383,3572,1,1,19075.785,2.582791,1,1,1,1
2639,1460,1383,3572,1,1,19072.768,2.582791,1,1,1,1
2640,1460,1383,3572,1,1,19076.541,2.582791,1,1,1,1
2641,1460,1383,3572,1,1,19080.407,2.582791,1,1,1,1
2642,1460,1383,3572,1,1,19082.632,2.582791,1,1,1,1
2643,1460,1383,3572,1,1,19087.631,2.582791,1,1,1,1
2644,1460,1383,3572,1,1,19091.942,2.582791,1,1,1,1
2645,1460,1383,3572,1,1,19093.285,2.582791,1,1,1,1
2646,1460,1383,3572,1,1,18541.162,2.582791,1,1,1,1
2647,1460,1383,3572,1,1,18370.400,2.582791,1,1,1,1
2648,1460,1383,3572,1,1,19061.983,2.582791,1,1,1,1
2649,1460,1383,3572,1,1,19067.485,2.582791,1,1,1,1
2650,1460,1383,3572,1,1,17884.908,2.582791,1,1,1,1
2651,1460,1383,3572,1,1,18250.190,2.582791,1,1,1,1
2652,1460,1383,3572,1,1,18554.390,2.582791,1,1,1,1
2653,1460,1383,3572,1,1,19056.905,2.582791,1,1,1,1
2654,1460,1383,3572,1,1,18840.136,2.582791,1,1,1,1
2655,1460,1383,3572,1,1,17663.914,2.582791,1,1,1,1
2656,1460,1383,3572,1,1,19076.082,2.582791,1,1,1,1
2657,1460,1383,3572,1,1,19080.300,2.582791,1,1,1,1
2658,1460,1383,3572,1,1,19080.786,2.582791,1,1,1,1
2659,1460,1383,3572,1,1,19086.312,2.582791,1,1,1,1
2660,1460,1383,3572,1,1,19096.933,2.582791,1,1,1,1
2661,1460,1383,3572,1,1,19091.898,2.582791,1,1,1,1
2662,1460,1383,3572,1,1,18264.832,2.582791,1,1,1,1
2663,1460,1383,3572,1,1,19093.035,2.582791,1,1,1,1
2664,1460,1383,3572,1,1,18273.419,2.582791,1,1,1,1
2665,1460,1383,3572,1,1,19099.036,2.582791,1,1,1,1
2666,1460,1383,3572,1,1,18374.633,2.582791,1,1,1,1
2667,1460,1383,3572,1,1,19060.299,2.582791,1,1,1,1
2668,1460,1383,3572,1,1,19063.412,2.582791,1,1,1,1
2669,1460,1383,3572,1,1,19066.785,2.582791,1,1,1,1
2670,1460,1383,3572,1,1,19067.070,2.582791,1,1,1,1
2671,1460,1383,3572,1,1,18932.983,2.582791,1,1,1,1
2672,1460,1383,3572,1,1,18689.451,2.582791,1,1,1,1
2673,1460,1383,3572,1,1,19070.835,2.582791,1,1,1,1
2674,1460,1383,3572,1,1,18230.420,2.582791,1,1,1,1
2675,1460,1383,3572,1,1,19083.541,2.582791,1,1,1,1
2676,1460,1383,3572,1,1,19084.947,2.582791,1,1,1,1
2677,1460,1383,3572,1,1,18725.057,2.582791,1,1,1,1
2678,1460,1383,3572,1,1,19084.199,2.582791,1,1,1,1
2679,1460,1383,3572,1,1,19090.504,2.582791,1,1,1,1
2680,1460,1383,3572,1,1,19093.908,2.582791,1,1,1,1
2681,1460,1383,3572,1,1,18304.849,2.582791,1,1,1,1
2682,1460,1383,3572,1,1,18505.509,2.582791,1,1,1,1
2683,1460,1383,3572,1,1,19098.006,2.582791,1,1,1,1
2684,1460,1383,3572,1,1,19091.937,2.582791,1,1,1,1
2685,1460,1383,3572,1,1,19096.717,2.582791,1,1,1,1
2686,1460,1383,3572,1,1,19027.055,2.582791,1,1,1,1
2687,1460,1383,3572,1,1,19105.074,2.582791,1,1,1,1
2688,1460,1383,3572,1,1,18393.868,2.582791,1,1,1,1
2689,1460,1383,3572,1,1,19110.122,2.582791,1,1,1,1
2690,1460,1383,3572,1,1,19114.178,2.582791,1,1,1,1
2691,1460,1383,3572,1,1,19063.313,2.582791,1,1,1,1
2692,1460,1383,3572,1,1,19112.828,2.582791,1,1,1,1
2693,1460,1383,3572,1,1,19113.938,2.582791,1,1,1,1
2694,1460,1383,3572,1,1,19117.246,2.582791,1,1,1,1
2695,1460,1383,3572,1,1,19099.630,2.582791,1,1,1,1
2696,1460,1383,3572,1,1,19105.054,2.582791,1,1,1,1
2697,1460,1383,3572,1,1,19108.004,2.582791,1,1,1,1
2698,1460,1383,3572,1,1,19112.528,2.582791,1,1,1,1
2699,1460,1383,3572,1,1,19116.815,2.582791,1,1,1,1
2700,1460,1383,3572,1,1,19122.023,2.582791,1,1,1,1
2701,1460,1383,3572,1,1,19125.812,2.582791,1,1,1,1
2702,1460,1383,3572,1,1,18485.491,2.582791,1,1,1,1
2703,1460,1383,3572,1,1,19117.793,2.582791,1,1,1,1
2704,1460,1383,3572,1,1,19112.705,2.582791,1,1,1,1
2705,1460,1383,3572,1,1,19123.953,2.582791,1,1,1,1
2706,1460,1383,3572,1,1,18551.719,2.582791,1,1,1,1
2707,1460,1383,3572,1,1,19119.351,2.582791,1,1,1,1
2708,1460,1383,3572,1,1,19102.295,2.582791,1,1,1,1
2709,1460,1383,3572,1,1,19097.388,2.582791,1,1,1,1
2710,1460,1383,3572,1,1,18492.180,2.582791,1,1,1,1
2711,1460,1383,3572,1,1,19097.705,2.582791,1,1,1,1
2712,1460,1383,3572,1,1,19095.194,2.582791,1,1,1,1
2713,1460,1383,3572,1,1,19083.386,2.582791,1,1,1,1
2714,1460,1383,3572,1,1,18972.542,2.582791,1,1,1,1
2715,1460,1383,3572,1,1,19084.911,2.582791,1,1,1,1
2716,1460,1383,3572,1,1,19087.529,2.582791,1,1,1,1
2717,1460,1383,3572,1,1,19093.463,2.582791,1,1,1,1
2718,1460,1383,3572,1,1,19094.813,2.582791,1,1,1,1
2719,1460,1383,3572,1,1,19094.363,2.582791,1,1,1,1
2720,1460,1383,3572,1,1,19100.811,2.582791,1,1,1,1
2721,1460,1383,3572,1,1,19100.922,2.582791,1,1,1,1
2722,1460,1383,3572,1,1,19077.112,2.582791,1,1,1,1
2723,1460,1383,3572,1,1,19077.898,2.582791,1,1,1,1
2724,1460,1383,3572,1,1,18775.966,2.582791,1,1,1,1
2725,1460,1383,3572,1,1,19073.697,2.582791,1,1,1,1
2726,1460,1383,3572,1,1,19077.010,2.582791,1,1,1,1
2727,1460,1383,3572,1,1,19079.969,2.582791,1,1,1,1
2728,1460,1383,3572,1,1,19032.114,2.582791,1,1,1,1
2729,1460,1383,3572,1,1,19084.723,2.582791,1,1,1,1
2730,1460,1383,3572,1,1,19087.227,2.582791,1,1,1,1
2731,1460,1383,3572,1,1,19072.277,2.582791,1,1,1,1
2732,1460,1383,3572,1,1,19076.809,2.582791,1,1,1,1
2733,1460,1383,3572,1,1,19078.204,2.582791,1,1,1,1
2734,1460,1383,3572,1,1,19069.552,2.582791,1,1,1,1
2735,1460,1383,3572,1,1,19074.005,2.582791,1,1,1,1
2736,1460,1383,3572,1,1,19074.752,2.582791,1,1,1,1
2737,1460,1383,3572,1,1,19074.094,2.582791,1,1,1,1
2738,1460,1383,3572,1,1,18444.639,2.582791,1,1,1,1
2739,1460,1383,3572,1,1,19077.765,2.582791,1,1,1,1
2740,1460,1383,3572,1,1,19071.707,2.582791,1,1,1,1
2741,1460,1383,3572,1,1,19074.985,2.582791,1,1,1,1
2742,1460,1383,3572,1,1,18689.102,2.582791,1,1,1,1
2743,1460,1383,3572,1,1,18844.029,2.582791,1,1,1,1
2744,1460,1383,3572,1,1,19090.355,2.582791,1,1,1,1
2745,1460,1383,3572,1,1,19087.935,2.582791,1,1,1,1
2746,1460,1383,3572,1,1,18385.192,2.582791,1,1,1,1
2747,1460,1383,3572,1,1,18210.043,2.582791,1,1,1,1
2748,1460,1383,3572,1,1,18881.403,2.582791,1,1,1,1
2749,1460,1383,3572,1,1,19093.802,2.582791,1,1,1,1
2750,1460,1383,3572,1,1,19100.449,2.582791,1,1,1,1
2751,1460,1383,3572,1,1,18684.970,2.582791,1,1,1,1
2752,1460,1383,3572,1,1,19105.503,2.582791,1,1,1,1
2753,1460,1383,3572,1,1,19107.389,2.582791,1,1,1,1
2754,1460,1383,3572,1,1,19112.589,2.582791,1,1,1,1
2755,1460,1383,3572,1,1,19119.345,2.582791,1,1,1,1
2756,1460,1383,3572,1,1,19119.747,2.582791,1,1,1,1
2757,1460,1383,3572,1,1,19114.156,2.582791,1,1,1,1
2758,1460,1383,3572,1,1,19120.435,2.582791,1,1,1,1
2759,1460,1383,3572,1,1,18501.079,2.582791,1,1,1,1
2760,1460,1383,3572,1,1,19126.078,2.582791,1,1,1,1
2761,1460,1383,3572,1,1,19124.497,2.582791,1,1,1,1
2762,1460,1383,3572,1,1,18430.962,2.582791,1,1,1,1
2763,1460,1383,3572,1,1,19110.022,2.582791,1,1,1,1
2764,1460,1383,3572,1,1,19114.208,2.582791,1,1,1,1
2765,1460,1383,3572,1,1,19112.855,2.582791,1,1,1,1
2766,1460,1383,3572,1,1,18621.033,2.582791,1,1,1,1
2767,1460,1383,3572,1,1,19111.625,2.582791,1,1,1,1
2768,1460,1383,3572,1,1,19116.287,2.582791,1,1,1,1
2769,1460,1383,3572,1,1,19120.384,2.582791,1,1,1,1
2770,1460,1383,3572,1,1,19127.180,2.582791,1,1,1,1
2771,1460,1383,3572,1,1,19134.270,2.582791,1,1,1,1
2772,1460,1383,3572,1,1,19134.574,2.582791,1,1,1,1
2773,1460,1383,3572,1,1,19134.127,2.582791,1,1,1,1
2774,1460,1383,3572,1,1,19134.445,2.582791,1,1,1,1
2775,1460,1383,3572,1,1,19137.632,2.582791,1,1,1,1
2776,1460,1383,3572,1,1,19140.816,2.582791,1,1,1,1
2777,1460,1383,3572,1,1,18894.856,2.582791,1,1,1,1
2778,1460,1383,3572,1,1,18694.984,2.582791,1,1,1,1
2779,1460,1383,3572,1,1,19158.876,2.582791,1,1,1,1
2780,1460,1383,3572,1,1,19146.773,2.582791,1,1,1,1
2781,1460,1383,3572,1,1,18976.463,2.582791,1,1,1,1
2782,1460,1383,3572,1,1,19150.369,2.582791,1,1,1,1
2783,1460,1383,3572,1,1,19017.559,2.582791,1,1,1,1
2784,1460,1383,3572,1,1,19128.273,2.582791,1,1,1,1
2785,1460,1383,3572,1,1,19151.115,2.582791,1,1,1,1
2786,1460,1383,3572,1,1,19157.201,2.582791,1,1,1,1
2787,1460,1383,3572,1,1,19158.276,2.582791,1,1,1,1
2788,1460,1383,3572,1,1,18630.479,2.582791,1,1,1,1
2789,1460,1383,3572,1,1,19159.735,2.582791,1,1,1,1
2790,1460,1383,3572,1,1,19163.965,2.582791,1,1,1,1
2791,1460,1383,3572,1,1,19169.118,2.582791,1,1,1,1
2792,1460,1383,3572,1,1,19169.810,2.582791,1,1,1,1
2793,1460,1383,3572,1,1,19174.315,2.582791,1,1,1,1
2794,1460,1383,3572,1,1,19179.444,2.582791,1,1,1,1
2795,1460,1383,3572,1,1,19176.190,2.582791,1,1,1,1
2796,1460,1383,3572,1,1,19180.885,2.582791,1,1,1,1
2797,1460,1383,3572,1,1,19177.992,2.582791,1,1,1,1
2798,1460,1383,3572,1,1,19184.079,2.582791,1,1,1,1
2799,1460,1383,3572,1,1,19188.001,2.582791,1,1,1,1
2800,1460,1383,3572,1,1,19191.466,2.582791,1,1,1,1
2801,1460,1383,3572,1,1,19066.093,2.582791,1,1,1,1
2802,1460,1383,3572,1,1,19198.280,2.582791,1,1,1,1
2803,1460,1383,3572,1,1,19205.770,2.582791,1,1,1,1
2804,1460,1383,3572,1,1,19184.201,2.582791,1,1,1,1
2805,1460,1383,3572,1,1,19091.916,2.582791,1,1,1,1
2806,1460,1383,3572,1,1,19210.433,2.582791,1,1,1,1
2807,1460,1383,3572,1,1,19214.445,2.582791,1,1,1,1
2808,1460,1383,3572,1,1,19215.716,2.582791,1,1,1,1
2809,1460,1383,3572,1,1,19214.361,2.582791,1,1,1,1
2810,1460,1383,3572,1,1,19129.818,2.582791,1,1,1,1
2811,1460,1383,3572,1,1,19217.580,2.582791,1,1,1,1
2812,1460,1383,3572,1,1,19221.337,2.582791,1,1,1,1
2813,1460,1383,3572,1,1,19229.101,2.582791,1,1,1,1
2814,1460,1383,3572,1,1,19227.716,2.582791,1,1,1,1
2815,1460,1383,3572,1,1,19234.570,2.582791,1,1,1,1
2816,1460,1383,3572,1,1,19230.326,2.582791,1,1,1,1
2817,1460,1383,3572,1,1,19235.303,2.582791,1,1,1,1
2818,1460,1383,3572,1,1,19239.462,2.582791,1,1,1,1
2819,1460,1383,3572,1,1,19245.261,2.582791,1,1,1,1
2820,1460,1383,3572,1,1,19247.241,2.582791,1,1,1,1
2821,1460,1383,3572,1,1,19254.492,2.582791,1,1,1,1
2822,1460,1383,3572,1,1,19259.552,2.582791,1,1,1,1
2823,1460,1383,3572,1,1,19262.626,2.582791,1,1,1,1
2824,1460,1383,3572,1,1,19267.267,2.582791,1,1,1,1
2825,1460,1383,3572,1,1,19219.441,2.582791,1,1,1,1
2826,1460,1383,3572,1,1,19266.850,2.582791,1,1,1,1
2827,1460,1383,3572,1,1,19192.557,2.582791,1,1,1,1
2828,1460,1383,3572,1,1,19268.457,2.582791,1,1,1,1
2829,1460,1383,3572,1,1,19269.866,2.582791,1,1,1,1
2830,1460,1383,3572,1,1,19267.646,2.582791,1,1,1,1
2831,1460,1383,3572,1,1,19252.653,2.582791,1,1,1,1
2832,1460,1383,3572,1,1,19274.288,2.582791,1,1,1,1
2833,1460,1383,3572,1,1,19278.614,2.582791,1,1,1,1
2834,1460,1383,3572,1,1,19284.933,2.582791,1,1,1,1
2835,1460,1383,3572,1,1,19286.767,2.582791,1,1,1,1
2836,1460,1383,3572,1,1,19293.485,2.582791,1,1,1,1
2837,1460,1383,3572,1,1,19297.103,2.582791,1,1,1,1
2838,1460,1383,3572,1,1,19302.410,2.582791,1,1,1,1
2839,1460,1383,3572,1,1,19307.084,2.582791,1,1,1,1
2840,1460,1383,3572,1,1,19312.087,2.582791,1,1,1,1
2841,1460,1383,3572,1,1,19309.798,2.582791,1,1,1,1
2842,1460,1383,3572,1,1,19315.563,2.582791,1,1,1,1
2843,1460,1383,3572,1,1,19321.327,2.582791,1,1,1,1
2844,1460,1383,3572,1,1,19319.231,2.582791,1,1,1,1
2845,1460,1383,3572,1,1,19322.500,2.582791,1,1,1,1
2846,1460,1383,3572,1,1,19326.709,2.582791,1,1,1,1
2847,1460,1383,3572,1,1,19331.902,2.582791,1,1,1,1
2848,1460,1383,3572,1,1,19336.278,2.582791,1,1,1,1
2849,1460,1383,3572,1,1,19342.561,2.582791,1,1,1,1
2850,1460,1383,3572,1,1,19346.847,2.582791,1,1,1,1
2851,1460,1383,3572,1,1,19349.157,2.582791,1,1,1,1
2852,1460,1383,3572,1,1,19352.153,2.582791,1,1,1,1
2853,1460,1383,3572,1,1,19357.747,2.582791,1,1,1,1
2854,1460,1383,3572,1,1,19358.366,2.582791,1,1,1,1
2855,1460,1383,3572,1,1,19358.983,2.582791,1,1,1,1
2856,1460,1383,3572,1,1,19329.031,2.582791,1,1,1,1
2857,1460,1383,3572,1,1,19332.285,2.582791,1,1,1,1
2858,1460,1383,3572,1,1,19371.254,2.582791,1,1,1,1
2859,1460,1383,3572,1,1,19286.817,2.582791,1,1,1,1
2860,1460,1383,3572,1,1,19378.764,2.582791,1,1,1,1
2861,1460,1383,3572,1,1,19378.830,2.582791,1,1,1,1
2862,1460,1383,3572,1,1,19379.206,2.582791,1,1,1,1
2863,1460,1383,3572,1,1,18763.411,2.582791,1,1,1,1
2864,1460,1383,3572,1,1,19389.018,2.582791,1,1,1,1
2865,1460,1383,3572,1,1,19383.367,2.582791,1,1,1,1
2866,1460,1383,3572,1,1,19385.615,2.582791,1,1,1,1
2867,1460,1383,3572,1,1,19391.391,2.582791,1,1,1,1
2868,1460,1383,3572,1,1,19138.071,2.582791,1,1,1,1
2869,1460,1383,3572,1,1,19395.336,2.582791,1,1,1,1
2870,1460,1383,3572,1,1,18948.217,2.582791,1,1,1,1
2871,1460,1383,3572,1,1,19403.290,2.582791,1,1,1,1
2872,1460,1383,3572,1,1,19406.441,2.582791,1,1,1,1
2873,1460,1383,3572,1,1,19405.647,2.582791,1,1,1,1
2874,1460,1383,3572,1,1,19411.946,2.582791,1,1,1,1
2875,1460,1383,3572,1,1,19417.764,2.582791,1,1,1,1
2876,1460,1383,3572,1,1,19409.169,2.582791,1,1,1,1
2877,1460,1383,3572,1,1,19416.734,2.582791,1,1,1,1
2878,1460,1383,3572,1,1,19407.758,2.582791,1,1,1,1
2879,1460,1383,3572,1,1,19416.276,2.582791,1,1,1,1
2880,1460,1383,3572,1,1,18768.849,2.582791,1,1,1,1
2881,1460,1383,3572,1,1,19152.757,2.582791,1,1,1,1
2882,1460,1383,3572,1,1,19377.290,2.582791,1,1,1,1
2883,1460,1383,3572,1,1,19380.241,2.582791,1,1,1,1
2884,1460,1383,3572,1,1,19355.405,2.582791,1,1,1,1
2885,1460,1383,3572,1,1,19360.469,2.582791,1,1,1,1
2886,1460,1383,3572,1,1,19340.282,2.582791,1,1,1,1
2887,1460,1383,3572,1,1,19341.525,2.582791,1,1,1,1
2888,1460,1383,3572,1,1,19345.761,2.582791,1,1,1,1
2889,1460,1383,3572,1,1,19349.155,2.582791,1,1,1,1
2890,1460,1383,3572,1,1,18989.553,2.582791,1,1,1,1
2891,1460,1383,3572,1,1,19352.358,2.582791,1,1,1,1
2892,1460,1383,3572,1,1,19182.211,2.582791,1,1,1,1
2893,1460,1383,3572,1,1,19339.392,2.582791,1,1,1,1
2894,1460,1383,3572,1,1,19337.352,2.582791,1,1,1,1
2895,1460,1383,3572,1,1,19323.718,2.582791,1,1,1,1
2896,1460,1383,3572,1,1,19329.041,2.582791,1,1,1,1
2897,1460,1383,3572,1,1,19330.503,2.582791,1,1,1,1
2898,1460,1383,3572,1,1,19330.251,2.582791,1,1,1,1
2899,1460,1383,3572,1,1,19337.549,2.582791,1,1,1,1
2900,1460,1383,3572,1,1,19065.885,2.582791,1,1,1,1
2901,1460,1383,3572,1,1,19244.416,2.582791,1,1,1,1
2902,1460,1383,3572,1,1,19303.822,2.582791,1,1,1,1
2903,1460,1383,3572,1,1,19310.620,2.582791,1,1,1,1
2904,1460,1383,3572,1,1,19319.295,2.582791,1,1,1,1
2905,1460,1383,3572,1,1,19326.093,2.582791,1,1,1,1
2906,1460,1383,3572,1,1,19331.744,2.582791,1,1,1,1
2907,1460,1383,3572,1,1,19153.398,2.582791,1,1,1,1
2908,1460,1383,3572,1,1,19336.013,2.582791,1,1,1,1
2909,1460,1383,3572,1,1,19338.692,2.582791,1,1,1,1
2910,1460,1383,3572,1,1,19173.449,2.582791,1,1,1,1
2911,1460,1383,3572,1,1,19343.070,2.582791,1,1,1,1
2912,1460,1383,3572,1,1,19335.384,2.582791,1,1,1,1
2913,1460,1383,3572,1,1,19343.510,2.582791,1,1,1,1
2914,1460,1383,3572,1,1,19175.685,2.582791,1,1,1,1
2915,1460,1383,3572,1,1,19336.517,2.582791,1,1,1,1
2916,1460,1383,3572,1,1,19330.510,2.582791,1,1,1,1
2917,1460,1383,3572,1,1,19336.237,2.582791,1,1,1,1
2918,1460,1383,3572,1,1,19147.216,2.582791,1,1,1,1
2919,1460,1383,3572,1,1,19332.333,2.582791,1,1,1,1
2920,1460,1383,3572,1,1,19336.000,2.582791,1,1,1,1
2921,1460,1383,3572,1,1,19330.148,2.582791,1,1,1,1
2922,1460,1383,3572,1,1,19329.930,2.582791,1,1,1,1
2923,1460,1383,3572,1,1,19331.840,2.582791,1,1,1,1
2924,1460,1383,3572,1,1,19332.186,2.582791,1,1,1,1
2925,1460,1383,3572,1,1,19330.752,2.582791,1,1,1,1
2926,1460,1383,3572,1,1,19336.528,2.582791,1,1,1,1
2927,1460,1383,3572,1,1,19340.763,2.582791,1,1,1,1
2928,1460,1383,3572,1,1,19345.266,2.582791,1,1,1,1
2929,1460,1383,3572,1,1,19298.224,2.582791,1,1,1,1
2930,1460,1383,3572,1,1,19343.796,2.582791,1,1,1,1
2931,1460,1383,3572,1,1,19093.896,2.582791,1,1,1,1
2932,1460,1383,3572,1,1,19340.190,2.582791,1,1,1,1
2933,1460,1383,3572,1,1,19157.404,2.582791,1,1,1,1
2934,1460,1383,3572,1,1,19286.322,2.582791,1,1,1,1
2935,1460,1383,3572,1,1,19295.976,2.582791,1,1,1,1
2936,1460,1383,3572,1,1,19178.094,2.582791,1,1,1,1
2937,1460,1383,3572,1,1,19329.671,2.582791,1,1,1,1
2938,1460,1383,3572,1,1,19168.205,2.582791,1,1,1,1
2939,1460,1383,3572,1,1,19340.235,2.582791,1,1,1,1
2940,1460,1383,3572,1,1,19343.752,2.582791,1,1,1,1
2941,1460,1383,3572,1,1,19347.113,2.582791,1,1,1,1
2942,1460,1383,3572,1,1,19264.701,2.582791,1,1,1,1
2943,1460,1383,3572,1,1,19348.140,2.582791,1,1,1,1
2944,1460,1383,3572,1,1,19351.627,2.582791,1,1,1,1
2945,1460,1383,3572,1,1,19273.624,2.582791,1,1,1,1
2946,1460,1383,3572,1,1,19351.309,2.582791,1,1,1,1
2947,1460,1383,3572,1,1,19354.036,2.582791,1,1,1,1
2948,1460,1383,3572,1,1,19349.407,2.582791,1,1,1,1
2949,1460,1383,3572,1,1,19354.796,2.582791,1,1,1,1
2950,1460,1383,3572,1,1,19322.363,2.582791,1,1,1,1
2951,1460,1383,3572,1,1,19364.418,2.582791,1,1,1,1
2952,1460,1383,3572,1,1,19367.161,2.582791,1,1,1,1
2953,1460,1383,3572,1,1,19371.863,2.582791,1,1,1,1
2954,1460,1383,3572,1,1,19375.069,2.582791,1,1,1,1
2955,1460,1383,3572,1,1,19382.758,2.582791,1,1,1,1
2956,1460,1383,3572,1,1,19386.770,2.582791,1,1,1,1
2957,1460,1383,3572,1,1,19351.262,2.582791,1,1,1,1
2958,1460,1383,3572,1,1,19300.209,2.582791,1,1,1,1
2959,1460,1383,3572,1,1,19384.629,2.582791,1,1,1,1
2960,1460,1383,3572,1,1,19320.242,2.582791,1,1,1,1
2961,1460,1383,3572,1,1,19382.545,2.582791,1,1,1,1
2962,1460,1383,3572,1,1,19286.559,2.582791,1,1,1,1
2963,1460,1383,3572,1,1,19392.423,2.582791,1,1,1,1
2964,1460,1383,3572,1,1,19389.304,2.582791,1,1,1,1
2965,1460,1383,3572,1,1,19286.935,2.582791,1,1,1,1
2966,1460,1383,3572,1,1,19353.641,2.582791,1,1,1,1
2967,1460,1383,3572,1,1,19388.980,2.582791,1,1,1,1
2968,1460,1383,3572,1,1,19371.895,2.582791,1,1,1,1
2969,1460,1383,3572,1,1,19392.355,2.582791,1,1,1,1
2970,1460,1383,3572,1,1,19398.635,2.582791,1,1,1,1
2971,1460,1383,3572,1,1,19404.949,2.582791,1,1,1,1
2972,1460,1383,3572,1,1,19409.135,2.582791,1,1,1,1
2973,1460,1383,3572,1,1,19413.580,2.582791,1,1,1,1
2974,1460,1383,3572,1,1,19418.853,2.582791,1,1,1,1
2975,1460,1383,3572,1,1,19429.363,2.582791,1,1,1,1
2976,1460,1383,3572,1,1,19433.463,2.582791,1,1,1,1
2977,1460,1383,3572,1,1,19441.083,2.582791,1,1,1,1
2978,1460,1383,3572,1,1,19450.448,2.582791,1,1,1,1
2979,1460,1383,3572,1,1,19411.965,2.582791,1,1,1,1
2980,1460,1383,3572,1,1,19450.159,2.582791,1,1,1,1
2981,1460,1383,3572,1,1,19458.015,2.582791,1,1,1,1
2982,1460,1383,3572,1,1,19462.022,2.582791,1,1,1,1
2983,1460,1383,3572,1,1,19468.825,2.582791,1,1,1,1
2984,1460,1383,3572,1,1,19474.473,2.582791,1,1,1,1
2985,1460,1383,3572,1,1,19476.370,2.582791,1,1,1,1
2986,1460,1383,3572,1,1,19483.570,2.582791,1,1,1,1
2987,1460,1383,3572,1,1,19490.241,2.582791,1,1,1,1
2988,1460,1383,3572,1,1,19500.458,2.582791,1,1,1,1
2989,1460,1383,3572,1,1,19509.377,2.582791,1,1,1,1
2990,1460,1383,3572,1,1,19516.975,2.582791,1,1,1,1
2991,1460,1383,3572,1,1,19524.722,2.582791,1,1,1,1
2992,1460,1383,3572,1,1,19531.343,2.582791,1,1,1,1
2993,1460,1383,3572,1,1,19531.519,2.582791,1,1,1,1
2994,1460,1383,3572,1,1,19543.488,2.582791,1,1,1,1
2995,1460,1383,3572,1,1,19553.243,2.582791,1,1,1,1
2996,1460,1383,3572,1,1,19556.481,2.582791,1,1,1,1
2997,1460,1383,3572,1,1,19550.009,2.582791,1,1,1,1
2998,1460,1383,3572,1,1,19553.778,2.582791,1,1,1,1
2999,1460,1383,3572,1,1,19558.713,2.582791,1,1,1,1
